username,grupo,id_proyecto,anio,mes,token
financiero-000,financiero,1,2026,1,eyJraWQiOiJEZ0VqOWg3UkwxeE1mcTV6dm1XcnlhWHdPZTZ3eW9WRDFNMDBVeENYaUUwPSIsImFsZyI6IlJTMjU2In0.eyJzdWIiOiIzNGE4MTQzOC02MGYxLTcwODctZDhhOC1hNDNlMzg5ZjAwZmQiLCJjb2duaXRvOmdyb3VwcyI6WyJmaW5hbmNpZXJvIl0sImVtYWlsX3ZlcmlmaWVkIjp0cnVlLCJpc3MiOiJodHRwczovL2NvZ25pdG8taWRwLnVzLWVhc3QtMS5hbWF6b25hd3MuY29tL3VzLWVhc3QtMV9RR2hSTkpOY3MiLCJjb2duaXRvOnVzZXJuYW1lIjoiZmluYW5jaWVyby0wMDAiLCJvcmlnaW5fanRpIjoiZWYwNjQzMjMtZjIxYy00ODhkLWEwNTQtZDRkNDNmYTMxYjVlIiwiYXVkIjoiN2VxNWY0NmdtdDRjaGtwYWJncHVwMTdjZTYiLCJldmVudF9pZCI6IjFlMzNmN2I5LWE5N2QtNDgzZi05NWMwLTQxMzNjNTg0ODRhNSIsInRva2VuX3VzZSI6ImlkIiwiYXV0aF90aW1lIjoxNzc5OTg1NzI4LCJleHAiOjE3Nzk5ODkzMjgsImlhdCI6MTc3OTk4NTcyOCwianRpIjoiNjVjNGY5MWItOWJhNC00ZThjLWFkZWQtODE2ZjJkN2M4NDQzIiwiZW1haWwiOiJmaW5hbmNpZXJvLTAwMEBiaXRlY28uY29tIn0.nvLd779VJuKAkdw1bA0GAdtVmnE76zp7g7JG2P0f8yQjhedvdjbvpe_J5oAMdQOIqrMa7ZJZydOtnos_o-Hm3PzmsL3IxHVxilukElKHVGvULygaqKQSt-3aHJHM8FXT8D9CoANmvptMEjG2SYaw5Y5R8j9M7nB-vmNxal48KO7Neo6FL0A-gvHpd0CGS4xF4MNWz8FArYP9kAhdwB2b1Sm4HM9NZ3PNtR_7AYHqIQhNVFSdAhgm_rbTUUntR7q4TYptAFuMQjPTbvSZiQ6OPisnWTjcrw1WUuaRMJ2S6Y5pgx1eLn13qI6Aa5ydO6ZDZIeneGzul-ShQFxXOsgi6g
financiero-001,financiero,2,2026,2,eyJraWQiOiJEZ0VqOWg3UkwxeE1mcTV6dm1XcnlhWHdPZTZ3eW9WRDFNMDBVeENYaUUwPSIsImFsZyI6IlJTMjU2In0.eyJzdWIiOiJkNGI4MzQxOC1hMDkxLTcwMzgtODhkNi0xZTA2NGNmNzVlZDEiLCJjb2duaXRvOmdyb3VwcyI6WyJmaW5hbmNpZXJvIl0sImVtYWlsX3ZlcmlmaWVkIjp0cnVlLCJpc3MiOiJodHRwczovL2NvZ25pdG8taWRwLnVzLWVhc3QtMS5hbWF6b25hd3MuY29tL3VzLWVhc3QtMV9RR2hSTkpOY3MiLCJjb2duaXRvOnVzZXJuYW1lIjoiZmluYW5jaWVyby0wMDEiLCJvcmlnaW5fanRpIjoiOTdlYzQzMjQtZTczNS00OGE2LTlkODUtMjBlZDM2N2IzMjI4IiwiYXVkIjoiN2VxNWY0NmdtdDRjaGtwYWJncHVwMTdjZTYiLCJldmVudF9pZCI6ImFkODk1OGQyLTJlNjAtNDJlNi04ODYxLThiMzgzNmNlNTY0MCIsInRva2VuX3VzZSI6ImlkIiwiYXV0aF90aW1lIjoxNzc5OTg1NzI4LCJleHAiOjE3Nzk5ODkzMjgsImlhdCI6MTc3OTk4NTcyOCwianRpIjoiNmQ1NzZjNmEtYjNjMy00NGU1LWExZjAtYmRiMmFmZmNjNWE4IiwiZW1haWwiOiJmaW5hbmNpZXJvLTAwMUBiaXRlY28uY29tIn0.ndAcVXRTruBpnrKAq1GydWMXxQiXKhSHVKgEJYT2dkXpaB1CxxQ-kvlRwkUTriNc7YcEc-_2KNphMbn7O6aVXYLM-R5XsA9CxLVEUZwfi_qsfgyAK9SJCtShNkEY7nsZfPAg8U6us9gg901G6M-Q-NlaMUdL0fznj67x1X_q9uD5Ebl5dysCt_o7w4sYScLYQctt2s9B3pQeed_4zOcQ7qFNrDY8d9DVJ9xy17FAv7a8NNLJRIWkaLN8zHM02TsN4uRNyo2pwObcG3I7px77V5gfTNbPkyciQUvrOM20ehZ5UzWUgYMuJtMR-iknjIOHtXvBBKAgv2j6PLajYd9-fw
financiero-002,financiero,3,2026,3,eyJraWQiOiJEZ0VqOWg3UkwxeE1mcTV6dm1XcnlhWHdPZTZ3eW9WRDFNMDBVeENYaUUwPSIsImFsZyI6IlJTMjU2In0.eyJzdWIiOiI5NDk4ODQ4OC0wMDUxLTcwOTYtZThjOS0wYmIzNTZiN2MyODkiLCJjb2duaXRvOmdyb3VwcyI6WyJmaW5hbmNpZXJvIl0sImVtYWlsX3ZlcmlmaWVkIjp0cnVlLCJpc3MiOiJodHRwczovL2NvZ25pdG8taWRwLnVzLWVhc3QtMS5hbWF6b25hd3MuY29tL3VzLWVhc3QtMV9RR2hSTkpOY3MiLCJjb2duaXRvOnVzZXJuYW1lIjoiZmluYW5jaWVyby0wMDIiLCJvcmlnaW5fanRpIjoiMWE2ZTgwNGUtZGFlOC00NWMwLWExZDctYmM2ZjllYWM1ZDFlIiwiYXVkIjoiN2VxNWY0NmdtdDRjaGtwYWJncHVwMTdjZTYiLCJldmVudF9pZCI6ImQ2NWRlYzc1LTVmY2ItNDc4NS1iM2U2LThhNjZlYmUzMWMyNiIsInRva2VuX3VzZSI6ImlkIiwiYXV0aF90aW1lIjoxNzc5OTg1NzI4LCJleHAiOjE3Nzk5ODkzMjgsImlhdCI6MTc3OTk4NTcyOCwianRpIjoiNmFjMmJhNTYtOTYwMy00NWYyLWE2ZmUtMTBiN2U3ZjEyOTFiIiwiZW1haWwiOiJmaW5hbmNpZXJvLTAwMkBiaXRlY28uY29tIn0.GV6foImzmi8ilnAuop8KIRfclS1nHT8yaY09fqKJvsRp-RkYfxgOZaQeX_aXQV4n8kIb5DxrAfpaJlOCEwosM9UYdK4vf1CwG6NXL-SpnevWootumcYINpOrXmtjXVgNkW7c2b8ZUDyFZ0GThdoEqqWxqHQPc4tSrJ1qrZnLrs7CdPPRG9C4D0bMWNbB19PLb2RZpbYCFTyHvX6Mq7QflcGfSIPCPIHuE4KHMkZUHatH-1qFDMgWziQdTjOSkd8t1hNsbUe4-ejEMUHx3_gkXpAyam6lON1HPK7lt9r83koF5ZTRRS6LOb-o6lN-UFcUIQs0zu-FpS-usJG4uxVTYA
financiero-003,financiero,4,2026,4,eyJraWQiOiJEZ0VqOWg3UkwxeE1mcTV6dm1XcnlhWHdPZTZ3eW9WRDFNMDBVeENYaUUwPSIsImFsZyI6IlJTMjU2In0.eyJzdWIiOiIyNDM4YzQ5OC0yMDIxLTcwNjYtMDQ0Zi03YjU4N2IzMDVhMDMiLCJjb2duaXRvOmdyb3VwcyI6WyJmaW5hbmNpZXJvIl0sImVtYWlsX3ZlcmlmaWVkIjp0cnVlLCJpc3MiOiJodHRwczovL2NvZ25pdG8taWRwLnVzLWVhc3QtMS5hbWF6b25hd3MuY29tL3VzLWVhc3QtMV9RR2hSTkpOY3MiLCJjb2duaXRvOnVzZXJuYW1lIjoiZmluYW5jaWVyby0wMDMiLCJvcmlnaW5fanRpIjoiY2M4NzZkMDEtMDNlMS00Y2Y0LTg5MWQtNGY2NjQyY2FjNjc2IiwiYXVkIjoiN2VxNWY0NmdtdDRjaGtwYWJncHVwMTdjZTYiLCJldmVudF9pZCI6ImJhODQ1OGQwLTNmNGItNDA5Mi04NTU0LThjNDkwMGMxOWE1YiIsInRva2VuX3VzZSI6ImlkIiwiYXV0aF90aW1lIjoxNzc5OTg1NzI4LCJleHAiOjE3Nzk5ODkzMjgsImlhdCI6MTc3OTk4NTcyOCwianRpIjoiYjZmYTM0YzMtYjNkNy00OWMzLTlmYjUtMDk3MTcwNDkxY2UxIiwiZW1haWwiOiJmaW5hbmNpZXJvLTAwM0BiaXRlY28uY29tIn0.n_55_5wY8eLj5sTPtF1-sRpaFEfcZFC6qjmff2rlbnjFj_XI-8IsQWzxypkk-lPT4syuFgWIrv1PmCOCsi51xXYk316Jj8XFqnz9lDhLr7cx18Dk8kLvYY6lEBZkcbt2jZju5ZYeuNGaGpY_92Pjks94siwoa2Joi7r1FLspvbe-NTHuz8W3muD51kBlQn_rcpol-gbBnvKrKUAgo9RHz8RUyCeu6Cg0OojprKXs-SzJ3m12dWzh_RdhijmQKBVci2cHkUxC9i7NOFx4_otPM6yxB50AC1NA0zi5ymEc1DWNFrWOqif78RpOGXQqoiILbkUlL5zHTW74imwSXshY5A
financiero-004,financiero,5,2026,1,eyJraWQiOiJEZ0VqOWg3UkwxeE1mcTV6dm1XcnlhWHdPZTZ3eW9WRDFNMDBVeENYaUUwPSIsImFsZyI6IlJTMjU2In0.eyJzdWIiOiI4NGY4ZDQ4OC1kMDgxLTcwYzItMjg3Ny1jMTE5ODk2ZWZiM2QiLCJjb2duaXRvOmdyb3VwcyI6WyJmaW5hbmNpZXJvIl0sImVtYWlsX3ZlcmlmaWVkIjp0cnVlLCJpc3MiOiJodHRwczovL2NvZ25pdG8taWRwLnVzLWVhc3QtMS5hbWF6b25hd3MuY29tL3VzLWVhc3QtMV9RR2hSTkpOY3MiLCJjb2duaXRvOnVzZXJuYW1lIjoiZmluYW5jaWVyby0wMDQiLCJvcmlnaW5fanRpIjoiZDRhYzFiZTQtODI0OC00MDBjLWI2NjctYTA4NGEwY2RiM2M4IiwiYXVkIjoiN2VxNWY0NmdtdDRjaGtwYWJncHVwMTdjZTYiLCJldmVudF9pZCI6IjRiNjg0YzJlLTZhYjAtNGUwZS04YjUyLWEwMzE2MTY4YmI5NyIsInRva2VuX3VzZSI6ImlkIiwiYXV0aF90aW1lIjoxNzc5OTg1NzI5LCJleHAiOjE3Nzk5ODkzMjksImlhdCI6MTc3OTk4NTcyOSwianRpIjoiNTI3YzY1MDctMzYyMC00N2Y1LWI2YTAtZDcxOGI3YmUxZDM1IiwiZW1haWwiOiJmaW5hbmNpZXJvLTAwNEBiaXRlY28uY29tIn0.Ez0QQ_5U6oGCFjgoXJFiDcKsuxpoUKX18WXOOwFIntphab_GpX8gkp8XCspL30SbAnvW-lHCpCvkCYi3UyVgJr3jaLbzETaRYrI-7DwiaAyYdzjlyc6zzKM388j_OYssRezGib9N6N0nY72rsAfpu1UMk0EzH9Q66TIMEB3bE3UpqA01TZXOrzaEb9FYkqWNHvC23962_i_KK74Izr08bX7178qkNIMv99h2TkKZRFGo88tWm-AwdtuRLp9TbG0ueNDtIVJKHPH6Cvwr-NPvnnnK5pSpDzh3H7Bkwyzxk_C7wPjloENIf0sRlhoCFF15Ul1lCBivxGNL8-A8IoMx-w
financiero-005,financiero,6,2026,2,eyJraWQiOiJEZ0VqOWg3UkwxeE1mcTV6dm1XcnlhWHdPZTZ3eW9WRDFNMDBVeENYaUUwPSIsImFsZyI6IlJTMjU2In0.eyJzdWIiOiI3NDU4YzQ3OC02MGYxLTcwMzgtZmY5Ny1mYWYyMjZkNzAxM2MiLCJjb2duaXRvOmdyb3VwcyI6WyJmaW5hbmNpZXJvIl0sImVtYWlsX3ZlcmlmaWVkIjp0cnVlLCJpc3MiOiJodHRwczovL2NvZ25pdG8taWRwLnVzLWVhc3QtMS5hbWF6b25hd3MuY29tL3VzLWVhc3QtMV9RR2hSTkpOY3MiLCJjb2duaXRvOnVzZXJuYW1lIjoiZmluYW5jaWVyby0wMDUiLCJvcmlnaW5fanRpIjoiOWJkMDM0MmEtNGNlMS00NzVlLWJhMTItMTAwNTE0MTE2NTA5IiwiYXVkIjoiN2VxNWY0NmdtdDRjaGtwYWJncHVwMTdjZTYiLCJldmVudF9pZCI6ImNlNzNiYjNiLWJhMDAtNDExNS04NzYwLTU2ZmY5NThhZjZkZiIsInRva2VuX3VzZSI6ImlkIiwiYXV0aF90aW1lIjoxNzc5OTg1NzI5LCJleHAiOjE3Nzk5ODkzMjksImlhdCI6MTc3OTk4NTcyOSwianRpIjoiZDJhNzRlOWUtMDRiYi00ZTYyLWJkYjgtZTRkY2ZjZWM4N2NjIiwiZW1haWwiOiJmaW5hbmNpZXJvLTAwNUBiaXRlY28uY29tIn0.oBwREGKy1KVGPmbDm6Bs1fnBETftl5UBqcvwnnAT-8JErgfl-zrF6oVRFuyGOuY3IybPCv35VgNLIvO8UzqNDNlsygeWWkVZyRCcjFF-TiWQ5_uvk2xMINu8XyKpVUGggWBqRkIOdl5EcI-eNjqZYrcygnYzJnfz5SF_3KGJjNr6tg9r4ObtXShDmTGKTeTDXW9ciy-Bix4boAZNLzkGH1CGOF2VNJKj0eraSjZD_n_sErNufZV-Rx02F_cnCZ0saliJLKgcH-CHbmmEEc512MDetM2MCrOY0Nv8y_2J3eGsKa0l-ciy-kyfVWadqAmUzkLmCzlqwV-rWAQAcyzjQQ
financiero-006,financiero,7,2026,3,eyJraWQiOiJEZ0VqOWg3UkwxeE1mcTV6dm1XcnlhWHdPZTZ3eW9WRDFNMDBVeENYaUUwPSIsImFsZyI6IlJTMjU2In0.eyJzdWIiOiI4NDQ4MTQ5OC0yMDgxLTcwYWUtYTczNy0xM2U5ZTJjMDdmYmMiLCJjb2duaXRvOmdyb3VwcyI6WyJmaW5hbmNpZXJvIl0sImVtYWlsX3ZlcmlmaWVkIjp0cnVlLCJpc3MiOiJodHRwczovL2NvZ25pdG8taWRwLnVzLWVhc3QtMS5hbWF6b25hd3MuY29tL3VzLWVhc3QtMV9RR2hSTkpOY3MiLCJjb2duaXRvOnVzZXJuYW1lIjoiZmluYW5jaWVyby0wMDYiLCJvcmlnaW5fanRpIjoiYzRhYTAzZmItOWFhZi00NDk5LTk5OWQtMzQxNDAwODNkMmQyIiwiYXVkIjoiN2VxNWY0NmdtdDRjaGtwYWJncHVwMTdjZTYiLCJldmVudF9pZCI6ImIyZmMyMjZiLTI1NGYtNDVjYS05NTc4LTY3ZTlmM2VjNGNjZiIsInRva2VuX3VzZSI6ImlkIiwiYXV0aF90aW1lIjoxNzc5OTg1NzI5LCJleHAiOjE3Nzk5ODkzMjksImlhdCI6MTc3OTk4NTcyOSwianRpIjoiZjlkY2Y1MzktMjU5My00YWQzLTgwY2EtMjg2M2NhODYyOWRkIiwiZW1haWwiOiJmaW5hbmNpZXJvLTAwNkBiaXRlY28uY29tIn0.y-R7UX9LI6whs7C02QZMcEOUWNfUxEjXNHN0ruWLls-eEafBPmYmtQUbfnQg3LdlTpKj51lenUrbbj3zYyCyGEcLtkrvLSWaN2_zRKyRGNrrljsFWRWWrlgDEmhYsIH6IOE8CdqOcSX4w2dZNu4NBQyXGCBo2ovNIyS3EHdsfiGdn7UIAuxnJpH1Fq2_kXChZWkFL-wsQymo7VHt07Z21_HIlW5XvtiAm6aQHxjhXFxKBNRhqADKJQBNWkK6cDqiamBQO89yQKK80Ib2zqzQqChbP17IohPYvzYHc0U5GnEx0rCdPRZ54wbedsSUzdhbYfhJ3rAInczKkmcTGLsYWg
financiero-007,financiero,8,2026,4,eyJraWQiOiJEZ0VqOWg3UkwxeE1mcTV6dm1XcnlhWHdPZTZ3eW9WRDFNMDBVeENYaUUwPSIsImFsZyI6IlJTMjU2In0.eyJzdWIiOiJhNDI4YjQwOC01MGIxLTcwYTgtOTQ2My1iY2FkNmM4ZTYwYzkiLCJjb2duaXRvOmdyb3VwcyI6WyJmaW5hbmNpZXJvIl0sImVtYWlsX3ZlcmlmaWVkIjp0cnVlLCJpc3MiOiJodHRwczovL2NvZ25pdG8taWRwLnVzLWVhc3QtMS5hbWF6b25hd3MuY29tL3VzLWVhc3QtMV9RR2hSTkpOY3MiLCJjb2duaXRvOnVzZXJuYW1lIjoiZmluYW5jaWVyby0wMDciLCJvcmlnaW5fanRpIjoiNGYwY2ExZjctM2YzMC00NmU3LThiYmItZmJlZGEwZTdjZjdlIiwiYXVkIjoiN2VxNWY0NmdtdDRjaGtwYWJncHVwMTdjZTYiLCJldmVudF9pZCI6ImQ0OGFhYzVlLTk1MjYtNDlkNS05MWE0LTg3MzNkY2YxN2RiYyIsInRva2VuX3VzZSI6ImlkIiwiYXV0aF90aW1lIjoxNzc5OTg1NzI5LCJleHAiOjE3Nzk5ODkzMjksImlhdCI6MTc3OTk4NTcyOSwianRpIjoiMGE0ZWY5YTAtZWZkOC00MjEyLThmMjMtNDM1ZmJlNWU2ZjkzIiwiZW1haWwiOiJmaW5hbmNpZXJvLTAwN0BiaXRlY28uY29tIn0.Q8KP3KIJIBeagYnoyJggqtH0SXIp4LCnAEGFIbaMk4JQyBQKfhlI4JRj50QfHOU8_KWvcijnM3YKjxhOb16C1tJRizsB9bbK8xOuzNGH7-qvejrGO5yUGdo-I6Xk2zinM1wbsXg9tBVj4PsWe3x_HLfu9zmHYPjX3PQ-k6SgXn2Ovynt4Rn777jf7mqijUDftqxeRutEFm36McDUSf0yE3g_JuhKLNqBqnIn8E-hheYcycum5o-w5jBXmLdQVL4CbU5O9fJA1tSjs4jG_cVjXnPPoG57d8i3VCYFaggOW2Phh2Bg0TrZhtXFckhgUGJvIriR0QTeNqMM63svxt-tGA
financiero-008,financiero,9,2026,1,eyJraWQiOiJEZ0VqOWg3UkwxeE1mcTV6dm1XcnlhWHdPZTZ3eW9WRDFNMDBVeENYaUUwPSIsImFsZyI6IlJTMjU2In0.eyJzdWIiOiIwNDM4NTQ0OC04MGIxLTcwYTItZDg5Mi1iZWU0ODIwNGM1OTkiLCJjb2duaXRvOmdyb3VwcyI6WyJmaW5hbmNpZXJvIl0sImVtYWlsX3ZlcmlmaWVkIjp0cnVlLCJpc3MiOiJodHRwczovL2NvZ25pdG8taWRwLnVzLWVhc3QtMS5hbWF6b25hd3MuY29tL3VzLWVhc3QtMV9RR2hSTkpOY3MiLCJjb2duaXRvOnVzZXJuYW1lIjoiZmluYW5jaWVyby0wMDgiLCJvcmlnaW5fanRpIjoiMWExMmIzMmEtY2Q2MS00NDgxLTljNDUtMzczNWFhOWJlNTNhIiwiYXVkIjoiN2VxNWY0NmdtdDRjaGtwYWJncHVwMTdjZTYiLCJldmVudF9pZCI6ImRjYjcxOGFiLTAyNmQtNGUyZC04OTM4LTk1ODk3ODNiZjcyOSIsInRva2VuX3VzZSI6ImlkIiwiYXV0aF90aW1lIjoxNzc5OTg1NzMwLCJleHAiOjE3Nzk5ODkzMzAsImlhdCI6MTc3OTk4NTczMCwianRpIjoiOTNkMDIwYTUtZTgwNC00YjYyLTgxNzAtZGEzZjg3NzVmMzhhIiwiZW1haWwiOiJmaW5hbmNpZXJvLTAwOEBiaXRlY28uY29tIn0.e2Y4TOwkEp3qrrEVVEZTXWCZbV1X-CDzeE5sXqTlXFlR0GCOqMfV0ICSAqtHywCJL02WIJkSANeDQrx6ZL7MK3WmqKQg4Sk5an03jd-VapAynx97yRuBSjaVhw7aixc_4W45hmPggpZSqewaOnxeym8wdf-cNCDgA2egmf3shuMy3Z5A8Tgr4FkGgqHgFyx7mLbLVeDAMe5r2TaapFcfFFl3a6xv_LJErzxaUgFxJ_sVRJ9k3rd9xHLOK1IbUDrIToa1R-rhHH80U13uHeocXTH0v_P5F4Nbazjia7Zf0AeKoL1F-7Pv8FytEkH3EbFLNMN-wFb3KIYqED30zij_gQ
financiero-009,financiero,10,2026,2,eyJraWQiOiJEZ0VqOWg3UkwxeE1mcTV6dm1XcnlhWHdPZTZ3eW9WRDFNMDBVeENYaUUwPSIsImFsZyI6IlJTMjU2In0.eyJzdWIiOiIzNDY4NTQ3OC0yMGQxLTcwNWQtM2NhNi04YWNjOTM2ZmQ5YjMiLCJjb2duaXRvOmdyb3VwcyI6WyJmaW5hbmNpZXJvIl0sImVtYWlsX3ZlcmlmaWVkIjp0cnVlLCJpc3MiOiJodHRwczovL2NvZ25pdG8taWRwLnVzLWVhc3QtMS5hbWF6b25hd3MuY29tL3VzLWVhc3QtMV9RR2hSTkpOY3MiLCJjb2duaXRvOnVzZXJuYW1lIjoiZmluYW5jaWVyby0wMDkiLCJvcmlnaW5fanRpIjoiNzBmYzIzZDEtOTY4YS00NzBlLWE3ZDMtZjkzMGNmZWE3Y2VmIiwiYXVkIjoiN2VxNWY0NmdtdDRjaGtwYWJncHVwMTdjZTYiLCJldmVudF9pZCI6IjE1Yjc1ZjQwLTY5NjItNDgzMS1hOGEwLTczZWI2OTk4ZTRhNSIsInRva2VuX3VzZSI6ImlkIiwiYXV0aF90aW1lIjoxNzc5OTg1NzMwLCJleHAiOjE3Nzk5ODkzMzAsImlhdCI6MTc3OTk4NTczMCwianRpIjoiNjcxMzhmOTgtNTIzMi00NGQ4LWI5NDctZjdmNmMyNTg1Mjc5IiwiZW1haWwiOiJmaW5hbmNpZXJvLTAwOUBiaXRlY28uY29tIn0.Px51NtiV531q9kPTY6dnozA57JlVhNKUoy1ZwDETOGkNgKVFuXdEQxp93XtL5FGBQ7XZQ1SCgWJB63fHobWtiLWfEmJEc_4DZJjw3KI70SVuUsWCNtbJEO2iHxTo6qo7Tbvil-vIih59i-nbqEc1w5Fsaa2ybXF-1Mt2fWgAMkAgSMNzDapRjyvcOLqcVf61nSbtbnXaNTkKcHTKVoQBNVc7OTemt6zRjohU8WSI_1Ft9fcZcL3luC2ANurI5-dTTQc_wFb5Lg-a6fx9agonu4iF2wn9UcNkQisTLu-qeQ0XRLyA9-GyqdZmnYpUDgM8tkwXzFUipITVx2Rg_St2LQ
financiero-010,financiero,1,2026,3,eyJraWQiOiJEZ0VqOWg3UkwxeE1mcTV6dm1XcnlhWHdPZTZ3eW9WRDFNMDBVeENYaUUwPSIsImFsZyI6IlJTMjU2In0.eyJzdWIiOiIwNDk4YzRhOC1iMGExLTcwZWQtNGE1MC04MjZjMGJiOWRkMDgiLCJjb2duaXRvOmdyb3VwcyI6WyJmaW5hbmNpZXJvIl0sImVtYWlsX3ZlcmlmaWVkIjp0cnVlLCJpc3MiOiJodHRwczovL2NvZ25pdG8taWRwLnVzLWVhc3QtMS5hbWF6b25hd3MuY29tL3VzLWVhc3QtMV9RR2hSTkpOY3MiLCJjb2duaXRvOnVzZXJuYW1lIjoiZmluYW5jaWVyby0wMTAiLCJvcmlnaW5fanRpIjoiZjAyYzM5NzQtMWMzNy00ZTE0LTg1OTAtODkxZTllZWNjNDY4IiwiYXVkIjoiN2VxNWY0NmdtdDRjaGtwYWJncHVwMTdjZTYiLCJldmVudF9pZCI6IjA5ZjA2MWNhLWE2MzMtNDdmZi1iMjJhLWZkZDM0NWE3M2M4MyIsInRva2VuX3VzZSI6ImlkIiwiYXV0aF90aW1lIjoxNzc5OTg1NzMwLCJleHAiOjE3Nzk5ODkzMzAsImlhdCI6MTc3OTk4NTczMCwianRpIjoiZDNjMWIwOTQtOTk5Mi00NDk0LTg2N2EtNmFkNjRhOTQyYTc3IiwiZW1haWwiOiJmaW5hbmNpZXJvLTAxMEBiaXRlY28uY29tIn0.BERf6RtsvHq6R_Q7BqiLcmv4xDEuOUrdaLh41QRauohX480hhAM6UkwX5Ugr90xJzCUTWfyYLtWHsZ3YC88zuebH8xsXBX6Mpt9e6ZbJHEGsPGgoib3Nf1R1sQfE2TcoVYt9DHEO96LXJNP0juXiCTfGi_fl15SWDO1z2J4D9qmXN4ceGvnoD-HwbbqOBx3YlfiTDos-fQsamPTl6DE5be7_jQQR9Wd06zcBBcAuLYVYeS4qzFVYxl3El_UJS2l6VSLyE9x6dkFy7hvEVwtGBSt1r1c87mB7UphPEjk-5lcTLv1OTVkMe7f0lQ6AuhkKoBlpOAnr-TV15gXOuq0cTw
financiero-011,financiero,2,2026,4,eyJraWQiOiJEZ0VqOWg3UkwxeE1mcTV6dm1XcnlhWHdPZTZ3eW9WRDFNMDBVeENYaUUwPSIsImFsZyI6IlJTMjU2In0.eyJzdWIiOiIzNGE4ZTRiOC1lMDcxLTcwYzEtZWExZS05ODYyNjkyY2JlYjciLCJjb2duaXRvOmdyb3VwcyI6WyJmaW5hbmNpZXJvIl0sImVtYWlsX3ZlcmlmaWVkIjp0cnVlLCJpc3MiOiJodHRwczovL2NvZ25pdG8taWRwLnVzLWVhc3QtMS5hbWF6b25hd3MuY29tL3VzLWVhc3QtMV9RR2hSTkpOY3MiLCJjb2duaXRvOnVzZXJuYW1lIjoiZmluYW5jaWVyby0wMTEiLCJvcmlnaW5fanRpIjoiNWQ1MWY0NTktNzQzMC00MWVlLThkNjMtYmJiY2M5YTQ4MzM4IiwiYXVkIjoiN2VxNWY0NmdtdDRjaGtwYWJncHVwMTdjZTYiLCJldmVudF9pZCI6IjY1ZmFkMjE4LTFlODAtNDNkMy04OWYxLTZkNjhiMjYyZDY2MSIsInRva2VuX3VzZSI6ImlkIiwiYXV0aF90aW1lIjoxNzc5OTg1NzMwLCJleHAiOjE3Nzk5ODkzMzAsImlhdCI6MTc3OTk4NTczMCwianRpIjoiODQxM2VhNjktOWRjZC00NjVmLWFmYjMtN2Q1ZWEwN2E0ZTNjIiwiZW1haWwiOiJmaW5hbmNpZXJvLTAxMUBiaXRlY28uY29tIn0.oJBSrIMdCNXLErEtiU3VwaeSTIIxfKcQ3x5e3N25lXaGUg24JOhD2lsaQIHvxzqmnBUbG43RvxLiZpWluSaz54bdHARp64bSMCW0UvVA5UmcIo4_CiwF9uWQYnyQLB4DHQEjD4iPLu7r1ZqPY5QhGLOGWu1N2Fxqp7dpg9-X_zQMaLxAuD8PQ3lV91IsPYrxLKX5nA5FPi-Wwdv5UQJuqjsxnn-oQQg3CfXmRlIj_n4_KEw8gkzp8kkAouXnFx4jmbE0oGLXnDGme9hqygHog9OE6ho8CLfvP7LEmn7lu5oP4H8ktdVQLVQ_or12uAtmJPjMYTLy2FeOO0L7kgpenQ
financiero-012,financiero,3,2026,1,eyJraWQiOiJEZ0VqOWg3UkwxeE1mcTV6dm1XcnlhWHdPZTZ3eW9WRDFNMDBVeENYaUUwPSIsImFsZyI6IlJTMjU2In0.eyJzdWIiOiI1NGI4ODRmOC01MDUxLTcwZWMtNzVmZS0zYmQwZTdlYWUwODYiLCJjb2duaXRvOmdyb3VwcyI6WyJmaW5hbmNpZXJvIl0sImVtYWlsX3ZlcmlmaWVkIjp0cnVlLCJpc3MiOiJodHRwczovL2NvZ25pdG8taWRwLnVzLWVhc3QtMS5hbWF6b25hd3MuY29tL3VzLWVhc3QtMV9RR2hSTkpOY3MiLCJjb2duaXRvOnVzZXJuYW1lIjoiZmluYW5jaWVyby0wMTIiLCJvcmlnaW5fanRpIjoiOTBmM2VjYmQtNjZlNC00MWZiLWFmMGUtN2EyY2M2ZGQ5OTFlIiwiYXVkIjoiN2VxNWY0NmdtdDRjaGtwYWJncHVwMTdjZTYiLCJldmVudF9pZCI6Ijk1MjQ5MjE0LWVkOGQtNGYyZC05YWM3LTg3ZjJkZDgwY2UxNiIsInRva2VuX3VzZSI6ImlkIiwiYXV0aF90aW1lIjoxNzc5OTg1NzMxLCJleHAiOjE3Nzk5ODkzMzEsImlhdCI6MTc3OTk4NTczMSwianRpIjoiNmEwMTI0YWYtMGQ0Mi00ZDc4LWIyZjUtYmI4NzJiZTBkZDdiIiwiZW1haWwiOiJmaW5hbmNpZXJvLTAxMkBiaXRlY28uY29tIn0.xR8kql1GlItnL8r5sYyD4zm_rl8CwzTg3-cubaf05L0D4Ppb5FYGmXVnOgOJxnCq-x2PkI6jIdKhxAC8iMWebSmIuF5OC_usYSF_WnwVaS71yL5lO9It88C-9eV9dMig9jZ6Vr05BAR5ao4_CbUzNNlSVbvndFLZ9lGhNcKNzgR4bUY2HkwaAOemXeYxDKFB5GKbAsd66LHCVvRlrWFLnEuLQzpyEZ4ea6iju3i1tNCOItodHJtVz6TlIBJ65jIqpBzIfdu-C39Nlt6rwu1rYnAdab6tVKx3yZtNs9m-LL0qMfYDjrNGPjs9CMmDgyGLJV8dLV9YDQapuNaukUL_aA
financiero-013,financiero,4,2026,2,eyJraWQiOiJEZ0VqOWg3UkwxeE1mcTV6dm1XcnlhWHdPZTZ3eW9WRDFNMDBVeENYaUUwPSIsImFsZyI6IlJTMjU2In0.eyJzdWIiOiIyNGM4YzQyOC0xMGMxLTcwNmItNTFiMi01MGFlNDU0ZGVlNmQiLCJjb2duaXRvOmdyb3VwcyI6WyJmaW5hbmNpZXJvIl0sImVtYWlsX3ZlcmlmaWVkIjp0cnVlLCJpc3MiOiJodHRwczovL2NvZ25pdG8taWRwLnVzLWVhc3QtMS5hbWF6b25hd3MuY29tL3VzLWVhc3QtMV9RR2hSTkpOY3MiLCJjb2duaXRvOnVzZXJuYW1lIjoiZmluYW5jaWVyby0wMTMiLCJvcmlnaW5fanRpIjoiZWE5MmI4ZjEtZGE4OC00MDIwLThhMmEtYmFkZmZmZGU5MTU1IiwiYXVkIjoiN2VxNWY0NmdtdDRjaGtwYWJncHVwMTdjZTYiLCJldmVudF9pZCI6ImE3YjhiNDgzLTZkYTYtNDhkMS05MDkzLWI2NDEwNGNiYmU1ZCIsInRva2VuX3VzZSI6ImlkIiwiYXV0aF90aW1lIjoxNzc5OTg1NzMxLCJleHAiOjE3Nzk5ODkzMzEsImlhdCI6MTc3OTk4NTczMSwianRpIjoiMWEzMjY5ZWItMzgxYi00YjBkLWE5ZDQtM2I2MWY0MmZkYjFjIiwiZW1haWwiOiJmaW5hbmNpZXJvLTAxM0BiaXRlY28uY29tIn0.GccNkUYyBk8YrItq531jwfK_uPEXR-K805o_YDBao6vf61kKpcIpoFORYarBrzOkhkdbiOY03nszVAhZ0pJOi1qwSfvUh3BqAEP0ssa_L7WgJrrQmaEFhfNQGTN2ZrMWRSurO3gYXaQLgeBxyatTlAe1mpajsb6JmK0ZKuMAhl8uCo0U35r1NJDeu4xZvhnZoBZluEVKVxcZL51gc1YTjYVLv_IFC6ifYyzrUU1gbslYeXp5elJTUFXh5lNaK00IEkzXnKLn3wNP60jOzF8sE9K81_KNA7Qb4skvVrrcdFWrAp3CeGwYszTtAz1zNtrGJ2Mh6lJeTFa-U3ZnsgC6jQ
financiero-014,financiero,5,2026,3,eyJraWQiOiJEZ0VqOWg3UkwxeE1mcTV6dm1XcnlhWHdPZTZ3eW9WRDFNMDBVeENYaUUwPSIsImFsZyI6IlJTMjU2In0.eyJzdWIiOiI1NDQ4NjRjOC1lMDQxLTcwMTktZDQ3Yi0wYzQ3OTQ1YzYwYTMiLCJjb2duaXRvOmdyb3VwcyI6WyJmaW5hbmNpZXJvIl0sImVtYWlsX3ZlcmlmaWVkIjp0cnVlLCJpc3MiOiJodHRwczovL2NvZ25pdG8taWRwLnVzLWVhc3QtMS5hbWF6b25hd3MuY29tL3VzLWVhc3QtMV9RR2hSTkpOY3MiLCJjb2duaXRvOnVzZXJuYW1lIjoiZmluYW5jaWVyby0wMTQiLCJvcmlnaW5fanRpIjoiMmNmYWFjN2YtMjc5OS00ZmFhLTkxY2UtMjE4MDkwMGRjODA1IiwiYXVkIjoiN2VxNWY0NmdtdDRjaGtwYWJncHVwMTdjZTYiLCJldmVudF9pZCI6IjE0YzkwMzMxLTdjMTUtNGY2Yi04YmE0LTc4NmRjZWNiYWRiNyIsInRva2VuX3VzZSI6ImlkIiwiYXV0aF90aW1lIjoxNzc5OTg1NzMxLCJleHAiOjE3Nzk5ODkzMzEsImlhdCI6MTc3OTk4NTczMSwianRpIjoiM2ZmMGI4OGItNDNlZC00OTE4LTljY2UtZGYwYWZjNzBlMzAwIiwiZW1haWwiOiJmaW5hbmNpZXJvLTAxNEBiaXRlY28uY29tIn0.wpkqDUD--hLZ8md-4pvlFvBNmFB0ofj4XZQfC_KEQbgZVyclI7dP4lMmRO53cTechN33kHTZD0moWb9KhvMbCPuVtRf_IIhujNFAWY1OdhX8T2aKCeH9Lt8TZFIYAB3fWAOLQkN8TC9YfupmdxBZd5raGshYedVXj80tXkmdWqASqTu_0J0NzRdye7EhuG_OkPYe3tvEkfU87s7eTK0J9EKBPgAGourjy7sicMIKSUPB9ZP8jjrrSyd0hcKxcugIE7NX8mbYvtVmiJoQ1f-W99v-sZgKBRsea5Oi3Ort58dB_58Vp9iRjUIcZ3Dvm5v2J7t7FcTIsTMJy1TNt0JVTw
financiero-015,financiero,6,2026,4,eyJraWQiOiJEZ0VqOWg3UkwxeE1mcTV6dm1XcnlhWHdPZTZ3eW9WRDFNMDBVeENYaUUwPSIsImFsZyI6IlJTMjU2In0.eyJzdWIiOiI4NDY4NjQ3OC0xMDUxLTcwMTctMDEzMy1mYzc5NzFmYzYwYTciLCJjb2duaXRvOmdyb3VwcyI6WyJmaW5hbmNpZXJvIl0sImVtYWlsX3ZlcmlmaWVkIjp0cnVlLCJpc3MiOiJodHRwczovL2NvZ25pdG8taWRwLnVzLWVhc3QtMS5hbWF6b25hd3MuY29tL3VzLWVhc3QtMV9RR2hSTkpOY3MiLCJjb2duaXRvOnVzZXJuYW1lIjoiZmluYW5jaWVyby0wMTUiLCJvcmlnaW5fanRpIjoiNTg0MWIyZDMtMzM4ZC00MzEwLTg1MzAtNjcxNzBkMzY3YmUzIiwiYXVkIjoiN2VxNWY0NmdtdDRjaGtwYWJncHVwMTdjZTYiLCJldmVudF9pZCI6Ijk2MjU4MmNhLWMxYzQtNDhjOC1hYzgwLTgyN2U4NmZhZmFkZSIsInRva2VuX3VzZSI6ImlkIiwiYXV0aF90aW1lIjoxNzc5OTg1NzMxLCJleHAiOjE3Nzk5ODkzMzEsImlhdCI6MTc3OTk4NTczMSwianRpIjoiYzQ1ZjY5ZmUtZThiOC00NTc2LWIwMjItOGY0NDYxZGIxYjExIiwiZW1haWwiOiJmaW5hbmNpZXJvLTAxNUBiaXRlY28uY29tIn0.Np1U9xa14w_7PnrOwJUI1zM3J2k22Am2R-Ad8eUiA3eXcCTNlXHv57CAKn_TfQi4bHuP2-oLV96eHYRCXnsJ8kWFpLUpKntG5itDtmQSpNW-NgJiabKzp9bhiRt8Ij01Wrkyb-VpjEMFZoJKPF5LX_XUepFRy10N6khiDSTeUVGGnGRh9bW8lOqtgTjt_AH4XPlaE6A4CPOgVAt8cpbIBW7ESc_v21mwmURN4F12cT3XICm3KyKHbtmawB8U-iSS0Fjx_mD8eZdBn_Y5heAPn6O7t4ObfIejxHnqEaWI-e5KImbdif6nOIzP7eSrfATImF7RoSWg2L4aPHfiB2ms2g
financiero-016,financiero,7,2026,1,eyJraWQiOiJEZ0VqOWg3UkwxeE1mcTV6dm1XcnlhWHdPZTZ3eW9WRDFNMDBVeENYaUUwPSIsImFsZyI6IlJTMjU2In0.eyJzdWIiOiJjNGQ4MDRiOC1lMDMxLTcwMjItN2Y0OC1kMTIzMmNiMmU1ZjMiLCJjb2duaXRvOmdyb3VwcyI6WyJmaW5hbmNpZXJvIl0sImVtYWlsX3ZlcmlmaWVkIjp0cnVlLCJpc3MiOiJodHRwczovL2NvZ25pdG8taWRwLnVzLWVhc3QtMS5hbWF6b25hd3MuY29tL3VzLWVhc3QtMV9RR2hSTkpOY3MiLCJjb2duaXRvOnVzZXJuYW1lIjoiZmluYW5jaWVyby0wMTYiLCJvcmlnaW5fanRpIjoiNGZjM2VkMGYtMGE1My00OWIwLWJmZGEtOTBkZDg1OGRjN2I1IiwiYXVkIjoiN2VxNWY0NmdtdDRjaGtwYWJncHVwMTdjZTYiLCJldmVudF9pZCI6IjYxNjJmOTg3LWQ2ZjMtNDRkNS04YmQ0LTM1MDgxMGNiNjdjZCIsInRva2VuX3VzZSI6ImlkIiwiYXV0aF90aW1lIjoxNzc5OTg1NzMyLCJleHAiOjE3Nzk5ODkzMzIsImlhdCI6MTc3OTk4NTczMiwianRpIjoiZTJmYTA5ODUtNzhhNC00MzZkLTlmNWEtM2E2OThkZmQ3MjdmIiwiZW1haWwiOiJmaW5hbmNpZXJvLTAxNkBiaXRlY28uY29tIn0.KajbWCqA9nzOL_MtEvhtOLdX3bmvTI-DHAK-12LGaTFxUvuHGX7IYhcxhFqoswwuJJ6Lk4FhnPMCd_n0z1DsSpDJiIc8G7ZnCo1S6K5tWCjzGIhuniCLXX2hE_xgtTqYhaTmxcGb4iL2kmPfOeDSLQpvaXo6jsH0XA4HN1EzkD0OhusU-JX0UiY4_b110ksNlKyGhLSRerjjAYeXQ3KWbqB0LqSR059Ak8zuE5eQLzoD8zPQQPU_4lxVUko8gaBhM1LroNR9mOUmJIDXdqkRNtkZHruCifO080YnQdl59IM5Uq1KW0K3pd4XJFSyp83K_vqPayIDxYp0pHgIlRVtPw
financiero-017,financiero,8,2026,2,eyJraWQiOiJEZ0VqOWg3UkwxeE1mcTV6dm1XcnlhWHdPZTZ3eW9WRDFNMDBVeENYaUUwPSIsImFsZyI6IlJTMjU2In0.eyJzdWIiOiJlNGY4MzQ1OC1hMDQxLTcwNzQtN2Q1Zi05MmIyNzExYjI1NmIiLCJjb2duaXRvOmdyb3VwcyI6WyJmaW5hbmNpZXJvIl0sImVtYWlsX3ZlcmlmaWVkIjp0cnVlLCJpc3MiOiJodHRwczovL2NvZ25pdG8taWRwLnVzLWVhc3QtMS5hbWF6b25hd3MuY29tL3VzLWVhc3QtMV9RR2hSTkpOY3MiLCJjb2duaXRvOnVzZXJuYW1lIjoiZmluYW5jaWVyby0wMTciLCJvcmlnaW5fanRpIjoiYmM1ZTQ4NWYtNzUwNi00N2M3LWIzYzgtY2Q2YjYyMGIwMmIzIiwiYXVkIjoiN2VxNWY0NmdtdDRjaGtwYWJncHVwMTdjZTYiLCJldmVudF9pZCI6IjU4MTJlODUwLTI1ZTEtNDZjMy04MTk3LWE4MjQ5YzNlNDZmZiIsInRva2VuX3VzZSI6ImlkIiwiYXV0aF90aW1lIjoxNzc5OTg1NzMyLCJleHAiOjE3Nzk5ODkzMzIsImlhdCI6MTc3OTk4NTczMiwianRpIjoiZGUwYmQ4ZDUtMGU1Mi00NjBmLTlkZjgtOWRlYjdmY2VkNzQ2IiwiZW1haWwiOiJmaW5hbmNpZXJvLTAxN0BiaXRlY28uY29tIn0.lgWEJFF1RZUAzzxDQO-qlVbnb8jLrjE_EGsH2961BlRXo_xC6cilfHlzCqEKX82g2vCXh4CemX9WTAcx_ewn22Km_aSpVpshKjfvmszj-xFMAfscgcfZtCVahkTB9285IaQpH4vF90JcVOskp2w4N76-4eiw-lHYg04bbCKfOWZ5vS9K4Q771YGAgDBxI1ooZbIko8BW8SYh1OM4K7dJoCDCVklsGhZDwVJhVNHyJtfoWzjmTyTR5VmwR-MnlSGv7uDOUjPUPHm6WyJXNQ-r1yWyswHiu21Km66otUiO6AWtM40oRUCFila0FbqvmnFL_zIgF8akrRVQqhY7IKUPnw
financiero-018,financiero,9,2026,3,eyJraWQiOiJEZ0VqOWg3UkwxeE1mcTV6dm1XcnlhWHdPZTZ3eW9WRDFNMDBVeENYaUUwPSIsImFsZyI6IlJTMjU2In0.eyJzdWIiOiIzNGE4ZDQwOC1mMDMxLTcwNDItMjNmMy01MTRkMTNhMGM2YWIiLCJjb2duaXRvOmdyb3VwcyI6WyJmaW5hbmNpZXJvIl0sImVtYWlsX3ZlcmlmaWVkIjp0cnVlLCJpc3MiOiJodHRwczovL2NvZ25pdG8taWRwLnVzLWVhc3QtMS5hbWF6b25hd3MuY29tL3VzLWVhc3QtMV9RR2hSTkpOY3MiLCJjb2duaXRvOnVzZXJuYW1lIjoiZmluYW5jaWVyby0wMTgiLCJvcmlnaW5fanRpIjoiMjY2NTQxY2UtMjQ0Yi00OTIyLTk1YjQtYWQ5M2ZlYmJhYmYzIiwiYXVkIjoiN2VxNWY0NmdtdDRjaGtwYWJncHVwMTdjZTYiLCJldmVudF9pZCI6IjFhYjhmODgyLTlhZjAtNGI4My05MjBlLWI5ZWEyMjU2YzQxYSIsInRva2VuX3VzZSI6ImlkIiwiYXV0aF90aW1lIjoxNzc5OTg1NzMyLCJleHAiOjE3Nzk5ODkzMzIsImlhdCI6MTc3OTk4NTczMiwianRpIjoiNDkxMzNhM2ItNzE4YS00ODlmLWEzZDgtNzIzZGQ4MDU5NGRhIiwiZW1haWwiOiJmaW5hbmNpZXJvLTAxOEBiaXRlY28uY29tIn0.thYmOcyFVOxYMoHmfYcmBKeTDqcA3dkBoC3zDqnBdCiFa4z0_XszJ2vogCaJvO20EcOsqlk901saAJigE0yXgLvKy7WHm_XwKThoWzCXXFVxPqz1p2D-yjDBzS6DZeHJfWF8kZAc9vhkwh7w8681yHr9FrHvWT61DP6ifnhfS0fqNpc29W-IQjUCpuQ7otdCgWJAaU1g_EcDzazzYdFc2n3aw8zdw6ab-whL4TojpJIZMbG9d9ImU1WqryRIiByV5FQtBbvaQaSgghcmtGHsk4CBZVp5wwsfTjGnXKr0G-iodon6Ru_MXqwesdzmMfjMy32qDGo4YSmYdCaUOrt0BA
financiero-019,financiero,10,2026,4,eyJraWQiOiJEZ0VqOWg3UkwxeE1mcTV6dm1XcnlhWHdPZTZ3eW9WRDFNMDBVeENYaUUwPSIsImFsZyI6IlJTMjU2In0.eyJzdWIiOiIzNDc4NTQ1OC0xMDcxLTcwNTktMGRkYy1iZDg0NTY3ZTViZDgiLCJjb2duaXRvOmdyb3VwcyI6WyJmaW5hbmNpZXJvIl0sImVtYWlsX3ZlcmlmaWVkIjp0cnVlLCJpc3MiOiJodHRwczovL2NvZ25pdG8taWRwLnVzLWVhc3QtMS5hbWF6b25hd3MuY29tL3VzLWVhc3QtMV9RR2hSTkpOY3MiLCJjb2duaXRvOnVzZXJuYW1lIjoiZmluYW5jaWVyby0wMTkiLCJvcmlnaW5fanRpIjoiNjYyMzQzMzgtZTJmYy00YWVhLWJkMDQtMThlZGNmOWFjM2E4IiwiYXVkIjoiN2VxNWY0NmdtdDRjaGtwYWJncHVwMTdjZTYiLCJldmVudF9pZCI6IjJlN2I0N2VkLTY0MWYtNDJkMy05YzZkLTY0OGZiOWJiZWY3YSIsInRva2VuX3VzZSI6ImlkIiwiYXV0aF90aW1lIjoxNzc5OTg1NzMzLCJleHAiOjE3Nzk5ODkzMzMsImlhdCI6MTc3OTk4NTczMywianRpIjoiNzJhNzYxYjEtYWU0OS00MDY3LWIxMWYtNjNmOWUyMTI2MmY5IiwiZW1haWwiOiJmaW5hbmNpZXJvLTAxOUBiaXRlY28uY29tIn0.v5rdpuXVIwzc4FAPDIqgnkSd3FOmzGSr--KdVagH5H3mhKec7gD39lzAHxqHQNg0VKmlhiR7OCCUiFXKLcmUsWinjP9TBQxxn0lCdhI4IiKQw7imgir8NxolP8Bzvu9ZAmPHy6Quu6dcsCXeuIZTtvc-FLH7Bx1t8tqU_nyxNv65rmXQYoA8XGXFHNihWArtNabiw90nHYz9x7kXn_Drg9dr9UMbhqsdW1gSRh6TmFzC3JW8BI6HdOFS-3RBETT2VefNEwkQe3vdYMqiJZPmR1Q0WwWljxu2ZNM2DFXWigs50BdkxwXJaoD1qnqRAztOcOmxNTOPgQPQQ7O8oZcBzA
financiero-020,financiero,1,2026,1,eyJraWQiOiJEZ0VqOWg3UkwxeE1mcTV6dm1XcnlhWHdPZTZ3eW9WRDFNMDBVeENYaUUwPSIsImFsZyI6IlJTMjU2In0.eyJzdWIiOiJlNDU4OTRkOC04MGYxLTcwODQtOWM4Ny1mZTlkNTNjNTliOTIiLCJjb2duaXRvOmdyb3VwcyI6WyJmaW5hbmNpZXJvIl0sImVtYWlsX3ZlcmlmaWVkIjp0cnVlLCJpc3MiOiJodHRwczovL2NvZ25pdG8taWRwLnVzLWVhc3QtMS5hbWF6b25hd3MuY29tL3VzLWVhc3QtMV9RR2hSTkpOY3MiLCJjb2duaXRvOnVzZXJuYW1lIjoiZmluYW5jaWVyby0wMjAiLCJvcmlnaW5fanRpIjoiYjgyNWZkOWQtZTVlNC00OWU2LTlhNGEtY2MyZWI5MzU2N2M1IiwiYXVkIjoiN2VxNWY0NmdtdDRjaGtwYWJncHVwMTdjZTYiLCJldmVudF9pZCI6Ijg5NzFiZWM5LTkwMGUtNGZkMi05YTA4LTEwOGM1ZjA2YTE2MCIsInRva2VuX3VzZSI6ImlkIiwiYXV0aF90aW1lIjoxNzc5OTg1NzMzLCJleHAiOjE3Nzk5ODkzMzMsImlhdCI6MTc3OTk4NTczMywianRpIjoiZGExOTM4M2YtMjMxYS00NmRhLWIyMzUtMWM4NjQ5MDBlZTVmIiwiZW1haWwiOiJmaW5hbmNpZXJvLTAyMEBiaXRlY28uY29tIn0.NVSKFSuHfK1-8LPVhQgWMmWq17iz8OYI_4b_PBoenQyd8n9Go9mn03BiYQ3gCEizoysdqp5NylD3jBXanuNrwArJc6_uh0P6M9Ov2RiLXekpff4RKOm8u9I7ARkBSRnuFY3Wdl_Mt9NZaWP5ucX6WbepX3H1s_gQC8OCjovr-TapgdNVPb3jOXmEThuFkeKXdeWXY8did1YGMhJaYpWMz196YjUJhejczhItlIndTdF9kn63tMpckp_oJ6wuetCrZdHR6IXljajD7SmZd0-YcWNiCNtd7bs_bVwau0vaaslAhsFpu98-97VJbsQh93GcgJ3IVEbYBZglycBjkzsjzg
financiero-021,financiero,2,2026,2,eyJraWQiOiJEZ0VqOWg3UkwxeE1mcTV6dm1XcnlhWHdPZTZ3eW9WRDFNMDBVeENYaUUwPSIsImFsZyI6IlJTMjU2In0.eyJzdWIiOiI2NGI4MzRkOC1iMDcxLTcwMTYtZWIyNi01YmUwNjU5NmZkNzIiLCJjb2duaXRvOmdyb3VwcyI6WyJmaW5hbmNpZXJvIl0sImVtYWlsX3ZlcmlmaWVkIjp0cnVlLCJpc3MiOiJodHRwczovL2NvZ25pdG8taWRwLnVzLWVhc3QtMS5hbWF6b25hd3MuY29tL3VzLWVhc3QtMV9RR2hSTkpOY3MiLCJjb2duaXRvOnVzZXJuYW1lIjoiZmluYW5jaWVyby0wMjEiLCJvcmlnaW5fanRpIjoiYWQ3ZTdjNTktZGUzZi00ZjA1LTk1NGItM2JmN2JlYjhhMDFmIiwiYXVkIjoiN2VxNWY0NmdtdDRjaGtwYWJncHVwMTdjZTYiLCJldmVudF9pZCI6ImMyOGVhNzE3LWVlNTMtNDg4Ni05NGIzLWM1MWVkOTFhNmU0NiIsInRva2VuX3VzZSI6ImlkIiwiYXV0aF90aW1lIjoxNzc5OTg1NzMzLCJleHAiOjE3Nzk5ODkzMzMsImlhdCI6MTc3OTk4NTczMywianRpIjoiMTAxOWMxY2YtNjdkZS00MzFjLThhMTgtM2Y4MmQ0MmJhMjNmIiwiZW1haWwiOiJmaW5hbmNpZXJvLTAyMUBiaXRlY28uY29tIn0.ZopmDwQpLMdCBSdS7RDUqsxopIPgnp3n0zfNo8rTsel8nxo09LRQ-QaRkJInaXv3Ek_jbdwYxIaKwj3nLEWxcQdMRqJUmzGvudjUHSxMlR_B8vRgsgu_YYNMl2wFwDsKrayMvoY6LcUUocHYfGNGvkqp_cdHRbgFmFdoIKBGgQfXQjX8_W8i2f-sM_IskWEpf1YBCDYOiK8MWhacHdLsu6OFIEeL3HlFefTxBUe-JS0SzYwaZAIFmHQzyJGoc0EzPzHhbZdFoY-m3ZDdOjxU7lJqlOZB_1Jtvxr1MwZFVhpA6OpqS_YRrruaRbRSlu2mtku0V2p405Khhll8XNx7yA
financiero-022,financiero,3,2026,3,eyJraWQiOiJEZ0VqOWg3UkwxeE1mcTV6dm1XcnlhWHdPZTZ3eW9WRDFNMDBVeENYaUUwPSIsImFsZyI6IlJTMjU2In0.eyJzdWIiOiIwNDc4NzQwOC1jMDUxLTcwNjMtODI2NS0wNzA4N2IxZThkYmQiLCJjb2duaXRvOmdyb3VwcyI6WyJmaW5hbmNpZXJvIl0sImVtYWlsX3ZlcmlmaWVkIjp0cnVlLCJpc3MiOiJodHRwczovL2NvZ25pdG8taWRwLnVzLWVhc3QtMS5hbWF6b25hd3MuY29tL3VzLWVhc3QtMV9RR2hSTkpOY3MiLCJjb2duaXRvOnVzZXJuYW1lIjoiZmluYW5jaWVyby0wMjIiLCJvcmlnaW5fanRpIjoiZjJiM2Q5MzAtZGM1My00YTZkLThhZjMtZDg1ZjU3MGI4MTdhIiwiYXVkIjoiN2VxNWY0NmdtdDRjaGtwYWJncHVwMTdjZTYiLCJldmVudF9pZCI6ImI3ZDJhZWJkLTUwZjctNDgyMi1iMjIwLTk1MDhkOTc1NGIyZiIsInRva2VuX3VzZSI6ImlkIiwiYXV0aF90aW1lIjoxNzc5OTg1NzMzLCJleHAiOjE3Nzk5ODkzMzMsImlhdCI6MTc3OTk4NTczMywianRpIjoiY2VkNzY5YjMtZmY1MC00YzRmLTgyOWUtM2I0OTlkODE2NTIyIiwiZW1haWwiOiJmaW5hbmNpZXJvLTAyMkBiaXRlY28uY29tIn0.lkfw3qWC-xXQdlew5T1rpZ9LfVUUnF1Fpeyg_eVo-G8CcOkAPScW4GDfwfy9YNH6dOIpJzuKPXl6rxqPSV9grnZhf7_GbcI3nry4S0EeY5HGTsVwFIySBoB0Ll0IClkiBIgzMK39dl-jOmFah__44O8XtPrGrXNgAnSLfMjuQ58BAapMbblS63xOVvRlcxAy_mMxpUd9Pm3c4d60i5Bls7iQrwd3TBk4rKq4zsr1l5DPEYT0sZWwCxsekoEoyKdyD38hhi3bXPTnKFh3ICYdLdnPrREldkB_jbmzdNoH38KjujnFCg9dFCzh5p_AVczt3hSIU0t4hqHNCBPcG_x5wQ
financiero-023,financiero,4,2026,4,eyJraWQiOiJEZ0VqOWg3UkwxeE1mcTV6dm1XcnlhWHdPZTZ3eW9WRDFNMDBVeENYaUUwPSIsImFsZyI6IlJTMjU2In0.eyJzdWIiOiI4NDQ4NjQzOC1jMDIxLTcwNjUtN2UwOC02OWIwNWNjMjQ5MTYiLCJjb2duaXRvOmdyb3VwcyI6WyJmaW5hbmNpZXJvIl0sImVtYWlsX3ZlcmlmaWVkIjp0cnVlLCJpc3MiOiJodHRwczovL2NvZ25pdG8taWRwLnVzLWVhc3QtMS5hbWF6b25hd3MuY29tL3VzLWVhc3QtMV9RR2hSTkpOY3MiLCJjb2duaXRvOnVzZXJuYW1lIjoiZmluYW5jaWVyby0wMjMiLCJvcmlnaW5fanRpIjoiZGU0NWMxNWUtMTI2YS00MzcyLWIyMzEtZWU5YTgxN2ZjMTcxIiwiYXVkIjoiN2VxNWY0NmdtdDRjaGtwYWJncHVwMTdjZTYiLCJldmVudF9pZCI6ImI5NDY3MGJkLTkxY2EtNGFjNi1iZTU4LTFiMDU1Y2NkOGJhOCIsInRva2VuX3VzZSI6ImlkIiwiYXV0aF90aW1lIjoxNzc5OTg1NzM0LCJleHAiOjE3Nzk5ODkzMzQsImlhdCI6MTc3OTk4NTczNCwianRpIjoiZmNiZTFkOTItMWEyYy00NmQ3LWFiNTEtYWQxNWQyNzIxYjk1IiwiZW1haWwiOiJmaW5hbmNpZXJvLTAyM0BiaXRlY28uY29tIn0.R-pfzRibxqTOw8HthPGfNTUGQCPUEFluSK-BxP6ZPXAOnsSRIaLJWTfmKDU0oaNjpMo-3zQ6b4i5SWr3cZSS7FKDyIOU6rdsQF4qjeccXpJ6VTT9NU6K9uZQcK-ovyRICWzPOhm0HrBGq-XNGYaLqa2atfEXM53AxUcXxJNjtmWganYptsAjxIVc4OSY70vFv-jFqsQBEaU6rJTwQ-ylD-S_JEv9hh3mQy7qI49BaaC2GbeHZm5hnFsJ94vCH804p7obly2FytM3cPvDAQVcV3OJ0hs0pU6dpKOcpzK26QhaDORicTxr2HwWZ78irk76D5Mvf5izVIpqm5iOdYy1Kw
financiero-024,financiero,5,2026,1,eyJraWQiOiJEZ0VqOWg3UkwxeE1mcTV6dm1XcnlhWHdPZTZ3eW9WRDFNMDBVeENYaUUwPSIsImFsZyI6IlJTMjU2In0.eyJzdWIiOiI5NGM4YjRkOC01MDIxLTcwNjEtOGQ0NC1kMTAzYjU1YzI1YmYiLCJjb2duaXRvOmdyb3VwcyI6WyJmaW5hbmNpZXJvIl0sImVtYWlsX3ZlcmlmaWVkIjp0cnVlLCJpc3MiOiJodHRwczovL2NvZ25pdG8taWRwLnVzLWVhc3QtMS5hbWF6b25hd3MuY29tL3VzLWVhc3QtMV9RR2hSTkpOY3MiLCJjb2duaXRvOnVzZXJuYW1lIjoiZmluYW5jaWVyby0wMjQiLCJvcmlnaW5fanRpIjoiZDgyY2Q0ODctMzY0NS00YTVjLTk0MTktZTI1YTc0YTUxZDY0IiwiYXVkIjoiN2VxNWY0NmdtdDRjaGtwYWJncHVwMTdjZTYiLCJldmVudF9pZCI6IjUzYTI1ZDU5LTc0NjAtNDYzOS04MDliLTdmMmU4ZmE4MGFhMyIsInRva2VuX3VzZSI6ImlkIiwiYXV0aF90aW1lIjoxNzc5OTg1NzM0LCJleHAiOjE3Nzk5ODkzMzQsImlhdCI6MTc3OTk4NTczNCwianRpIjoiZTQzYzg2YzktMGJkZS00YjgzLTk4MmMtNmQ5YTM4NGI3NDZkIiwiZW1haWwiOiJmaW5hbmNpZXJvLTAyNEBiaXRlY28uY29tIn0.O8-FRT0vmRGYCFrMHkbBDM2q6v34p51AHnWg55L8hFcnnTBE7Qd8CHlNiznPE1b_P0BDrw5O0Gv5eisl6eJt6nwD0nL__4bQOsjZIYfEf7Gt07rh9LmXylpniovtlCrpJ7-MBn-ZpvaiSX693p81vSJDUTU-nruNvOJZD26w0D-AvKkAP9ffQ_Gr6wAWyhNYv-UFRaMbZm_isSELXB7Vz-mvp3pMoM34XhA3jojray6-rAzPrCP8i1IXmY4FSbUc1yXFjrsUePVOzS6gTU5qRcW0dUcwSeH9nd_1hTbzPkeOmg6JTt0wBQ-3yvQHNKcufmmK_-umzFPQDvqEC34Bkg
financiero-025,financiero,6,2026,2,eyJraWQiOiJEZ0VqOWg3UkwxeE1mcTV6dm1XcnlhWHdPZTZ3eW9WRDFNMDBVeENYaUUwPSIsImFsZyI6IlJTMjU2In0.eyJzdWIiOiJlNGQ4MTQwOC00MDgxLTcwZDAtN2VhYy1kMDUwYzE4ZTgxNTkiLCJjb2duaXRvOmdyb3VwcyI6WyJmaW5hbmNpZXJvIl0sImVtYWlsX3ZlcmlmaWVkIjp0cnVlLCJpc3MiOiJodHRwczovL2NvZ25pdG8taWRwLnVzLWVhc3QtMS5hbWF6b25hd3MuY29tL3VzLWVhc3QtMV9RR2hSTkpOY3MiLCJjb2duaXRvOnVzZXJuYW1lIjoiZmluYW5jaWVyby0wMjUiLCJvcmlnaW5fanRpIjoiMjcwNzIyYzYtYjk1ZS00MzY0LWIyMDEtNWNhNGVlZTRiMzUyIiwiYXVkIjoiN2VxNWY0NmdtdDRjaGtwYWJncHVwMTdjZTYiLCJldmVudF9pZCI6ImRlMmU0MDNlLTUwY2YtNDE4Ny1iNWQ4LTk4ZjhhNDA1OGI2NSIsInRva2VuX3VzZSI6ImlkIiwiYXV0aF90aW1lIjoxNzc5OTg1NzM0LCJleHAiOjE3Nzk5ODkzMzQsImlhdCI6MTc3OTk4NTczNCwianRpIjoiZjc5OGYxODAtZDBmNy00ZWUyLTgzYzEtNzVjZGQ5NWYwZDljIiwiZW1haWwiOiJmaW5hbmNpZXJvLTAyNUBiaXRlY28uY29tIn0.zhdDa_zDHRaexMi8dN0wLjzmfLbgIZUWSL5BzGOSImiA8nEC3SP0l-DuOi7i-14wJucRyBM-oUKM5dYKZKER-JaYEMYV2Jyb51gRMk1G4kUHWlPYknAR7VU1eAHb1TJuchPnt6CHNOgUlf4XDTV95ge24vZI_UMju7A58eWEtT0VSXpRgYSkLdOGK_AEQoBnor3BU6aVRkjSZG6Aoun2Jmj_S4ZBMOsE6reqOiydFvSaliyTfOVu8dglpEqGHBwjtdEJkMhFLgQkULJefunRBIcS12Va2km3gT71CjDmsCnlekoe5thbuSrZK_kN3Uu_6C9V1wJ5oqIZHupKxlG5Fw
financiero-026,financiero,7,2026,3,eyJraWQiOiJEZ0VqOWg3UkwxeE1mcTV6dm1XcnlhWHdPZTZ3eW9WRDFNMDBVeENYaUUwPSIsImFsZyI6IlJTMjU2In0.eyJzdWIiOiI3NGU4NjQyOC1hMDQxLTcwMzAtNzQ4Ni0wNDc4ZTEzOGE2YWYiLCJjb2duaXRvOmdyb3VwcyI6WyJmaW5hbmNpZXJvIl0sImVtYWlsX3ZlcmlmaWVkIjp0cnVlLCJpc3MiOiJodHRwczovL2NvZ25pdG8taWRwLnVzLWVhc3QtMS5hbWF6b25hd3MuY29tL3VzLWVhc3QtMV9RR2hSTkpOY3MiLCJjb2duaXRvOnVzZXJuYW1lIjoiZmluYW5jaWVyby0wMjYiLCJvcmlnaW5fanRpIjoiMjcxZjY0YTAtMjI5Mi00NDZmLWJjYzgtYzAzNTA0ZjBhYWM2IiwiYXVkIjoiN2VxNWY0NmdtdDRjaGtwYWJncHVwMTdjZTYiLCJldmVudF9pZCI6IjY3NDdlNTNjLTg3MGUtNGU3ZC05M2M0LTYxYjM0MWJjMWI3ZiIsInRva2VuX3VzZSI6ImlkIiwiYXV0aF90aW1lIjoxNzc5OTg1NzM0LCJleHAiOjE3Nzk5ODkzMzQsImlhdCI6MTc3OTk4NTczNCwianRpIjoiMzE2MWZmNTYtYjgzMy00ZWU0LTkzYWQtMTM4YWY5MTg3N2M2IiwiZW1haWwiOiJmaW5hbmNpZXJvLTAyNkBiaXRlY28uY29tIn0.ZYmjikpmK-kMbi7FsZ-vN5MaKt_w5o_nLQ3xxjPgAdmNsnyHnEBCHMH8lRr6apxPs-twfz_fholPLUW2lDaEHkIZHY_NhPeahhw8rRKN9dSpSHr1bi4zxTOFloQ1T3VdFQn7KKObj3jZht798iJztYhu7QHofMfm2HbN2Stl4m9TVQHsOISGDPSd7MnkF8-jPWvP9F30TgHN_aDk4cTO5jpQR2CbPTVOuRjujJ13CA6BLpcZDRk2O3TBrXp7b4ZP35kbKgukFBaerOohpaqWmKIycdjQ3XWz8sznYC6mzdTjcwVmN6Mai0ZQvLCCA6NbGDz6lyJ79WHs6MOKiE_57g
financiero-027,financiero,8,2026,4,eyJraWQiOiJEZ0VqOWg3UkwxeE1mcTV6dm1XcnlhWHdPZTZ3eW9WRDFNMDBVeENYaUUwPSIsImFsZyI6IlJTMjU2In0.eyJzdWIiOiI1NDU4NzQzOC1kMDExLTcwZDctMzMyZC02MzNhYjUwNzliN2EiLCJjb2duaXRvOmdyb3VwcyI6WyJmaW5hbmNpZXJvIl0sImVtYWlsX3ZlcmlmaWVkIjp0cnVlLCJpc3MiOiJodHRwczovL2NvZ25pdG8taWRwLnVzLWVhc3QtMS5hbWF6b25hd3MuY29tL3VzLWVhc3QtMV9RR2hSTkpOY3MiLCJjb2duaXRvOnVzZXJuYW1lIjoiZmluYW5jaWVyby0wMjciLCJvcmlnaW5fanRpIjoiOTU4ZmQ1MzQtYzQ2NC00Yjg0LWI4NGItYTQ5Y2EwZDM4ZDBkIiwiYXVkIjoiN2VxNWY0NmdtdDRjaGtwYWJncHVwMTdjZTYiLCJldmVudF9pZCI6IjdjYjU5YmE5LTc0MWItNGNkNy1iNjJhLTM3ZmVjNTM4YzVjNyIsInRva2VuX3VzZSI6ImlkIiwiYXV0aF90aW1lIjoxNzc5OTg1NzM1LCJleHAiOjE3Nzk5ODkzMzUsImlhdCI6MTc3OTk4NTczNSwianRpIjoiMzBmZmY0ZDQtNGI3Ni00MmU3LWI0ODYtMTJhNDQxNGY5M2YzIiwiZW1haWwiOiJmaW5hbmNpZXJvLTAyN0BiaXRlY28uY29tIn0.fM3zeuv80yYhoaiJy9zKuwsYC3Ioms5ChOEEnSuwu182KwY22uo7UhWRF0TOQuKeuoPF1hZFM90mZpTlGOBr15-pZ8YA35YhwOihHx_Bntz7p12UyFaQgJlPeRhXhDrF2FbszhoSqvR6bA21LSBDt9l0MBknEIDNddLN1Sqtm5mEYqxRIZsz1zPSjnfrzwfwBWP-mgIbMh3XsJeR8GZ0_tNi4UXOUnO1AwiH6n4e9ohiJGM1xKVYRY-NtF1vVLsBN15hFq6ypo9cGXY90ujeAyShyz6XQrjT-YXbA-ZLgQNXJQ4G7nEvCe-Otkz3RM8oTFmQOwri5tCUWLEkcjdsJw
financiero-028,financiero,9,2026,1,eyJraWQiOiJEZ0VqOWg3UkwxeE1mcTV6dm1XcnlhWHdPZTZ3eW9WRDFNMDBVeENYaUUwPSIsImFsZyI6IlJTMjU2In0.eyJzdWIiOiJmNGU4ZjQwOC1kMGExLTcwY2ItY2NmZC0wOWRiODQ2YmFlYzciLCJjb2duaXRvOmdyb3VwcyI6WyJmaW5hbmNpZXJvIl0sImVtYWlsX3ZlcmlmaWVkIjp0cnVlLCJpc3MiOiJodHRwczovL2NvZ25pdG8taWRwLnVzLWVhc3QtMS5hbWF6b25hd3MuY29tL3VzLWVhc3QtMV9RR2hSTkpOY3MiLCJjb2duaXRvOnVzZXJuYW1lIjoiZmluYW5jaWVyby0wMjgiLCJvcmlnaW5fanRpIjoiOTRiNjI3MTctZjBlNS00YjYyLTg2NDItMjdkZWYwZjIyYzQ3IiwiYXVkIjoiN2VxNWY0NmdtdDRjaGtwYWJncHVwMTdjZTYiLCJldmVudF9pZCI6IjFjNmI2YTNiLWNkOWQtNDJiZi05ZDgxLTc5MzQ0MGJmMzk5ZSIsInRva2VuX3VzZSI6ImlkIiwiYXV0aF90aW1lIjoxNzc5OTg1NzM1LCJleHAiOjE3Nzk5ODkzMzUsImlhdCI6MTc3OTk4NTczNSwianRpIjoiYTEzNDJjNTctMWYzMC00YmY2LTliMDgtOGU2NmNiM2YyYzJiIiwiZW1haWwiOiJmaW5hbmNpZXJvLTAyOEBiaXRlY28uY29tIn0.mz7wP0C0ekmxZuCTf_io6m-6wkvs4t39WFrDgR7ojP3BWz2XIX_NMjp82QKtvNflBy0xPd8utrfKlwpZOtwPAFZ4bT8-EK96l-BxP6BxEj2Ru5myWzAtinDXUcrOZJClont7z4A2jz-o4TzL7UO1oEv-TLrCA2NjAtJZ8goVEWJm8LwoHGXc7TmeM91JdZrU3t_GeaEkxGeidPtl2_xAflaEwgohgSCELJi0TsiNXpzT4qhjPm2u0cK1X-98XnuGj3l-aJK4pIYKVyWYRnxEPjFzp9WNIyp1p3HZOa9FDMD2ylyHLDEJIsuqibGSHkJfzJAVDDSVOT7XnOS6HsPqxg
financiero-029,financiero,10,2026,2,eyJraWQiOiJEZ0VqOWg3UkwxeE1mcTV6dm1XcnlhWHdPZTZ3eW9WRDFNMDBVeENYaUUwPSIsImFsZyI6IlJTMjU2In0.eyJzdWIiOiI1NDc4MDQ1OC1lMDExLTcwNmEtYzEzYS05OWU3ZmFiNmM2YzkiLCJjb2duaXRvOmdyb3VwcyI6WyJmaW5hbmNpZXJvIl0sImVtYWlsX3ZlcmlmaWVkIjp0cnVlLCJpc3MiOiJodHRwczovL2NvZ25pdG8taWRwLnVzLWVhc3QtMS5hbWF6b25hd3MuY29tL3VzLWVhc3QtMV9RR2hSTkpOY3MiLCJjb2duaXRvOnVzZXJuYW1lIjoiZmluYW5jaWVyby0wMjkiLCJvcmlnaW5fanRpIjoiNDk4MjE3ZDctN2RlOS00Yzg4LThjZjgtMTAxYzlmNzUwZGM0IiwiYXVkIjoiN2VxNWY0NmdtdDRjaGtwYWJncHVwMTdjZTYiLCJldmVudF9pZCI6Ijg0MzViMDlmLTMxYzYtNDViZS04ZWYyLWM4MTQ1OTk4ZDRkOSIsInRva2VuX3VzZSI6ImlkIiwiYXV0aF90aW1lIjoxNzc5OTg1NzM1LCJleHAiOjE3Nzk5ODkzMzUsImlhdCI6MTc3OTk4NTczNSwianRpIjoiNjU3MWYxNTktYWQzZi00MDIxLWFlMTUtODVlOGU0MDA1NWE2IiwiZW1haWwiOiJmaW5hbmNpZXJvLTAyOUBiaXRlY28uY29tIn0.j0ILdgDRR8wI6NUoRIaLS95o_CJb4h2ZlvhM3rR4tKq6T_ZxhqUeK3UQT16tqcGglwqh_15NqNETenhjkM_amVkhm-XPpbRMVUTMxW9-emfFVoJrxvEBiMIx1tLhEXa-iTcqGvAXdh3Wd1o2ka9D3IQSQfi0NE90lUdy-3rNstc6Nd7i_go2UXN6cYGX8IVC4vGj_GDGy_vwMwMAc92PUiYiSv-5CfE4tkjNURo4bP_Gq5wlLjCHqUEsn4hdhdACeVejh_rnWiQfPQBuwdyaTVPY7jFB1rmJDK6IouSjJk6raJeIffRvf3ViZpgemlE7RNJlKf_EgEa8HBta2lKM-Q
financiero-030,financiero,1,2026,3,eyJraWQiOiJEZ0VqOWg3UkwxeE1mcTV6dm1XcnlhWHdPZTZ3eW9WRDFNMDBVeENYaUUwPSIsImFsZyI6IlJTMjU2In0.eyJzdWIiOiI2NGM4YjQyOC0xMDIxLTcwMTEtMWY4ZS01YjBkNDQ5ODA1MDIiLCJjb2duaXRvOmdyb3VwcyI6WyJmaW5hbmNpZXJvIl0sImVtYWlsX3ZlcmlmaWVkIjp0cnVlLCJpc3MiOiJodHRwczovL2NvZ25pdG8taWRwLnVzLWVhc3QtMS5hbWF6b25hd3MuY29tL3VzLWVhc3QtMV9RR2hSTkpOY3MiLCJjb2duaXRvOnVzZXJuYW1lIjoiZmluYW5jaWVyby0wMzAiLCJvcmlnaW5fanRpIjoiOTVmM2NjMGItY2U1MS00NDk0LWI5MGUtZDFmMTFmNWIwYmJmIiwiYXVkIjoiN2VxNWY0NmdtdDRjaGtwYWJncHVwMTdjZTYiLCJldmVudF9pZCI6ImU3ZmMyNjU4LWFjNmItNDEyYi04ZmVhLWZjODMxYjljNjA3MyIsInRva2VuX3VzZSI6ImlkIiwiYXV0aF90aW1lIjoxNzc5OTg1NzM1LCJleHAiOjE3Nzk5ODkzMzUsImlhdCI6MTc3OTk4NTczNSwianRpIjoiM2NkZDBkOTktNjk0Zi00ZGI0LTg4YzktM2Y0NDc3ZmU2YmY5IiwiZW1haWwiOiJmaW5hbmNpZXJvLTAzMEBiaXRlY28uY29tIn0.5jo3ZMqUPQOQWe5FcqmzVKcWRKyk5-jiHJp7ANxQWnDdQyLkeHKsCQt12NMxJtbE9Tw_HeA_SWTp3l1XAqGbn2ELkNdU1bfMvBC3nhk2cxwV-HTDnBF6ZI8JX6GJt72V8BW2sy0slQ8a8S-AELxDzbJu-C76BdYiLl8aP0PYOUmEKKu2DVdgRJvC6FtrNttUdJyaiS29HRwuOCGSqmvlDaRglLtIM6cQfjonIV9VY39CaV4ZvWOpbHT9y56W1owhjj4vDVphGTf_ikNmszJp1jkoSL_CzjRX7tdzjPekonYJSbF_HzpfpCy1PINAMwwezoWk-xV6KugOfompdhnpTg
financiero-031,financiero,2,2026,4,eyJraWQiOiJEZ0VqOWg3UkwxeE1mcTV6dm1XcnlhWHdPZTZ3eW9WRDFNMDBVeENYaUUwPSIsImFsZyI6IlJTMjU2In0.eyJzdWIiOiIwNDY4YjQwOC0zMGYxLTcwNjktZTc4ZS0zMWI4ZGU0NTViZjgiLCJjb2duaXRvOmdyb3VwcyI6WyJmaW5hbmNpZXJvIl0sImVtYWlsX3ZlcmlmaWVkIjp0cnVlLCJpc3MiOiJodHRwczovL2NvZ25pdG8taWRwLnVzLWVhc3QtMS5hbWF6b25hd3MuY29tL3VzLWVhc3QtMV9RR2hSTkpOY3MiLCJjb2duaXRvOnVzZXJuYW1lIjoiZmluYW5jaWVyby0wMzEiLCJvcmlnaW5fanRpIjoiY2IyMmIwZTUtOTdkZi00YzEyLTkyNWQtYjYxOGU4Y2U1NDVkIiwiYXVkIjoiN2VxNWY0NmdtdDRjaGtwYWJncHVwMTdjZTYiLCJldmVudF9pZCI6Ijc3YzVmMjk5LWEwODAtNDc4OS1hNTVhLTI5ZjM2MzU1NWI2ZiIsInRva2VuX3VzZSI6ImlkIiwiYXV0aF90aW1lIjoxNzc5OTg1NzM2LCJleHAiOjE3Nzk5ODkzMzYsImlhdCI6MTc3OTk4NTczNiwianRpIjoiNTE1NDcyNjAtNTgyOS00YzU3LTkwY2ItNDA3ZmU4YTJlNWYwIiwiZW1haWwiOiJmaW5hbmNpZXJvLTAzMUBiaXRlY28uY29tIn0.scLM755F8XdLx4jdlyo9MlT8eDo8vn9CLRzpBgZCMTv1qMQu25PRkF6QGgHeZ8JmpssxRENaDgseHpIfcHLLzrqb-cynLtN2ANX21rnXQC7ntOZZzfkFulmAl3iFvj8cFq50MU6Q6gcsPjHMEaSYqs8ESkvC_I5X2aEsw5ZYDpko5f5QSyKz5v8ezRPfXGBMxdaG3_fMoC-eKQlU9qb3_2px9-mQQq5KHITPtdL-XgKjRL_al_wsOfUQf-Omm4R6CVAdZKmRW_jRsjga-20nrhxyuSvgpEkRnWX_VXUkaakE0UwkX7oHEyF6qak_9_UIdZlLErnjM0pC_XeTb5Ll7g
financiero-032,financiero,3,2026,1,eyJraWQiOiJEZ0VqOWg3UkwxeE1mcTV6dm1XcnlhWHdPZTZ3eW9WRDFNMDBVeENYaUUwPSIsImFsZyI6IlJTMjU2In0.eyJzdWIiOiJiNDg4NDRjOC1hMGIxLTcwMzYtN2QwMC0wN2NkMzVlZjE5NWMiLCJjb2duaXRvOmdyb3VwcyI6WyJmaW5hbmNpZXJvIl0sImVtYWlsX3ZlcmlmaWVkIjp0cnVlLCJpc3MiOiJodHRwczovL2NvZ25pdG8taWRwLnVzLWVhc3QtMS5hbWF6b25hd3MuY29tL3VzLWVhc3QtMV9RR2hSTkpOY3MiLCJjb2duaXRvOnVzZXJuYW1lIjoiZmluYW5jaWVyby0wMzIiLCJvcmlnaW5fanRpIjoiN2Y0N2FiYTYtY2Q1NC00OTc3LTk4NGMtNTk1YWI4NTlhNDkyIiwiYXVkIjoiN2VxNWY0NmdtdDRjaGtwYWJncHVwMTdjZTYiLCJldmVudF9pZCI6IjQ3YmMwOTJjLWYwYzUtNDIzNy05ODQ1LWU3ZDE1N2JjYmE1NiIsInRva2VuX3VzZSI6ImlkIiwiYXV0aF90aW1lIjoxNzc5OTg1NzM2LCJleHAiOjE3Nzk5ODkzMzYsImlhdCI6MTc3OTk4NTczNiwianRpIjoiNTNiYmZhMTMtZjI4MC00MWE2LWEzMmItZDY4NTZiZWQ4Zjc5IiwiZW1haWwiOiJmaW5hbmNpZXJvLTAzMkBiaXRlY28uY29tIn0.P93w9kf2_FHRTtHIW7dRuUuKmApIAjQF9fAtrksxfrDf-INfOHN1S2NNic-OIb9jvV9ZastVmvxFrMmSl-tuEeLHXpt9dboOGaKpP7GYVHhzUQBSEnF6lf3FRSkPdCsuDeH4RsLv3cz1-z0Q9P4Q1TrfIzG1AIlg4LJYuXKWsY_8zDjPWxISUwMO2glxbY28UjXkQiHZ6Gs10JPaMhHc7z8ES1F6D5hoGZrqYQr91jjCroNRVuJTk5Pa9LGu8JtrVGn6rMMczudJ0O8A0T3XM92F6vG3XJgfWmlILs4frQ2QSBsBPZmLkM7Qj9Dhx0uzDwkmtRnnP_Ds7nTnBe-YBw
financiero-033,financiero,4,2026,2,eyJraWQiOiJEZ0VqOWg3UkwxeE1mcTV6dm1XcnlhWHdPZTZ3eW9WRDFNMDBVeENYaUUwPSIsImFsZyI6IlJTMjU2In0.eyJzdWIiOiIzNGI4OTQxOC0xMDUxLTcwYzctNjMyNy0zMzc3ZmIxNjE0YmIiLCJjb2duaXRvOmdyb3VwcyI6WyJmaW5hbmNpZXJvIl0sImVtYWlsX3ZlcmlmaWVkIjp0cnVlLCJpc3MiOiJodHRwczovL2NvZ25pdG8taWRwLnVzLWVhc3QtMS5hbWF6b25hd3MuY29tL3VzLWVhc3QtMV9RR2hSTkpOY3MiLCJjb2duaXRvOnVzZXJuYW1lIjoiZmluYW5jaWVyby0wMzMiLCJvcmlnaW5fanRpIjoiNWU3ZDU1OWUtNTA3My00NDk1LWE3MWQtYjYwMjczMDg0ODdkIiwiYXVkIjoiN2VxNWY0NmdtdDRjaGtwYWJncHVwMTdjZTYiLCJldmVudF9pZCI6IjlmYjU1N2FmLTQxZTMtNGI1ZC1iNmRhLTI5NzQzOTI1ZWFlZCIsInRva2VuX3VzZSI6ImlkIiwiYXV0aF90aW1lIjoxNzc5OTg1NzM2LCJleHAiOjE3Nzk5ODkzMzYsImlhdCI6MTc3OTk4NTczNiwianRpIjoiMTQwMjQzZDAtZjQ4ZC00ZDI0LThiYTItYzQ1Yjc4YzM4YTUxIiwiZW1haWwiOiJmaW5hbmNpZXJvLTAzM0BiaXRlY28uY29tIn0.CETD0PZYOIL90aUbaJ9ockRKiI2dz_zhONdl3Q3vXDc4Ucg4VkwyBVsvWJWw4ex0oOKgEh0tYdvDANq07nRKACRoF8X_5LWwlwxzIO4DBNGIXcxs8Wesk2ngz3uj64r76IE1MQJoY5Uz4BEOWY-bJLrem9KQVttu2R9wok6eebVw7F8n14gBUk-th1QjHj237R-Hgq11N8N2JvhgBmy7l9JiRWZ1sNIekLIF-5Vgl7KS4GJa6V3lIogAEM473BmumANhYjGOHv0cOnzRFAJYC5aaoppXXeRhiYbWN9TtAcBz4m3K9CAFUG1jqVkkYQwYnY3b501bDCLa9PSjcbW4YQ
financiero-034,financiero,5,2026,3,eyJraWQiOiJEZ0VqOWg3UkwxeE1mcTV6dm1XcnlhWHdPZTZ3eW9WRDFNMDBVeENYaUUwPSIsImFsZyI6IlJTMjU2In0.eyJzdWIiOiI1NGE4YjQ0OC03MDYxLTcwYzgtZDk2ZC0xODZmZjk3ZjBjYTYiLCJjb2duaXRvOmdyb3VwcyI6WyJmaW5hbmNpZXJvIl0sImVtYWlsX3ZlcmlmaWVkIjp0cnVlLCJpc3MiOiJodHRwczovL2NvZ25pdG8taWRwLnVzLWVhc3QtMS5hbWF6b25hd3MuY29tL3VzLWVhc3QtMV9RR2hSTkpOY3MiLCJjb2duaXRvOnVzZXJuYW1lIjoiZmluYW5jaWVyby0wMzQiLCJvcmlnaW5fanRpIjoiMWZjY2I5ZGUtNDM2My00ZDBlLThiNTctN2VkNjlhZjliZDg2IiwiYXVkIjoiN2VxNWY0NmdtdDRjaGtwYWJncHVwMTdjZTYiLCJldmVudF9pZCI6IjgwOWMxYzA0LTVkYTctNGRiMS04MjA2LTg0ODFkOGQzZWZkNyIsInRva2VuX3VzZSI6ImlkIiwiYXV0aF90aW1lIjoxNzc5OTg1NzM2LCJleHAiOjE3Nzk5ODkzMzYsImlhdCI6MTc3OTk4NTczNywianRpIjoiZjljMzNjOTQtZDVjYy00NTJlLTg3MTgtNWMyMTU1YWY4OWZjIiwiZW1haWwiOiJmaW5hbmNpZXJvLTAzNEBiaXRlY28uY29tIn0.xaRJSq90wNcXUBU5jUiDTLblAaifQ30uDScN5DN0Okx94I_Q4GEnMqugNSAWJrkeOm0UtwHl-FqzhG-orFu9OsZH-L_AlEq1tOQRj0tA3u2s0q-674LKuTle6O3Nfyu_uSys7j512Ir1uW26JRrRNiUK_cW531QDtdnAjHPKXjJqQhYUewh8kghXmttF5m3nxcFf8IuU_2dADVuM4BrE4H6m9WHDT6VxWaPi6vZFuu7BrHzrNL69vJFNfShHj2yXaIN8ifQhA0HIoeJIJmDCET2ivYrFnBHP86KLLDa6HKOYycSxcH58q0jKCmyQwtklpp81bawD_lKz3cFK8QRrmg
financiero-035,financiero,6,2026,4,eyJraWQiOiJEZ0VqOWg3UkwxeE1mcTV6dm1XcnlhWHdPZTZ3eW9WRDFNMDBVeENYaUUwPSIsImFsZyI6IlJTMjU2In0.eyJzdWIiOiI3NDA4NzRhOC0zMDUxLTcwNjgtMmE2Ni02OGExZWMxYTczZmUiLCJjb2duaXRvOmdyb3VwcyI6WyJmaW5hbmNpZXJvIl0sImVtYWlsX3ZlcmlmaWVkIjp0cnVlLCJpc3MiOiJodHRwczovL2NvZ25pdG8taWRwLnVzLWVhc3QtMS5hbWF6b25hd3MuY29tL3VzLWVhc3QtMV9RR2hSTkpOY3MiLCJjb2duaXRvOnVzZXJuYW1lIjoiZmluYW5jaWVyby0wMzUiLCJvcmlnaW5fanRpIjoiODhmNGZjMzMtYmE1ZS00NjA5LWE5YTgtNDZjYjYyMmZmMDhiIiwiYXVkIjoiN2VxNWY0NmdtdDRjaGtwYWJncHVwMTdjZTYiLCJldmVudF9pZCI6IjEwM2U3MjQyLTQ3MDgtNDRkNi1hNjgwLWM5YTk2MmU2NGFhZCIsInRva2VuX3VzZSI6ImlkIiwiYXV0aF90aW1lIjoxNzc5OTg1NzM3LCJleHAiOjE3Nzk5ODkzMzcsImlhdCI6MTc3OTk4NTczNywianRpIjoiMzExOGExZDMtZGFjMS00YjdkLWFkODktNzczNjc0OWZlODI1IiwiZW1haWwiOiJmaW5hbmNpZXJvLTAzNUBiaXRlY28uY29tIn0.o4wN5HxJnvEa2zCGZ9ujaW55cDbPB0d3mpGE_bk2wRC4QOd6mGNYzEK81COKqN66n9V33eqaSlF53nl7gzws0LXAErCiQb2dDPNSt4UWftWpEq3wOnUxdfIHjdmY4Ofxvu84DiZwBcu6FUtGrhQebaZsW1H4yqikElodZwd7boMnIPyjtNOjOxR5od-fewvHmmY6e2Nebdw4SRlE42SnxaRud0g6fcR_kR15iZIhaPhJiXukdGG5MDd9SC6W7Tai9yhGAPiXwl6FksrsgUuwWEbra4_V-fUR9lnQGCxBITRFNn9nOHubNYtM4WBCps4iwyuBVBGYlcTR-kwLIohvBQ
financiero-036,financiero,7,2026,1,eyJraWQiOiJEZ0VqOWg3UkwxeE1mcTV6dm1XcnlhWHdPZTZ3eW9WRDFNMDBVeENYaUUwPSIsImFsZyI6IlJTMjU2In0.eyJzdWIiOiJlNDU4MjQ4OC02MDcxLTcwNTItYzBjNS0yMjM3ZGQ3Mzg3NDciLCJjb2duaXRvOmdyb3VwcyI6WyJmaW5hbmNpZXJvIl0sImVtYWlsX3ZlcmlmaWVkIjp0cnVlLCJpc3MiOiJodHRwczovL2NvZ25pdG8taWRwLnVzLWVhc3QtMS5hbWF6b25hd3MuY29tL3VzLWVhc3QtMV9RR2hSTkpOY3MiLCJjb2duaXRvOnVzZXJuYW1lIjoiZmluYW5jaWVyby0wMzYiLCJvcmlnaW5fanRpIjoiYTViOTkyY2EtN2NiYy00M2MyLWExMjMtNjg4MmE4MzEwZjBkIiwiYXVkIjoiN2VxNWY0NmdtdDRjaGtwYWJncHVwMTdjZTYiLCJldmVudF9pZCI6ImRjZDcxOTdhLTE4MzQtNGM4MC1hOTEzLTU2M2Y5ZTQ0ZjI4MSIsInRva2VuX3VzZSI6ImlkIiwiYXV0aF90aW1lIjoxNzc5OTg1NzM3LCJleHAiOjE3Nzk5ODkzMzcsImlhdCI6MTc3OTk4NTczNywianRpIjoiMTQ3MjY0MzgtN2E3MS00NGRlLTlkMjktNmQ2NTY2YjM4NmIyIiwiZW1haWwiOiJmaW5hbmNpZXJvLTAzNkBiaXRlY28uY29tIn0.bOXw9LNrAjFDgVhAXFnKcUpUwbfJr2bAJno-6AdL7nM2rsDuBHJiZRpogbjfpV204WLzfz2tOzRjXLedlYOL8KShdQSpQDtpAVh85vtuBMQbSVk9QyLZF3Ufac1q0l5GDifAS_4DAcRJyo9PLc2eCgt7GUHxEYz60pl5bHmixoGayLcSQSOgYZOqJS9L0TOotK6CdAit3oSoZ-ph0Po-TyOrHmeJQANb9AVPdCV_mO-Hl4aLVhSo1QvXa2pd6JsdWjvWKmW2SCNAEUrFnKOhlat4OULUaQtmhM-79IgxHSfpVZ5TzUlYvKAxYmG3IYWf5iVBlvq0Kyz9yBaC6PSNtw
financiero-037,financiero,8,2026,2,eyJraWQiOiJEZ0VqOWg3UkwxeE1mcTV6dm1XcnlhWHdPZTZ3eW9WRDFNMDBVeENYaUUwPSIsImFsZyI6IlJTMjU2In0.eyJzdWIiOiIyNGI4YTQwOC04MGQxLTcwM2YtYWU3MS03NzUyYjg3ZjcwYmMiLCJjb2duaXRvOmdyb3VwcyI6WyJmaW5hbmNpZXJvIl0sImVtYWlsX3ZlcmlmaWVkIjp0cnVlLCJpc3MiOiJodHRwczovL2NvZ25pdG8taWRwLnVzLWVhc3QtMS5hbWF6b25hd3MuY29tL3VzLWVhc3QtMV9RR2hSTkpOY3MiLCJjb2duaXRvOnVzZXJuYW1lIjoiZmluYW5jaWVyby0wMzciLCJvcmlnaW5fanRpIjoiYTZiY2ZkMjUtNTdmYS00YzY3LWExNzctZWJjZGViN2YyOTE0IiwiYXVkIjoiN2VxNWY0NmdtdDRjaGtwYWJncHVwMTdjZTYiLCJldmVudF9pZCI6ImY5M2M2MTRmLWM4ZDgtNDVmMi1iYmRjLTEzOTFjZTZkYzY4YiIsInRva2VuX3VzZSI6ImlkIiwiYXV0aF90aW1lIjoxNzc5OTg1NzM3LCJleHAiOjE3Nzk5ODkzMzcsImlhdCI6MTc3OTk4NTczNywianRpIjoiMWRhOGY4NTUtODVkYy00ZjZiLTkyYWQtMjM5ZjU3ZDdmM2I3IiwiZW1haWwiOiJmaW5hbmNpZXJvLTAzN0BiaXRlY28uY29tIn0.inA4Hp4P4iZ9gAzZb-rb1Ax_M8S3h0dMmQk_BLLm7stH34VnTmKWnfz5AxNs9FRWDLdvtElQHZ7DyoaAGb3Ef8zAkHGO4SBn4OSsXWSruyCB-JN6cJU45x5WpZ12bnYZWs1aL5ABGrUWq3MPpbuee9cKbVOPNzqlKXGU3wrGArT_nkYepOcsQ1OKKh7Wqd8XQnHuR7QKLBihkqe_IdsIO9H3tRtYrawU9xIWKzz3lT3FcJiE0OpouP-CTyMeADazMARxcqv_HefblcsqfPfUigt4avBYawqVwTiSgSZ4qIK-ffcM0DW7fSwseDphoztHDxq-gglSmQ9jgonsdopvxg
financiero-038,financiero,9,2026,3,eyJraWQiOiJEZ0VqOWg3UkwxeE1mcTV6dm1XcnlhWHdPZTZ3eW9WRDFNMDBVeENYaUUwPSIsImFsZyI6IlJTMjU2In0.eyJzdWIiOiJjNGI4YzQ4OC1kMDUxLTcwODgtMmVjMy1jMGM5ZGYyNDQ4NTYiLCJjb2duaXRvOmdyb3VwcyI6WyJmaW5hbmNpZXJvIl0sImVtYWlsX3ZlcmlmaWVkIjp0cnVlLCJpc3MiOiJodHRwczovL2NvZ25pdG8taWRwLnVzLWVhc3QtMS5hbWF6b25hd3MuY29tL3VzLWVhc3QtMV9RR2hSTkpOY3MiLCJjb2duaXRvOnVzZXJuYW1lIjoiZmluYW5jaWVyby0wMzgiLCJvcmlnaW5fanRpIjoiMGQ2OGUzZmMtNTcxMi00YzEzLTg0OGUtNThmNjQ2ZDkyZTdhIiwiYXVkIjoiN2VxNWY0NmdtdDRjaGtwYWJncHVwMTdjZTYiLCJldmVudF9pZCI6IjVhYThlYjIzLWUxZjktNGQzZi04ZGJlLTcxZWY1YmMwZThlZCIsInRva2VuX3VzZSI6ImlkIiwiYXV0aF90aW1lIjoxNzc5OTg1NzM4LCJleHAiOjE3Nzk5ODkzMzgsImlhdCI6MTc3OTk4NTczOCwianRpIjoiNmIyZWY5ZTUtOTRjNS00ZTMzLWI2NDItYWVmYjI4ZDI5NTBhIiwiZW1haWwiOiJmaW5hbmNpZXJvLTAzOEBiaXRlY28uY29tIn0.MaLtKKm6DTwWwqFMhrvqEU5kc4BqF1n2PAL3s-r8huTPkhqAIL1ZGFvQ0XHFQYNyOtsQ7O2oLR_QrzE7D9tHMi0fUg-wOijW_SnqbaaLgh_RKs0MqkfrAipPyJPv3_b0GRqhgs5ehfsYAwhOMo2hyd0A_v5nJoYBKWXdDi1z1xkLqkHHmdFbhhT7I9N6-CumkJBVKe0RTZCXY_ckMdbUW8_dPo9NMRYZnq-G-xhbpMDCAQ6Dy7xQuaM-_WYIFgKFzGMnYtptTrlCgp0ksvacnkDDwwpXc38VcTL_e6rY7Z690kfDsiXIt423a1YOKop449GCUVrnbfC6GorKfAuxaA
financiero-039,financiero,10,2026,4,eyJraWQiOiJEZ0VqOWg3UkwxeE1mcTV6dm1XcnlhWHdPZTZ3eW9WRDFNMDBVeENYaUUwPSIsImFsZyI6IlJTMjU2In0.eyJzdWIiOiJhNDE4YjRmOC05MGMxLTcwOTctMzE4Ni0xZjQ3ZjE0YmI4MmYiLCJjb2duaXRvOmdyb3VwcyI6WyJmaW5hbmNpZXJvIl0sImVtYWlsX3ZlcmlmaWVkIjp0cnVlLCJpc3MiOiJodHRwczovL2NvZ25pdG8taWRwLnVzLWVhc3QtMS5hbWF6b25hd3MuY29tL3VzLWVhc3QtMV9RR2hSTkpOY3MiLCJjb2duaXRvOnVzZXJuYW1lIjoiZmluYW5jaWVyby0wMzkiLCJvcmlnaW5fanRpIjoiMzQzM2RiY2YtMWYzMS00ODI0LWFlMmEtNzVkMGVjZWRmYTAzIiwiYXVkIjoiN2VxNWY0NmdtdDRjaGtwYWJncHVwMTdjZTYiLCJldmVudF9pZCI6ImQ3NDNjODc0LWFmOGQtNDY2My1hZmRiLTI5YzhlNTI5ZGFiMSIsInRva2VuX3VzZSI6ImlkIiwiYXV0aF90aW1lIjoxNzc5OTg1NzM4LCJleHAiOjE3Nzk5ODkzMzgsImlhdCI6MTc3OTk4NTczOCwianRpIjoiNDMyYWIxN2YtNmQ5My00ZmY3LWIzMDMtYWRjNGQ4ODczZTk1IiwiZW1haWwiOiJmaW5hbmNpZXJvLTAzOUBiaXRlY28uY29tIn0.mWaRRhIl1x4sBEGpKmNvaG9t_w-arN_KoCUwm1rv31SNx-khwyjGoNeDym2WfEGjF_giQ7TFMQ-DPic1kq5pyVIQV47qB9x1ckqqv1f8MPpnjGFA17J-q1-usQvNqbbBK58IkTxj2Y_ggiURip-8EmMGKmef-PKMOVJEw6yRfl6FQ2OscmoBcUWOvlf-95d4M8ULfZZ2FyGddYFrPW5a0Zrkcd2JTi1R9CBmhr-6146JQ6UOB8VkMUml78YY7O7IKib_3xyAiegzkZoSQNL5G0G4QZBHA65nhRBl-SaZH2-SuqQuqNgnKnshtlRFMUWGlJdQpWuoribqXnGwVAyz1g
financiero-040,financiero,1,2026,1,eyJraWQiOiJEZ0VqOWg3UkwxeE1mcTV6dm1XcnlhWHdPZTZ3eW9WRDFNMDBVeENYaUUwPSIsImFsZyI6IlJTMjU2In0.eyJzdWIiOiI2NDk4NTQ3OC00MGExLTcwNTgtNzYxNC03NTUzMjk1NzY4MmEiLCJjb2duaXRvOmdyb3VwcyI6WyJmaW5hbmNpZXJvIl0sImVtYWlsX3ZlcmlmaWVkIjp0cnVlLCJpc3MiOiJodHRwczovL2NvZ25pdG8taWRwLnVzLWVhc3QtMS5hbWF6b25hd3MuY29tL3VzLWVhc3QtMV9RR2hSTkpOY3MiLCJjb2duaXRvOnVzZXJuYW1lIjoiZmluYW5jaWVyby0wNDAiLCJvcmlnaW5fanRpIjoiOTIwZDc4MDgtN2NkYS00NmNmLWE3Y2ItNWQ3ZDhkOWM0YjY5IiwiYXVkIjoiN2VxNWY0NmdtdDRjaGtwYWJncHVwMTdjZTYiLCJldmVudF9pZCI6IjEwOWQ2OGEyLTIwMzUtNDVhOC1iM2Y4LTk1MmQwNmYxOTA0ZiIsInRva2VuX3VzZSI6ImlkIiwiYXV0aF90aW1lIjoxNzc5OTg1NzM4LCJleHAiOjE3Nzk5ODkzMzgsImlhdCI6MTc3OTk4NTczOCwianRpIjoiOGJiZjUwNGYtYTViMi00OTAwLWIyOTUtYzBjODNiMzhlMzZmIiwiZW1haWwiOiJmaW5hbmNpZXJvLTA0MEBiaXRlY28uY29tIn0.O2_nHqb39kh-8miF9mLENBDEifkdWDh7hlWMBX0oo7PVBiwpiYST0_spV1XD54dLLKu9VgkvdRRKB98xoKabui0Rpf6sbScRTIEhT6ZXbBE_aw9XfNz6nIItI6eC7rVbg73rI4lcLo5M0JIX8ezuEQrV4NAHtbe-4CcOZ14YoJdC4YrqZMK-tecr8Hp0d6jhT6QzCAKK4gIJ216lOIJjFhSStt0Teo7FjiE7mXr64u0Kd0kkWmjEg1MdjFSkDKd6sBRbvwfSKrQahMjgNzJWT3Q-yvz8Yv6dsohW_z9FTzCaNwhEHKc5EOftsw9zv-lWhWIx5n-5Wx3U8Mcjn5eNSg
financiero-041,financiero,2,2026,2,eyJraWQiOiJEZ0VqOWg3UkwxeE1mcTV6dm1XcnlhWHdPZTZ3eW9WRDFNMDBVeENYaUUwPSIsImFsZyI6IlJTMjU2In0.eyJzdWIiOiJjNGI4ZTQ2OC0wMDIxLTcwMTAtYWMyMC1jY2E3MzRmOTVjMGQiLCJjb2duaXRvOmdyb3VwcyI6WyJmaW5hbmNpZXJvIl0sImVtYWlsX3ZlcmlmaWVkIjp0cnVlLCJpc3MiOiJodHRwczovL2NvZ25pdG8taWRwLnVzLWVhc3QtMS5hbWF6b25hd3MuY29tL3VzLWVhc3QtMV9RR2hSTkpOY3MiLCJjb2duaXRvOnVzZXJuYW1lIjoiZmluYW5jaWVyby0wNDEiLCJvcmlnaW5fanRpIjoiYTFiNTE5NGMtNjUzNS00MmYwLTkzMmUtNThmMDYwMDliOWY4IiwiYXVkIjoiN2VxNWY0NmdtdDRjaGtwYWJncHVwMTdjZTYiLCJldmVudF9pZCI6ImMyNDlmZDVkLWYxMDktNDQ5NS04MmMzLTViNmYxZThhNTNmMSIsInRva2VuX3VzZSI6ImlkIiwiYXV0aF90aW1lIjoxNzc5OTg1NzM4LCJleHAiOjE3Nzk5ODkzMzgsImlhdCI6MTc3OTk4NTczOCwianRpIjoiZGYwZjc3OTYtMzAyNi00NmMxLWEwNGEtZmVhOTIzNzc5MmFhIiwiZW1haWwiOiJmaW5hbmNpZXJvLTA0MUBiaXRlY28uY29tIn0.uiggBtsgFprWltcMe5PNKs_hrFPGVoSJr9HOyDIOKvvbPYajW7WJTnmwMLGZ1lgtAR7tmJxHbpzLq6HkRhDggbCzFGO5w-zhdqDHanh6NmyH8pZ1-teikY5Abj7ca03Q8Le-BL0q6nYttfm5VD6u02KRVGmtCnOCkIlRK9Cf8k4otAJPs5bRLSmxyI1jC4NndCbBLtG3mwf9n_haHrP6OriCpZ5NM1IWRuxxQMAB-00fPtCHcnQ-p8jOhR2muEWj5RqRaTzQubHiO3eJziuQFOC914a5s-jN1P4VWHT02BtAq_enF0UOn6m646LnCYU6KKSwCSbBTE1OpADEFpQ4Rw
financiero-042,financiero,3,2026,3,eyJraWQiOiJEZ0VqOWg3UkwxeE1mcTV6dm1XcnlhWHdPZTZ3eW9WRDFNMDBVeENYaUUwPSIsImFsZyI6IlJTMjU2In0.eyJzdWIiOiI5NDk4NzQ3OC1mMDUxLTcwMjEtMzIwZC01ZjNiOGJmMTFlYWYiLCJjb2duaXRvOmdyb3VwcyI6WyJmaW5hbmNpZXJvIl0sImVtYWlsX3ZlcmlmaWVkIjp0cnVlLCJpc3MiOiJodHRwczovL2NvZ25pdG8taWRwLnVzLWVhc3QtMS5hbWF6b25hd3MuY29tL3VzLWVhc3QtMV9RR2hSTkpOY3MiLCJjb2duaXRvOnVzZXJuYW1lIjoiZmluYW5jaWVyby0wNDIiLCJvcmlnaW5fanRpIjoiNjljZTAxYzItZTA0Ny00ZDUyLWE3MWMtNWVjZTNhODcwMTUxIiwiYXVkIjoiN2VxNWY0NmdtdDRjaGtwYWJncHVwMTdjZTYiLCJldmVudF9pZCI6IjA1ZWY1NDk5LTYxM2YtNGRhOC1hZWYyLWRhZjdmZjAzMjAxZCIsInRva2VuX3VzZSI6ImlkIiwiYXV0aF90aW1lIjoxNzc5OTg1NzM5LCJleHAiOjE3Nzk5ODkzMzksImlhdCI6MTc3OTk4NTczOSwianRpIjoiM2E0NTI5NTEtOGQ5Mi00MzcwLTg5M2ItMzQ0ZmQ2ZGJhYjc1IiwiZW1haWwiOiJmaW5hbmNpZXJvLTA0MkBiaXRlY28uY29tIn0.HEwel_EOVakrrTWhb2cdoPvAdXWESUHtj6JXpA2UcXdUy5wdmR6QaR2TQJf6k0W8lkIcf7fCdo5UW2T05JAcA3mcbtwnFeaxCiqdfFDXXh6IOmATucw7cFUh8Lq3yiyMz0xMr4AQttGyEyE9kXSbRUqeLCNLyXeqRc_8umdcRsn2LOx0UJA853U-5AfNhd2nWD5XbnCwDBk5QETKyUkuON5E-Q2xuwyC6hv-QAYdwadr52Yvqlgrk_B1Ta2Dv3vr8mo7OKOHEoT9Ax9HgtoPBR5EKoJubp_XJA5nDIaKNnCP4Y3B_EpovbjkGMMph4onN8zyK6zL78rj6bGdeXdXMg
financiero-043,financiero,4,2026,4,eyJraWQiOiJEZ0VqOWg3UkwxeE1mcTV6dm1XcnlhWHdPZTZ3eW9WRDFNMDBVeENYaUUwPSIsImFsZyI6IlJTMjU2In0.eyJzdWIiOiI3NDQ4NTRhOC00MDYxLTcwNzUtNDZiNC1jMTI4YzNiZWRmNTgiLCJjb2duaXRvOmdyb3VwcyI6WyJmaW5hbmNpZXJvIl0sImVtYWlsX3ZlcmlmaWVkIjp0cnVlLCJpc3MiOiJodHRwczovL2NvZ25pdG8taWRwLnVzLWVhc3QtMS5hbWF6b25hd3MuY29tL3VzLWVhc3QtMV9RR2hSTkpOY3MiLCJjb2duaXRvOnVzZXJuYW1lIjoiZmluYW5jaWVyby0wNDMiLCJvcmlnaW5fanRpIjoiZTRkOGE0ODQtODY3NC00MDk0LTg5ODctY2U0MzkxZGQ2MTdjIiwiYXVkIjoiN2VxNWY0NmdtdDRjaGtwYWJncHVwMTdjZTYiLCJldmVudF9pZCI6IjZkOTAwMmFkLTFhMTAtNGEzNy1iNzg0LTQwZDI5NjkxNDVkMCIsInRva2VuX3VzZSI6ImlkIiwiYXV0aF90aW1lIjoxNzc5OTg1NzM5LCJleHAiOjE3Nzk5ODkzMzksImlhdCI6MTc3OTk4NTczOSwianRpIjoiZGJhYjA1MDEtMDRmOS00Yzc1LWI5YjItYzNiMmNiOWJiYzZiIiwiZW1haWwiOiJmaW5hbmNpZXJvLTA0M0BiaXRlY28uY29tIn0.x6V-UlYAo4AJcgBylGzAT2dgG4evxwT9s59uYovTsJDbhiAPgdzMc9angYo8yEXNKoIr4f60z9fmrLj_DJyL7rKspf2yIgNsDMMFaKRihyUurjDkNhbOakzxgn4DlmD2fsmGN2g4EaFyj-sksBZ-nsTpgCh1ccoGDRAGDx-Fq5vcqaCxiiqJBbE7-I6ac2qMFLoXGgAlhx0ZwhzCUmmwdzv_KeTpDlQsTtNX_y_YlS_IsdcbV7iXV-AwOsE21ppX03sGRUeWjyYo3G1fGWxvo5qxNgHDhaX1SrIZAauwQtSFzST_42voAcLJuibm2P3gfq6QWcCnE2lJrHVMV88HSA
financiero-044,financiero,5,2026,1,eyJraWQiOiJEZ0VqOWg3UkwxeE1mcTV6dm1XcnlhWHdPZTZ3eW9WRDFNMDBVeENYaUUwPSIsImFsZyI6IlJTMjU2In0.eyJzdWIiOiJjNDI4NTRjOC1jMDgxLTcwZDAtY2VjMS0wNDI3ZjNkODM2NDAiLCJjb2duaXRvOmdyb3VwcyI6WyJmaW5hbmNpZXJvIl0sImVtYWlsX3ZlcmlmaWVkIjp0cnVlLCJpc3MiOiJodHRwczovL2NvZ25pdG8taWRwLnVzLWVhc3QtMS5hbWF6b25hd3MuY29tL3VzLWVhc3QtMV9RR2hSTkpOY3MiLCJjb2duaXRvOnVzZXJuYW1lIjoiZmluYW5jaWVyby0wNDQiLCJvcmlnaW5fanRpIjoiM2U3YzM5YzQtODk2MC00MGNiLWE4Y2QtNTJlYmFmZmJlMmE4IiwiYXVkIjoiN2VxNWY0NmdtdDRjaGtwYWJncHVwMTdjZTYiLCJldmVudF9pZCI6IjA3Yjg2Y2FmLTUxMzgtNGRlOS05M2E0LTMzZDE5MjAzMmFlNiIsInRva2VuX3VzZSI6ImlkIiwiYXV0aF90aW1lIjoxNzc5OTg1NzM5LCJleHAiOjE3Nzk5ODkzMzksImlhdCI6MTc3OTk4NTczOSwianRpIjoiZmYzOGJmYmItYzIzYi00MWQxLWIyODktOTEzZmI5N2E2MmYwIiwiZW1haWwiOiJmaW5hbmNpZXJvLTA0NEBiaXRlY28uY29tIn0.GZ6DEuGP0JI3DbduQKqkvRHWVclTa_Wuci0SHtBuma-Ig5Izd3TCJRfAtNE8eEVvcGL965993KsxaFfa2utLAxwXgw0NDU4iu569tnuBkyKiOuY6eqEURAkijMqfrsurdhXBXx45XpguKS82dlA-VbGonQpMZ6X-zOgxTOkAQPrBTYNYI4rAKJDiPFbu5O6tuYhkZKquGIxl8cmk6aUSnyg8L1BRFPOjwiH1m5w9Tg--YOLqQhEZsFENMG35tC_7RjKRWelp9IXAL32pg6x0iP28rQbkb6f4qb23mwMlKg9xgcYDr_uKB5ARfRu3d9Gm6fXCPYu9_D69pkrUMkFaXQ
financiero-045,financiero,6,2026,2,eyJraWQiOiJEZ0VqOWg3UkwxeE1mcTV6dm1XcnlhWHdPZTZ3eW9WRDFNMDBVeENYaUUwPSIsImFsZyI6IlJTMjU2In0.eyJzdWIiOiIzNGM4YzQ5OC1lMGExLTcwNTUtMDgzMS02OTFmN2QxNDE1YjQiLCJjb2duaXRvOmdyb3VwcyI6WyJmaW5hbmNpZXJvIl0sImVtYWlsX3ZlcmlmaWVkIjp0cnVlLCJpc3MiOiJodHRwczovL2NvZ25pdG8taWRwLnVzLWVhc3QtMS5hbWF6b25hd3MuY29tL3VzLWVhc3QtMV9RR2hSTkpOY3MiLCJjb2duaXRvOnVzZXJuYW1lIjoiZmluYW5jaWVyby0wNDUiLCJvcmlnaW5fanRpIjoiMDY0MjNkMGQtZjQ0Ni00YmE4LWJlYjctZTZlYjQzMjA0OGU5IiwiYXVkIjoiN2VxNWY0NmdtdDRjaGtwYWJncHVwMTdjZTYiLCJldmVudF9pZCI6IjVmMGRiZmY4LTI3Y2EtNDI4Yi05NTNjLWQxYjY1NjMxYTE0NyIsInRva2VuX3VzZSI6ImlkIiwiYXV0aF90aW1lIjoxNzc5OTg1NzM5LCJleHAiOjE3Nzk5ODkzMzksImlhdCI6MTc3OTk4NTczOSwianRpIjoiMmUyMmQyOTYtNTNmNS00NmEyLWI2NzUtNGNjOGI0YjJhMGRjIiwiZW1haWwiOiJmaW5hbmNpZXJvLTA0NUBiaXRlY28uY29tIn0.y_QOU2abl19CJT86k7BbdS8ulSzhUHaqewHBFH3UjABVer4i3Tw56FVXtxeb5kRPuEu3wUWVXfusU3-NCWO7Ofs0Y0Wsphpb8RMSeDLTiijso7G2Wbyv96yFWx1djF8i5BpL9bxU1pmlzOnRve709Et3mu84aayhN1EZZPMouSt2wNfX262dxMkXApOHAkRFdc1zObY9mbg8s9iliOHrR3wC2KNxx3afx2IZx02Nt-dIzgq38h7tXFArpCMm8TJaJ9SRD-Xf9HB1zfvV83ACB31jCeAKXAr0F2SMCjzQhF-1-Ms-Z5FxxkXyPgvoK-5Jy0Rah4QMa2LaZB6jJW5X4Q
financiero-046,financiero,7,2026,3,eyJraWQiOiJEZ0VqOWg3UkwxeE1mcTV6dm1XcnlhWHdPZTZ3eW9WRDFNMDBVeENYaUUwPSIsImFsZyI6IlJTMjU2In0.eyJzdWIiOiIxNDQ4MjQ0OC1hMDMxLTcwZjEtYmEzOC1lYTlmMGU2ZGUyMmEiLCJjb2duaXRvOmdyb3VwcyI6WyJmaW5hbmNpZXJvIl0sImVtYWlsX3ZlcmlmaWVkIjp0cnVlLCJpc3MiOiJodHRwczovL2NvZ25pdG8taWRwLnVzLWVhc3QtMS5hbWF6b25hd3MuY29tL3VzLWVhc3QtMV9RR2hSTkpOY3MiLCJjb2duaXRvOnVzZXJuYW1lIjoiZmluYW5jaWVyby0wNDYiLCJvcmlnaW5fanRpIjoiNDg4MjdhMzMtZGIyYi00MTlmLWJmMzAtMjY1NDg1YWVlZjIyIiwiYXVkIjoiN2VxNWY0NmdtdDRjaGtwYWJncHVwMTdjZTYiLCJldmVudF9pZCI6IjIxMzc2OGFjLTIzMTMtNDM3Ny05ZTdlLWI0ZjBhZjYzOGIwMyIsInRva2VuX3VzZSI6ImlkIiwiYXV0aF90aW1lIjoxNzc5OTg1NzQwLCJleHAiOjE3Nzk5ODkzNDAsImlhdCI6MTc3OTk4NTc0MCwianRpIjoiYTdmMDVhODktMjgxOC00N2Y3LTkwNjItMDQ2MmYyMmZjY2IzIiwiZW1haWwiOiJmaW5hbmNpZXJvLTA0NkBiaXRlY28uY29tIn0.jUCUZC1sW_ZmClwySCwJjn1gDGH9yOZqBtnWifEP3I9815UmUs1Qb02KAPNaS_LdzgVHr9gON4b6RpSxszbuhyBhJ-WfQBSrmyWztLA7XnPf9705-Eu-T69CfvTmKV4K0ucsAG1dZwweVQP697A3HS3OUrU1hSO9UqhWeWoJaCQlJev1WntXOgdjO4fxXuPsLcsal9t_rP34Y5wyWqlzOEpcqfEk8QDGBhpJPbFb4yfFK-jrAqL6vtBSqT0DFBcI_sjpabnng_TTbEbMTYPHZz0QM_SyN9uvnsURjkdaItT2-F-w79wuXj_EEdEsdLycgJ1xcAW67ZtuWSKO42fsUw
financiero-047,financiero,8,2026,4,eyJraWQiOiJEZ0VqOWg3UkwxeE1mcTV6dm1XcnlhWHdPZTZ3eW9WRDFNMDBVeENYaUUwPSIsImFsZyI6IlJTMjU2In0.eyJzdWIiOiIyNDU4ZjQzOC1mMGUxLTcwZDYtMGE2Ni0xZjc4ZWQ0MTUyOTIiLCJjb2duaXRvOmdyb3VwcyI6WyJmaW5hbmNpZXJvIl0sImVtYWlsX3ZlcmlmaWVkIjp0cnVlLCJpc3MiOiJodHRwczovL2NvZ25pdG8taWRwLnVzLWVhc3QtMS5hbWF6b25hd3MuY29tL3VzLWVhc3QtMV9RR2hSTkpOY3MiLCJjb2duaXRvOnVzZXJuYW1lIjoiZmluYW5jaWVyby0wNDciLCJvcmlnaW5fanRpIjoiMzZlYWExYjAtZTBkNi00YjU3LWJiYzMtZDU3MWFlMjg5MzRiIiwiYXVkIjoiN2VxNWY0NmdtdDRjaGtwYWJncHVwMTdjZTYiLCJldmVudF9pZCI6IjNhMDU1NThlLTA1NjktNGIzNC1iNjNhLTU2MjJhMjVjNDJlYiIsInRva2VuX3VzZSI6ImlkIiwiYXV0aF90aW1lIjoxNzc5OTg1NzQwLCJleHAiOjE3Nzk5ODkzNDAsImlhdCI6MTc3OTk4NTc0MCwianRpIjoiZmQ5Njc4OTUtYzY1NS00MjM0LTlhNjEtODVmNDgzMWQ3YTAxIiwiZW1haWwiOiJmaW5hbmNpZXJvLTA0N0BiaXRlY28uY29tIn0.QatYl409GClx1gcdQs2JlL6fa8wXJwjvGlYk2wJC9gK1_RNEauv_vTQObrJ9ta_-pl2xvoTlNVce4xwPBACHJIYrk6RQQFwtNMU1T-WaPyhKpCzjfn4MdHT5ENHqCA64pRQ9QQDDO2Swrtkkc7HWLL0dRM4olwu7nIjTlKae6RVUMv3213MeGQKYHzcQv5qaFPr6yxo-mtCcdepw8a3bGAfnToo3d0yDrKm7OcqtuxnENZ_Bvlg5kQym3qIBriWB6krELfu1c7gUaxcRyxbMRTkk4-SdoxDTMpTQb_usgJwhME4bIe2X0kNDajAZcQCJnFbXhgD8J1gCCUSuHWHeow
financiero-048,financiero,9,2026,1,eyJraWQiOiJEZ0VqOWg3UkwxeE1mcTV6dm1XcnlhWHdPZTZ3eW9WRDFNMDBVeENYaUUwPSIsImFsZyI6IlJTMjU2In0.eyJzdWIiOiIxNDQ4NTRhOC02MGQxLTcwNzMtNjlmMC01MDJhZmUwZGE3NWMiLCJjb2duaXRvOmdyb3VwcyI6WyJmaW5hbmNpZXJvIl0sImVtYWlsX3ZlcmlmaWVkIjp0cnVlLCJpc3MiOiJodHRwczovL2NvZ25pdG8taWRwLnVzLWVhc3QtMS5hbWF6b25hd3MuY29tL3VzLWVhc3QtMV9RR2hSTkpOY3MiLCJjb2duaXRvOnVzZXJuYW1lIjoiZmluYW5jaWVyby0wNDgiLCJvcmlnaW5fanRpIjoiYzZlMzNmZDgtOGFiNC00MWE5LTk0MzMtNTJjMGQyNjljNTJjIiwiYXVkIjoiN2VxNWY0NmdtdDRjaGtwYWJncHVwMTdjZTYiLCJldmVudF9pZCI6ImYzMTkyMzdhLThlODAtNGEwZC04YmE4LWU2MDViMGI0ODlhNSIsInRva2VuX3VzZSI6ImlkIiwiYXV0aF90aW1lIjoxNzc5OTg1NzQwLCJleHAiOjE3Nzk5ODkzNDAsImlhdCI6MTc3OTk4NTc0MCwianRpIjoiNjZiMDBhYzUtODI3ZS00OTNmLTkwYmItNmRkNzdmZjE2Y2IyIiwiZW1haWwiOiJmaW5hbmNpZXJvLTA0OEBiaXRlY28uY29tIn0.K8nJUW8TjHHQbgV8nGGZMslKP1r7aHeMOwfE42OXBCSFCKFUEuTYQTcqUt89IvSYOCmii8JtVuMQV9eqTQelNwKep2idk4oi9oNLjqTINPc0n6TuIkykYbqmIiNftKBH9kiPfap55ZRE6aT6T97pf3HBXPf70XNeeYxKsByVwfjJOBWyaNWyZpuwvBry1vO9KH21sScqiVNeJlmMcRSUFhAHQ-aPiL3nVEX4qn2AUtkV4P2AKN8q0sa4WaEuoS9D8E_qh5FzC5_sfCdu6VIvPs7wbGHQWp6O0I0Ghqc3pTc1UJ40qSIR3U_yrk7NFHU55AxGh-BnEl8-cWqVwXGT5A
financiero-049,financiero,10,2026,2,eyJraWQiOiJEZ0VqOWg3UkwxeE1mcTV6dm1XcnlhWHdPZTZ3eW9WRDFNMDBVeENYaUUwPSIsImFsZyI6IlJTMjU2In0.eyJzdWIiOiI3NGY4YjQ3OC00MGExLTcwYTctODE1Ny1mZmJiZGUzNTA5NjQiLCJjb2duaXRvOmdyb3VwcyI6WyJmaW5hbmNpZXJvIl0sImVtYWlsX3ZlcmlmaWVkIjp0cnVlLCJpc3MiOiJodHRwczovL2NvZ25pdG8taWRwLnVzLWVhc3QtMS5hbWF6b25hd3MuY29tL3VzLWVhc3QtMV9RR2hSTkpOY3MiLCJjb2duaXRvOnVzZXJuYW1lIjoiZmluYW5jaWVyby0wNDkiLCJvcmlnaW5fanRpIjoiZTc1OTYyYTUtNmEzOS00OGI0LWJkNDgtMmUxZGViZmM0NGNhIiwiYXVkIjoiN2VxNWY0NmdtdDRjaGtwYWJncHVwMTdjZTYiLCJldmVudF9pZCI6ImNhZDJlNTAwLTU1NTktNGVmNC04MDU0LTA4N2U0MDQzYTc5YSIsInRva2VuX3VzZSI6ImlkIiwiYXV0aF90aW1lIjoxNzc5OTg1NzQwLCJleHAiOjE3Nzk5ODkzNDAsImlhdCI6MTc3OTk4NTc0MCwianRpIjoiMjNmOWEyZTEtNGJlYS00NjUwLWFkZTUtMmMzMmYxMWM1ODI1IiwiZW1haWwiOiJmaW5hbmNpZXJvLTA0OUBiaXRlY28uY29tIn0.gDkFVb2e49hFKPWF0xrZMhagOEIfnEg88Nql_Ab3cr5KafIc9CXHMETMqY-onvpR6CgsgbRobP3PFEVT06mPESvCmazAgKpCBsljm0yQuyehOElMM5AnqCOwRkDKMzxJ81G4Uw8gaMDkC4Z1USTFfx0Y4UHkIbZaWQm7oXnPnGVznSH-5stA0MIxGXovBronh46frCw7jo-aOReNLMk-08vZWz8EIkxOIPguKvPsm3MwfvYWSNF1FYM3MnTj7x9Aqb8aodeO47AF0c4qNok8mAPF8BB2dCSlWtaq4r8_Jxw2nQ11qK-YAbSZOotRiWZMxmF4xSi7Nzz2d0Rn6zKbyA
financiero-050,financiero,1,2026,3,eyJraWQiOiJEZ0VqOWg3UkwxeE1mcTV6dm1XcnlhWHdPZTZ3eW9WRDFNMDBVeENYaUUwPSIsImFsZyI6IlJTMjU2In0.eyJzdWIiOiJkNDI4YzRmOC00MDExLTcwNWUtMjljYi0yMmYzNjU2M2Q1MzgiLCJjb2duaXRvOmdyb3VwcyI6WyJmaW5hbmNpZXJvIl0sImVtYWlsX3ZlcmlmaWVkIjp0cnVlLCJpc3MiOiJodHRwczovL2NvZ25pdG8taWRwLnVzLWVhc3QtMS5hbWF6b25hd3MuY29tL3VzLWVhc3QtMV9RR2hSTkpOY3MiLCJjb2duaXRvOnVzZXJuYW1lIjoiZmluYW5jaWVyby0wNTAiLCJvcmlnaW5fanRpIjoiYWNlZDM1NmQtNDRlZC00MWNkLTllMjItYjIyY2NhMmU4MzgxIiwiYXVkIjoiN2VxNWY0NmdtdDRjaGtwYWJncHVwMTdjZTYiLCJldmVudF9pZCI6ImU1YzkyNmU1LWJmMGMtNDk3NC04MmI0LWNlODdhNDk5Nzk3MCIsInRva2VuX3VzZSI6ImlkIiwiYXV0aF90aW1lIjoxNzc5OTg1NzQxLCJleHAiOjE3Nzk5ODkzNDEsImlhdCI6MTc3OTk4NTc0MSwianRpIjoiOWY2ZDViNWUtOThmZC00NjY4LWE2MTctMzAwMmVkYzg0MzBjIiwiZW1haWwiOiJmaW5hbmNpZXJvLTA1MEBiaXRlY28uY29tIn0.XxW02kbMGlD_D1zCjE2g21LUibhI2LPrZv0Od8kC5rk-Cyhj8rWQz2aFhNZHT-S4vMe5J2g0JrJxrVKRspge_xyDy8gNr_Evo2wiQVYAX1MnrQ9EBrENpbRpEzcRNAnShMTdZVhZ48uABylT8KLRlD_YVHmGi_e1DhLJaJWr4N_cRw6yqLj_X4qhqQteaOf59AGBD7fHYbEHK1a0pMGpwV1Qk743-ULFovbXMIPDrcupThSetd5h-oiAF8F2rB4LiNTcinwFgTOg9MDxTvQOKtlXx9Kyp-2TxgfRd64PZAX8FAcc5McB7XI3KiIdRFTsQq9oNmTDg5qK0FYj_5-BMw
financiero-051,financiero,2,2026,4,eyJraWQiOiJEZ0VqOWg3UkwxeE1mcTV6dm1XcnlhWHdPZTZ3eW9WRDFNMDBVeENYaUUwPSIsImFsZyI6IlJTMjU2In0.eyJzdWIiOiIxNDE4MjRhOC1lMDIxLTcwMGUtZGU2OC00NWY4MTM5ZTA4YjYiLCJjb2duaXRvOmdyb3VwcyI6WyJmaW5hbmNpZXJvIl0sImVtYWlsX3ZlcmlmaWVkIjp0cnVlLCJpc3MiOiJodHRwczovL2NvZ25pdG8taWRwLnVzLWVhc3QtMS5hbWF6b25hd3MuY29tL3VzLWVhc3QtMV9RR2hSTkpOY3MiLCJjb2duaXRvOnVzZXJuYW1lIjoiZmluYW5jaWVyby0wNTEiLCJvcmlnaW5fanRpIjoiYzgzNTM2ODAtNWVmMC00ZGQ3LTkxMGQtMDk2ZjZiMTA5ZmE2IiwiYXVkIjoiN2VxNWY0NmdtdDRjaGtwYWJncHVwMTdjZTYiLCJldmVudF9pZCI6ImVhN2FhYTIxLTBmMDAtNDUzYy1hNzdmLWZmZmY2NWE3MDFmMCIsInRva2VuX3VzZSI6ImlkIiwiYXV0aF90aW1lIjoxNzc5OTg1NzQxLCJleHAiOjE3Nzk5ODkzNDEsImlhdCI6MTc3OTk4NTc0MSwianRpIjoiMGRlNGNlOGQtZjhmMC00NjVmLTg0MTEtZjE4NzY5NmE3ODUyIiwiZW1haWwiOiJmaW5hbmNpZXJvLTA1MUBiaXRlY28uY29tIn0.UNElU2bHzGsClorjK6mriEUtEDsyijheF-ElyGeCDIUfglntQKuWy8X7MQHX0vm7ovGRITGtZq0hNdxkkjGu53Ds1DiMSYRiY1_s5TPqVTnGv0WX_aenql6rKvmtuxxraW2WOhd4c5ywPWdFrLOqWyZKnkXlEymE76PJwqs9ewVMuSiLARkxDOoxpJ3TH5VVyeh-ceXzNk4S7t6ky2KZsXDwfZ59FbeBx43DVd2jaCybi0RK4oLSQNiSyEPyi_8E1zfWcOQXXIZibtL2jcOsb3D5PwuuMxuaa7z2Kf1i31MXEIZ9NaSOqkkQ5PpwfENSHq0-pJUL34v4MDNq5_LTAw
financiero-052,financiero,3,2026,1,eyJraWQiOiJEZ0VqOWg3UkwxeE1mcTV6dm1XcnlhWHdPZTZ3eW9WRDFNMDBVeENYaUUwPSIsImFsZyI6IlJTMjU2In0.eyJzdWIiOiI4NDQ4ZjRlOC0zMDIxLTcwMzktNjNjMi0zODhiNGQxNmU4ODYiLCJjb2duaXRvOmdyb3VwcyI6WyJmaW5hbmNpZXJvIl0sImVtYWlsX3ZlcmlmaWVkIjp0cnVlLCJpc3MiOiJodHRwczovL2NvZ25pdG8taWRwLnVzLWVhc3QtMS5hbWF6b25hd3MuY29tL3VzLWVhc3QtMV9RR2hSTkpOY3MiLCJjb2duaXRvOnVzZXJuYW1lIjoiZmluYW5jaWVyby0wNTIiLCJvcmlnaW5fanRpIjoiNTBmYzhiNDYtYzU2Ni00NzIwLTlmMTctNmYzN2U1NjhhMWY1IiwiYXVkIjoiN2VxNWY0NmdtdDRjaGtwYWJncHVwMTdjZTYiLCJldmVudF9pZCI6IjFlM2MxYWUwLTAxMTAtNDA5Ni1hMDZmLTEwMzBiOTY3YWVhYyIsInRva2VuX3VzZSI6ImlkIiwiYXV0aF90aW1lIjoxNzc5OTg1NzQxLCJleHAiOjE3Nzk5ODkzNDEsImlhdCI6MTc3OTk4NTc0MSwianRpIjoiZTNkMTM4OGUtMGRiNS00NmI4LWI5OTEtMWRkMDcyYjVjODFkIiwiZW1haWwiOiJmaW5hbmNpZXJvLTA1MkBiaXRlY28uY29tIn0.XpRbITDz4zs8DKrqgKwVR3DvAbNpkH__kB01NbNM_vPbMslUO5VOdNCtOlBOToqi_F1BG--C__VdyS7VF-15KCRityBD3ZjjHgRqLXhnDWLEvBuiOS4OJswL5rWjOaFR9X4wrPhj6bgjSC--1jtAm5xDLR073naFQ-r6y-bb-mHSuyzjij8PUSMjp9HeexI6tQwj9URWPyupQIkfpRzHY16lhiK80SX7Ddeu1u7_VGlZUhOcJ8t6vBNQIBdUClEZZ2errUBgZLhb_AZPiQYUV_BJvC-3F1QwtUnmwAk8W87xI9iK75jCy9eSVwKu6ZG9LgBo9JfvlZyVUhuMoYE9cQ
financiero-053,financiero,4,2026,2,eyJraWQiOiJEZ0VqOWg3UkwxeE1mcTV6dm1XcnlhWHdPZTZ3eW9WRDFNMDBVeENYaUUwPSIsImFsZyI6IlJTMjU2In0.eyJzdWIiOiJmNDQ4ZjQxOC02MDYxLTcwYWItNjQxYi02NzZkMTQzZGVlNDciLCJjb2duaXRvOmdyb3VwcyI6WyJmaW5hbmNpZXJvIl0sImVtYWlsX3ZlcmlmaWVkIjp0cnVlLCJpc3MiOiJodHRwczovL2NvZ25pdG8taWRwLnVzLWVhc3QtMS5hbWF6b25hd3MuY29tL3VzLWVhc3QtMV9RR2hSTkpOY3MiLCJjb2duaXRvOnVzZXJuYW1lIjoiZmluYW5jaWVyby0wNTMiLCJvcmlnaW5fanRpIjoiNDdjZDBlYjktZTgwOS00YzNhLTk0ODItOGIwZThiMzJjZDg3IiwiYXVkIjoiN2VxNWY0NmdtdDRjaGtwYWJncHVwMTdjZTYiLCJldmVudF9pZCI6IjhlNTViM2RkLTBmNWUtNDg0Ny1hMmQyLTM3NGVmNDk4OGMwYyIsInRva2VuX3VzZSI6ImlkIiwiYXV0aF90aW1lIjoxNzc5OTg1NzQxLCJleHAiOjE3Nzk5ODkzNDEsImlhdCI6MTc3OTk4NTc0MiwianRpIjoiNWVkOWQ5YTEtMzkzZS00OGFhLThjZjEtNTZkMTcwOGFjMzhkIiwiZW1haWwiOiJmaW5hbmNpZXJvLTA1M0BiaXRlY28uY29tIn0.TOKktqevKBk7kNjFE7ZtSgX3Zj5lwGM3ryhFTr2pza50tBqlwjuH-J0llNJ1oNnMAo8k7RrEjW-SU9ydMgV8LBmA4QviZ12WHyH83F40ZyrRh3uctm-6oI_gWtIPfE2TyXrRlUEEZ7VMfdIbvgxsGN2mwqou-FAXgmhRrOWXeopxM4Wzt-sxaVTr3rHuqdqw1vJN5gKHTs0b84F7AimbALgQmyI4ywjioba50jJELRlGNMV87Fb3bwIcNMrHW_PoX3FOl7d9xGYuzFgh3bHAIKCT644depezphGiroUJwrGEzmNRrAA8QR_jFkRawWUvapYNFvvmmZr3fIDTEfgtJw
financiero-054,financiero,5,2026,3,eyJraWQiOiJEZ0VqOWg3UkwxeE1mcTV6dm1XcnlhWHdPZTZ3eW9WRDFNMDBVeENYaUUwPSIsImFsZyI6IlJTMjU2In0.eyJzdWIiOiI2NDQ4NTQwOC0xMDMxLTcwYjctYjgyOS1kOTUzNjI4YzkyZDgiLCJjb2duaXRvOmdyb3VwcyI6WyJmaW5hbmNpZXJvIl0sImVtYWlsX3ZlcmlmaWVkIjp0cnVlLCJpc3MiOiJodHRwczovL2NvZ25pdG8taWRwLnVzLWVhc3QtMS5hbWF6b25hd3MuY29tL3VzLWVhc3QtMV9RR2hSTkpOY3MiLCJjb2duaXRvOnVzZXJuYW1lIjoiZmluYW5jaWVyby0wNTQiLCJvcmlnaW5fanRpIjoiZWM0MzI2YzQtMDY5NC00ZTM2LTk3NTktY2NmNGMwNzMxY2I0IiwiYXVkIjoiN2VxNWY0NmdtdDRjaGtwYWJncHVwMTdjZTYiLCJldmVudF9pZCI6ImM2NGQ5NjQyLTYxOGYtNDMxOS1hYjE5LTRiMThmMjBmMTQzYiIsInRva2VuX3VzZSI6ImlkIiwiYXV0aF90aW1lIjoxNzc5OTg1NzQyLCJleHAiOjE3Nzk5ODkzNDIsImlhdCI6MTc3OTk4NTc0MiwianRpIjoiZjc2Y2FjNTQtMmMxZi00NzMxLWFiZWItYTFkZmRiMDAwZTFmIiwiZW1haWwiOiJmaW5hbmNpZXJvLTA1NEBiaXRlY28uY29tIn0.0Bxf4Fo_5J66Elhjmn-Urd9JxdrtQYiVLNHtGsHXu00_m_gMCy9T-ofXdNOjZuVRUt6dPtLvuxX9CdLeSRePIPgFNmSc4RxAuxOzxIaaCTy2RHbRQeSc8k1AVZm9sItGqWRaLmijtbwN_LGYPmmiLLWWUxaCwtc2f6F20CRGO49PkMqNadPPal6RtGDJfZPGX7lGWG6efVJWXzTzVYFsnDDDhV5oUQy1ysK8X6LIToEdBMLRzvthk9Yt_ca2wz4PqM_nvpwAm8hI_tR1Rt1l1x4IXcKn2dt_Qb0aqk_EGJio_QD17SL6xURu0KSycJxbRW5NUlPVou2mpP0i-8nQGw
financiero-055,financiero,6,2026,4,eyJraWQiOiJEZ0VqOWg3UkwxeE1mcTV6dm1XcnlhWHdPZTZ3eW9WRDFNMDBVeENYaUUwPSIsImFsZyI6IlJTMjU2In0.eyJzdWIiOiI0NGQ4OTQ2OC05MGMxLTcwYzctNjI3Yy1mZTI3Yjk2MGYxNGIiLCJjb2duaXRvOmdyb3VwcyI6WyJmaW5hbmNpZXJvIl0sImVtYWlsX3ZlcmlmaWVkIjp0cnVlLCJpc3MiOiJodHRwczovL2NvZ25pdG8taWRwLnVzLWVhc3QtMS5hbWF6b25hd3MuY29tL3VzLWVhc3QtMV9RR2hSTkpOY3MiLCJjb2duaXRvOnVzZXJuYW1lIjoiZmluYW5jaWVyby0wNTUiLCJvcmlnaW5fanRpIjoiYjc5MWFkYmItZGIxMC00NDc1LWIwZjAtZWNkMjA2YmQzMGQxIiwiYXVkIjoiN2VxNWY0NmdtdDRjaGtwYWJncHVwMTdjZTYiLCJldmVudF9pZCI6ImVhYWNjZDE5LTdmZTktNGU2MS04OGRmLWJjYmZiMTg1MTA2YyIsInRva2VuX3VzZSI6ImlkIiwiYXV0aF90aW1lIjoxNzc5OTg1NzQyLCJleHAiOjE3Nzk5ODkzNDIsImlhdCI6MTc3OTk4NTc0MiwianRpIjoiMTVmMGZhYWQtN2QxZC00MDk2LTkwYjAtYjQ0OWM2MzZiYWI3IiwiZW1haWwiOiJmaW5hbmNpZXJvLTA1NUBiaXRlY28uY29tIn0.BhByo4zdUZKe1Mp09JZ5ukmWv_HrhtChGd1jBqjHEbC-vmCIrmDhbA5wyrGc9IfJeFcCYyhJrKneuJ6tXwWw1D5gLA5APVORedMdLmrJl-lSDYR8-vGuEQT8dUQftiyc5nSOUzt5KFFGelNNOyiMaxyYIgyi123KfMKFopc0-kJ0lIEQS--OL6qV-Vc7BDJMQ7CpEzicB6f2UE-Zf7pvxrerR1xItBJoci9Hb8Oc_8wwsmGin2cQc_XUTlYZMKr60Dx_Oyj4z9HAcvYW6r_mZJ0-jVx2RI4A6VxLgRRAesWlvWcBt9qLILIVjIG8D8lI16HluaOEM-CqJSClODm0iQ
financiero-056,financiero,7,2026,1,eyJraWQiOiJEZ0VqOWg3UkwxeE1mcTV6dm1XcnlhWHdPZTZ3eW9WRDFNMDBVeENYaUUwPSIsImFsZyI6IlJTMjU2In0.eyJzdWIiOiIyNDA4NDQ3OC00MGExLTcwNDctZThmMC03M2I2ZTM3M2I5ZTEiLCJjb2duaXRvOmdyb3VwcyI6WyJmaW5hbmNpZXJvIl0sImVtYWlsX3ZlcmlmaWVkIjp0cnVlLCJpc3MiOiJodHRwczovL2NvZ25pdG8taWRwLnVzLWVhc3QtMS5hbWF6b25hd3MuY29tL3VzLWVhc3QtMV9RR2hSTkpOY3MiLCJjb2duaXRvOnVzZXJuYW1lIjoiZmluYW5jaWVyby0wNTYiLCJvcmlnaW5fanRpIjoiMWVhMzIyZjQtYjFjNy00YjIzLTk3NWUtNTQ2NGEwZWU1ODAwIiwiYXVkIjoiN2VxNWY0NmdtdDRjaGtwYWJncHVwMTdjZTYiLCJldmVudF9pZCI6ImM5MTkxY2NmLWVkMDAtNDg2NC1hOGMwLTY2NTA4MjU5MzdhMiIsInRva2VuX3VzZSI6ImlkIiwiYXV0aF90aW1lIjoxNzc5OTg1NzQyLCJleHAiOjE3Nzk5ODkzNDIsImlhdCI6MTc3OTk4NTc0MiwianRpIjoiOGI3OGYxODctNGNmZi00M2Y0LTk2ZjctZDJmYWNlYWI4MzE4IiwiZW1haWwiOiJmaW5hbmNpZXJvLTA1NkBiaXRlY28uY29tIn0.00y3MqqBN4GGYxB0-7wvwyejA7CDlBwUDD-3XqYJeafz9XKhued05QU_D2sFN-fvDNLrsIv7u_ghGUCy1Amcag9g_KShPzTwMVhdVC4z-EE4ZSZQem9qFTJ5RMGiO31WNr_C46om0_pVQTkjhCOhuC-39ArQopXgT3F1ksLyPXow0l_JT33lOjd9ivo9IZBjqAAXTzUY7ilicdSTfmjw33Xhwm9h3EQ_4dNAflMJlRNM2GGaTQS_WDAdKRKrOW7a_ly2F8zu2yIVrJmuUOXWh437bAOY_Vi_QyHcg6uw6632s5kTcYztuHRAi4HStqSSfwDOieIZkHMFDKD1loq92w
financiero-057,financiero,8,2026,2,eyJraWQiOiJEZ0VqOWg3UkwxeE1mcTV6dm1XcnlhWHdPZTZ3eW9WRDFNMDBVeENYaUUwPSIsImFsZyI6IlJTMjU2In0.eyJzdWIiOiIyNGQ4MzQ0OC00MDExLTcwYzgtZWYzNC00NjMyMTY3NzU5MDUiLCJjb2duaXRvOmdyb3VwcyI6WyJmaW5hbmNpZXJvIl0sImVtYWlsX3ZlcmlmaWVkIjp0cnVlLCJpc3MiOiJodHRwczovL2NvZ25pdG8taWRwLnVzLWVhc3QtMS5hbWF6b25hd3MuY29tL3VzLWVhc3QtMV9RR2hSTkpOY3MiLCJjb2duaXRvOnVzZXJuYW1lIjoiZmluYW5jaWVyby0wNTciLCJvcmlnaW5fanRpIjoiZTMyYjBiN2MtOTc4Mi00ZjMwLTk3NzUtNmE5NmFjYjRkODI3IiwiYXVkIjoiN2VxNWY0NmdtdDRjaGtwYWJncHVwMTdjZTYiLCJldmVudF9pZCI6ImI1NDFiNmMzLTkxN2ItNGU1Zi1iMTMxLTg0NzU0YTgxMTY2NSIsInRva2VuX3VzZSI6ImlkIiwiYXV0aF90aW1lIjoxNzc5OTg1NzQzLCJleHAiOjE3Nzk5ODkzNDMsImlhdCI6MTc3OTk4NTc0MywianRpIjoiZGQxNDU0NDctNmJiZi00YjA2LTgyZDItZDM0YzFkZWU1YjA1IiwiZW1haWwiOiJmaW5hbmNpZXJvLTA1N0BiaXRlY28uY29tIn0.QjpQjf2KWwcNC0RdVByKfCUigxzc8TAV7DFEU_x3b0FD8rxOt54XSW-OZ0lSN4iXy-S6fMibKS10ydYaUDVK5ktRAQ1Zh1UrAIvfbNT931YO1FMbNhgkAPUXGL9ZE0Y2NmmqFdMNMR6Xv53y3oV_d_DdcN_hGhi6McWSGvYH1kzaVPfRbeDynK9sWlRynfopB6s2gKqf6SSDATU2C8CIhYbn1f36rKXuAlDqSYD3X3zJ2PzCXHWq5m9B6qT_R9el96Pbcq8K8JkfEHofD0nJ0M9QO21jTbqEFF1oUQJA5ZjOvPk-eULvUaEMHYRg-QeV8L3xz1alTnj6OLKEKQUHww
financiero-058,financiero,9,2026,3,eyJraWQiOiJEZ0VqOWg3UkwxeE1mcTV6dm1XcnlhWHdPZTZ3eW9WRDFNMDBVeENYaUUwPSIsImFsZyI6IlJTMjU2In0.eyJzdWIiOiJkNGQ4YTRiOC0wMDUxLTcwMzUtMWMyYy0xYTBlYzYwYTZmMjUiLCJjb2duaXRvOmdyb3VwcyI6WyJmaW5hbmNpZXJvIl0sImVtYWlsX3ZlcmlmaWVkIjp0cnVlLCJpc3MiOiJodHRwczovL2NvZ25pdG8taWRwLnVzLWVhc3QtMS5hbWF6b25hd3MuY29tL3VzLWVhc3QtMV9RR2hSTkpOY3MiLCJjb2duaXRvOnVzZXJuYW1lIjoiZmluYW5jaWVyby0wNTgiLCJvcmlnaW5fanRpIjoiZmFmZTIyZjYtODFhNi00YzM2LWFlNmMtYmNmNGY0MDIzYmE2IiwiYXVkIjoiN2VxNWY0NmdtdDRjaGtwYWJncHVwMTdjZTYiLCJldmVudF9pZCI6IjEzNzU1NTE1LTMwNDctNGFiZi1hODE3LWUxMGRmNmIyNTdiOSIsInRva2VuX3VzZSI6ImlkIiwiYXV0aF90aW1lIjoxNzc5OTg1NzQzLCJleHAiOjE3Nzk5ODkzNDMsImlhdCI6MTc3OTk4NTc0MywianRpIjoiMzcyNjM2YTktOTAzNC00NjgzLThkNjgtOTVkZDQyYWI3ZjljIiwiZW1haWwiOiJmaW5hbmNpZXJvLTA1OEBiaXRlY28uY29tIn0.ACV26WAqNTs52b-1St55jmDfX3AbEH0gh2_4kty071KokvTczsKrx8wGjuT-veY6IjOTtFI6W9EnJ8Op_dOH2W0dRLFHehrUd-LBIvyZ-e4d3Rz3zGIhCPm5PedETtKsfFD2Xi-g7jzH0iSYPIokd0fE0LvVgDUeiCsPfanyqRSfU3f4dYWPEiXMZ5EmJysl1F8FSGZuKazQuEzlVOnFRUTJFyd0fqC95_s1gC1QTjIW3pyLxamofT8TtCmsImOEOTWje1qBOgl1QTYYS56UtS9t20AOdUwU-7c14cSmzwzXAN33_38XyHoTGJBZgEDt7wgrLVkM_GkB7oNPUCdwVA
financiero-059,financiero,10,2026,4,eyJraWQiOiJEZ0VqOWg3UkwxeE1mcTV6dm1XcnlhWHdPZTZ3eW9WRDFNMDBVeENYaUUwPSIsImFsZyI6IlJTMjU2In0.eyJzdWIiOiI4NDI4MjRjOC00MDMxLTcwNTctMTAxNi1mZjQ2NzBkM2Q4YWUiLCJjb2duaXRvOmdyb3VwcyI6WyJmaW5hbmNpZXJvIl0sImVtYWlsX3ZlcmlmaWVkIjp0cnVlLCJpc3MiOiJodHRwczovL2NvZ25pdG8taWRwLnVzLWVhc3QtMS5hbWF6b25hd3MuY29tL3VzLWVhc3QtMV9RR2hSTkpOY3MiLCJjb2duaXRvOnVzZXJuYW1lIjoiZmluYW5jaWVyby0wNTkiLCJvcmlnaW5fanRpIjoiMDU1NDI0NDEtNThlMS00ZWMxLTlmZGYtMjQxNzBjZjY2MTZjIiwiYXVkIjoiN2VxNWY0NmdtdDRjaGtwYWJncHVwMTdjZTYiLCJldmVudF9pZCI6ImFmZjBkYmYwLTI0NjctNDk3YS1hNmI4LTUxZDc3Yjg4ZjMwZSIsInRva2VuX3VzZSI6ImlkIiwiYXV0aF90aW1lIjoxNzc5OTg1NzQzLCJleHAiOjE3Nzk5ODkzNDMsImlhdCI6MTc3OTk4NTc0MywianRpIjoiYzc2NTc3NzYtYzIwNC00ZGIwLWFkYzItZWI0ZDViOTRjMWQyIiwiZW1haWwiOiJmaW5hbmNpZXJvLTA1OUBiaXRlY28uY29tIn0.SZYKU_P6eGsuiq6sl_qDgthlX6_NBxianQJNDwVEAos1Jo6f-sMlWnLyuq6QFgUI0hAPsZMLTomTnQUm79ENM56XfjxWUe36I3ffjGr5UuRZ6_9aSebVvxT6MqdSkS34oTxsLD7u-IUTf6KbIXVFFSdMcXj_du14oQrAQFGXYm8iqLRp3vnyJ-TLnZMbfqzMKZKGW7KB2Or_nvO6EHbbMAiuVz65B40dqsTVAMB7dWxMNy_r5BDOC_oM6AyzA1lMPhaLsIvbmPqfumh-HO5Z-ytqzYtkBFzcoe6Y8eognyAYnGUhoqEU0yXCr4qWtZnwaE8NQ1sLjvoYeXd-m_PESQ
financiero-060,financiero,1,2026,1,eyJraWQiOiJEZ0VqOWg3UkwxeE1mcTV6dm1XcnlhWHdPZTZ3eW9WRDFNMDBVeENYaUUwPSIsImFsZyI6IlJTMjU2In0.eyJzdWIiOiIzNGE4MTQ3OC1kMDYxLTcwOGUtOTRiMy1hYjdhY2QxNDYxN2IiLCJjb2duaXRvOmdyb3VwcyI6WyJmaW5hbmNpZXJvIl0sImVtYWlsX3ZlcmlmaWVkIjp0cnVlLCJpc3MiOiJodHRwczovL2NvZ25pdG8taWRwLnVzLWVhc3QtMS5hbWF6b25hd3MuY29tL3VzLWVhc3QtMV9RR2hSTkpOY3MiLCJjb2duaXRvOnVzZXJuYW1lIjoiZmluYW5jaWVyby0wNjAiLCJvcmlnaW5fanRpIjoiMjMwNzYwOGYtNDk0NC00Y2NjLTk0MmEtZGExYmIxYWYyMmNhIiwiYXVkIjoiN2VxNWY0NmdtdDRjaGtwYWJncHVwMTdjZTYiLCJldmVudF9pZCI6IjUwZjM0ZWYwLTdlNGMtNDU0Mi1iOTA0LTFhYjc0NTcwMmUzNSIsInRva2VuX3VzZSI6ImlkIiwiYXV0aF90aW1lIjoxNzc5OTg1NzQzLCJleHAiOjE3Nzk5ODkzNDMsImlhdCI6MTc3OTk4NTc0MywianRpIjoiZGMyNWVmZTItNGY3My00Y2RjLTlhNjMtOWY5MTYzZTY4YjFkIiwiZW1haWwiOiJmaW5hbmNpZXJvLTA2MEBiaXRlY28uY29tIn0.0TGYCGITGysJ4J5g8PhYP7J7xILaz6WYHV_sXfoGhjCBDCpVUHID9fTScZQ3S0ds16FU2V76TfjwSsDONwW5mwLD3GgIXEHXBDdAOHYp4UckoqvdUdcNxKxQA6NZDnMsn5rX9NedzCBjSrlwVQCMyQfHzjaQQo1GYHbmtMv4MuPqCj8RcTcXvcBaPQowq5OjLfE7OmWB4A5OFr4TXscsQq1K8HkH9SykJmoepLCKxRwbCHtH_sDPYWUONFEsDyr-bxqLOGmZfXquhBV9viZzIaBZV3herQzNVWEfXO89lrmYOP_9HDEg5bVxFSjPPED7j4zvnV1XJ8VOuk4ZDixkxA
financiero-061,financiero,2,2026,2,eyJraWQiOiJEZ0VqOWg3UkwxeE1mcTV6dm1XcnlhWHdPZTZ3eW9WRDFNMDBVeENYaUUwPSIsImFsZyI6IlJTMjU2In0.eyJzdWIiOiI3NGI4NDRmOC1lMGQxLTcwYzYtZDFhOC1jNDMyYTI4YTgyNDciLCJjb2duaXRvOmdyb3VwcyI6WyJmaW5hbmNpZXJvIl0sImVtYWlsX3ZlcmlmaWVkIjp0cnVlLCJpc3MiOiJodHRwczovL2NvZ25pdG8taWRwLnVzLWVhc3QtMS5hbWF6b25hd3MuY29tL3VzLWVhc3QtMV9RR2hSTkpOY3MiLCJjb2duaXRvOnVzZXJuYW1lIjoiZmluYW5jaWVyby0wNjEiLCJvcmlnaW5fanRpIjoiOTk1YjdlOTYtNjgwMy00MDhhLTllODQtZGIwYjM2NDU0OGQ1IiwiYXVkIjoiN2VxNWY0NmdtdDRjaGtwYWJncHVwMTdjZTYiLCJldmVudF9pZCI6IjA1OTBiMGZjLTNjYTMtNDE2Mi1iNjU1LTI4MGJmMzIyMmFjNCIsInRva2VuX3VzZSI6ImlkIiwiYXV0aF90aW1lIjoxNzc5OTg1NzQ0LCJleHAiOjE3Nzk5ODkzNDQsImlhdCI6MTc3OTk4NTc0NCwianRpIjoiM2JjZjY0M2MtNGEzYS00ODc0LWI4MDYtZTdmMzllZmM2ZmEzIiwiZW1haWwiOiJmaW5hbmNpZXJvLTA2MUBiaXRlY28uY29tIn0.Bay6n9VU8R6PvVV8815Zlbg3IDsSkVDLJco6Ly9NJmVduEg6MxlFmO-M8MBWUOR2aB56Rufc84XQe_1pSYIobLsTXfkdnASJm4SnzHJeYB2qLbHHPL-9-F63SoSYEvHgQqsG3iuABKHvXuhOCDDOpTAXZt-ERIfwFe-EGNwZ5paNuxDO02XxmrrfmAW6FGFFwDqjXVqLMPOaEb3H7vCUrQL527cK2GBHKkm9EyUCTp7unCjF5j8tn1nhmoUTlf0mmzMW_0Ap7KBfP1eY_Diu7hdkTn7suGwKzxeH2esPPbY9wf4gxtIPxdT3yicL2wG8VP-zbRr7_SWv4JQq7gMmCg
financiero-062,financiero,3,2026,3,eyJraWQiOiJEZ0VqOWg3UkwxeE1mcTV6dm1XcnlhWHdPZTZ3eW9WRDFNMDBVeENYaUUwPSIsImFsZyI6IlJTMjU2In0.eyJzdWIiOiJmNDI4NTRmOC1kMGYxLTcwODItZjYwYy1lY2MyYzAxNTRlMWYiLCJjb2duaXRvOmdyb3VwcyI6WyJmaW5hbmNpZXJvIl0sImVtYWlsX3ZlcmlmaWVkIjp0cnVlLCJpc3MiOiJodHRwczovL2NvZ25pdG8taWRwLnVzLWVhc3QtMS5hbWF6b25hd3MuY29tL3VzLWVhc3QtMV9RR2hSTkpOY3MiLCJjb2duaXRvOnVzZXJuYW1lIjoiZmluYW5jaWVyby0wNjIiLCJvcmlnaW5fanRpIjoiZjhhOTRlNjMtNjJjNS00Njg2LTkxYTAtM2VlZGQ5MGVmYzc5IiwiYXVkIjoiN2VxNWY0NmdtdDRjaGtwYWJncHVwMTdjZTYiLCJldmVudF9pZCI6IjNjYTcyZTcyLTU1YTEtNDMxYS1iMDk2LWM4YTYyNTg2NjUxZCIsInRva2VuX3VzZSI6ImlkIiwiYXV0aF90aW1lIjoxNzc5OTg1NzQ0LCJleHAiOjE3Nzk5ODkzNDQsImlhdCI6MTc3OTk4NTc0NCwianRpIjoiNjA5ZmM5MjgtMzg0Ny00OGE3LWFlMzEtOTcxYjgyMDM2YTU4IiwiZW1haWwiOiJmaW5hbmNpZXJvLTA2MkBiaXRlY28uY29tIn0.PJrA14FslQ0iBHaBT0I17y-Gx9QFOdW8qIEhDkdcJPQR-zFPOjo0UAZD5rtM7BNIWrQDJJjc0LNAoFpUZGpdGRKxkJRr-0jwQgR4ppVoMh64UddQdgYne8XjPFTdWWHdBWwa05527-XdOQe16QI55AXfjf8l4zBnhnGu-Fn16vJweq-om_MEnH0pchM9NmUTOoOPhAx2qrD_8jqALjs_DcTMSpmZSRLXNvEF04F2DLu8YS3V8qeMjm5pML-tG756EmL5NX0bCBOc0z9gsXgBdYdIP88c2zZIPvn3YhZfjk6URkoLxQQlRb7h7aMjc55wL6kUm8jumKQgYJRg-1Pt7w
financiero-063,financiero,4,2026,4,eyJraWQiOiJEZ0VqOWg3UkwxeE1mcTV6dm1XcnlhWHdPZTZ3eW9WRDFNMDBVeENYaUUwPSIsImFsZyI6IlJTMjU2In0.eyJzdWIiOiJjNDc4NjRlOC05MGMxLTcwZTktODQxYS04ZTkzOGExZjdjZjQiLCJjb2duaXRvOmdyb3VwcyI6WyJmaW5hbmNpZXJvIl0sImVtYWlsX3ZlcmlmaWVkIjp0cnVlLCJpc3MiOiJodHRwczovL2NvZ25pdG8taWRwLnVzLWVhc3QtMS5hbWF6b25hd3MuY29tL3VzLWVhc3QtMV9RR2hSTkpOY3MiLCJjb2duaXRvOnVzZXJuYW1lIjoiZmluYW5jaWVyby0wNjMiLCJvcmlnaW5fanRpIjoiNmNhODViZGYtYzc3MS00NTIxLWE4MzMtNjBlM2RmZGUwMWI4IiwiYXVkIjoiN2VxNWY0NmdtdDRjaGtwYWJncHVwMTdjZTYiLCJldmVudF9pZCI6IjJkY2NkNGQzLTIwYWItNGFlNS05NTdkLWM3MjRmZTFiZjkxMSIsInRva2VuX3VzZSI6ImlkIiwiYXV0aF90aW1lIjoxNzc5OTg1NzQ0LCJleHAiOjE3Nzk5ODkzNDQsImlhdCI6MTc3OTk4NTc0NCwianRpIjoiMWU2OTExZGItNDg1OS00NGFkLWFhZDUtYWU3YTkxYmYzY2UxIiwiZW1haWwiOiJmaW5hbmNpZXJvLTA2M0BiaXRlY28uY29tIn0.llGEWLgLkuXTzc_DjCc_RpGAhIAnkowDm7XWQP2OGU5sAgTjfIRIM8_WiW0qw5pNfHF96JesxrhAeDM2YUlUuQVJnnFCXONxafGhiHRDqvPvL-oliJoaP1KCr_ygAK6l4CJZXkWGGmLGxg5SllFt-yR9DKG0rqJj5cMJJVPeTqG4zR0cQhDxRn2qSeWT6a0zDi6wS8Cj_UsGRgYs1zJX6XngGQC7f4yh6UYaqD8RDJzb6O_YYp75rZhKDugkRPKr-cMYEcYrCDK349AXUBP7ocAS-iPt7GW1ZuTvnUDQK3XeR7DGd0CVtQHvkPFi3IQBzsXXRfzGDyoqd0pwG_JeDQ
financiero-064,financiero,5,2026,1,eyJraWQiOiJEZ0VqOWg3UkwxeE1mcTV6dm1XcnlhWHdPZTZ3eW9WRDFNMDBVeENYaUUwPSIsImFsZyI6IlJTMjU2In0.eyJzdWIiOiI1NDA4MjQ3OC01MGMxLTcwYzgtZjgwYy1lNDhiODQ5M2ZkMmEiLCJjb2duaXRvOmdyb3VwcyI6WyJmaW5hbmNpZXJvIl0sImVtYWlsX3ZlcmlmaWVkIjp0cnVlLCJpc3MiOiJodHRwczovL2NvZ25pdG8taWRwLnVzLWVhc3QtMS5hbWF6b25hd3MuY29tL3VzLWVhc3QtMV9RR2hSTkpOY3MiLCJjb2duaXRvOnVzZXJuYW1lIjoiZmluYW5jaWVyby0wNjQiLCJvcmlnaW5fanRpIjoiOGYyMDlkYjctYmRmMy00ZDE4LWI5ZDAtMDViYTFjZjM2YzllIiwiYXVkIjoiN2VxNWY0NmdtdDRjaGtwYWJncHVwMTdjZTYiLCJldmVudF9pZCI6IjFjYTFhMjljLTU3YjYtNDdiMi04YmMxLTA0OTRlMTA2MjI1NSIsInRva2VuX3VzZSI6ImlkIiwiYXV0aF90aW1lIjoxNzc5OTg1NzQ1LCJleHAiOjE3Nzk5ODkzNDUsImlhdCI6MTc3OTk4NTc0NSwianRpIjoiNGMyMDY2MzUtZGRlNy00NzNiLTllNzMtNDA1NDNlNDA5OTg0IiwiZW1haWwiOiJmaW5hbmNpZXJvLTA2NEBiaXRlY28uY29tIn0.LXFU1T5mEcVLD5H_jfr65-v-Q8zxD1JZFhGcttgkzfPgYMH7h0QE6-3pzu7I8bqUCW-MzpeIGOQ_2kj-4GtqpHT2paAqsdBcz3XjwgfGuYqCd3XMKn3rCBl696AEZ0v5K05sT59usK0lydfb-mDjgTLPEPP0dGQlyc0dGD6v8QcSOFo-96bH468AOR58_QPCG5KO1AHNdSQNyaSg80r8XLLW9o1QD8UWzJSMekXG5KBQVZhTh-ZMfZgyWZgRSnN6mV5S5-HnGX3AXfr75HKzykFuMx9nrc_V-aZkWaHYpEyQGr6dbZXtt_tIadTRON3lNGLMV_PvBUsq1TUIn36E7A
financiero-065,financiero,6,2026,2,eyJraWQiOiJEZ0VqOWg3UkwxeE1mcTV6dm1XcnlhWHdPZTZ3eW9WRDFNMDBVeENYaUUwPSIsImFsZyI6IlJTMjU2In0.eyJzdWIiOiI3NGQ4ODQwOC1lMGIxLTcwMTgtMmFhNi0zMDNmZTA2MjJjYzUiLCJjb2duaXRvOmdyb3VwcyI6WyJmaW5hbmNpZXJvIl0sImVtYWlsX3ZlcmlmaWVkIjp0cnVlLCJpc3MiOiJodHRwczovL2NvZ25pdG8taWRwLnVzLWVhc3QtMS5hbWF6b25hd3MuY29tL3VzLWVhc3QtMV9RR2hSTkpOY3MiLCJjb2duaXRvOnVzZXJuYW1lIjoiZmluYW5jaWVyby0wNjUiLCJvcmlnaW5fanRpIjoiNzQ2YWYyMTItZjYyZC00OTMxLWE3YTUtNWIzMDQ5MjQ2ZTE1IiwiYXVkIjoiN2VxNWY0NmdtdDRjaGtwYWJncHVwMTdjZTYiLCJldmVudF9pZCI6IjM2Y2NjMjg2LTUxMTYtNDRlZS04Y2RmLWE4ODlkOTdmMThmNyIsInRva2VuX3VzZSI6ImlkIiwiYXV0aF90aW1lIjoxNzc5OTg1NzQ1LCJleHAiOjE3Nzk5ODkzNDUsImlhdCI6MTc3OTk4NTc0NSwianRpIjoiNzA5MTJhNDgtZGI2Mi00ZWRlLWI1MDctNzE4NTIwMDM2MGJkIiwiZW1haWwiOiJmaW5hbmNpZXJvLTA2NUBiaXRlY28uY29tIn0.gPngTFFfNPrk00Yamlb-L5E5RKKHrSmZrV2qr7QNTh-dOGk_JkC7hAbw74Q-UjCl-VELUXj4-hrS2gUSWTX0Acl2L5U9-E_iSeKCUWoCOvGv7Qgm1x16qenPb57Z1Ddtx_RpHCPCKlJmwnqZmgQGpDwrXaz_UsbLMEM9iifMFiVwY7SZd1B2b9zygszeXbLoIUO1Rgu4r5OS2By-8gMSoowCp7re-0OA13_CblrpUaS_aSe2xOL0m2sfpy7tsISJvkOuoByWO85f0hdPn2ncPmZFimsxe890Njf_uwnQPO4n_fjbqggbopNoAgZ9UhsYyWTfOzHc2_We1H5Wq7lR2Q
financiero-066,financiero,7,2026,3,eyJraWQiOiJEZ0VqOWg3UkwxeE1mcTV6dm1XcnlhWHdPZTZ3eW9WRDFNMDBVeENYaUUwPSIsImFsZyI6IlJTMjU2In0.eyJzdWIiOiI0NGY4ZjRiOC0wMDExLTcwNmMtNzY1Yi1iYTVjYWNlZmI2ZTMiLCJjb2duaXRvOmdyb3VwcyI6WyJmaW5hbmNpZXJvIl0sImVtYWlsX3ZlcmlmaWVkIjp0cnVlLCJpc3MiOiJodHRwczovL2NvZ25pdG8taWRwLnVzLWVhc3QtMS5hbWF6b25hd3MuY29tL3VzLWVhc3QtMV9RR2hSTkpOY3MiLCJjb2duaXRvOnVzZXJuYW1lIjoiZmluYW5jaWVyby0wNjYiLCJvcmlnaW5fanRpIjoiZDM5NjcxNzYtYzNkYi00MTgxLWE2ODItNDNkYWU3N2E2ZTc1IiwiYXVkIjoiN2VxNWY0NmdtdDRjaGtwYWJncHVwMTdjZTYiLCJldmVudF9pZCI6ImZkYmE5ZDZmLWJmM2QtNDJiYi1hYWNlLTZkNTc2MTVkNTdjYiIsInRva2VuX3VzZSI6ImlkIiwiYXV0aF90aW1lIjoxNzc5OTg1NzQ1LCJleHAiOjE3Nzk5ODkzNDUsImlhdCI6MTc3OTk4NTc0NSwianRpIjoiNGRmNzc4NDAtMzE2Ny00YmIwLWE1M2MtNmRmNWVmY2QzMjBlIiwiZW1haWwiOiJmaW5hbmNpZXJvLTA2NkBiaXRlY28uY29tIn0.gIjkJQhoNYBl-qZl50S_jLmnzO71n6sujKoaFvn4iJWor69hLdKWiNq_3Tst44K5CZaGagtTDHlGXNwuprWHbGNpvsV7kvOA1E2yU1A2dXaH0pufCXbR9vh8yOe1fJJkOjvBBPPjdj8Bfihr5dxXEBh3YTqJhCUR6DNEOt8yJPKFGM3XylTEzlWoRWE8yogCH8GT4pUPn_834aK9RxmW0UoozJPU8i2xC38Y7aQuMyM-e5TxiMRNeHu9kOs1JfLOyibliJUz1r4TSBjuXcn3_fZpgQlO2jilCrvOySvUYOBkh-zvi9BRtlZhPbpFBzJ5iXe9bHcu-a1ZB6lolhUtGg
financiero-067,financiero,8,2026,4,eyJraWQiOiJEZ0VqOWg3UkwxeE1mcTV6dm1XcnlhWHdPZTZ3eW9WRDFNMDBVeENYaUUwPSIsImFsZyI6IlJTMjU2In0.eyJzdWIiOiI2NDk4YTQ5OC00MDcxLTcwNDAtMDQyNS0xZGQ1MWM3ZTk3YjUiLCJjb2duaXRvOmdyb3VwcyI6WyJmaW5hbmNpZXJvIl0sImVtYWlsX3ZlcmlmaWVkIjp0cnVlLCJpc3MiOiJodHRwczovL2NvZ25pdG8taWRwLnVzLWVhc3QtMS5hbWF6b25hd3MuY29tL3VzLWVhc3QtMV9RR2hSTkpOY3MiLCJjb2duaXRvOnVzZXJuYW1lIjoiZmluYW5jaWVyby0wNjciLCJvcmlnaW5fanRpIjoiYTViYzI2MjgtZGRkOC00ZGZjLTg1YjMtMWUxYzc4NzNmMGYwIiwiYXVkIjoiN2VxNWY0NmdtdDRjaGtwYWJncHVwMTdjZTYiLCJldmVudF9pZCI6IjgwMDgxY2I2LTFhOTItNDUyNC05MDE4LTZlNzNiZDQ0ZTBhNSIsInRva2VuX3VzZSI6ImlkIiwiYXV0aF90aW1lIjoxNzc5OTg1NzQ1LCJleHAiOjE3Nzk5ODkzNDUsImlhdCI6MTc3OTk4NTc0NSwianRpIjoiMDljNWIwN2UtZmE0Zi00OGEzLWIxN2ItNmYwYTlmZDk1Mzc2IiwiZW1haWwiOiJmaW5hbmNpZXJvLTA2N0BiaXRlY28uY29tIn0.AmZToyOPRZ_NvFb2iXG1uE4KxrGyelFZFY8J6dbxy-Fj3vkwMBzalUkHUcAZW-c3Y6C2-lRGJTul8lyA6JXhf3mSAQmKnlXPYQia2aWOwbEGtif1pytSsancpyhxwE8f_D6G22gEoEZfFU8y56Fn6kRFhjGNjAcIZLJJZP6AyEgE7njQEEICfZjL0KJA1Syi3gmGArRzNYX6PiateXszID44c_a89eL0PlgPt7TdNEpTRlwR5Gip9r4WBBr7dIgJsEoRGQEAyC7mx7_UvivArsbQTDwWLYSyZ7_wEnQYCFB8ZL8OTvtZOI4kaxK9w3_uSm62NDTp3eVEKIUot3u_og
financiero-068,financiero,9,2026,1,eyJraWQiOiJEZ0VqOWg3UkwxeE1mcTV6dm1XcnlhWHdPZTZ3eW9WRDFNMDBVeENYaUUwPSIsImFsZyI6IlJTMjU2In0.eyJzdWIiOiI4NDY4ZDRkOC1iMDIxLTcwZDUtMDFmNy1mZGVmN2U5ZjhhNDIiLCJjb2duaXRvOmdyb3VwcyI6WyJmaW5hbmNpZXJvIl0sImVtYWlsX3ZlcmlmaWVkIjp0cnVlLCJpc3MiOiJodHRwczovL2NvZ25pdG8taWRwLnVzLWVhc3QtMS5hbWF6b25hd3MuY29tL3VzLWVhc3QtMV9RR2hSTkpOY3MiLCJjb2duaXRvOnVzZXJuYW1lIjoiZmluYW5jaWVyby0wNjgiLCJvcmlnaW5fanRpIjoiNTQ0ZTFmODQtYWUzOC00Njg0LTk4M2QtZDhmZWIxZmZlM2Q4IiwiYXVkIjoiN2VxNWY0NmdtdDRjaGtwYWJncHVwMTdjZTYiLCJldmVudF9pZCI6ImVjZDc1OThjLWI5MGMtNDVkZC04YzA2LTc1ZTliM2ZiNTBhNiIsInRva2VuX3VzZSI6ImlkIiwiYXV0aF90aW1lIjoxNzc5OTg1NzQ2LCJleHAiOjE3Nzk5ODkzNDYsImlhdCI6MTc3OTk4NTc0NiwianRpIjoiMGQ0MzQ5ZWEtMzVjZi00ODUzLTk2OTYtMTIwMTRmMjFlYzA2IiwiZW1haWwiOiJmaW5hbmNpZXJvLTA2OEBiaXRlY28uY29tIn0.vU1NZx1wYDabeCEhCoEHSt61scVG5L9PdVseuA6BRn4UczfTtkH0s4QCyyWQrJIxMCiAeJYDInoBWUsU9kRcfiCnAdvDCi_0Da_Cl3A3v-kknwpzik17DxRBBGcs_YB4lzOVPNc4_cDSCanC6Ahdxt7Cnx3bc3TfVeO8a1lfJwRuMBOMrp18pdFcMHmhfOOiDjhOS9O9DbZDjN8n5Kd0ZfAJ_bjVfPYzR5gEDDORrgiCOrjeU6dPv-_5LTcQuSsKxSl9jrJFnJbgqQSnPzdbR4LDWfT360XPLpIJUVqniMUnxjsYwTI-kSisCYaFq2fyq5X8SHAlxuXuYAMKqgT7hw
financiero-069,financiero,10,2026,2,eyJraWQiOiJEZ0VqOWg3UkwxeE1mcTV6dm1XcnlhWHdPZTZ3eW9WRDFNMDBVeENYaUUwPSIsImFsZyI6IlJTMjU2In0.eyJzdWIiOiJlNDk4NzQ0OC05MGExLTcwNTUtNDczYi03YjY5ODFjYTNmMDMiLCJjb2duaXRvOmdyb3VwcyI6WyJmaW5hbmNpZXJvIl0sImVtYWlsX3ZlcmlmaWVkIjp0cnVlLCJpc3MiOiJodHRwczovL2NvZ25pdG8taWRwLnVzLWVhc3QtMS5hbWF6b25hd3MuY29tL3VzLWVhc3QtMV9RR2hSTkpOY3MiLCJjb2duaXRvOnVzZXJuYW1lIjoiZmluYW5jaWVyby0wNjkiLCJvcmlnaW5fanRpIjoiOTBlYTZiMWEtMjkxOS00MDYxLTg3NTEtMDBkOGVmMGViYWE5IiwiYXVkIjoiN2VxNWY0NmdtdDRjaGtwYWJncHVwMTdjZTYiLCJldmVudF9pZCI6IjNmYzkxMzg0LTA3NjgtNDkwMy05ZGE0LWU1NDdlNGNmOTQzOSIsInRva2VuX3VzZSI6ImlkIiwiYXV0aF90aW1lIjoxNzc5OTg1NzQ2LCJleHAiOjE3Nzk5ODkzNDYsImlhdCI6MTc3OTk4NTc0NiwianRpIjoiZDc5NDEwMjctYjNiOS00ZTMwLWEwNmYtOTk5YjBiNGVkZDNhIiwiZW1haWwiOiJmaW5hbmNpZXJvLTA2OUBiaXRlY28uY29tIn0.Zv9jpURFLwUJmxKj2bWk0Q410LnO_hpUubb591W3RW8rm8t0nwan8kKwP1Pp-p9v9exIPPS_QEhJ5pJ0S_XWjKCNc7PCE6fXq7KyWqYyu14fKSuVKg7Av9Djo6UF8t2epqeqmE1FreXmhoR03aAEH3QQ30QMGJzrWk33g9JFG6WTko5pmPP8eihfRkBhlKRgHnHGikepyar6oUoMxrQd1IV5_1GtTVj-gjSzGHhTakMHI_zM8t6g6C_4PHHdsH-MnsR_fc1hZJ_fIi65YODnl3i_b8JIslTA1_eEA-gJRPMhv2eDT0MlsmJL6qMC-zTpSsKWFkEz1UE4vG8LDqZ1_w
financiero-070,financiero,1,2026,3,eyJraWQiOiJEZ0VqOWg3UkwxeE1mcTV6dm1XcnlhWHdPZTZ3eW9WRDFNMDBVeENYaUUwPSIsImFsZyI6IlJTMjU2In0.eyJzdWIiOiIxNDA4MDQ2OC04MGExLTcwZjgtZmUxMi03ODY3YzUzNDgxOTEiLCJjb2duaXRvOmdyb3VwcyI6WyJmaW5hbmNpZXJvIl0sImVtYWlsX3ZlcmlmaWVkIjp0cnVlLCJpc3MiOiJodHRwczovL2NvZ25pdG8taWRwLnVzLWVhc3QtMS5hbWF6b25hd3MuY29tL3VzLWVhc3QtMV9RR2hSTkpOY3MiLCJjb2duaXRvOnVzZXJuYW1lIjoiZmluYW5jaWVyby0wNzAiLCJvcmlnaW5fanRpIjoiMmVhZDg4OTktNDBjNy00MDJiLTlmNTQtMmY0NjYwYmRjZTEwIiwiYXVkIjoiN2VxNWY0NmdtdDRjaGtwYWJncHVwMTdjZTYiLCJldmVudF9pZCI6IjYzNDM0NWZmLTliZWItNDI0Yy04NWI1LWQxMDdlYTk2NTYwMCIsInRva2VuX3VzZSI6ImlkIiwiYXV0aF90aW1lIjoxNzc5OTg1NzQ2LCJleHAiOjE3Nzk5ODkzNDYsImlhdCI6MTc3OTk4NTc0NiwianRpIjoiODE2YTdkYzgtMzYzOS00NWNiLWE4NzUtZTM0MjAwNDhlMGQ2IiwiZW1haWwiOiJmaW5hbmNpZXJvLTA3MEBiaXRlY28uY29tIn0.iJb64Bl0fWg4XlZEcwbFyam8D1OUTSjD6AJ4xdfUo6lGq6Pe-kAB00RU73BRzF1XjcI5uqPqJbAxBBIPARG_ksGvuGEn2hctQx3U_CCQuOx-BBjIX0jkIBaKGMi7Va_sZd_DnJmA3nhZblvRB3YF470qtZWkmC_t7_smy7yW7NNlgGQcPAQglO-dgs_iNUYzprZNM65DcG6DMyKC3XwHgYaGxbpJW_r3FAILBufkT7t3MSmozxD3V2qdPkbhMEbIp_30OTkUSzqeHPesj2p4XeV9r-Wy9dEDXd8TPlfXzxP_sbvLmN5w8s2ACw-wCg06J5jQs5wPBLfbEtYTF5fiCQ
financiero-071,financiero,2,2026,4,eyJraWQiOiJEZ0VqOWg3UkwxeE1mcTV6dm1XcnlhWHdPZTZ3eW9WRDFNMDBVeENYaUUwPSIsImFsZyI6IlJTMjU2In0.eyJzdWIiOiI0NGM4ODQ0OC0zMGIxLTcwYzEtYzVmYi0yMGQzZDQxMmIwNTMiLCJjb2duaXRvOmdyb3VwcyI6WyJmaW5hbmNpZXJvIl0sImVtYWlsX3ZlcmlmaWVkIjp0cnVlLCJpc3MiOiJodHRwczovL2NvZ25pdG8taWRwLnVzLWVhc3QtMS5hbWF6b25hd3MuY29tL3VzLWVhc3QtMV9RR2hSTkpOY3MiLCJjb2duaXRvOnVzZXJuYW1lIjoiZmluYW5jaWVyby0wNzEiLCJvcmlnaW5fanRpIjoiNmY4ZWI3ZGQtMWVmNS00ZWMxLTgxZDktNWJiODZlNTY3NTQ0IiwiYXVkIjoiN2VxNWY0NmdtdDRjaGtwYWJncHVwMTdjZTYiLCJldmVudF9pZCI6Ijc2MWFmYzMwLTFmNzItNDRhMy05MzZjLWY0MzE1ZTU5YWU4NSIsInRva2VuX3VzZSI6ImlkIiwiYXV0aF90aW1lIjoxNzc5OTg1NzQ3LCJleHAiOjE3Nzk5ODkzNDcsImlhdCI6MTc3OTk4NTc0NywianRpIjoiODE4NDcyNzktZjlkYi00OGY5LWFhODktMzA5YWFmY2VjNDkyIiwiZW1haWwiOiJmaW5hbmNpZXJvLTA3MUBiaXRlY28uY29tIn0.JKwyPhkiGCqEPJ3k5Thj0La5cqNy4SaJ6rOoFmD2qjCZCt9QrCswvN2wLNvALHPvqct1eHW_Eq5uUYQs2zBfSJaMEYs4vk1ZGrVPiarFof6njSzzZ_ntg-8ltJLzzTLuVqSWdeXhEOZXOvrqeN_GaJd6WnMJLPyyAX5-R8VjQxVcWhMTGsxpDlo1PFrnt9E1BRCYu0DthvsV5WX3ZBV0JRlrNtNYt6tkdtwy-IH9Ao8SGFUzU8rbI7tTLAgbuXdL7yG_VyF1QXUE4uZPfIlY7djQR-rXZQVmIhBCHz8qoXzWNx70hstjfm3djUElj6gTpRYLw1-VFHhVQlIZmE9Qsw
financiero-072,financiero,3,2026,1,eyJraWQiOiJEZ0VqOWg3UkwxeE1mcTV6dm1XcnlhWHdPZTZ3eW9WRDFNMDBVeENYaUUwPSIsImFsZyI6IlJTMjU2In0.eyJzdWIiOiJhNDk4ZTQ5OC02MDgxLTcwNDgtYzFhMi1iNmZlNWNjMjQwODMiLCJjb2duaXRvOmdyb3VwcyI6WyJmaW5hbmNpZXJvIl0sImVtYWlsX3ZlcmlmaWVkIjp0cnVlLCJpc3MiOiJodHRwczovL2NvZ25pdG8taWRwLnVzLWVhc3QtMS5hbWF6b25hd3MuY29tL3VzLWVhc3QtMV9RR2hSTkpOY3MiLCJjb2duaXRvOnVzZXJuYW1lIjoiZmluYW5jaWVyby0wNzIiLCJvcmlnaW5fanRpIjoiZGQwZTk3ZmEtNzBiYS00NTAxLWEyYzctNDQ3MDZmMTliMjQxIiwiYXVkIjoiN2VxNWY0NmdtdDRjaGtwYWJncHVwMTdjZTYiLCJldmVudF9pZCI6IjhlOTg5MjQ4LWY5MDItNDQ4MS1hYjM2LTViODAwYjRkNzNmOCIsInRva2VuX3VzZSI6ImlkIiwiYXV0aF90aW1lIjoxNzc5OTg1NzQ3LCJleHAiOjE3Nzk5ODkzNDcsImlhdCI6MTc3OTk4NTc0NywianRpIjoiMGM3MGQwOTEtZTk0Yi00MWVjLTg1MzYtNzI2NTVlNjZmY2RiIiwiZW1haWwiOiJmaW5hbmNpZXJvLTA3MkBiaXRlY28uY29tIn0.WYs6Qo6P5XNCkcrT3KPE5vIqklAvzA6xqvhqAiw_jTvZ38PsJFjot3w7ugOvE_sKvhzxWM2cjM1n-rNDsbVD7uYZLPliEvBGvN24pEBbYoxYhomSRd605eM7-3KPaZf6jWArQj5eHO81H-UU3f5kifgMPdqYL0SwpRSeFHUvewVrzyr1x2jW9ozPY5EqvpSWKgs5h9QCpSXVIV9ZK07SpYYGwFjTHu406zB1QZhU8zUTwkgxpxQ7r82LIkwqW18_8L716N9FoXpKOzeOkAME9tVs6u3dw9WHEMXxQfYA2ZkbzdrG9QW32_aD6Wu8qsp9s2vJRsQ2XH1m9lErsbJaKw
financiero-073,financiero,4,2026,2,eyJraWQiOiJEZ0VqOWg3UkwxeE1mcTV6dm1XcnlhWHdPZTZ3eW9WRDFNMDBVeENYaUUwPSIsImFsZyI6IlJTMjU2In0.eyJzdWIiOiI4NGM4ZDQ0OC1mMGYxLTcwZTYtNzA5Yy05M2UyN2QxNjIzNWEiLCJjb2duaXRvOmdyb3VwcyI6WyJmaW5hbmNpZXJvIl0sImVtYWlsX3ZlcmlmaWVkIjp0cnVlLCJpc3MiOiJodHRwczovL2NvZ25pdG8taWRwLnVzLWVhc3QtMS5hbWF6b25hd3MuY29tL3VzLWVhc3QtMV9RR2hSTkpOY3MiLCJjb2duaXRvOnVzZXJuYW1lIjoiZmluYW5jaWVyby0wNzMiLCJvcmlnaW5fanRpIjoiNGNlYjM3NzMtZjM2NS00YjAzLWJlYWYtNmQ3YmYzYTJhZDNkIiwiYXVkIjoiN2VxNWY0NmdtdDRjaGtwYWJncHVwMTdjZTYiLCJldmVudF9pZCI6IjFmYThmZGVlLWZiZTktNDQyMS04OGE3LTJkM2VjYWFmNjEyMSIsInRva2VuX3VzZSI6ImlkIiwiYXV0aF90aW1lIjoxNzc5OTg1NzQ3LCJleHAiOjE3Nzk5ODkzNDcsImlhdCI6MTc3OTk4NTc0NywianRpIjoiZTc4MGY0MGQtYmQwZC00NWQxLWEwZjUtYTU0OGViZjYxYjA3IiwiZW1haWwiOiJmaW5hbmNpZXJvLTA3M0BiaXRlY28uY29tIn0.NzctbOdzDTMq4g-eq2Ktg4SsqzUhCKJkut0ZshLVbKzDLodwotXdI7mhKdGbdrAdtQdRmlxln7e2rMiw-h2M5oadMgvfbux-PYZDsjCdRXT0Nz5x9QCl9j7tRbAzp4E5TWWUpb_mOxwQtIwpNGaCneMe460lZraNJj25aLLB2FzHQ5nXJM10Xe-pK4TbMf7egvAIt0m2xgaI-6N3cj-pJ-FfnX38UF8ywpT3x09Hw4EeQbZYVcZyjne0j8h_FEp7bxoJJ_5sZlu6coQddlXmDOieTs2fAdrKhKqVPqTOJ5AjYSUd5_OF2sF8bUvAy0y3VQfhWgbOgM_aYCPYNjT61A
financiero-074,financiero,5,2026,3,eyJraWQiOiJEZ0VqOWg3UkwxeE1mcTV6dm1XcnlhWHdPZTZ3eW9WRDFNMDBVeENYaUUwPSIsImFsZyI6IlJTMjU2In0.eyJzdWIiOiJiNDE4MTQ5OC0yMGIxLTcwYWMtODk5MS00OWFmNzk0YzI2YjAiLCJjb2duaXRvOmdyb3VwcyI6WyJmaW5hbmNpZXJvIl0sImVtYWlsX3ZlcmlmaWVkIjp0cnVlLCJpc3MiOiJodHRwczovL2NvZ25pdG8taWRwLnVzLWVhc3QtMS5hbWF6b25hd3MuY29tL3VzLWVhc3QtMV9RR2hSTkpOY3MiLCJjb2duaXRvOnVzZXJuYW1lIjoiZmluYW5jaWVyby0wNzQiLCJvcmlnaW5fanRpIjoiNmJkZDFjYTktNjc2MS00MTUxLWIyYmUtNjc1MWIxYzJhNWI5IiwiYXVkIjoiN2VxNWY0NmdtdDRjaGtwYWJncHVwMTdjZTYiLCJldmVudF9pZCI6ImJjNTRjN2QyLTFkMGUtNGI3ZC05YWEwLTE0YWNkMjgxMTMyNiIsInRva2VuX3VzZSI6ImlkIiwiYXV0aF90aW1lIjoxNzc5OTg1NzQ4LCJleHAiOjE3Nzk5ODkzNDgsImlhdCI6MTc3OTk4NTc0OCwianRpIjoiYWRlZGM1MjAtZjA2MS00ZjY1LTg1NzctNmU0NzJmZTIzYmFlIiwiZW1haWwiOiJmaW5hbmNpZXJvLTA3NEBiaXRlY28uY29tIn0.CgUlGMW8y64XOtfm6oF6vvgqWpZ0s7DN65jkTZfPplToXtrr-KCJVa2G6ZfjUp2_oEuwhP4qWJtQtC0wS4203qJiB86qS1aynyYBGMOEZ-s0-S69bwd7Jd-rHBOifoxJCCIK4TxrQYEjHlB0cMVnHiAcP9qpLPDMwAbT1KMsD7GGjEjO763ILgG8qBSQgFlvolYXaF_P7UpdFoFf-LrkJuHRU8CvvNkLAXa1tUYmiAILKEgozG1KtltjZnCo6d1z0Opo39LQKcxsWOUprds2U9o0LRArX9dssSAjNDZauuCAEPsZSi08tDBgfr7vMBP3JiioCp4WLqQarqX100RKKQ
financiero-075,financiero,6,2026,4,eyJraWQiOiJEZ0VqOWg3UkwxeE1mcTV6dm1XcnlhWHdPZTZ3eW9WRDFNMDBVeENYaUUwPSIsImFsZyI6IlJTMjU2In0.eyJzdWIiOiI3NGI4MjQxOC1hMGMxLTcwYmUtODM4ZS04NGE0NTdkZjNhYzAiLCJjb2duaXRvOmdyb3VwcyI6WyJmaW5hbmNpZXJvIl0sImVtYWlsX3ZlcmlmaWVkIjp0cnVlLCJpc3MiOiJodHRwczovL2NvZ25pdG8taWRwLnVzLWVhc3QtMS5hbWF6b25hd3MuY29tL3VzLWVhc3QtMV9RR2hSTkpOY3MiLCJjb2duaXRvOnVzZXJuYW1lIjoiZmluYW5jaWVyby0wNzUiLCJvcmlnaW5fanRpIjoiZWU1NjE4NTUtNzdkYy00OTkwLWI4ZWYtOTNmOWVjMDdkNzZmIiwiYXVkIjoiN2VxNWY0NmdtdDRjaGtwYWJncHVwMTdjZTYiLCJldmVudF9pZCI6ImQyMzc5NDQ0LTUzODQtNGYxMy05MzcxLTE4NWY3ZjdkODEyMyIsInRva2VuX3VzZSI6ImlkIiwiYXV0aF90aW1lIjoxNzc5OTg1NzQ4LCJleHAiOjE3Nzk5ODkzNDgsImlhdCI6MTc3OTk4NTc0OCwianRpIjoiMjJmZDNkYzktNGZkNS00MWYzLTlmNjQtZmVjMGFjMzU2Nzk0IiwiZW1haWwiOiJmaW5hbmNpZXJvLTA3NUBiaXRlY28uY29tIn0.HqaeKDcwTqmPf_rOIoTZY01W9BnQ7kT8DVZfnuDZMZ69IMK5NDS-LBe14MOyQe3UuksRMFQhXKzhlgXv4R2a8Xb4UNZzVc6CNnBoYscSVOWP9qDwz7QhGYgSgCWTliqzGdZ2kaBgSOsASykxdWfJwcGJnDVC_SXAo-f5rDozjowHKTO7to9qrJT81xpDJZqtqyObFTSnDNLp_hxF8e0NJe0Yxwu0_DMi2yAs_ZIgY4kWhn9w5UgkT15dUqBDnFFmMkqXoMBJ4sNYL0TCWd9lJW6PpG6KqAazvr3giZAjwY52Uk2tZG7dCk0M0CrlSMQCT4kOquhSZtn7ydulgz-GKg
financiero-076,financiero,7,2026,1,eyJraWQiOiJEZ0VqOWg3UkwxeE1mcTV6dm1XcnlhWHdPZTZ3eW9WRDFNMDBVeENYaUUwPSIsImFsZyI6IlJTMjU2In0.eyJzdWIiOiI2NDE4MjQ3OC04MDgxLTcwMDItNjY1MC0xNzMwNDU2YTg0NWYiLCJjb2duaXRvOmdyb3VwcyI6WyJmaW5hbmNpZXJvIl0sImVtYWlsX3ZlcmlmaWVkIjp0cnVlLCJpc3MiOiJodHRwczovL2NvZ25pdG8taWRwLnVzLWVhc3QtMS5hbWF6b25hd3MuY29tL3VzLWVhc3QtMV9RR2hSTkpOY3MiLCJjb2duaXRvOnVzZXJuYW1lIjoiZmluYW5jaWVyby0wNzYiLCJvcmlnaW5fanRpIjoiNDVjNWE0YjEtZTZhOS00Njk0LTgxNDQtNzZhOGQ3ZTc2NjNiIiwiYXVkIjoiN2VxNWY0NmdtdDRjaGtwYWJncHVwMTdjZTYiLCJldmVudF9pZCI6IjAwY2IxNWZlLTJhZjUtNDJmZi1iNDVjLTJhMDYwZTA3NWIwMSIsInRva2VuX3VzZSI6ImlkIiwiYXV0aF90aW1lIjoxNzc5OTg1NzQ4LCJleHAiOjE3Nzk5ODkzNDgsImlhdCI6MTc3OTk4NTc0OCwianRpIjoiYjAwZDlkYTEtN2UwOC00YzE3LTgzYzctNjA3NTMzN2RmMDMyIiwiZW1haWwiOiJmaW5hbmNpZXJvLTA3NkBiaXRlY28uY29tIn0.srKnofBcJmDu9eaMoQvgCAIUTJ8MvXEInLo4a2Z9FLdJFV3axyPepXL42tEfxBxCTBXsHi7z2dunHBrWdud8Gn3RyCXPieuZnky95bJK465fTij0tLwbdK4W0Rs7zZKuLo4aMnfb-HeRtdrHaWI-WMJQDAVrNrlENb3SIFXENLg7Qw_nHrkD_QnIH30NzSxjYAJOpcUkrEFC0lFk-5Z1DaS4GIl3YL4Jxjx8xZAVEmnTgxJctRnHmhE5OKBjeV1XxYD7MkCVt0_vnJkMNgvw3OA3D49bhFfNaDrxl2uoNkVkmanLhkCRPna80nvqr5nTet4fEhHLy2fJnAV6ki7h2Q
financiero-077,financiero,8,2026,2,eyJraWQiOiJEZ0VqOWg3UkwxeE1mcTV6dm1XcnlhWHdPZTZ3eW9WRDFNMDBVeENYaUUwPSIsImFsZyI6IlJTMjU2In0.eyJzdWIiOiJjNDg4MDRmOC00MDYxLTcwYjItMmMwMS0xM2E0ZjBmOTliNjEiLCJjb2duaXRvOmdyb3VwcyI6WyJmaW5hbmNpZXJvIl0sImVtYWlsX3ZlcmlmaWVkIjp0cnVlLCJpc3MiOiJodHRwczovL2NvZ25pdG8taWRwLnVzLWVhc3QtMS5hbWF6b25hd3MuY29tL3VzLWVhc3QtMV9RR2hSTkpOY3MiLCJjb2duaXRvOnVzZXJuYW1lIjoiZmluYW5jaWVyby0wNzciLCJvcmlnaW5fanRpIjoiMTgwNGQ3ODMtODcxMS00Nzk0LThmMWYtOTJkYmQ2ODFiMDViIiwiYXVkIjoiN2VxNWY0NmdtdDRjaGtwYWJncHVwMTdjZTYiLCJldmVudF9pZCI6IjE1OWIwNmMzLTRjMjQtNDUyNC05MDVjLWUyY2U1YmU0ZDkyOCIsInRva2VuX3VzZSI6ImlkIiwiYXV0aF90aW1lIjoxNzc5OTg1NzQ4LCJleHAiOjE3Nzk5ODkzNDgsImlhdCI6MTc3OTk4NTc0OCwianRpIjoiMzNkMmM4OTgtYzlhOC00M2NiLWJkMTEtNDJjMWZkYzZjMmY2IiwiZW1haWwiOiJmaW5hbmNpZXJvLTA3N0BiaXRlY28uY29tIn0.h9XWXTMb8Xj0HAbOxVz4HusCVG5uDrZ5RmXHeW5zlGBzroIMidn2A-Va8uQokuJUbGtNYuZgaBHSBua5WqQpVDYXkrqDvajZeMecsObEcRTPMbqn85-Jo_sSa_jFcpnx5KJiBK-3GK_61K-nxmHO89YSJnzkqjbvRpvvjFCT6pooYesgk5IOCbrRbarJlWSOItTkKPMNwLbeT74zMJFWx0VNaNlnfoV2_vc_5_nFJ1xGS19c-C6ouOE8Nz-4MXYfRX9HMEqjQ7tuKyhl6yUAWiNIa9a1l4Ml26HsF3kX0kkCjXW7cLN4ZZdxDpsiaZ4IO-chj3e_GP0BMmFsucSOzA
financiero-078,financiero,9,2026,3,eyJraWQiOiJEZ0VqOWg3UkwxeE1mcTV6dm1XcnlhWHdPZTZ3eW9WRDFNMDBVeENYaUUwPSIsImFsZyI6IlJTMjU2In0.eyJzdWIiOiIzNDQ4YTRlOC04MDIxLTcwMTYtYzhkNC1hMzhhZmM3MGY5YjkiLCJjb2duaXRvOmdyb3VwcyI6WyJmaW5hbmNpZXJvIl0sImVtYWlsX3ZlcmlmaWVkIjp0cnVlLCJpc3MiOiJodHRwczovL2NvZ25pdG8taWRwLnVzLWVhc3QtMS5hbWF6b25hd3MuY29tL3VzLWVhc3QtMV9RR2hSTkpOY3MiLCJjb2duaXRvOnVzZXJuYW1lIjoiZmluYW5jaWVyby0wNzgiLCJvcmlnaW5fanRpIjoiMmYyNjI0NmItZGU2My00YzYzLWEyOGQtZjVkMjY2Y2I3ZjMzIiwiYXVkIjoiN2VxNWY0NmdtdDRjaGtwYWJncHVwMTdjZTYiLCJldmVudF9pZCI6IjVkY2EwODRhLWE4YzMtNDFjYi1iMzgxLTY4NmY0N2JiNWJhZSIsInRva2VuX3VzZSI6ImlkIiwiYXV0aF90aW1lIjoxNzc5OTg1NzQ5LCJleHAiOjE3Nzk5ODkzNDksImlhdCI6MTc3OTk4NTc0OSwianRpIjoiYzUwMDg5OWYtM2QzOS00NGZlLTg5ZGEtZGIwYjA2OTNkMGRlIiwiZW1haWwiOiJmaW5hbmNpZXJvLTA3OEBiaXRlY28uY29tIn0.GpXl15rhQVodtw1AT0UbhCZLNxjbm44RU5vMWLAlQ3n_OiXooVY5BNcCixROdf7GNEGoc4k1jZvNHSSg1D5_63lQyT4jnBZHzKo6kKoEfRDIIl585UxigY7XXjcMXEZVmIyUL-wxKudKNjnQI8In4CJ-CJwzAQrG-PKQP-Ce2BD0-IwYQX9TRrMEJVgEJobyxMKDf7eb3oHLM-IkeGqi6DYGl5uhBFKTnjYua_OI6jOtybB5lj4rC_PdSvjy_C4GnY2lN3JHZ9s91kaSFjp0w0faLtFIKw_2BmcocEqQKu-flKMtX0sGFrteKisywMKm3iY0LEelvJcznMl1O1Qzzw
financiero-079,financiero,10,2026,4,eyJraWQiOiJEZ0VqOWg3UkwxeE1mcTV6dm1XcnlhWHdPZTZ3eW9WRDFNMDBVeENYaUUwPSIsImFsZyI6IlJTMjU2In0.eyJzdWIiOiIzNDE4ZDQxOC1jMGExLTcwZDYtM2NlNC0zMGVmZTIxM2I5Y2QiLCJjb2duaXRvOmdyb3VwcyI6WyJmaW5hbmNpZXJvIl0sImVtYWlsX3ZlcmlmaWVkIjp0cnVlLCJpc3MiOiJodHRwczovL2NvZ25pdG8taWRwLnVzLWVhc3QtMS5hbWF6b25hd3MuY29tL3VzLWVhc3QtMV9RR2hSTkpOY3MiLCJjb2duaXRvOnVzZXJuYW1lIjoiZmluYW5jaWVyby0wNzkiLCJvcmlnaW5fanRpIjoiZTRjMjIxMTMtNzk3ZC00ODZiLWFiMDgtNmE2Zjg2YWJlOGRlIiwiYXVkIjoiN2VxNWY0NmdtdDRjaGtwYWJncHVwMTdjZTYiLCJldmVudF9pZCI6ImM3ZTFjYTg5LWY2NzgtNDg1NS1hZThhLTEzZTE4YjI4MzQ4YiIsInRva2VuX3VzZSI6ImlkIiwiYXV0aF90aW1lIjoxNzc5OTg1NzQ5LCJleHAiOjE3Nzk5ODkzNDksImlhdCI6MTc3OTk4NTc0OSwianRpIjoiZGM3MGUzNmUtYWJiZS00ZmVhLWEzNjYtZDIyOTNkMjU0ZTRiIiwiZW1haWwiOiJmaW5hbmNpZXJvLTA3OUBiaXRlY28uY29tIn0.2UwxP2WTdZiX5L-eI4VQSDqgOV9k4x04ah-OwHdAJajppDppOL7ybuXSdsQ7Xg5letQtI-P9CboC9d7ig19OMzFpyADTzwM04tB6jIULLNTD6vhx1f9GKawiu62kNRyjEtgiIhtleY-bl3BODkS8HcG_DAJqd34KGLmblF0fL94m9oX6LCcYqMhfVu2qLg9xloQIm8P0Hzqew-QoS2LMirz-am_ea8Stbl883yUf7il3qTzWVhdHyfQNEH9z7U-NrT1wqKCUdykvMdwdTJapFEpfOP9b8St3Hs0aBrifHGmI8cMirHcsu8SRUlTZeAjJmzIgBSdR6W6FxPxs0ixVCQ
financiero-080,financiero,1,2026,1,eyJraWQiOiJEZ0VqOWg3UkwxeE1mcTV6dm1XcnlhWHdPZTZ3eW9WRDFNMDBVeENYaUUwPSIsImFsZyI6IlJTMjU2In0.eyJzdWIiOiIxNGY4ZTQ2OC1mMGYxLTcwZWMtNzI5Yy0xZDdlNmM2MzVlODEiLCJjb2duaXRvOmdyb3VwcyI6WyJmaW5hbmNpZXJvIl0sImVtYWlsX3ZlcmlmaWVkIjp0cnVlLCJpc3MiOiJodHRwczovL2NvZ25pdG8taWRwLnVzLWVhc3QtMS5hbWF6b25hd3MuY29tL3VzLWVhc3QtMV9RR2hSTkpOY3MiLCJjb2duaXRvOnVzZXJuYW1lIjoiZmluYW5jaWVyby0wODAiLCJvcmlnaW5fanRpIjoiNzUzZjQ4YTctNGMyMS00MDQ4LWJkYjMtYzZlNTliMGVmMWNlIiwiYXVkIjoiN2VxNWY0NmdtdDRjaGtwYWJncHVwMTdjZTYiLCJldmVudF9pZCI6IjcxNDYxZTY3LWUyMTAtNDU2NC05YTU2LTIyMjhhZjA5OTk1ZSIsInRva2VuX3VzZSI6ImlkIiwiYXV0aF90aW1lIjoxNzc5OTg1NzQ5LCJleHAiOjE3Nzk5ODkzNDksImlhdCI6MTc3OTk4NTc0OSwianRpIjoiM2Q5NjIxNmEtMTlhZi00MDQ5LWEwYjItMWRkNWMyMDc1MGI2IiwiZW1haWwiOiJmaW5hbmNpZXJvLTA4MEBiaXRlY28uY29tIn0.SHaIC10Im3bkba7et7aB68c35P8Ug4dI7hRVGEtxnnBOIhsqOei0i5MGwDkLJw7tnH84e-Onkj_UGS9-JKO3Y0TOTSnw6lfmI0qw-dtDnKuzlx-7qxECEJqgy4huw04KvYG2m1hlsxtSMwa8_mPnwjQU3w1pJfnOqGiUWijj_SEcouTOhrrM77iwJjx03tiwm9QbN9MlAcaTN0zJ18dPBJ_-nGGqcj_VMH2kpyFUB3rSUo0lHtoDSTCtoZ0kd1WZSJHQ3FEdBb663pcsqp9iqO3r7-P5EF08qxA0iM-LR7lEx19U1ymGABUF_wzY2_WCH8IPQabgKIrmmnL6rBv1qw
financiero-081,financiero,2,2026,2,eyJraWQiOiJEZ0VqOWg3UkwxeE1mcTV6dm1XcnlhWHdPZTZ3eW9WRDFNMDBVeENYaUUwPSIsImFsZyI6IlJTMjU2In0.eyJzdWIiOiIxNGQ4NTRmOC0zMDIxLTcwODktODJhZi01OTg1MmEzZmQ4ODQiLCJjb2duaXRvOmdyb3VwcyI6WyJmaW5hbmNpZXJvIl0sImVtYWlsX3ZlcmlmaWVkIjp0cnVlLCJpc3MiOiJodHRwczovL2NvZ25pdG8taWRwLnVzLWVhc3QtMS5hbWF6b25hd3MuY29tL3VzLWVhc3QtMV9RR2hSTkpOY3MiLCJjb2duaXRvOnVzZXJuYW1lIjoiZmluYW5jaWVyby0wODEiLCJvcmlnaW5fanRpIjoiYTE0M2FmMzItYzk3MS00ZmIzLWFjMmItYjBhNDZkN2VhZTRkIiwiYXVkIjoiN2VxNWY0NmdtdDRjaGtwYWJncHVwMTdjZTYiLCJldmVudF9pZCI6ImQxNzBiNjJhLTBmZWEtNGViMy1hNzIxLTJkOTA4ZTc2OWIyZSIsInRva2VuX3VzZSI6ImlkIiwiYXV0aF90aW1lIjoxNzc5OTg1NzQ5LCJleHAiOjE3Nzk5ODkzNDksImlhdCI6MTc3OTk4NTc0OSwianRpIjoiN2Q0MjRmM2EtZjhhYy00YjNlLWE5NWItNTNmODExMWRjM2FiIiwiZW1haWwiOiJmaW5hbmNpZXJvLTA4MUBiaXRlY28uY29tIn0.qRLrcmRwZwUjLXH8weKPpSY48zViwjdr0Na7URTOTB5z_hOVJ3KEPX_s8cqBpjiJRV-K_RWcoioE_qHi3tHZ0uCmqHP95UaToMsZBp9XDfMdq3adOyuosqdJQnwJ9J98EJg0795bvpClhq27hX2xRbpFYTIq4nbYxJZPDYdsk48O36tJnnq7DUWRIeLyL8sy_yuyV40V45UeFXzEfKuica47P-jW1p3Rvqi8xC4E_KDqF63pV8V0k4ahE1QweXEAZXe44-jFp-QMKL6vRcWDSmFgHsbSI4Fsk47PRzkWIi8qLPFahVlXzMawTqlfWp7Ew80i-sktIiHSkndcTRnvrQ
financiero-082,financiero,3,2026,3,eyJraWQiOiJEZ0VqOWg3UkwxeE1mcTV6dm1XcnlhWHdPZTZ3eW9WRDFNMDBVeENYaUUwPSIsImFsZyI6IlJTMjU2In0.eyJzdWIiOiI0NGU4YTQ1OC0wMDgxLTcwODQtMGNlMC05ZmNmYzE0YmM2MWMiLCJjb2duaXRvOmdyb3VwcyI6WyJmaW5hbmNpZXJvIl0sImVtYWlsX3ZlcmlmaWVkIjp0cnVlLCJpc3MiOiJodHRwczovL2NvZ25pdG8taWRwLnVzLWVhc3QtMS5hbWF6b25hd3MuY29tL3VzLWVhc3QtMV9RR2hSTkpOY3MiLCJjb2duaXRvOnVzZXJuYW1lIjoiZmluYW5jaWVyby0wODIiLCJvcmlnaW5fanRpIjoiZWQ1N2JiZDktMGJkNy00MmMwLWFiODctZDUzMDdjZjViMDJiIiwiYXVkIjoiN2VxNWY0NmdtdDRjaGtwYWJncHVwMTdjZTYiLCJldmVudF9pZCI6IjA3MTgwNjhmLThhMDEtNGM2Yy04OGZkLTQyNmQ2NzUxNGM0YSIsInRva2VuX3VzZSI6ImlkIiwiYXV0aF90aW1lIjoxNzc5OTg1NzUwLCJleHAiOjE3Nzk5ODkzNTAsImlhdCI6MTc3OTk4NTc1MCwianRpIjoiMTkwN2YzOTktZmY3ZC00ZThjLWJkZTMtY2MxOWU5OWQ5MGNiIiwiZW1haWwiOiJmaW5hbmNpZXJvLTA4MkBiaXRlY28uY29tIn0.OmnCwXqFVTx__4HpAbkahFOlmhLOTH0FS5MwIYOh-ih_3m9Q9gXxXN1d2wODOwuS_jL3O7jzrkNnkXIvxp02Rcj6ufpGyHJa-TQZqiQr2l4kmCgrAJmcDvEU6X0ID9gXc76rnWY3DnZElDLxMA54f8We_6idx5lYR8U3_lceTlvHUbhW1IKbjh2-1ljJHaPwYuUXwYkHR0UneTnpLwOevwA9I12JeBHhjZW2f_d2jOSZAW9kR6G5ZmZjXoN6TQ0nDiOJreA6UjkbQ9NJTRh-lvQ4Vzdh9-sMvWwKXiJNHVXH279L-yvxVwyk9wHGcBJAv--HWvlcX9_JiZaI6hUvoQ
financiero-083,financiero,4,2026,4,eyJraWQiOiJEZ0VqOWg3UkwxeE1mcTV6dm1XcnlhWHdPZTZ3eW9WRDFNMDBVeENYaUUwPSIsImFsZyI6IlJTMjU2In0.eyJzdWIiOiJhNGI4ZTQ4OC1iMDYxLTcwY2YtM2ViMS0yZDUxMTkxMDgyYzgiLCJjb2duaXRvOmdyb3VwcyI6WyJmaW5hbmNpZXJvIl0sImVtYWlsX3ZlcmlmaWVkIjp0cnVlLCJpc3MiOiJodHRwczovL2NvZ25pdG8taWRwLnVzLWVhc3QtMS5hbWF6b25hd3MuY29tL3VzLWVhc3QtMV9RR2hSTkpOY3MiLCJjb2duaXRvOnVzZXJuYW1lIjoiZmluYW5jaWVyby0wODMiLCJvcmlnaW5fanRpIjoiNzdlZDc0NTItMGYxNC00MWQxLTgyNTEtZWJlN2M0MWI3MjliIiwiYXVkIjoiN2VxNWY0NmdtdDRjaGtwYWJncHVwMTdjZTYiLCJldmVudF9pZCI6ImJlMDBhY2YyLThkOTAtNDBiMC04ZDhkLTA0OTRjMzc0MDdmNCIsInRva2VuX3VzZSI6ImlkIiwiYXV0aF90aW1lIjoxNzc5OTg1NzUwLCJleHAiOjE3Nzk5ODkzNTAsImlhdCI6MTc3OTk4NTc1MCwianRpIjoiNDgzOGM3ZDYtMDkxOS00ZDA5LTgxNWItNzkyOGNkMjYzMGRhIiwiZW1haWwiOiJmaW5hbmNpZXJvLTA4M0BiaXRlY28uY29tIn0.gPCb6FGdZsg8UK-ucRwzzd5qGFPI_fh0wBXNnzWkCNsX95Y20ZojPTz6LZmqCB2UYBeJ22bpjMLrEVikbOk4UvII21dZR_Hzh7wCXlMdR-3AnYZOY3uCGEKaCVBDcfOLKI60IgEoiEE5Oy2xeRNX_agP6BRGbPP8fJR-8B09CVnLJIG7Vf59rmeuOiqG-yUqbZhZfjql6fkew5QnPANBQnkcxUZsQ6eRUZ9uofYzCB0Uc4ZfMamQgn6kRiTDAeVcCoE6vBrrR4EWsEVMw_PNYrs-yeo2WR4Zwol33QGMNqxPxQMptPePwXJu8BwwSKtNKDFc1s7PMhIhuWtExOu6Jg
financiero-084,financiero,5,2026,1,eyJraWQiOiJEZ0VqOWg3UkwxeE1mcTV6dm1XcnlhWHdPZTZ3eW9WRDFNMDBVeENYaUUwPSIsImFsZyI6IlJTMjU2In0.eyJzdWIiOiIyNDE4MzQ4OC0zMGExLTcwNGQtNjA5ZC0xOWEwZWIzNDQwNWEiLCJjb2duaXRvOmdyb3VwcyI6WyJmaW5hbmNpZXJvIl0sImVtYWlsX3ZlcmlmaWVkIjp0cnVlLCJpc3MiOiJodHRwczovL2NvZ25pdG8taWRwLnVzLWVhc3QtMS5hbWF6b25hd3MuY29tL3VzLWVhc3QtMV9RR2hSTkpOY3MiLCJjb2duaXRvOnVzZXJuYW1lIjoiZmluYW5jaWVyby0wODQiLCJvcmlnaW5fanRpIjoiNjZlZTJmNmItN2FkYi00YjNjLTg2MmItYzQ4NzliNDYyZmQzIiwiYXVkIjoiN2VxNWY0NmdtdDRjaGtwYWJncHVwMTdjZTYiLCJldmVudF9pZCI6IjE3NGRjMTQyLTgxZWQtNDAyNy05MTVjLTA3NzY3ZTQ0YzAzOCIsInRva2VuX3VzZSI6ImlkIiwiYXV0aF90aW1lIjoxNzc5OTg1NzUwLCJleHAiOjE3Nzk5ODkzNTAsImlhdCI6MTc3OTk4NTc1MCwianRpIjoiNTI2ODY4MWYtNTdiYi00NmFjLTg1Y2YtODM3NTIwZTBlYmUyIiwiZW1haWwiOiJmaW5hbmNpZXJvLTA4NEBiaXRlY28uY29tIn0.15ER6zSU06hmvlyD1bMKY7zhLUiccKVgmF75_8tlu__WPN_fJebU_poYFDtw6LvlTG-X8S3O_BYEK2DE6vcUAVF2bJE_P2dFfFXLzZ20JMT_bqc_W-f51mSPhV04Rq2BRwmyCxzcVOSRFx6S1mYs-3XMi4vk70zXtiyBHrPKOgWt028XF-NCa9iUhwgaL2zjo9ou8uHcKcRr3rTMPee7uEtKgUVfx_gDUwMV_2X3oqNg1Jjyjq3_OAuDW1agIm1Eamj3We8FrGqvp0RxgG3CWLnRXNXj67oDmSPWyNpTxajsPKkucBi7QwDHFLwe_wxtujxTKOEBprPNElfdAihYQw
financiero-085,financiero,6,2026,2,eyJraWQiOiJEZ0VqOWg3UkwxeE1mcTV6dm1XcnlhWHdPZTZ3eW9WRDFNMDBVeENYaUUwPSIsImFsZyI6IlJTMjU2In0.eyJzdWIiOiI3NDQ4OTQ2OC02MDQxLTcwZjYtM2QwMS04ZmFjZmE4NzViM2YiLCJjb2duaXRvOmdyb3VwcyI6WyJmaW5hbmNpZXJvIl0sImVtYWlsX3ZlcmlmaWVkIjp0cnVlLCJpc3MiOiJodHRwczovL2NvZ25pdG8taWRwLnVzLWVhc3QtMS5hbWF6b25hd3MuY29tL3VzLWVhc3QtMV9RR2hSTkpOY3MiLCJjb2duaXRvOnVzZXJuYW1lIjoiZmluYW5jaWVyby0wODUiLCJvcmlnaW5fanRpIjoiYjliMDVlNTctMzc1NC00YjMzLTk2NGYtYjI2Yzc0NmFkM2IwIiwiYXVkIjoiN2VxNWY0NmdtdDRjaGtwYWJncHVwMTdjZTYiLCJldmVudF9pZCI6IjA3NGZlYTgyLTBiZmEtNDIzMC05MmFmLTI3YTJjZDUxN2MxOCIsInRva2VuX3VzZSI6ImlkIiwiYXV0aF90aW1lIjoxNzc5OTg1NzUwLCJleHAiOjE3Nzk5ODkzNTAsImlhdCI6MTc3OTk4NTc1MCwianRpIjoiNmNiYzVkYjgtNmE3Yy00MzcyLWFjMWQtYTlmNmI0NDM3MzllIiwiZW1haWwiOiJmaW5hbmNpZXJvLTA4NUBiaXRlY28uY29tIn0.0yi0Kv7gmFhnwttcUDnKWkzSnjD1lAAo7yhtwbkGfzKYx2KjeaI1ZN4aH7U4HbsM5ixSkNhXdif08CNq8NF8HzJrp51T2wkXviYGsZbqMNkScfZ4DSqWZB5jUfSIk3ZEmxoKB6HgvcUMvkUGeYKJrvF5kXIszHQWN3-RdrDip-oJB7Yd7k4b9VVGuGsd8--iwSjiaV4rUoTk-cgEZQnYeYe8szKtaPTqzUs0bkGbmPgGaWSmnZsUKlBNVVY06PJjh_JUc3u_MH_xeCDUQm3Qz5xmeYEsnN117vCJHnrTi7aIOzpriHCWpc5av75MYhqdHz8r1rYjNx2wj8oh_IheUQ
financiero-086,financiero,7,2026,3,eyJraWQiOiJEZ0VqOWg3UkwxeE1mcTV6dm1XcnlhWHdPZTZ3eW9WRDFNMDBVeENYaUUwPSIsImFsZyI6IlJTMjU2In0.eyJzdWIiOiIzNGI4MTRmOC0xMDQxLTcwNDUtOTRlZi1hY2JkM2NjOTJhNWYiLCJjb2duaXRvOmdyb3VwcyI6WyJmaW5hbmNpZXJvIl0sImVtYWlsX3ZlcmlmaWVkIjp0cnVlLCJpc3MiOiJodHRwczovL2NvZ25pdG8taWRwLnVzLWVhc3QtMS5hbWF6b25hd3MuY29tL3VzLWVhc3QtMV9RR2hSTkpOY3MiLCJjb2duaXRvOnVzZXJuYW1lIjoiZmluYW5jaWVyby0wODYiLCJvcmlnaW5fanRpIjoiMTlmM2IwYzYtODFkZi00NGEwLTg4YWUtMWVjMDE3NTA1N2Q5IiwiYXVkIjoiN2VxNWY0NmdtdDRjaGtwYWJncHVwMTdjZTYiLCJldmVudF9pZCI6ImE2YjRlZmYzLWI5YTItNGE3Mi04MDU4LTk5OGFkM2Q4ZjE0MyIsInRva2VuX3VzZSI6ImlkIiwiYXV0aF90aW1lIjoxNzc5OTg1NzUxLCJleHAiOjE3Nzk5ODkzNTEsImlhdCI6MTc3OTk4NTc1MSwianRpIjoiZWNkYjE4NTctOWFjYS00ZThkLWE5NDctNjM1NmNjMzI1MDBhIiwiZW1haWwiOiJmaW5hbmNpZXJvLTA4NkBiaXRlY28uY29tIn0.ZFa1O1aYK5l4i3Q5noxmS2LuBPNk_qxPb3gG9zu9Cji7uO9zF46nt6MvX1PWBj7lpKYv0HgQCjZP4pNDXKLkFK8IJVMD8VS32tboCBh8vyoUcVZiF-ne1ICHi6mOhdogouwrGcCV_uis9cJyrxkjzkox3BVLRTzIGsTD4_rIFAd1lfYk-QNDZxgSwN5PvAXSMCNHPAht3uTGd_cfLU0HdAM069SIIA5OVX4jgPb8xKgWk_ElYzKHrag2XALLDjXEnHrjHs_Q_0UHNJ4i2YrHaXJLDRpMas3N4YDoRC9JzSKRGr9wMRUZkJevUVfsp8Eeq1kokgaJNBZiy0V7efcR4g
financiero-087,financiero,8,2026,4,eyJraWQiOiJEZ0VqOWg3UkwxeE1mcTV6dm1XcnlhWHdPZTZ3eW9WRDFNMDBVeENYaUUwPSIsImFsZyI6IlJTMjU2In0.eyJzdWIiOiJjNGM4MjQ5OC03MGUxLTcwZGUtNjFiYi01OTc5MzFjMTM1YjkiLCJjb2duaXRvOmdyb3VwcyI6WyJmaW5hbmNpZXJvIl0sImVtYWlsX3ZlcmlmaWVkIjp0cnVlLCJpc3MiOiJodHRwczovL2NvZ25pdG8taWRwLnVzLWVhc3QtMS5hbWF6b25hd3MuY29tL3VzLWVhc3QtMV9RR2hSTkpOY3MiLCJjb2duaXRvOnVzZXJuYW1lIjoiZmluYW5jaWVyby0wODciLCJvcmlnaW5fanRpIjoiMTBlM2I2MDMtNDQxMy00MGVmLTkxNTItZmU5NDA2MGYxNTM3IiwiYXVkIjoiN2VxNWY0NmdtdDRjaGtwYWJncHVwMTdjZTYiLCJldmVudF9pZCI6Ijg0YzZkZTkyLTcxNTgtNDY3NC1iYTMyLWQ2ZWVkMWViODk3OSIsInRva2VuX3VzZSI6ImlkIiwiYXV0aF90aW1lIjoxNzc5OTg1NzUxLCJleHAiOjE3Nzk5ODkzNTEsImlhdCI6MTc3OTk4NTc1MSwianRpIjoiMGM0YTRjMTYtMjk5OC00NTI2LWFhOWMtZGY4YTg5YzI5NzdlIiwiZW1haWwiOiJmaW5hbmNpZXJvLTA4N0BiaXRlY28uY29tIn0.CnGN-XB73cT2aCfRqbfr7ndEyeFNnqRpx912CgntQB8MywR3X-0dx0TcPTxjQ4l6lTooxvxx5OwmBqvE-pvb_93nITOHLjAhaoVNEcUvH3duyR15Vqkp9Oazved3_a5oOxgCcCNjoA4hvtsBrBStLDJ-H8qLYWSObi_6ynMBXocBPmY-YCZwGkZPdMrdCoZBXaHhUcWZrfw2EeWaERXGznNaxKGmqdRvi_SMt5v-Dsb_DukwbeY6SdPIv339tJ6uQqViR1cjEF7gASBletRQeGDdLF4zWfpsSKxVOVb3jdkf4P7M9U_KDJh4es2nW7f6xrAAIZel_Do1lZfu2XgDsg
financiero-088,financiero,9,2026,1,eyJraWQiOiJEZ0VqOWg3UkwxeE1mcTV6dm1XcnlhWHdPZTZ3eW9WRDFNMDBVeENYaUUwPSIsImFsZyI6IlJTMjU2In0.eyJzdWIiOiJkNDg4MDQ3OC1lMDMxLTcwMDItNGFlNS01ZWFlNDA1YzBjYjQiLCJjb2duaXRvOmdyb3VwcyI6WyJmaW5hbmNpZXJvIl0sImVtYWlsX3ZlcmlmaWVkIjp0cnVlLCJpc3MiOiJodHRwczovL2NvZ25pdG8taWRwLnVzLWVhc3QtMS5hbWF6b25hd3MuY29tL3VzLWVhc3QtMV9RR2hSTkpOY3MiLCJjb2duaXRvOnVzZXJuYW1lIjoiZmluYW5jaWVyby0wODgiLCJvcmlnaW5fanRpIjoiYjU3MGNiYmMtN2Q5NC00OTA5LWJhMGEtZTJhZTE0MDE2YjEwIiwiYXVkIjoiN2VxNWY0NmdtdDRjaGtwYWJncHVwMTdjZTYiLCJldmVudF9pZCI6ImU3YzFkNGQwLTdkOTEtNGRlYy1iZTRlLWZmMDg4N2I1MTZmZSIsInRva2VuX3VzZSI6ImlkIiwiYXV0aF90aW1lIjoxNzc5OTg1NzUxLCJleHAiOjE3Nzk5ODkzNTEsImlhdCI6MTc3OTk4NTc1MSwianRpIjoiOGQ4OWZmY2QtNjU5NS00MWM1LTkxOTgtZDE0ZDM2Yzc4OTJlIiwiZW1haWwiOiJmaW5hbmNpZXJvLTA4OEBiaXRlY28uY29tIn0.HVbaUgn43NwP-aGYQeMfq19Rq0nSTASU1gD2Wp_NH314kBIk60fOCLRSvZmMtpFQos6NC7ZYYH-O45GHNbJkonr4XR1wqyN_Di_Tj5933qBS7H22pmDLSnflqCd_KSVIGSv-KspsEMyTYMmHxu_WiQ8sleq9UTbX-q3nk5hOEOKKqYUSE3duDprgfY8nauFsMDo4PIe9B_IgFXrrw5J5wxJhx0KzC41xbqRobnIUClu4ZELz4Gb4lYc_qPaFrmzHfy6v39dFeyPuLvTllN83tusqfjGwsWbXvIQ-WLuN9fBY2Y2_pKXD6pw-uK4amca8OswQp-2pPCoKjvu1FvAEOw
financiero-089,financiero,10,2026,2,eyJraWQiOiJEZ0VqOWg3UkwxeE1mcTV6dm1XcnlhWHdPZTZ3eW9WRDFNMDBVeENYaUUwPSIsImFsZyI6IlJTMjU2In0.eyJzdWIiOiI2NGU4MTQ1OC01MGMxLTcwZDUtNmVjZC0yMTE4NTA1YjI0NzkiLCJjb2duaXRvOmdyb3VwcyI6WyJmaW5hbmNpZXJvIl0sImVtYWlsX3ZlcmlmaWVkIjp0cnVlLCJpc3MiOiJodHRwczovL2NvZ25pdG8taWRwLnVzLWVhc3QtMS5hbWF6b25hd3MuY29tL3VzLWVhc3QtMV9RR2hSTkpOY3MiLCJjb2duaXRvOnVzZXJuYW1lIjoiZmluYW5jaWVyby0wODkiLCJvcmlnaW5fanRpIjoiYWRhMDEyMWYtYTQ2NS00MDI2LThmZjItMTJhNDNhYzQyMjhkIiwiYXVkIjoiN2VxNWY0NmdtdDRjaGtwYWJncHVwMTdjZTYiLCJldmVudF9pZCI6ImJiMzE5YzU5LTVjNTUtNDg3Ni1hNDRmLWE1ZjgzMmU4NmNkMyIsInRva2VuX3VzZSI6ImlkIiwiYXV0aF90aW1lIjoxNzc5OTg1NzUyLCJleHAiOjE3Nzk5ODkzNTIsImlhdCI6MTc3OTk4NTc1MiwianRpIjoiYmVlMGNjZTAtZmNhMC00YWZhLTgwMTQtNDMxNzdiNGZhNDFhIiwiZW1haWwiOiJmaW5hbmNpZXJvLTA4OUBiaXRlY28uY29tIn0.0lvdoEo-dFUEBMCFJYaAmGaUq2_PlWYkdmDbxZGGqtB4_CpDXAlZhD6ARt3l5CgQEJIB8JKL3znbMAIAgHVCKABALaOyHU1nj17GBORIbc_jCulR9-oSNCXXepd1FXp0XGEbdAI6a992mpXgVJiVoa8tw5sWmiuSrQqLrqg1WoOeO_lA7a6VLwXWk12VmLUz8aNMsTzwvPxNkE1oRczSYU9apTV0Dx7IOy_0-V67mRSQyaPlxHoFrb_LjkX_1LX4ozB6T5KogP1pP1rmEfECmzcJF3pqgBOLN0qZt3dNsyc5ji7DoxJmSsO99hnrpgb6Tg4m59UyVqg4ubVJOluw2A
financiero-090,financiero,1,2026,3,eyJraWQiOiJEZ0VqOWg3UkwxeE1mcTV6dm1XcnlhWHdPZTZ3eW9WRDFNMDBVeENYaUUwPSIsImFsZyI6IlJTMjU2In0.eyJzdWIiOiJmNDQ4MTQ2OC05MDYxLTcwZWMtYmMwZC1lMGI3NzVjZmU0NDEiLCJjb2duaXRvOmdyb3VwcyI6WyJmaW5hbmNpZXJvIl0sImVtYWlsX3ZlcmlmaWVkIjp0cnVlLCJpc3MiOiJodHRwczovL2NvZ25pdG8taWRwLnVzLWVhc3QtMS5hbWF6b25hd3MuY29tL3VzLWVhc3QtMV9RR2hSTkpOY3MiLCJjb2duaXRvOnVzZXJuYW1lIjoiZmluYW5jaWVyby0wOTAiLCJvcmlnaW5fanRpIjoiZWQ4NTA1OWItYjFkMi00Zjg3LTk1ZGEtMmM0ODQ0OGIyODJkIiwiYXVkIjoiN2VxNWY0NmdtdDRjaGtwYWJncHVwMTdjZTYiLCJldmVudF9pZCI6IjRiMzIwMGJmLWY0NGQtNGIzOC05NzU2LWRlM2IwYzZkMTU2ZSIsInRva2VuX3VzZSI6ImlkIiwiYXV0aF90aW1lIjoxNzc5OTg1NzUyLCJleHAiOjE3Nzk5ODkzNTIsImlhdCI6MTc3OTk4NTc1MiwianRpIjoiNjVkYzg1ZGUtM2UwYy00MTNhLTlhZTUtYzI4NTI5MWFlNTNlIiwiZW1haWwiOiJmaW5hbmNpZXJvLTA5MEBiaXRlY28uY29tIn0.V8s1PEBxe6pvAkKNwUW_q9Z9pwOvowwUD0mc1Llf-rBd76yJ8hecgjPuRbfp322AsYsjk5b9fLIAuTHTYmO0C0eKj3nrQNd4we_tgtxeeMmXs7I5Lg4W-tM0GtmQm34Ytg0D0jJ4KTcvEFjCCem1Sf9Ic3Ah8JOkRzAr3e4VfzD0TaDrcU2eqhU3j5uAeg3MnGl1VqxGQdhXft_fwwXVW593NChBak3C7uGcGw13UyKXcswrY8-3WSA_MNO_OVK2cwKgGWD8rhP-hVCA60AX-D7z9Oq6R9ulndcvLPpyDDgjmj3zL3lagRtOuNfoM1WLSYFmpUEqlJj9GmUEG6Mp1A
financiero-091,financiero,2,2026,4,eyJraWQiOiJEZ0VqOWg3UkwxeE1mcTV6dm1XcnlhWHdPZTZ3eW9WRDFNMDBVeENYaUUwPSIsImFsZyI6IlJTMjU2In0.eyJzdWIiOiI3NDM4MTQxOC1lMDkxLTcwOGQtMjFjYy1iOWExZTkxZGYyODciLCJjb2duaXRvOmdyb3VwcyI6WyJmaW5hbmNpZXJvIl0sImVtYWlsX3ZlcmlmaWVkIjp0cnVlLCJpc3MiOiJodHRwczovL2NvZ25pdG8taWRwLnVzLWVhc3QtMS5hbWF6b25hd3MuY29tL3VzLWVhc3QtMV9RR2hSTkpOY3MiLCJjb2duaXRvOnVzZXJuYW1lIjoiZmluYW5jaWVyby0wOTEiLCJvcmlnaW5fanRpIjoiYzgxODI3YTItNWEzZi00N2YwLWI0MTYtYmJjYmIyYjBkY2EzIiwiYXVkIjoiN2VxNWY0NmdtdDRjaGtwYWJncHVwMTdjZTYiLCJldmVudF9pZCI6IjdkNzJlNmU1LTIwY2EtNGVhNC04ZDEyLTFhMjc5YmQ2NTk2NiIsInRva2VuX3VzZSI6ImlkIiwiYXV0aF90aW1lIjoxNzc5OTg1NzUyLCJleHAiOjE3Nzk5ODkzNTIsImlhdCI6MTc3OTk4NTc1MiwianRpIjoiMWJmNGM0NWItOTVhNy00ZTJmLTlkNDctOTRmMjMzMGUzYzBiIiwiZW1haWwiOiJmaW5hbmNpZXJvLTA5MUBiaXRlY28uY29tIn0.IlddOebJ_qs8yT46u1z1N7ryKuYwmgiU6tT4pU8icSmicxZImNHpt-BgkX4_Yy3r3wIITUUdqqeiAPFaxdwteMCmpX0Z9N79-x98s7-yJYUerOlVzkKoSOo_sAJ01gFWDaCYn0shrgYRMnPgnMKvy8_iux8ofsx3s7QUPVU_U7bu9u4rL7qOoJkSR-W-SAbS8iQoiK5FnzQ3bI61FoqryT83j3eUaOi9W4hJ6k3HPVC5z5MbM7J-GC1mYMBdW5EppRFFm1m9xi8yTzssYNImSdrnXKynVT-I-1IjrWWxL5m0j_J-GZzVTnvOyMUL83cFUPU882y6KXRlVtesaaLK3g
financiero-092,financiero,3,2026,1,eyJraWQiOiJEZ0VqOWg3UkwxeE1mcTV6dm1XcnlhWHdPZTZ3eW9WRDFNMDBVeENYaUUwPSIsImFsZyI6IlJTMjU2In0.eyJzdWIiOiI1NDI4ZDQ5OC0xMDAxLTcwODEtMjYzNy0zNTBkYjc5M2JjNjgiLCJjb2duaXRvOmdyb3VwcyI6WyJmaW5hbmNpZXJvIl0sImVtYWlsX3ZlcmlmaWVkIjp0cnVlLCJpc3MiOiJodHRwczovL2NvZ25pdG8taWRwLnVzLWVhc3QtMS5hbWF6b25hd3MuY29tL3VzLWVhc3QtMV9RR2hSTkpOY3MiLCJjb2duaXRvOnVzZXJuYW1lIjoiZmluYW5jaWVyby0wOTIiLCJvcmlnaW5fanRpIjoiOTM3MTYwMmQtY2MwNy00NzYxLTlhZjEtNzE5NmEwMjMzYjVhIiwiYXVkIjoiN2VxNWY0NmdtdDRjaGtwYWJncHVwMTdjZTYiLCJldmVudF9pZCI6ImEzNDg5OWU1LThhYzQtNDNlYS04ODllLTk2MTM4N2JjNTcwZSIsInRva2VuX3VzZSI6ImlkIiwiYXV0aF90aW1lIjoxNzc5OTg1NzUyLCJleHAiOjE3Nzk5ODkzNTIsImlhdCI6MTc3OTk4NTc1MiwianRpIjoiNDE4NmZhNzItOTNiMC00MTk3LTg3MjAtYmIwZDMwM2Q3ZTQ5IiwiZW1haWwiOiJmaW5hbmNpZXJvLTA5MkBiaXRlY28uY29tIn0.E60-yiNjqY_Q2D3RN20NZ0hylXeJrO5eKCWhd_7FUAYOAMPYh4t6qbNccNqp37QkX90SIvMX9FXTyJENBpMDuAxaq8r9ZsUOEiIP6tLNG86bkIz7m1OZaw-7XrSvfhwBioLjWy6Ys1evMBXoryKhwGnpyCs8dTmRYMlKx2hPHtwQqSYELixHXhfL-oHQVrzCddenygq91oQ7_Rk8lUPMm5RdtWnvvjuW46qwXeZ7eNCPXY6_5AYI1ZrnyLN9gY1eQWmVpHbgTOPcjH32r_5pD_y6W3HxvhFk175yEo_nGuq92xbjw8XtgFeHCtjnd1jpeuMpYIU9YEvN5NmIEbtgug
financiero-093,financiero,4,2026,2,eyJraWQiOiJEZ0VqOWg3UkwxeE1mcTV6dm1XcnlhWHdPZTZ3eW9WRDFNMDBVeENYaUUwPSIsImFsZyI6IlJTMjU2In0.eyJzdWIiOiJjNDA4ZTQyOC1jMDUxLTcwNzYtZmFlNC1hMDc1MzhlY2NlZTQiLCJjb2duaXRvOmdyb3VwcyI6WyJmaW5hbmNpZXJvIl0sImVtYWlsX3ZlcmlmaWVkIjp0cnVlLCJpc3MiOiJodHRwczovL2NvZ25pdG8taWRwLnVzLWVhc3QtMS5hbWF6b25hd3MuY29tL3VzLWVhc3QtMV9RR2hSTkpOY3MiLCJjb2duaXRvOnVzZXJuYW1lIjoiZmluYW5jaWVyby0wOTMiLCJvcmlnaW5fanRpIjoiNTkxNzcxY2MtZjY1NC00MGRlLWE3ZjEtMDcxY2JmMDVlZTQ0IiwiYXVkIjoiN2VxNWY0NmdtdDRjaGtwYWJncHVwMTdjZTYiLCJldmVudF9pZCI6IjMxOWIzM2VmLTAyNTItNGQyNy1iYmVhLWY4YTFjNDI2MmM3NiIsInRva2VuX3VzZSI6ImlkIiwiYXV0aF90aW1lIjoxNzc5OTg1NzUzLCJleHAiOjE3Nzk5ODkzNTMsImlhdCI6MTc3OTk4NTc1MywianRpIjoiODlmMDdlOTMtOGQ1ZS00ZDExLWFiM2MtMTk5MjYyZGQ2ZTFjIiwiZW1haWwiOiJmaW5hbmNpZXJvLTA5M0BiaXRlY28uY29tIn0.zP_D-UB_c2IEll78DDALWkVz93KIHHUF_OXfh5440G8JYIGU-9OgeU3y3Z119ha9BloZW44kZ2kBaV_VzO6mii-VMKxmHGJsFtlb06Ya4OsTitJWCnD-RGcgbNVegmroUsodbArKBAxrhP2c7V0tXKakqbFp16pjMi6SPh6SI-w1L64tJy-dsDZlI66Rkz6gi8Wm4ZneBxa451eLqR_-vQgetDGw6ScBAhZY_eppLRoWBUZaoeXFfJjM6ATTMzSohU53iC7yblmITzoViS_3jMfXnQ6RvAo6jSkEqU0OHGio_xLydf_YkH1bGoVdRq5GiXgOEDLZFnPmw0aU2EYV6A
financiero-094,financiero,5,2026,3,eyJraWQiOiJEZ0VqOWg3UkwxeE1mcTV6dm1XcnlhWHdPZTZ3eW9WRDFNMDBVeENYaUUwPSIsImFsZyI6IlJTMjU2In0.eyJzdWIiOiIwNGU4NTQwOC0xMGExLTcwZjgtYWUzYi03ZWIyNzA0NDk3YWEiLCJjb2duaXRvOmdyb3VwcyI6WyJmaW5hbmNpZXJvIl0sImVtYWlsX3ZlcmlmaWVkIjp0cnVlLCJpc3MiOiJodHRwczovL2NvZ25pdG8taWRwLnVzLWVhc3QtMS5hbWF6b25hd3MuY29tL3VzLWVhc3QtMV9RR2hSTkpOY3MiLCJjb2duaXRvOnVzZXJuYW1lIjoiZmluYW5jaWVyby0wOTQiLCJvcmlnaW5fanRpIjoiZDQ4YTk1ZDUtNzQ1ZS00NjVhLTlkMjUtODQwYzdmOThmNDI5IiwiYXVkIjoiN2VxNWY0NmdtdDRjaGtwYWJncHVwMTdjZTYiLCJldmVudF9pZCI6ImNiYzZiYzFhLTBkNzUtNDRlNy04ZDcwLTk4ZjJkOTE5M2NkNSIsInRva2VuX3VzZSI6ImlkIiwiYXV0aF90aW1lIjoxNzc5OTg1NzUzLCJleHAiOjE3Nzk5ODkzNTMsImlhdCI6MTc3OTk4NTc1MywianRpIjoiMDdmYjUyZjEtNTRiZi00NWY1LTg3ZjgtNTE1ZjdkYTBhY2U4IiwiZW1haWwiOiJmaW5hbmNpZXJvLTA5NEBiaXRlY28uY29tIn0.5XWqntKNkJvwyirc0sycncRtsLWMM9RKDE9yzQQQDgGu0HRqL1bRuREjbJyLPADevUcQQSwVPhqOPPD2yd6uWz4ZVX7gcmjyyzuwnZIyDFNN12Cb5g7GizAd85N-eUoOegVxfJVxBvuu_xcJfYzJ3DDL7cf76TY8wNzygleCoc9uVOcWBPuWfWj0NW39ypVF-bwlV3xojIiqNTwO6s4pkszEyg5Fl4LqqQGg-FZcMJao59YcS_pw7wcTBGkqWOjHPMnwsxIS0b5N--f9aAfuslSr7Yhu3KZ9vngXa_kUt97rybOnv-OVqr0A7q4sVSP9u-2SHaa6mk0hsVBZi9kpZg
financiero-095,financiero,6,2026,4,eyJraWQiOiJEZ0VqOWg3UkwxeE1mcTV6dm1XcnlhWHdPZTZ3eW9WRDFNMDBVeENYaUUwPSIsImFsZyI6IlJTMjU2In0.eyJzdWIiOiIzNDA4MDQ4OC0zMGMxLTcwM2QtZTMzZC1mYjc2NmZlMjA0YjciLCJjb2duaXRvOmdyb3VwcyI6WyJmaW5hbmNpZXJvIl0sImVtYWlsX3ZlcmlmaWVkIjp0cnVlLCJpc3MiOiJodHRwczovL2NvZ25pdG8taWRwLnVzLWVhc3QtMS5hbWF6b25hd3MuY29tL3VzLWVhc3QtMV9RR2hSTkpOY3MiLCJjb2duaXRvOnVzZXJuYW1lIjoiZmluYW5jaWVyby0wOTUiLCJvcmlnaW5fanRpIjoiOTkxNWQ1MzEtYmZjMS00NzgwLWI1MzktNWRiYjFjNWM5M2U5IiwiYXVkIjoiN2VxNWY0NmdtdDRjaGtwYWJncHVwMTdjZTYiLCJldmVudF9pZCI6IjEzMjgxNDFlLTEzNWQtNDA1Ni04NmQ4LWE4YjlmMDJmNWQ2NiIsInRva2VuX3VzZSI6ImlkIiwiYXV0aF90aW1lIjoxNzc5OTg1NzUzLCJleHAiOjE3Nzk5ODkzNTMsImlhdCI6MTc3OTk4NTc1MywianRpIjoiMDk4ZWI4NDYtMjAwZS00MDk3LWE0ZTgtNTIzZjNmNmQ5YzE4IiwiZW1haWwiOiJmaW5hbmNpZXJvLTA5NUBiaXRlY28uY29tIn0.obOuXV1GLXTWO-VZC8rOM5Osm0uZ3EBaiKcBEBdiGcTky0qI-38qH795GhqoFc6yWUVcq4FJ2HRov4j1HEd91TXIa7-F8srUQA5Wflzm7_LS96cPz072rdhgVHGVEVOajAgmOoj27na6tlQEtXSDTC8aRVXZNzJ5BBJ1yDLIHNaFotVN6StViF-MLOyQ6J736Sd28PL0u-efms-z-3DZkDcLg-kUIhNi3fFTjAtmbGRS78_g_EXlL_8U8gwd85tv5YU0-W6-C2QLm1Oehwd7eDjEXgCN_gb_5yAa3Dh-Lz1J4eUIaqRNReiAbkz6PvDqxQWhGJUCLMoBuTi1AFBTEw
financiero-096,financiero,7,2026,1,eyJraWQiOiJEZ0VqOWg3UkwxeE1mcTV6dm1XcnlhWHdPZTZ3eW9WRDFNMDBVeENYaUUwPSIsImFsZyI6IlJTMjU2In0.eyJzdWIiOiIyNGM4YTQxOC1mMDExLTcwZDItNGMyOS00YTQ5OTNkYmU3MTUiLCJjb2duaXRvOmdyb3VwcyI6WyJmaW5hbmNpZXJvIl0sImVtYWlsX3ZlcmlmaWVkIjp0cnVlLCJpc3MiOiJodHRwczovL2NvZ25pdG8taWRwLnVzLWVhc3QtMS5hbWF6b25hd3MuY29tL3VzLWVhc3QtMV9RR2hSTkpOY3MiLCJjb2duaXRvOnVzZXJuYW1lIjoiZmluYW5jaWVyby0wOTYiLCJvcmlnaW5fanRpIjoiZWVkMmNlMzYtYjVhOC00MDk2LWI2YmItZGMzNmI5YzYzYWEzIiwiYXVkIjoiN2VxNWY0NmdtdDRjaGtwYWJncHVwMTdjZTYiLCJldmVudF9pZCI6IjkxNDM0M2Y1LTBlNjktNGI4MS1iZTVkLTk2YWY3YTFkZmI3NyIsInRva2VuX3VzZSI6ImlkIiwiYXV0aF90aW1lIjoxNzc5OTg1NzUzLCJleHAiOjE3Nzk5ODkzNTMsImlhdCI6MTc3OTk4NTc1MywianRpIjoiZGVjOWU1NGQtYWZhZi00ZGQwLWJhZWQtZjM3ODEwYzZiOTgxIiwiZW1haWwiOiJmaW5hbmNpZXJvLTA5NkBiaXRlY28uY29tIn0.EKC1k8XMMzLF8SwX5yt1KBf3e64MIC5VsiCyh9cnhuJglFLvCcYRfTiDyb1oFzaItin_KZzA4phcfGJ32-E-dsiMq6eDxDs9yVIeeWnuc2S4cvlHgSYuL1ftXIOP4bh7kzW9aUdxwW_waRt1sg5iv9GfR4lcXfT75oq5iUkA1O1ievrV8ods-9lIXzkJGu5u-uO9RMHaY2NvZl4smnn3QfEucc_04VvfcV6zvKIgAzUs39HLgbD45vhMsNZqJV20QeciC5q4ShGMJ6ASMYEb4sEtWQzg1cHYvO2_P1MLOYPK2wIZr8PkFehbn1zWUp33YVjKtVPz7FDWBlB4cAco2g
financiero-097,financiero,8,2026,2,eyJraWQiOiJEZ0VqOWg3UkwxeE1mcTV6dm1XcnlhWHdPZTZ3eW9WRDFNMDBVeENYaUUwPSIsImFsZyI6IlJTMjU2In0.eyJzdWIiOiI4NDQ4NjQzOC03MGMxLTcwMjAtNjkxZS1hOGVjZjJiYmY2MWYiLCJjb2duaXRvOmdyb3VwcyI6WyJmaW5hbmNpZXJvIl0sImVtYWlsX3ZlcmlmaWVkIjp0cnVlLCJpc3MiOiJodHRwczovL2NvZ25pdG8taWRwLnVzLWVhc3QtMS5hbWF6b25hd3MuY29tL3VzLWVhc3QtMV9RR2hSTkpOY3MiLCJjb2duaXRvOnVzZXJuYW1lIjoiZmluYW5jaWVyby0wOTciLCJvcmlnaW5fanRpIjoiY2M5N2M0MzAtYTdjMS00YWM2LThjYzMtZmYzMmY5NWVhMzBkIiwiYXVkIjoiN2VxNWY0NmdtdDRjaGtwYWJncHVwMTdjZTYiLCJldmVudF9pZCI6IjM0MTFhYWNhLTY3YmUtNDJhMC1iMDQzLTc0N2I3ZjA5YzBlYSIsInRva2VuX3VzZSI6ImlkIiwiYXV0aF90aW1lIjoxNzc5OTg1NzU0LCJleHAiOjE3Nzk5ODkzNTQsImlhdCI6MTc3OTk4NTc1NCwianRpIjoiM2NjMzNmYzEtNWU1NS00YzU2LTgwOTktN2NhOTcwNzAzYTJhIiwiZW1haWwiOiJmaW5hbmNpZXJvLTA5N0BiaXRlY28uY29tIn0.lkKGiFTUxnUNJ2PqK39mIIX8AMF5D5ttok70X-eoV0R6TN15gDRhZFKGU88TN5tuSu2KuJKhI5jJ0xgrECjhhb30t6LOYJGjfR3ky4zb9UbAbWFVYBo6Pk9SoUQrUN6bdfUNc-oyUvhgphlOIWD9X3Ee1iPa5KZfFZM9xIf1OwgmDLmIR4tfvDTWJuc2GRRymxsEagZpc3v47oeVdpCcpROfo-IX--ZXEao1H9oD95Ls-7FZH_jHpNJW5ecjt8UHAXOyBJ0ptiYPOQa5zrPOOPzxdf__AiEr6YtqUSIgmtbULTmYZEM-okB_47UC4NUabZfLG_GNxJ-E_PZb3jmygA
financiero-098,financiero,9,2026,3,eyJraWQiOiJEZ0VqOWg3UkwxeE1mcTV6dm1XcnlhWHdPZTZ3eW9WRDFNMDBVeENYaUUwPSIsImFsZyI6IlJTMjU2In0.eyJzdWIiOiIwNGE4NzRiOC03MGMxLTcwYjktM2UwMy1iODNlNjUwZTVkNGEiLCJjb2duaXRvOmdyb3VwcyI6WyJmaW5hbmNpZXJvIl0sImVtYWlsX3ZlcmlmaWVkIjp0cnVlLCJpc3MiOiJodHRwczovL2NvZ25pdG8taWRwLnVzLWVhc3QtMS5hbWF6b25hd3MuY29tL3VzLWVhc3QtMV9RR2hSTkpOY3MiLCJjb2duaXRvOnVzZXJuYW1lIjoiZmluYW5jaWVyby0wOTgiLCJvcmlnaW5fanRpIjoiZTRlNWIyMjktMTc2YS00ZmMzLWFjYWMtODc3NjRmODFiOGNhIiwiYXVkIjoiN2VxNWY0NmdtdDRjaGtwYWJncHVwMTdjZTYiLCJldmVudF9pZCI6IjNkZmQ0NTgzLTIwYzEtNGQ0ZS04NGI4LWZjZWFiZTM1ZjJmZiIsInRva2VuX3VzZSI6ImlkIiwiYXV0aF90aW1lIjoxNzc5OTg1NzU0LCJleHAiOjE3Nzk5ODkzNTQsImlhdCI6MTc3OTk4NTc1NCwianRpIjoiYWU2MGIzMWItMjQ1Ny00NjYxLTk1YjktZmRlMTQ0NzlhNzg2IiwiZW1haWwiOiJmaW5hbmNpZXJvLTA5OEBiaXRlY28uY29tIn0.Iq-XKQ3LBzjwOrgaFKR7GnVpYLMc5_Tsa3P-1rkMzTLVWV_lrTk9DIFQ4DahVuGUYuH4ttd90PZLbfltkOiLbPn7UztPl8jzdSczXBxN8oens0p3ZGVc1YaMcspVfQginCgJmhJEq_ELiKydX7GXqmvNzLTbJm4zjvaOEQcKET_5dXqo52INNJJJHeYxkMafotOGVOYLF0OqsbnyujRYxS4pznRlzbhzzBkDFqEUwlPFBN3YIyzfw90OYLZLSpw0HdxRGX9hkC1o6uVSQ-nBx7NWUwkreYojWdckGmNEQX4oR0LFBMlA6J8hLAhhYZSmAVBXRZaM2Ojl6np0k9W0PQ
financiero-099,financiero,10,2026,4,eyJraWQiOiJEZ0VqOWg3UkwxeE1mcTV6dm1XcnlhWHdPZTZ3eW9WRDFNMDBVeENYaUUwPSIsImFsZyI6IlJTMjU2In0.eyJzdWIiOiJhNDQ4ZDQ0OC0zMDcxLTcwYmUtOWI0NC1mZDllYmExNWY5MDUiLCJjb2duaXRvOmdyb3VwcyI6WyJmaW5hbmNpZXJvIl0sImVtYWlsX3ZlcmlmaWVkIjp0cnVlLCJpc3MiOiJodHRwczovL2NvZ25pdG8taWRwLnVzLWVhc3QtMS5hbWF6b25hd3MuY29tL3VzLWVhc3QtMV9RR2hSTkpOY3MiLCJjb2duaXRvOnVzZXJuYW1lIjoiZmluYW5jaWVyby0wOTkiLCJvcmlnaW5fanRpIjoiYmUxMGZlNWItMGY4ZS00ZWU0LWE0MjgtZDZhOGZiZTA1NzZiIiwiYXVkIjoiN2VxNWY0NmdtdDRjaGtwYWJncHVwMTdjZTYiLCJldmVudF9pZCI6Ijc1ZjljN2Y0LWIyMjAtNDMwYS05YTViLTE5NWQwOTM2YTZmZCIsInRva2VuX3VzZSI6ImlkIiwiYXV0aF90aW1lIjoxNzc5OTg1NzU0LCJleHAiOjE3Nzk5ODkzNTQsImlhdCI6MTc3OTk4NTc1NCwianRpIjoiNDFmZjc4NWQtMjQ0OS00Nzc2LWJhNzItOWEwNWQ1NDgxZDRkIiwiZW1haWwiOiJmaW5hbmNpZXJvLTA5OUBiaXRlY28uY29tIn0.zEKA0Penoy8vYgy4vt3ggB_kJ_Ds_mBmIWSmTQ4miUUQt0gvc94wX4DRcM4aggWjn2MKWM_pMFvun8U8MTc0vzojkqZ34awagi89rVZqZBtYBIbQT5kIayyIgpnk8mk4f-9fOrZXdhjYkxuWrWFWQY5KecsljAfs3GocUu6ld72a9m3_EdXXC6pR5fcSXNjYqU1EidOZVg7GLxcSgohzLEJutxBSr2cSbNkeydJWIujsjVa9EGqhKaqYcw56xHWR0WdTGGLTkij5GqGPKlYQw1RmOhdzKcP0mImKWut5V9y7ls6IV1c1PxymzPz-g4ICfDmnYhmEwF3ZmvuzaquMSg
financiero-100,financiero,1,2026,1,eyJraWQiOiJEZ0VqOWg3UkwxeE1mcTV6dm1XcnlhWHdPZTZ3eW9WRDFNMDBVeENYaUUwPSIsImFsZyI6IlJTMjU2In0.eyJzdWIiOiIyNDA4MjQzOC0xMDUxLTcwNzgtZTU3NS0yNjA4NTM0NzljZTEiLCJjb2duaXRvOmdyb3VwcyI6WyJmaW5hbmNpZXJvIl0sImVtYWlsX3ZlcmlmaWVkIjp0cnVlLCJpc3MiOiJodHRwczovL2NvZ25pdG8taWRwLnVzLWVhc3QtMS5hbWF6b25hd3MuY29tL3VzLWVhc3QtMV9RR2hSTkpOY3MiLCJjb2duaXRvOnVzZXJuYW1lIjoiZmluYW5jaWVyby0xMDAiLCJvcmlnaW5fanRpIjoiMzE0NjllOWItYmM2Ni00ODBiLWIyMDMtODE0YmQ1YTlmMTQyIiwiYXVkIjoiN2VxNWY0NmdtdDRjaGtwYWJncHVwMTdjZTYiLCJldmVudF9pZCI6IjAzNTA2N2YzLTI3Y2ItNDU4OS04Mjk3LWJiNjRhMjQ3ZjllNCIsInRva2VuX3VzZSI6ImlkIiwiYXV0aF90aW1lIjoxNzc5OTg1NzU0LCJleHAiOjE3Nzk5ODkzNTQsImlhdCI6MTc3OTk4NTc1NSwianRpIjoiNDFjNjRlOGYtY2FkYS00MWE2LWJkZGQtYjhmNTBiMmE2NmNmIiwiZW1haWwiOiJmaW5hbmNpZXJvLTEwMEBiaXRlY28uY29tIn0.nJ2l7GkzFXod4-PZmE-nShiSQ6JIj8kQsEUKFihXUEQdjKBcrTdL4YVRcNa04N8KU_6LRt1DPZxN9B1er9BDPX2ksPv3CN55aMGk536zeQoxDtUBAMAW2e1ePcOjLUTSDaehke7wleoBCvt4On0KaEUYwNTx75PXXUzAhFdePuOBzfcJ869b_vsClEpjqRVGPyCkhspYiHzKrHdULQbOAdSz6CoG9dMRGPSvS3jhYmTMDqKovw7ZGJ3NB6mAi0ZTjCcRls5lw6dtn0J7lomjCWWKBZ0JU3NPOKaeTvgIj5FJxejPz7FwFNUyeiqeRVLSvWq1-WnFS9v851hmw1znnA
financiero-101,financiero,2,2026,2,eyJraWQiOiJEZ0VqOWg3UkwxeE1mcTV6dm1XcnlhWHdPZTZ3eW9WRDFNMDBVeENYaUUwPSIsImFsZyI6IlJTMjU2In0.eyJzdWIiOiIzNDE4YzQzOC0zMDcxLTcwNTEtOWQ5MC05NmJlYjJjMzM2YWEiLCJjb2duaXRvOmdyb3VwcyI6WyJmaW5hbmNpZXJvIl0sImVtYWlsX3ZlcmlmaWVkIjp0cnVlLCJpc3MiOiJodHRwczovL2NvZ25pdG8taWRwLnVzLWVhc3QtMS5hbWF6b25hd3MuY29tL3VzLWVhc3QtMV9RR2hSTkpOY3MiLCJjb2duaXRvOnVzZXJuYW1lIjoiZmluYW5jaWVyby0xMDEiLCJvcmlnaW5fanRpIjoiZTJjY2ZkNmMtNWFkZS00OTI3LWJkMjYtZDAzYzJhNTc1MTAwIiwiYXVkIjoiN2VxNWY0NmdtdDRjaGtwYWJncHVwMTdjZTYiLCJldmVudF9pZCI6ImJkMzVlOTg3LTY3MmItNGQwMi1iN2YzLTYxYzlmYTZiNzYwNiIsInRva2VuX3VzZSI6ImlkIiwiYXV0aF90aW1lIjoxNzc5OTg1NzU1LCJleHAiOjE3Nzk5ODkzNTUsImlhdCI6MTc3OTk4NTc1NSwianRpIjoiZTMzYTgwN2UtOTc1Yy00NTkyLWI2YTMtY2I4NDQxZDgxNzA1IiwiZW1haWwiOiJmaW5hbmNpZXJvLTEwMUBiaXRlY28uY29tIn0.atbyujrZCb_WhdzKItNlIqE7VEhQ38P2RjC6baNdY55XxDEeLvj3fU6-e9p5VANw3CniYKiUDCLIyl4Ai2yCZlXm-hSjEe-Qpn4bPBtleRfbYc78MUJMTjz7v_o3b3uN-8K0SzV7v371y3Dsh2IOS8be3sy6APYqRf4_jMCo2nEFd5KM6wuZQpaeZDStu-4L26TlIa2ozcqSEulzAVzdsl9hHqk9u0PiEnHcbHytwTumpIX2wcMg1vTTpxAT5ya7Z7R0ueEjW-brMxo3pAnaNGnII38zNazEnYSk5pKJmlkyHjfORAgYJTsP-UjUKgemqINGhILFrgYH_00UB28vQg
financiero-102,financiero,3,2026,3,eyJraWQiOiJEZ0VqOWg3UkwxeE1mcTV6dm1XcnlhWHdPZTZ3eW9WRDFNMDBVeENYaUUwPSIsImFsZyI6IlJTMjU2In0.eyJzdWIiOiI2NDY4MjRmOC01MGQxLTcwODQtMWQzZC0xMWY0MWRkNmY1MGMiLCJjb2duaXRvOmdyb3VwcyI6WyJmaW5hbmNpZXJvIl0sImVtYWlsX3ZlcmlmaWVkIjp0cnVlLCJpc3MiOiJodHRwczovL2NvZ25pdG8taWRwLnVzLWVhc3QtMS5hbWF6b25hd3MuY29tL3VzLWVhc3QtMV9RR2hSTkpOY3MiLCJjb2duaXRvOnVzZXJuYW1lIjoiZmluYW5jaWVyby0xMDIiLCJvcmlnaW5fanRpIjoiMzcwNjM3NTQtOGM5MC00Yjg2LTllZjQtMGYxYmRkZjVhMzEwIiwiYXVkIjoiN2VxNWY0NmdtdDRjaGtwYWJncHVwMTdjZTYiLCJldmVudF9pZCI6IjFiZWY0ZmVmLWUzZWYtNGQ4MS1iMzVjLTJhNThjMDA4ZWJmNCIsInRva2VuX3VzZSI6ImlkIiwiYXV0aF90aW1lIjoxNzc5OTg1NzU1LCJleHAiOjE3Nzk5ODkzNTUsImlhdCI6MTc3OTk4NTc1NSwianRpIjoiZTE4NjU5ZjUtM2U4ZS00Mzg4LTk1ZDQtNjNkZGQ1YzQyOWFhIiwiZW1haWwiOiJmaW5hbmNpZXJvLTEwMkBiaXRlY28uY29tIn0.XZ2ecv4RBmUs_bjopKLrALEsqNXiAwaAmm5NK_mtFjClmFpuuPmOeJazEp_dpUqimtFI6fP9rIMHGgzcxX5hcZerPwe2Fc13nhVQAk4nD-hy8_lTdxT34eJRBFDl2_FauC6e_vN2Atbl9_Q0_vnVE0yj95Op70gZkVAVdgKe58amIkrCfygG_E_Hc8jGKvB7khRqUK_3gYW8K5laytQ2Fqr1iLxoevRITjgA30hY9usQghOFuoyr2D1tiCG_T3aPb0IoG37ikcm604StPHRF3Wyg3FcQg7AFRXo4OltIS25HVGhfmGVSQXsjglrqMoKyVxYR5_pgecSIUfBDz24qkQ
financiero-103,financiero,4,2026,4,eyJraWQiOiJEZ0VqOWg3UkwxeE1mcTV6dm1XcnlhWHdPZTZ3eW9WRDFNMDBVeENYaUUwPSIsImFsZyI6IlJTMjU2In0.eyJzdWIiOiIwNDk4NzRmOC0wMDkxLTcwZmMtZjA0MS00YTE4NTQwMzRlZjAiLCJjb2duaXRvOmdyb3VwcyI6WyJmaW5hbmNpZXJvIl0sImVtYWlsX3ZlcmlmaWVkIjp0cnVlLCJpc3MiOiJodHRwczovL2NvZ25pdG8taWRwLnVzLWVhc3QtMS5hbWF6b25hd3MuY29tL3VzLWVhc3QtMV9RR2hSTkpOY3MiLCJjb2duaXRvOnVzZXJuYW1lIjoiZmluYW5jaWVyby0xMDMiLCJvcmlnaW5fanRpIjoiNTk5NTg1N2UtZmRiOS00MzM4LTk1MjUtNzhlNTBlY2Q0ZDg2IiwiYXVkIjoiN2VxNWY0NmdtdDRjaGtwYWJncHVwMTdjZTYiLCJldmVudF9pZCI6ImU0MWVkNTlmLTcxYzgtNDk4Ni1iNDE0LWQ2YWE1ZGI5NmFlOSIsInRva2VuX3VzZSI6ImlkIiwiYXV0aF90aW1lIjoxNzc5OTg1NzU1LCJleHAiOjE3Nzk5ODkzNTUsImlhdCI6MTc3OTk4NTc1NSwianRpIjoiNjkzZTllMGQtODg3My00ZTc3LThlNjEtOTVhZDRkNWFkMTQ3IiwiZW1haWwiOiJmaW5hbmNpZXJvLTEwM0BiaXRlY28uY29tIn0.rPe9bSb6ybTJNf3D6QgVGicK4PODeD2cLp3qsX7ULYoQM7XoloVrLjBfusv67UjiLiIdIY663-tz7qIV6x4xSSZl5fmrJ2Pp0vwYN8WtwMrKp81ppPXZrArA8zvQFBCX2aF8PSSWTTbaPhMUu_OA8mrsVHUPmgjSX0CXZp7DuSkmCygMFdM-JZ5wyN_nCwZ-vLki5PMm98_fGSFBPHXI_KopiZdLAJve19uiV0UIiky4ZYgUhxOg-0cxbHoxeKDoPxJJX7cl0BMCgI21_KM-45zXvRXSOEQbpGpGshO5pq8HEJnxYkA6yHux3mOjl5CZk5grD5_EibsN0b-5h4nPcg
financiero-104,financiero,5,2026,1,eyJraWQiOiJEZ0VqOWg3UkwxeE1mcTV6dm1XcnlhWHdPZTZ3eW9WRDFNMDBVeENYaUUwPSIsImFsZyI6IlJTMjU2In0.eyJzdWIiOiJhNDI4ODRlOC0xMDAxLTcwMWMtNzY3Ni0yNzg5MTZjM2NjMTEiLCJjb2duaXRvOmdyb3VwcyI6WyJmaW5hbmNpZXJvIl0sImVtYWlsX3ZlcmlmaWVkIjp0cnVlLCJpc3MiOiJodHRwczovL2NvZ25pdG8taWRwLnVzLWVhc3QtMS5hbWF6b25hd3MuY29tL3VzLWVhc3QtMV9RR2hSTkpOY3MiLCJjb2duaXRvOnVzZXJuYW1lIjoiZmluYW5jaWVyby0xMDQiLCJvcmlnaW5fanRpIjoiMGRiY2UxZmEtNTA0OC00ODExLWI1NmEtNTNlMTJlMjhiYjgxIiwiYXVkIjoiN2VxNWY0NmdtdDRjaGtwYWJncHVwMTdjZTYiLCJldmVudF9pZCI6IjBjYmQ1YzQ5LWVkYWYtNDZhMC1iMWE0LWMwZTczZjhmMzExYSIsInRva2VuX3VzZSI6ImlkIiwiYXV0aF90aW1lIjoxNzc5OTg1NzU2LCJleHAiOjE3Nzk5ODkzNTYsImlhdCI6MTc3OTk4NTc1NiwianRpIjoiYWQ0YTc4NzItMmQ1OC00OTNiLWI5Y2EtMjFkOGFmYzJkZmRlIiwiZW1haWwiOiJmaW5hbmNpZXJvLTEwNEBiaXRlY28uY29tIn0.DhmoInlcKf8mE0VOVLiiIkGwsJwDup3pKc2Hyp2V61Jlny9oNuhfiuRMI5yFIUZZiX89UG8gv4mTeuMlcqnDahG82QBtDUMYK4qNinFFZdjbLFQURtOeCxclfk5741lYUTN2uxUqBZwzijsAZToQcTQnpSmemiol4Zb5vjDFbbFbzi6Qlgwcqr8mvgoyicnRm5gsRpR8LF--t75OL4owSMQi-tRohuOlch4p84VnQsnNdCCBewlKA_k8uZooQTHaKOrF18dpqOkjg4k9JLr-8o87WTlcWky8Ze9ibx4TTOhmwlPQGBcKsyvLMAAi0XyMhEM-_SODz5Sj9wXQfqfCYw
financiero-105,financiero,6,2026,2,eyJraWQiOiJEZ0VqOWg3UkwxeE1mcTV6dm1XcnlhWHdPZTZ3eW9WRDFNMDBVeENYaUUwPSIsImFsZyI6IlJTMjU2In0.eyJzdWIiOiIyNGM4ODQxOC0xMGQxLTcwZmItNWRhYi04MjVkZWQyYzhlMjYiLCJjb2duaXRvOmdyb3VwcyI6WyJmaW5hbmNpZXJvIl0sImVtYWlsX3ZlcmlmaWVkIjp0cnVlLCJpc3MiOiJodHRwczovL2NvZ25pdG8taWRwLnVzLWVhc3QtMS5hbWF6b25hd3MuY29tL3VzLWVhc3QtMV9RR2hSTkpOY3MiLCJjb2duaXRvOnVzZXJuYW1lIjoiZmluYW5jaWVyby0xMDUiLCJvcmlnaW5fanRpIjoiYWY1MDNiNWMtMzc4Mi00OGE0LWExMGEtMDNkOTBkNWZiMWQ5IiwiYXVkIjoiN2VxNWY0NmdtdDRjaGtwYWJncHVwMTdjZTYiLCJldmVudF9pZCI6ImYwYjZlMzI3LTA3YTYtNDQwZS04MDNhLTViNTE3NzljY2M5YSIsInRva2VuX3VzZSI6ImlkIiwiYXV0aF90aW1lIjoxNzc5OTg1NzU2LCJleHAiOjE3Nzk5ODkzNTYsImlhdCI6MTc3OTk4NTc1NiwianRpIjoiZjI3ODcwMmQtZWFjMS00OGJlLWI4YWItOTllNjVjZmFlMzQzIiwiZW1haWwiOiJmaW5hbmNpZXJvLTEwNUBiaXRlY28uY29tIn0.uuBE_hilDtvuXFVKNWwbMIVLFZQnGUbGAsnLGKXG-5UfrUIwPaNNRVToUjrs35Ssq8qbZ9gppMDJoQvMcK_feFLE9XCbTAMA_3bVhF3l5G67T9pYvIGmjVksG4_0ZUtBbuZ_kRwE1yBlq1asiGoj_Hc2-1MBW3SIji2hDH8isi9uvgQE878SlCDE6SFuxJvXWv8CxwzbxTihP0geVPab1tLThBNQGJtpPnoD825S3dvzqy3uwyCxuPZnyObQFTsVrUblHQSUNX9_nilp3K6Va5hkVD7F9VOFS8IvfA0qv9wDbUGJbzJ8Y56VduLQRNLNPGbN48ERTuuH15RXtUN-mA
financiero-106,financiero,7,2026,3,eyJraWQiOiJEZ0VqOWg3UkwxeE1mcTV6dm1XcnlhWHdPZTZ3eW9WRDFNMDBVeENYaUUwPSIsImFsZyI6IlJTMjU2In0.eyJzdWIiOiI4NGQ4MTQxOC1hMGUxLTcwMTgtMjJlOS03OGMxMGRmOTk4NWUiLCJjb2duaXRvOmdyb3VwcyI6WyJmaW5hbmNpZXJvIl0sImVtYWlsX3ZlcmlmaWVkIjp0cnVlLCJpc3MiOiJodHRwczovL2NvZ25pdG8taWRwLnVzLWVhc3QtMS5hbWF6b25hd3MuY29tL3VzLWVhc3QtMV9RR2hSTkpOY3MiLCJjb2duaXRvOnVzZXJuYW1lIjoiZmluYW5jaWVyby0xMDYiLCJvcmlnaW5fanRpIjoiZmRkYmRiNTktMDFhZS00ZWI3LWFkZWEtNDhmMWVmMjE1YmRlIiwiYXVkIjoiN2VxNWY0NmdtdDRjaGtwYWJncHVwMTdjZTYiLCJldmVudF9pZCI6IjAwZDMxOTRhLWZhZjQtNDFiNy05ZTQ4LWU3ODM0OTM0NjQwZSIsInRva2VuX3VzZSI6ImlkIiwiYXV0aF90aW1lIjoxNzc5OTg1NzU2LCJleHAiOjE3Nzk5ODkzNTYsImlhdCI6MTc3OTk4NTc1NiwianRpIjoiZWEyN2QwMzUtZDJlZS00ZDJmLWI4OWYtZWFjMzA5ZDhmZjBiIiwiZW1haWwiOiJmaW5hbmNpZXJvLTEwNkBiaXRlY28uY29tIn0.nxFAI0Y5NIPnSo3pL7Nz7s3b44sp3nF_nru2Ad14OYL306eJ4qrQtc4a34Vy9NVJxvRmHk1SszLa97UVt2ARhfXLVBtXWuDSTONXOY_krv10RqbGX7BheybZViyT4ghnjzNhgzqBT_k710fMcfrw8puNBRmWvglffESyjiQl2ZiKzMeCNPBGmGW-pAzVEAbejfxPh4zisVfouQbfnVxycX_M7290Tifv1e7Ey_iw2TfnW7Os8JQx51jZ_-E_rX0r88cV9qsgW7fDtPe2656xteOgvyEivhcYaf5G8urKm3b7M3UmjL3bEa9lfE0OTBbnje_6vvvUb_meshGS1Jun8g
financiero-107,financiero,8,2026,4,eyJraWQiOiJEZ0VqOWg3UkwxeE1mcTV6dm1XcnlhWHdPZTZ3eW9WRDFNMDBVeENYaUUwPSIsImFsZyI6IlJTMjU2In0.eyJzdWIiOiI1NDE4NzQxOC1lMDgxLTcwNWYtMGU5OC1jODk1Njk3OWEyZTIiLCJjb2duaXRvOmdyb3VwcyI6WyJmaW5hbmNpZXJvIl0sImVtYWlsX3ZlcmlmaWVkIjp0cnVlLCJpc3MiOiJodHRwczovL2NvZ25pdG8taWRwLnVzLWVhc3QtMS5hbWF6b25hd3MuY29tL3VzLWVhc3QtMV9RR2hSTkpOY3MiLCJjb2duaXRvOnVzZXJuYW1lIjoiZmluYW5jaWVyby0xMDciLCJvcmlnaW5fanRpIjoiOWJmNDA2MWYtMjRlYy00MTRlLWJkMjgtYmZlNjJkNTk2Y2NkIiwiYXVkIjoiN2VxNWY0NmdtdDRjaGtwYWJncHVwMTdjZTYiLCJldmVudF9pZCI6IjVlYWM2NzBiLTYzMzgtNGVmNC1iYmU5LWFmZjc3MmVkNjE2NSIsInRva2VuX3VzZSI6ImlkIiwiYXV0aF90aW1lIjoxNzc5OTg1NzU2LCJleHAiOjE3Nzk5ODkzNTYsImlhdCI6MTc3OTk4NTc1NiwianRpIjoiM2VmNjQ5MTctOWUyZi00NDJiLTg2YzctOTI5NTA3MGExM2ZjIiwiZW1haWwiOiJmaW5hbmNpZXJvLTEwN0BiaXRlY28uY29tIn0.ge1-zpABD9UmwO3qP29ZWETb-6d5vQL8tLSuAuNJl3vZcI5PioZRcdDKvfpHX8JAnLEIupDZPrj2Nj9NaBN7rGjpsPIy12BD3gSOvN30pEbjtGhuJxnXmOVyHAfUEG54n5TCm87Rqwn8Yio43rxMNLXqinumYWZ6XcdCpuOKTilXQPrIyJiFnskpBMtYGX9BCZQjQakQ9bTZU-0JVXjQGnsgKfsSE1jVHsBqKolSREtlqQNW6oFN7MWtgHu2ftUTT3rKKFEPl50VMJCHMqw4K7efcxcJR5oitaTIIeb48mjuIHAfiSTkLi1iTU0tBM5TjlBPpPSdaf3rwBJx_ST_LQ
financiero-108,financiero,9,2026,1,eyJraWQiOiJEZ0VqOWg3UkwxeE1mcTV6dm1XcnlhWHdPZTZ3eW9WRDFNMDBVeENYaUUwPSIsImFsZyI6IlJTMjU2In0.eyJzdWIiOiI3NDg4MDRiOC04MDExLTcwNDktNTc2Mi0wOTBmZjY4ZDMzNWUiLCJjb2duaXRvOmdyb3VwcyI6WyJmaW5hbmNpZXJvIl0sImVtYWlsX3ZlcmlmaWVkIjp0cnVlLCJpc3MiOiJodHRwczovL2NvZ25pdG8taWRwLnVzLWVhc3QtMS5hbWF6b25hd3MuY29tL3VzLWVhc3QtMV9RR2hSTkpOY3MiLCJjb2duaXRvOnVzZXJuYW1lIjoiZmluYW5jaWVyby0xMDgiLCJvcmlnaW5fanRpIjoiOWVmYTMyYmItZDQ3NS00YjljLTk5MWUtMTQ2ZjQwZDI2MzQzIiwiYXVkIjoiN2VxNWY0NmdtdDRjaGtwYWJncHVwMTdjZTYiLCJldmVudF9pZCI6ImE0NjFhYTIwLWE1YzUtNGNlMS1hMGZjLTIyNmJiZmZmNzlkYiIsInRva2VuX3VzZSI6ImlkIiwiYXV0aF90aW1lIjoxNzc5OTg1NzU3LCJleHAiOjE3Nzk5ODkzNTcsImlhdCI6MTc3OTk4NTc1NywianRpIjoiMWM1NDgwNzItOTRkYi00MmM0LTk5MWYtYmViNmZmMmEyNTU2IiwiZW1haWwiOiJmaW5hbmNpZXJvLTEwOEBiaXRlY28uY29tIn0.bwQWXbjPmCH9HgTAi442bXenRFpezgM5IX1V0nLf92sZcwSUENbMBDKBu0_ezoAJFSRQEEOPAO1nPj5DVe7VtO9dkE17F_zv2ThaTRh9P5I3xt6_xcnmXngjoRq7WQMFMNVO3Mj5eFXdpTLgaz5SiFVkxa03g6MpxDeKWq5stFWE4Shp3eWqEhwfu_H7j9HHWyE4ixryvZCjUCa-t7zEIWDcPnwhds_F7UZJxcONYyxTorr9oS7shkRZsiwu6S1ZJbj8x7tgWflyNCvd-D4EdZJjeVu0Iw516Y1-2E2hYz3XK_RS8mjyC3um76YtkWHyLBqe3e_H8KsXeXXZzztLqg
financiero-109,financiero,10,2026,2,eyJraWQiOiJEZ0VqOWg3UkwxeE1mcTV6dm1XcnlhWHdPZTZ3eW9WRDFNMDBVeENYaUUwPSIsImFsZyI6IlJTMjU2In0.eyJzdWIiOiJjNGY4NDRjOC1kMGYxLTcwOTctNjBmOS0wZGVlOGQwNGY5OTIiLCJjb2duaXRvOmdyb3VwcyI6WyJmaW5hbmNpZXJvIl0sImVtYWlsX3ZlcmlmaWVkIjp0cnVlLCJpc3MiOiJodHRwczovL2NvZ25pdG8taWRwLnVzLWVhc3QtMS5hbWF6b25hd3MuY29tL3VzLWVhc3QtMV9RR2hSTkpOY3MiLCJjb2duaXRvOnVzZXJuYW1lIjoiZmluYW5jaWVyby0xMDkiLCJvcmlnaW5fanRpIjoiNzI3MmExY2EtZjM4OC00MTQ1LWJmNDgtMmM2MWJiMTYxYmJhIiwiYXVkIjoiN2VxNWY0NmdtdDRjaGtwYWJncHVwMTdjZTYiLCJldmVudF9pZCI6Ijc3ZTY4ODQwLTk4ZTUtNDFkNi1hMWUwLTlhYmVlNTk5NDhhNCIsInRva2VuX3VzZSI6ImlkIiwiYXV0aF90aW1lIjoxNzc5OTg1NzU3LCJleHAiOjE3Nzk5ODkzNTcsImlhdCI6MTc3OTk4NTc1NywianRpIjoiNjk0MmM3YjEtM2RjNi00YWMyLThhOTEtMzMyNmE0MmNlNzY3IiwiZW1haWwiOiJmaW5hbmNpZXJvLTEwOUBiaXRlY28uY29tIn0.0hX8DbJqAopWRShg0byf2Fk9yrUQ71APUi4iUzpzpPNStWMMTrE6CG7E-JKIF9wsGafEzOm9L_viDMRk3MTE1gYbfeoFGj_qyRYorNsf3sUlHBsc2tyooOcrApj_82MMo1T0gRVtLqf5lu9cWmJ9iEBpAEw_WIoJ7yWdRX9EuwFm1Lu5eB-5QjJQnLBvslpBS-C6eeaja2qYfsNteNXZgY9X1x9YxCS29yf_u7n0g9s-XeIWx8bqltrjLiwGNn339-a9zbbBCAu_wsCltPOpXmPxBlOBYCZMPu6LK8AR9QdkpVnZpTgN4P1HOy2_Xg0FTxKNW1-SVsxcVnvS16lClQ
financiero-110,financiero,1,2026,3,eyJraWQiOiJEZ0VqOWg3UkwxeE1mcTV6dm1XcnlhWHdPZTZ3eW9WRDFNMDBVeENYaUUwPSIsImFsZyI6IlJTMjU2In0.eyJzdWIiOiJjNGQ4MTQyOC0zMDYxLTcwZmMtYzU3MC1hYzgwNWIxYWEwZTciLCJjb2duaXRvOmdyb3VwcyI6WyJmaW5hbmNpZXJvIl0sImVtYWlsX3ZlcmlmaWVkIjp0cnVlLCJpc3MiOiJodHRwczovL2NvZ25pdG8taWRwLnVzLWVhc3QtMS5hbWF6b25hd3MuY29tL3VzLWVhc3QtMV9RR2hSTkpOY3MiLCJjb2duaXRvOnVzZXJuYW1lIjoiZmluYW5jaWVyby0xMTAiLCJvcmlnaW5fanRpIjoiYjRkNjkxMGEtNmQzMS00N2UyLWI2ZWUtOWY5MDNjMzU3ODFjIiwiYXVkIjoiN2VxNWY0NmdtdDRjaGtwYWJncHVwMTdjZTYiLCJldmVudF9pZCI6Ijg0YjRiYzEyLTM0ZTktNGNkZC05MDVlLWIwNjI0MjRmYTM5YSIsInRva2VuX3VzZSI6ImlkIiwiYXV0aF90aW1lIjoxNzc5OTg1NzU3LCJleHAiOjE3Nzk5ODkzNTcsImlhdCI6MTc3OTk4NTc1NywianRpIjoiNmNjMDI3ODktZDVlYS00MTc1LWEwNDQtMWIzZDcyZDI3NDRiIiwiZW1haWwiOiJmaW5hbmNpZXJvLTExMEBiaXRlY28uY29tIn0.s-_TjWw0dkSaUJjgzx5T6chqHyCVE1FRBpUlYl1AQqt9I11hMjPTyzJ-ZOrB_22i8rEdTMbIFMdS3ojaIgJTQ_o7QCxRXWgsQ1HQfKXk5jV003udQFZpSkEQbV5Zzw6cMCQqlSQwtpHhriJPg3pSnViQ8XbgrHi-Hvzg6x2zbRK8GI7ehXXhNp3xwNxu4DKUxae6rl6SqkH9v6xN9_0ZcSPn0iO_-vq3iwDoUizLnVciIlRmGTSfiCAmaeUamLJULzgPsVwcSrsr_JZmEk1gdUP7NHsQQ4rH8BDXVc2E6h0VNIaabfnot2Qi6wFBVHfRaJPh4Kox8vr9qBBDwWPjjw
financiero-111,financiero,2,2026,4,eyJraWQiOiJEZ0VqOWg3UkwxeE1mcTV6dm1XcnlhWHdPZTZ3eW9WRDFNMDBVeENYaUUwPSIsImFsZyI6IlJTMjU2In0.eyJzdWIiOiJiNDk4YTQ2OC05MDQxLTcwNzktMTQ4OC0xZGU0YzA1NDIyNTciLCJjb2duaXRvOmdyb3VwcyI6WyJmaW5hbmNpZXJvIl0sImVtYWlsX3ZlcmlmaWVkIjp0cnVlLCJpc3MiOiJodHRwczovL2NvZ25pdG8taWRwLnVzLWVhc3QtMS5hbWF6b25hd3MuY29tL3VzLWVhc3QtMV9RR2hSTkpOY3MiLCJjb2duaXRvOnVzZXJuYW1lIjoiZmluYW5jaWVyby0xMTEiLCJvcmlnaW5fanRpIjoiNGViZmJhZjYtNDgxYy00Y2ZkLWEwMmItZDYyYmY2ZGY0OGU0IiwiYXVkIjoiN2VxNWY0NmdtdDRjaGtwYWJncHVwMTdjZTYiLCJldmVudF9pZCI6IjgxMzA4NmM3LTlmMjctNGUzYy1iODBjLWI0MTVjN2YzNmM5MCIsInRva2VuX3VzZSI6ImlkIiwiYXV0aF90aW1lIjoxNzc5OTg1NzU4LCJleHAiOjE3Nzk5ODkzNTgsImlhdCI6MTc3OTk4NTc1OCwianRpIjoiMjM1NTM1NGItODA5My00MWRlLTkzNTMtNzE1ZjIwYWVhYmNjIiwiZW1haWwiOiJmaW5hbmNpZXJvLTExMUBiaXRlY28uY29tIn0.J_kCBhhsn5-za97sGJqWjZPPDle_oN40MY92WcFbNX9H5ushi5mrT6URHFp479dnUD68HIKg_3fDlY03hyBsytWlJVUJR0YEeaRmQlNcv1ineOJCdXUdjJ6TKGYeDfNJZG1cotrgX30cBzB0bHwXYLdQtHlXqdH9K4keB8ANAcmPpndQSsVkZarx0NhaC9O55ft9uxz8tE-uYYFnj2uIJzssmNYF_Lj5ReXsUk8FeKdTkzN5KS2Uj4l22Rs7Ox_tOjK_c6lnzPhKpOQApWnOIOuVLYumS3EaMiIBkt0kwKwo3X5N_RmO8uqA7Xa3YE5inIJYroKHe8kP-nlkRvOL6A
financiero-112,financiero,3,2026,1,eyJraWQiOiJEZ0VqOWg3UkwxeE1mcTV6dm1XcnlhWHdPZTZ3eW9WRDFNMDBVeENYaUUwPSIsImFsZyI6IlJTMjU2In0.eyJzdWIiOiJlNGM4MTQwOC0wMDIxLTcwY2QtZjFiOS0xMDIzNmUwNDI0MGEiLCJjb2duaXRvOmdyb3VwcyI6WyJmaW5hbmNpZXJvIl0sImVtYWlsX3ZlcmlmaWVkIjp0cnVlLCJpc3MiOiJodHRwczovL2NvZ25pdG8taWRwLnVzLWVhc3QtMS5hbWF6b25hd3MuY29tL3VzLWVhc3QtMV9RR2hSTkpOY3MiLCJjb2duaXRvOnVzZXJuYW1lIjoiZmluYW5jaWVyby0xMTIiLCJvcmlnaW5fanRpIjoiMTI0ZjgxNmQtZDk5NS00ZThlLWFiYTQtMmU5ZTVlZjQxMWEzIiwiYXVkIjoiN2VxNWY0NmdtdDRjaGtwYWJncHVwMTdjZTYiLCJldmVudF9pZCI6IjNjZjg4NjgxLTE1OGMtNDAwNy05N2ZjLTBlMjQxM2ZjNTQwYiIsInRva2VuX3VzZSI6ImlkIiwiYXV0aF90aW1lIjoxNzc5OTg1NzU4LCJleHAiOjE3Nzk5ODkzNTgsImlhdCI6MTc3OTk4NTc1OCwianRpIjoiZWQyOGJmZjAtZDZjOS00M2VkLWEzZTctNjIzNTdiNDM0M2JhIiwiZW1haWwiOiJmaW5hbmNpZXJvLTExMkBiaXRlY28uY29tIn0.ehI98DLZs6WMm0PgGrN2Rl2NBAVKlOUIx_oO9Jmb9hpBk1QKb9x3w8R-epIjFiRm9A3bcLGRtlRCJx7Y0Pi9b_HgmJrgJJ5GqN50HG1dXxGowDgHbvZY5Uyg5AYQ6hyLNE_TZleeQlfVaYFEIK9HAMcilcjoko7va80zW2jciN6LyJxZxBmMTwc4oAl_jyHD6hyT16HOYe1I2xUAOAeoaNkEoEF4XDy1zYp3XtTYz3ox-e-UBVaRKzLxL7WW4h5rJIDDxPvGwMJrWLOJJt0Amilip65NW8NubAUt466xtYImA0N2wcJFPiqSEIpcxY8bdt3h6wLMQ1eQekUevpy6hg
financiero-113,financiero,4,2026,2,eyJraWQiOiJEZ0VqOWg3UkwxeE1mcTV6dm1XcnlhWHdPZTZ3eW9WRDFNMDBVeENYaUUwPSIsImFsZyI6IlJTMjU2In0.eyJzdWIiOiI1NGM4MTQzOC05MDMxLTcwNWYtNTVmMS1lZTEwNjRkODg1NjUiLCJjb2duaXRvOmdyb3VwcyI6WyJmaW5hbmNpZXJvIl0sImVtYWlsX3ZlcmlmaWVkIjp0cnVlLCJpc3MiOiJodHRwczovL2NvZ25pdG8taWRwLnVzLWVhc3QtMS5hbWF6b25hd3MuY29tL3VzLWVhc3QtMV9RR2hSTkpOY3MiLCJjb2duaXRvOnVzZXJuYW1lIjoiZmluYW5jaWVyby0xMTMiLCJvcmlnaW5fanRpIjoiNDAwNzc0NDAtYWM3YS00MDllLTljYzEtNGU3OWFjN2M4OWZhIiwiYXVkIjoiN2VxNWY0NmdtdDRjaGtwYWJncHVwMTdjZTYiLCJldmVudF9pZCI6IjBiMGZmZjIzLTgzZTMtNDgwNi05YWE1LTE2MjBiMTcxODEzMiIsInRva2VuX3VzZSI6ImlkIiwiYXV0aF90aW1lIjoxNzc5OTg1NzU4LCJleHAiOjE3Nzk5ODkzNTgsImlhdCI6MTc3OTk4NTc1OCwianRpIjoiN2Q3ODA1Y2YtMGZhMS00ZmEzLWFmOTQtMGE2MzNmM2I0ZWRlIiwiZW1haWwiOiJmaW5hbmNpZXJvLTExM0BiaXRlY28uY29tIn0.3uzVbVpDN9jTzA2xW4KtJlOkFqB7cRq90groMP8ArYlj8nTf20lf3GecPHeUp49yc49xql-WYIS8z-Kjg5LgYDa_CMzn7QMWePLUS2NyUw064uZJ8fhjtZzIPRgtBgReuqRPMjgN77XXUs19AOpzPDV8-FzGiasRhqmYHujIsUiLDl3egjC5f2LfjtmsYO9-J61LHInvEy4XnwCKMVuU64D5pnx9LDse6YytpPpfKqwmahWXlbvONYQTvKm3BaYy9RjxktPXug2nokAL8KZU-og6yF9ryrIutv1by3usI_JnAHQ8hwaMiF7OYcw0rn-zi8rBC6c17_Pu6NgzexkHCA
financiero-114,financiero,5,2026,3,eyJraWQiOiJEZ0VqOWg3UkwxeE1mcTV6dm1XcnlhWHdPZTZ3eW9WRDFNMDBVeENYaUUwPSIsImFsZyI6IlJTMjU2In0.eyJzdWIiOiIxNDg4MjRhOC1iMDcxLTcwNjYtNTViZC00ZTI1Yzg5NDNjMDYiLCJjb2duaXRvOmdyb3VwcyI6WyJmaW5hbmNpZXJvIl0sImVtYWlsX3ZlcmlmaWVkIjp0cnVlLCJpc3MiOiJodHRwczovL2NvZ25pdG8taWRwLnVzLWVhc3QtMS5hbWF6b25hd3MuY29tL3VzLWVhc3QtMV9RR2hSTkpOY3MiLCJjb2duaXRvOnVzZXJuYW1lIjoiZmluYW5jaWVyby0xMTQiLCJvcmlnaW5fanRpIjoiYmZiNzYyYWMtMmU4Ny00MzkwLTkxMWMtMjBmODhkZjVjNmYyIiwiYXVkIjoiN2VxNWY0NmdtdDRjaGtwYWJncHVwMTdjZTYiLCJldmVudF9pZCI6ImFlZmZkNTkxLWNiMjAtNDk0NS1hNWE4LTE5ODk4ODYyMzYwMSIsInRva2VuX3VzZSI6ImlkIiwiYXV0aF90aW1lIjoxNzc5OTg1NzU4LCJleHAiOjE3Nzk5ODkzNTgsImlhdCI6MTc3OTk4NTc1OCwianRpIjoiMzdmMTQ3YzYtYzA3ZC00ZTRlLWIyNzYtM2I4Mjg4MzcyY2U3IiwiZW1haWwiOiJmaW5hbmNpZXJvLTExNEBiaXRlY28uY29tIn0.IAV_YroDEst9J2vrkVDtCRpY_Bd8PlN_jL7Nqd2pgmZZi1gDtmkW2LRoiUitzqk41Q1TXTL3K-lHFaCvpZYHAoJaSeLqDuyVx3f1ot2oZbRhgN3fHXdFI8b4NoCdH4nq1RLHR-fhfOf1d_jbfRaE2nVkiU9qqCny0BYkOADxOoHBvHHzSHDqFf4X_HuoQ5s_mja7NRxvdLBnY-KkjI6qUchn-6zXtJWwNLOty55uNsqu0QB4rjFAl1f5mG0eCKAa5rTtmQXLFKHB2rBXUnmcn3fEFFN4j9nrWMfmXOFYc46gr9NDpday0ngEZ_cbdZFDpydxwOzaugvBaDoQp1FVQw
financiero-115,financiero,6,2026,4,eyJraWQiOiJEZ0VqOWg3UkwxeE1mcTV6dm1XcnlhWHdPZTZ3eW9WRDFNMDBVeENYaUUwPSIsImFsZyI6IlJTMjU2In0.eyJzdWIiOiIxNDg4ZDRhOC1mMGUxLTcwNTYtYzViMC1kMjc5MDc3OTA3ODMiLCJjb2duaXRvOmdyb3VwcyI6WyJmaW5hbmNpZXJvIl0sImVtYWlsX3ZlcmlmaWVkIjp0cnVlLCJpc3MiOiJodHRwczovL2NvZ25pdG8taWRwLnVzLWVhc3QtMS5hbWF6b25hd3MuY29tL3VzLWVhc3QtMV9RR2hSTkpOY3MiLCJjb2duaXRvOnVzZXJuYW1lIjoiZmluYW5jaWVyby0xMTUiLCJvcmlnaW5fanRpIjoiZWU5NzA5ZjMtZGE0Mi00Y2U1LTk2N2YtNmI3ZjkxY2E1NDM1IiwiYXVkIjoiN2VxNWY0NmdtdDRjaGtwYWJncHVwMTdjZTYiLCJldmVudF9pZCI6Ijk0M2MxODZkLTUxZjctNDFhZS04MmEyLTVjODAxZGU1Yzc1YiIsInRva2VuX3VzZSI6ImlkIiwiYXV0aF90aW1lIjoxNzc5OTg1NzU5LCJleHAiOjE3Nzk5ODkzNTksImlhdCI6MTc3OTk4NTc1OSwianRpIjoiNzRlMWMxM2UtOWEzYi00NzIwLTgxYTAtNDIyMjgxZjgzNzgyIiwiZW1haWwiOiJmaW5hbmNpZXJvLTExNUBiaXRlY28uY29tIn0.xgLKO51cestZdB2VHNS6ad3mu-XMDYqDSWMYTG8HyMZ6qkhxqdnq5Zr_7UwWLGXfa4zDOYz7HPYJakxhx-d_mEai4sJQ_AiHAhhpXaK_ipNcHO_Ago2zFMhQbywVTsv47ToY89esO9KjxFrzKENS1bCQHeTBgRUnG7fpFGu1tThDbZKBeUYQolQh7GmMNRAzJrUWE9Dj0SJWGxpOsxCFTS_DoTssFTIJXTOXjTzRoUzREYLi35CExO0VIyqHFDsNW9CFrwpWt_lpLsQJ9Al5fagxVQMjOfdRMYKVqo_bImbDZzhWMSuDlL7AlW3bO1J5iZwG6QO8ZwwDChGyixKQ7g
financiero-116,financiero,7,2026,1,eyJraWQiOiJEZ0VqOWg3UkwxeE1mcTV6dm1XcnlhWHdPZTZ3eW9WRDFNMDBVeENYaUUwPSIsImFsZyI6IlJTMjU2In0.eyJzdWIiOiIyNGU4MTRmOC05MGExLTcwM2UtODA4OC04MDgzZGU1ODM4MjEiLCJjb2duaXRvOmdyb3VwcyI6WyJmaW5hbmNpZXJvIl0sImVtYWlsX3ZlcmlmaWVkIjp0cnVlLCJpc3MiOiJodHRwczovL2NvZ25pdG8taWRwLnVzLWVhc3QtMS5hbWF6b25hd3MuY29tL3VzLWVhc3QtMV9RR2hSTkpOY3MiLCJjb2duaXRvOnVzZXJuYW1lIjoiZmluYW5jaWVyby0xMTYiLCJvcmlnaW5fanRpIjoiNDBhZDc4YzQtNTQ4OC00MGYwLWI2NTEtOTU5OGRjYTI4N2ZhIiwiYXVkIjoiN2VxNWY0NmdtdDRjaGtwYWJncHVwMTdjZTYiLCJldmVudF9pZCI6ImIxZjAwNzU0LWFkY2YtNGYyZS1hYzhjLWRhZjFkZTAwZDA5ZiIsInRva2VuX3VzZSI6ImlkIiwiYXV0aF90aW1lIjoxNzc5OTg1NzU5LCJleHAiOjE3Nzk5ODkzNTksImlhdCI6MTc3OTk4NTc1OSwianRpIjoiNmFiYWJmZTEtYmEyMC00YTI0LThjZGMtNDI1MDk0ODdmY2M5IiwiZW1haWwiOiJmaW5hbmNpZXJvLTExNkBiaXRlY28uY29tIn0.avIF6lrAvDmLAXN51brYYWfzbUFIiy_kKqlbLzfwv3eSjiy4VmzSN0ThUUoZpcMgtx_jcysFGV3r_C1UJ0g6TgGE59KAu7n7-bb2dtyZD71nOZeVd-H0pZ-Ju7PCCUKJkczEfhIO3mCTbQnx2L49M3BaF5O_z2jDIfv_5fCSt8JAKdycnRXYcjoLTFym0_kJCs6QmgJhX4ib1PXN-uVvC203E71lfzxdUsfww3X39l1xU26G1eRI2G7F0Xbd4s2MXh9--Rwj8W-SWSnocrUBs49IlzWjad84YQFiLz4gydkSyRc3efIyt9_iieYuf9j7Dlh5g88bFQBIS-p-AxNa1Q
financiero-117,financiero,8,2026,2,eyJraWQiOiJEZ0VqOWg3UkwxeE1mcTV6dm1XcnlhWHdPZTZ3eW9WRDFNMDBVeENYaUUwPSIsImFsZyI6IlJTMjU2In0.eyJzdWIiOiIzNGY4OTQzOC05MDQxLTcwMmEtM2Y2Yy0zZDBjYzQyY2VhYTYiLCJjb2duaXRvOmdyb3VwcyI6WyJmaW5hbmNpZXJvIl0sImVtYWlsX3ZlcmlmaWVkIjp0cnVlLCJpc3MiOiJodHRwczovL2NvZ25pdG8taWRwLnVzLWVhc3QtMS5hbWF6b25hd3MuY29tL3VzLWVhc3QtMV9RR2hSTkpOY3MiLCJjb2duaXRvOnVzZXJuYW1lIjoiZmluYW5jaWVyby0xMTciLCJvcmlnaW5fanRpIjoiNmQwMTk2ZDMtNWY3Yy00YjAzLWFjOTgtYmU0ZjViYWU3ZjZlIiwiYXVkIjoiN2VxNWY0NmdtdDRjaGtwYWJncHVwMTdjZTYiLCJldmVudF9pZCI6IjgzZTA2NTdjLWY4MTAtNDZkYi1hZWU3LWRiY2YyZjExYWJlMCIsInRva2VuX3VzZSI6ImlkIiwiYXV0aF90aW1lIjoxNzc5OTg1NzU5LCJleHAiOjE3Nzk5ODkzNTksImlhdCI6MTc3OTk4NTc1OSwianRpIjoiY2JlMGNhYWEtMGNhZi00OWMwLTlmNGMtODA2YTg3NGRhMjRiIiwiZW1haWwiOiJmaW5hbmNpZXJvLTExN0BiaXRlY28uY29tIn0.cTKQhjzy8uA8RQcsxN91jda3qwlX3Skvu3vhjZ4cD2shDh16CQ7aNbxMJl9dXdapNhlXOF_ybK2q5UxdUMMhalVDTRYEFF9B48_EFEpIw3TX2pJ45XeHB2epdiPM-xpPdR8g54_Ebpm1Zes_w_Zffd4rA6E4epf_oDzwIb4D3ydjf3tZfDWsXFHRNVQMPkxdhj6pHvXqfnKc-gVj8Vhc6D7C4-JSIQ9n6MR7TqyVYwMyN0tRxJhebGuYRvLL8lrTytrdD14pCZmaTKe4EW7uM9XbPGPotcP41P6f0JWqXdQUcxqszGAUPDSPZMIIQpCR3Hk7wb0wUCAC1QOX3NbdSw
financiero-118,financiero,9,2026,3,eyJraWQiOiJEZ0VqOWg3UkwxeE1mcTV6dm1XcnlhWHdPZTZ3eW9WRDFNMDBVeENYaUUwPSIsImFsZyI6IlJTMjU2In0.eyJzdWIiOiI0NGU4MjQwOC04MGExLTcwMTctNWVlZi1mNmM1ZWFlNGFlMTAiLCJjb2duaXRvOmdyb3VwcyI6WyJmaW5hbmNpZXJvIl0sImVtYWlsX3ZlcmlmaWVkIjp0cnVlLCJpc3MiOiJodHRwczovL2NvZ25pdG8taWRwLnVzLWVhc3QtMS5hbWF6b25hd3MuY29tL3VzLWVhc3QtMV9RR2hSTkpOY3MiLCJjb2duaXRvOnVzZXJuYW1lIjoiZmluYW5jaWVyby0xMTgiLCJvcmlnaW5fanRpIjoiYTJhYjI3MzYtMDZjMi00OGMzLWI0NmItMzE2NmQxNGQ4MDNkIiwiYXVkIjoiN2VxNWY0NmdtdDRjaGtwYWJncHVwMTdjZTYiLCJldmVudF9pZCI6IjQ5MWZmNmNiLTIwMTItNGUwYy1hOTBiLTg0MzU3YjZiZGMzOCIsInRva2VuX3VzZSI6ImlkIiwiYXV0aF90aW1lIjoxNzc5OTg1NzU5LCJleHAiOjE3Nzk5ODkzNTksImlhdCI6MTc3OTk4NTc1OSwianRpIjoiYThiOTczMzItNGFhOC00MTc2LWE0ZTAtN2UwYTk0OWE5ZTM2IiwiZW1haWwiOiJmaW5hbmNpZXJvLTExOEBiaXRlY28uY29tIn0.5i00Pg-m8j8xgjGqSC8cL1wo7lQNH56yYGEYa0hls-u3gllFqo2tygYaZyXQ-_b8CseBH2PM0jgVfDko0yTBfNx4XhugCw32Ts6QAC0EGg0hrPWqfNguE7ymuYSEZBTDod4U5XCyd4j2I3RkYA10zbp0enhRuM3xfZoR8nfzj3Ou2awu1-ksGZwnO6PxDN71yqtODpMpiybnfFV-JOAu_wJsqMS4hOR5GL-o-vHD4MzxdShR_bfakfQT7X5lKRfy9uEqJNETNE5p-T8Wd064dbLo6-A0-JUfRbRRhuLHCs_Mr_GaHAbE7ILHwn5Y8DwXnHVKa5eI2Aupvr-X9cKPoQ
financiero-119,financiero,10,2026,4,eyJraWQiOiJEZ0VqOWg3UkwxeE1mcTV6dm1XcnlhWHdPZTZ3eW9WRDFNMDBVeENYaUUwPSIsImFsZyI6IlJTMjU2In0.eyJzdWIiOiJjNGI4NzRjOC1hMDUxLTcwNmMtMDljZS1lNDQ3MjM1NWU5NWYiLCJjb2duaXRvOmdyb3VwcyI6WyJmaW5hbmNpZXJvIl0sImVtYWlsX3ZlcmlmaWVkIjp0cnVlLCJpc3MiOiJodHRwczovL2NvZ25pdG8taWRwLnVzLWVhc3QtMS5hbWF6b25hd3MuY29tL3VzLWVhc3QtMV9RR2hSTkpOY3MiLCJjb2duaXRvOnVzZXJuYW1lIjoiZmluYW5jaWVyby0xMTkiLCJvcmlnaW5fanRpIjoiMDQwODgyNDktZGQ2OC00NzM3LThjMmItOTgxZTJlNDk2ZDAxIiwiYXVkIjoiN2VxNWY0NmdtdDRjaGtwYWJncHVwMTdjZTYiLCJldmVudF9pZCI6ImRkYzk5NDE5LWUxZjEtNDNmOS05MmVkLWEwZmNjMmM0YzkzMSIsInRva2VuX3VzZSI6ImlkIiwiYXV0aF90aW1lIjoxNzc5OTg1NzYwLCJleHAiOjE3Nzk5ODkzNjAsImlhdCI6MTc3OTk4NTc2MCwianRpIjoiOGZmYWU2OTctMTZjYy00NDVlLWEzNTgtMjZkOWI5NGNkMGQ0IiwiZW1haWwiOiJmaW5hbmNpZXJvLTExOUBiaXRlY28uY29tIn0.bGkndaKUtWh7Xj7BPRNTVpodaJw-yx_cwqzpvzToIciTtGPgcCWbsQ8wZPNSjFkSAzSr3wUGmsNAREWjOXEnFhUMVQ7wDhbG3Msjui9VPgALLMSgA0QZHbAYLpMSB9Pqo2oY86GgFYNBi1hW9uVuFuWk0ga06DdImZVvi5d_WjujSvg7-gYxpwrma1ZyyBnNy_rr4Ovi3ORESJNss8g-m9dDOE7_Ypg08U5Ikh0bW0DTiWrdTZ9zE_0TTQAijJJgd63VBhu37IZWEdztv_TA6bGilnJq6D8sobe-NWoBWuMpkXUodELry3PR5CbnZ6xcMlcKmARmzZKvpfGTq8GyIA
financiero-120,financiero,1,2026,1,eyJraWQiOiJEZ0VqOWg3UkwxeE1mcTV6dm1XcnlhWHdPZTZ3eW9WRDFNMDBVeENYaUUwPSIsImFsZyI6IlJTMjU2In0.eyJzdWIiOiI0NDM4MjQ1OC00MDgxLTcwNmItNDEwNC1hY2JiYTM4NzFlYzQiLCJjb2duaXRvOmdyb3VwcyI6WyJmaW5hbmNpZXJvIl0sImVtYWlsX3ZlcmlmaWVkIjp0cnVlLCJpc3MiOiJodHRwczovL2NvZ25pdG8taWRwLnVzLWVhc3QtMS5hbWF6b25hd3MuY29tL3VzLWVhc3QtMV9RR2hSTkpOY3MiLCJjb2duaXRvOnVzZXJuYW1lIjoiZmluYW5jaWVyby0xMjAiLCJvcmlnaW5fanRpIjoiNDBjNWQ5MGItY2RjNS00OWFiLTg0MDEtMjNmYjM4MGY0OGVkIiwiYXVkIjoiN2VxNWY0NmdtdDRjaGtwYWJncHVwMTdjZTYiLCJldmVudF9pZCI6IjBkOTUxODI4LWFlZDktNDRkOC05ZGY0LTE3MDVkNWQ4NDM2MyIsInRva2VuX3VzZSI6ImlkIiwiYXV0aF90aW1lIjoxNzc5OTg1NzYwLCJleHAiOjE3Nzk5ODkzNjAsImlhdCI6MTc3OTk4NTc2MCwianRpIjoiZjk2M2E1MjgtOGI2Yy00OTBmLWIzYmQtOWJhNzRlNzNhZWNlIiwiZW1haWwiOiJmaW5hbmNpZXJvLTEyMEBiaXRlY28uY29tIn0.TbSMraKZHw9XIeH4qPtbsv5L7sNPCfMI_LH7cmnrWJwOxTGqvRz8ugQ24W33B-YFZIu4QS0VAMrUoDe3U0gITRYVeoshjLt7I_T8CnPoSC_BYlEYtOI5vkZRBnTC6TJU7zwe03N80Ij9ZFWAL-MRSUr-vaYZOpqSr5r272mIB57dLnxTDKuKHP1pgrLnRzuV-0_-lWM5Oah9FpmPbKvEPf1n76siA9HMIfo6vnNGskOimj9g6aAlTQWENctdkNHD-X6P_6xvB4Lg2ZB5vA3HqQZ-6fmW7EMIYTYv3IBYoqSGsSUkqbN78f7ih38lPcSPpu6BiVfDHhIwR-qZIndYTQ
financiero-121,financiero,2,2026,2,eyJraWQiOiJEZ0VqOWg3UkwxeE1mcTV6dm1XcnlhWHdPZTZ3eW9WRDFNMDBVeENYaUUwPSIsImFsZyI6IlJTMjU2In0.eyJzdWIiOiIxNDE4MjQ5OC03MGIxLTcwZDctNTVkZC1mN2UyMzY5OWIxZTgiLCJjb2duaXRvOmdyb3VwcyI6WyJmaW5hbmNpZXJvIl0sImVtYWlsX3ZlcmlmaWVkIjp0cnVlLCJpc3MiOiJodHRwczovL2NvZ25pdG8taWRwLnVzLWVhc3QtMS5hbWF6b25hd3MuY29tL3VzLWVhc3QtMV9RR2hSTkpOY3MiLCJjb2duaXRvOnVzZXJuYW1lIjoiZmluYW5jaWVyby0xMjEiLCJvcmlnaW5fanRpIjoiYWI4MzlkMmQtOGUyMi00NDhlLWExMzMtYTcyMzE2ZjYxMzI4IiwiYXVkIjoiN2VxNWY0NmdtdDRjaGtwYWJncHVwMTdjZTYiLCJldmVudF9pZCI6ImU1ZjVkOGVlLWQ2ZmMtNDg3ZS04NjBmLTQ1Y2Q4ZTE3ZjY5OSIsInRva2VuX3VzZSI6ImlkIiwiYXV0aF90aW1lIjoxNzc5OTg1NzYwLCJleHAiOjE3Nzk5ODkzNjAsImlhdCI6MTc3OTk4NTc2MCwianRpIjoiNjExYzcxNzAtZWE0MS00NzBkLTgxYzItOWRhYzI0M2RmMjM4IiwiZW1haWwiOiJmaW5hbmNpZXJvLTEyMUBiaXRlY28uY29tIn0.RkQ_EoHnVuDanXonf5cP1YpdPPyLpOlHpw89h49WXWkcrN6zkNdA1v5T5mFXDTdP48R4alm0azMVh8g8HmdngLvCZ94Teal4HKa1nQk7OvFc0FNFcUheq695diiBmxQL9vobfb-0EJNvzdW-w9Tl_zXZ-oJgjwUkEwjrFlPUI0IfaDOYHzXmxIF8eLOuS-k9QJchtBsdLIoDfVMSYaDRTiVQ8LQLPJBKk7gyIG1w5BjEdTAqGt8E6fEMJjTIWi-6EQPNnX5dlE6rbejZKyBFTIH4cwx08BJ7v6o3lQxqT80hXUWluBROnVNGHTPhDJsa_mJnc75zjGca7TaqcCqJ8g
financiero-122,financiero,3,2026,3,eyJraWQiOiJEZ0VqOWg3UkwxeE1mcTV6dm1XcnlhWHdPZTZ3eW9WRDFNMDBVeENYaUUwPSIsImFsZyI6IlJTMjU2In0.eyJzdWIiOiJlNDE4MDRlOC03MDYxLTcwMjAtNGJiNi01N2IwNmE0MmUwMmEiLCJjb2duaXRvOmdyb3VwcyI6WyJmaW5hbmNpZXJvIl0sImVtYWlsX3ZlcmlmaWVkIjp0cnVlLCJpc3MiOiJodHRwczovL2NvZ25pdG8taWRwLnVzLWVhc3QtMS5hbWF6b25hd3MuY29tL3VzLWVhc3QtMV9RR2hSTkpOY3MiLCJjb2duaXRvOnVzZXJuYW1lIjoiZmluYW5jaWVyby0xMjIiLCJvcmlnaW5fanRpIjoiN2ZmY2FjMGQtZWQ0Zi00ZjliLTliNjYtODE1NzE4OGU0ZWNiIiwiYXVkIjoiN2VxNWY0NmdtdDRjaGtwYWJncHVwMTdjZTYiLCJldmVudF9pZCI6IjFiODRjMzY1LWQwMzMtNDIwZi1iNWM5LWZmMzNkYTI5ZDlkMCIsInRva2VuX3VzZSI6ImlkIiwiYXV0aF90aW1lIjoxNzc5OTg1NzYwLCJleHAiOjE3Nzk5ODkzNjAsImlhdCI6MTc3OTk4NTc2MCwianRpIjoiOGUzYjg3OWMtMWVjMy00MmU0LThmMWYtZWE2Njc4ODZjMDhjIiwiZW1haWwiOiJmaW5hbmNpZXJvLTEyMkBiaXRlY28uY29tIn0.ZVjaLLPhN2cW04RveQAcO1IvGUmZGBA383hyOxScybmNRfx8hPcZgN45-2j-0lO1z_9VfuestZwUCFEo6IC69s1oPSewQrGomgFPlYCCqTXLzZObfJELDvrTXmUHBKfHhMi7Y3lI_BBJKaERDWNeGLy2MS9_F2SsiFuCwquNwsbjU66STc8AykEseD7JxjueAynUZPe8IeomWBiIikTXrFw0NcZxocaVFIUCdDlrSvKCapL_KR_kVDtsVdJt0jK9ypfhb47z69P2Bw66FiAkR1Y65mZobLz79tMulG-SXwICZ5lzlgsVn_J9l1ILBlxkg-7NxLnYbWMovrHCIOKYyA
financiero-123,financiero,4,2026,4,eyJraWQiOiJEZ0VqOWg3UkwxeE1mcTV6dm1XcnlhWHdPZTZ3eW9WRDFNMDBVeENYaUUwPSIsImFsZyI6IlJTMjU2In0.eyJzdWIiOiJiNGQ4NzRmOC1iMGMxLTcwNTItZjMwYy00MzMyYmJiMjc2ZGUiLCJjb2duaXRvOmdyb3VwcyI6WyJmaW5hbmNpZXJvIl0sImVtYWlsX3ZlcmlmaWVkIjp0cnVlLCJpc3MiOiJodHRwczovL2NvZ25pdG8taWRwLnVzLWVhc3QtMS5hbWF6b25hd3MuY29tL3VzLWVhc3QtMV9RR2hSTkpOY3MiLCJjb2duaXRvOnVzZXJuYW1lIjoiZmluYW5jaWVyby0xMjMiLCJvcmlnaW5fanRpIjoiZWFkNmJiYWQtMmM3OS00YzI0LWIzYzUtODdiNDMzN2QyYTVlIiwiYXVkIjoiN2VxNWY0NmdtdDRjaGtwYWJncHVwMTdjZTYiLCJldmVudF9pZCI6IjlmYTM3YzNmLTMyYzEtNGFlNC1hMzYwLTk2MjA5ZGYxMTBkOCIsInRva2VuX3VzZSI6ImlkIiwiYXV0aF90aW1lIjoxNzc5OTg1NzYxLCJleHAiOjE3Nzk5ODkzNjEsImlhdCI6MTc3OTk4NTc2MSwianRpIjoiOTBhZWY2ZGYtNDdhNC00MmE1LTgzMTMtY2Y1MGFmMDI3ZDZlIiwiZW1haWwiOiJmaW5hbmNpZXJvLTEyM0BiaXRlY28uY29tIn0.BcZaMUZUSUkTANo-2tmpmOzWFvFQnREs9_Cxfq7qzSBrMsrsdBmBqfrOBTWkwQCJC7QyzC13C_PwkaJa4i4bAlhWTuIK_ZfzIOQ2T8ifx0UlZgSHPJOya-e1liON5yMmMmOoB4OpHG44NkvQsKAcR1CvWtH7PdNF8GyXDjsbXS9cvmtfZF4PnoV3Wll8D4spno7Agz3j5KD2K-BfRyo8VulbgriRdSXG4hHs254DjLYmChjk9YgPMx--WNpoS6i-3XukP4hgqdfgOJnTaw0_PkTaTK591FMDopHBYaay2JQEsScKwQO7ufPB3XuZNc8in9kGlvOtf1v0QG5D4OExZw
financiero-124,financiero,5,2026,1,eyJraWQiOiJEZ0VqOWg3UkwxeE1mcTV6dm1XcnlhWHdPZTZ3eW9WRDFNMDBVeENYaUUwPSIsImFsZyI6IlJTMjU2In0.eyJzdWIiOiIwNDU4NDQyOC02MDAxLTcwMmItNTlmMC05OTE1YmZhYTIwNGYiLCJjb2duaXRvOmdyb3VwcyI6WyJmaW5hbmNpZXJvIl0sImVtYWlsX3ZlcmlmaWVkIjp0cnVlLCJpc3MiOiJodHRwczovL2NvZ25pdG8taWRwLnVzLWVhc3QtMS5hbWF6b25hd3MuY29tL3VzLWVhc3QtMV9RR2hSTkpOY3MiLCJjb2duaXRvOnVzZXJuYW1lIjoiZmluYW5jaWVyby0xMjQiLCJvcmlnaW5fanRpIjoiMzY3NmUxNzQtMGU3NC00MTgxLWFlZWMtNjliOTEyYjc0YTljIiwiYXVkIjoiN2VxNWY0NmdtdDRjaGtwYWJncHVwMTdjZTYiLCJldmVudF9pZCI6IjAxY2YwZWY3LTc2NDMtNDczZi05Yjc0LTIxZjg1OTFkYzBhMCIsInRva2VuX3VzZSI6ImlkIiwiYXV0aF90aW1lIjoxNzc5OTg1NzYxLCJleHAiOjE3Nzk5ODkzNjEsImlhdCI6MTc3OTk4NTc2MSwianRpIjoiZDgyMGY2ODQtOTM2Mi00ODdkLTkyMzItMzU1MWI0ZTk4YjMzIiwiZW1haWwiOiJmaW5hbmNpZXJvLTEyNEBiaXRlY28uY29tIn0.4nhXsRwRBlua9wvKX02NOODXnaaOtbR84A5WuduIodhNZlpjZcawhwDt7Wb2sy0k1eDkzdU8gf_CPkm1bh2xLL4BChgTbEZFzeCOreCL1qltKXx20ItZroBalezHKZBrS1ZCCeGJ7qWZwWxy3KFbHpFe8nwOlLQmYCEaSvWpi1BWk3fsvyCRmf0Xa5VAyFGFlgZx_Gg4L6Wd53QplIFTsp6kiMcQ6VPiERLJ_ScJMo6v5hoCZ264IhWb-2JAWztTYphuYUjfdEJvQbKLSJdb9bUfV9Y00v4_johmjwcr8dHb0P_BS4RLUiCKbMjsfrnZ1VImrr72buhkfjRv6SEEWw
financiero-125,financiero,6,2026,2,eyJraWQiOiJEZ0VqOWg3UkwxeE1mcTV6dm1XcnlhWHdPZTZ3eW9WRDFNMDBVeENYaUUwPSIsImFsZyI6IlJTMjU2In0.eyJzdWIiOiI4NDY4YTRmOC1kMGIxLTcwYzUtZTk4Ny05MTc3YmI2MTFmNGUiLCJjb2duaXRvOmdyb3VwcyI6WyJmaW5hbmNpZXJvIl0sImVtYWlsX3ZlcmlmaWVkIjp0cnVlLCJpc3MiOiJodHRwczovL2NvZ25pdG8taWRwLnVzLWVhc3QtMS5hbWF6b25hd3MuY29tL3VzLWVhc3QtMV9RR2hSTkpOY3MiLCJjb2duaXRvOnVzZXJuYW1lIjoiZmluYW5jaWVyby0xMjUiLCJvcmlnaW5fanRpIjoiOTIxYjIzOWYtZjZiNS00NjlmLWFmOWItNmI0MTc3MjUzZmM0IiwiYXVkIjoiN2VxNWY0NmdtdDRjaGtwYWJncHVwMTdjZTYiLCJldmVudF9pZCI6IjY4MzFjMzYxLTk1YWItNGIwMS1iMDYwLTc2MDM0MjhjNjgzNyIsInRva2VuX3VzZSI6ImlkIiwiYXV0aF90aW1lIjoxNzc5OTg1NzYxLCJleHAiOjE3Nzk5ODkzNjEsImlhdCI6MTc3OTk4NTc2MSwianRpIjoiNjlkOGFhOWEtMjc5ZS00ODcwLTlmNzUtMDE2MDdmN2VjMTBjIiwiZW1haWwiOiJmaW5hbmNpZXJvLTEyNUBiaXRlY28uY29tIn0.zsNqANBlxS3L0WjayYSYLKindiOK81zN8y99hvobRZw-4OYey7Pn1Fv4y6yFM2PzQA3PhoaRIh6zepfml-iNn9OSem8IElf7v7BR5ro6n6COSv0-4aFihUKrXccy3BNwOAhmpCQZK14PzedBqFuDws89W4K9Tq8zwbn5rCINCad3QpuGtskR6BOBoKJX5cDotKA5KJlbrBdB6PrWnVg9auCDg5uKmNblG535EHutUlMDQh7qDMc6nXohDrpHphprkCsS-LQ5QzfosnQb0_XP1FwdeewoajMMJcaZMzvDi4Py9SKVMqz5qX0mxLsxgjFUDO371UaLT-r-CQAtAJFelw
financiero-126,financiero,7,2026,3,eyJraWQiOiJEZ0VqOWg3UkwxeE1mcTV6dm1XcnlhWHdPZTZ3eW9WRDFNMDBVeENYaUUwPSIsImFsZyI6IlJTMjU2In0.eyJzdWIiOiJmNGE4NjQzOC0wMDQxLTcwZmYtYTRkYi01NDgwYWExMjg1OTQiLCJjb2duaXRvOmdyb3VwcyI6WyJmaW5hbmNpZXJvIl0sImVtYWlsX3ZlcmlmaWVkIjp0cnVlLCJpc3MiOiJodHRwczovL2NvZ25pdG8taWRwLnVzLWVhc3QtMS5hbWF6b25hd3MuY29tL3VzLWVhc3QtMV9RR2hSTkpOY3MiLCJjb2duaXRvOnVzZXJuYW1lIjoiZmluYW5jaWVyby0xMjYiLCJvcmlnaW5fanRpIjoiZTdmOWJhYzAtN2QzZi00NDkwLTk5YWUtNzY5MWQwYWNjMjQwIiwiYXVkIjoiN2VxNWY0NmdtdDRjaGtwYWJncHVwMTdjZTYiLCJldmVudF9pZCI6IjE3NzRiNWQ5LTliNmUtNDBlZS04MDM2LWViZWNlMzNiNjNkZSIsInRva2VuX3VzZSI6ImlkIiwiYXV0aF90aW1lIjoxNzc5OTg1NzYxLCJleHAiOjE3Nzk5ODkzNjEsImlhdCI6MTc3OTk4NTc2MiwianRpIjoiOWExMDZkNWUtM2ZmZC00ZTRlLWFhMTAtNTFkNmIwYTllNjM4IiwiZW1haWwiOiJmaW5hbmNpZXJvLTEyNkBiaXRlY28uY29tIn0.MH9LL4tzNAC3ntin-nLFNUsL9Bg_MVN5VIFXEA0820jYVq0pdxp2zNt9fwvzcVvLV66RvR-CMlFA2S9-6dctZUR8f88P2n-RAV5NY-4ihMzD2KHvcC9UwdBVDfndj3ZzvbyMc5sOFzFNKKYlx06Ey-5q2IG9TFzQRXP6GFq2svoxcfEV4SP6YOUk1Y8o9jhyqZs4wvt-znZXR19sQSWT3Rb0uTuUaE89EquTljFr6S4zWRZrYz2BEXLVqEsm58gwZ5hfK21C7niz0oVdM1ie0Hdh9LQN7RJH5T_QnL4Q1A0z5gvSRJFMCZ4Ol6efgZAIlscS6V9VDgt7EyeV8EB-uA
financiero-127,financiero,8,2026,4,eyJraWQiOiJEZ0VqOWg3UkwxeE1mcTV6dm1XcnlhWHdPZTZ3eW9WRDFNMDBVeENYaUUwPSIsImFsZyI6IlJTMjU2In0.eyJzdWIiOiIxNDM4YzRmOC1lMDIxLTcwOGQtZjJkNy02OGM1MzVhNTNkM2MiLCJjb2duaXRvOmdyb3VwcyI6WyJmaW5hbmNpZXJvIl0sImVtYWlsX3ZlcmlmaWVkIjp0cnVlLCJpc3MiOiJodHRwczovL2NvZ25pdG8taWRwLnVzLWVhc3QtMS5hbWF6b25hd3MuY29tL3VzLWVhc3QtMV9RR2hSTkpOY3MiLCJjb2duaXRvOnVzZXJuYW1lIjoiZmluYW5jaWVyby0xMjciLCJvcmlnaW5fanRpIjoiYWVkOWIwYWItNDgwNy00ZTNjLWI5MGUtM2U4MGViY2YzYTk4IiwiYXVkIjoiN2VxNWY0NmdtdDRjaGtwYWJncHVwMTdjZTYiLCJldmVudF9pZCI6IjY3ZDYxZGIzLTcwOTUtNGZjMS05NjYwLWFhNGI4Y2ExNWE4MSIsInRva2VuX3VzZSI6ImlkIiwiYXV0aF90aW1lIjoxNzc5OTg1NzYyLCJleHAiOjE3Nzk5ODkzNjIsImlhdCI6MTc3OTk4NTc2MiwianRpIjoiZGUwY2QwYjQtYzJiOC00ODk3LTlmYzMtNzU1Nzk5Y2Y0YjlmIiwiZW1haWwiOiJmaW5hbmNpZXJvLTEyN0BiaXRlY28uY29tIn0.XELzFWVb067gu2L0mE107nWgutLjomaIFDhVQJ56oK7wOwb_zqR7rI58CQvK7t8qbDi5o3FZiHGvir9hVIabKNrC1JsRXeTqvomGSB6M2vyvxgvLwKP7H37ni0IIZsxjHudVaTTwAe7HKP34wNJ8Z3dhDJrjJLR1XDJqx8mPiuoSo46G_By8nprS74fXmP3V-hZQMfGNjsT0nRxZ2Jq2T4gZkRo2WpEvvg-FQOSdt0ssz6tnZYXaUY6F_BPZVTgO8hQwJfzti6vrrLxh8D_BfCvNuYJYbTVRnLlvdUTK4F4UAn4hbIDu4FG3OzA6V7tfQXmfvKGhO08PZvXc0brXCw
financiero-128,financiero,9,2026,1,eyJraWQiOiJEZ0VqOWg3UkwxeE1mcTV6dm1XcnlhWHdPZTZ3eW9WRDFNMDBVeENYaUUwPSIsImFsZyI6IlJTMjU2In0.eyJzdWIiOiJjNDI4NDQ1OC1jMDQxLTcwNTAtNWE3MC0wZGZiNDhiMDQwZGYiLCJjb2duaXRvOmdyb3VwcyI6WyJmaW5hbmNpZXJvIl0sImVtYWlsX3ZlcmlmaWVkIjp0cnVlLCJpc3MiOiJodHRwczovL2NvZ25pdG8taWRwLnVzLWVhc3QtMS5hbWF6b25hd3MuY29tL3VzLWVhc3QtMV9RR2hSTkpOY3MiLCJjb2duaXRvOnVzZXJuYW1lIjoiZmluYW5jaWVyby0xMjgiLCJvcmlnaW5fanRpIjoiMjMxNzJiOTQtZTlmOC00M2FkLWJhODgtMWQ4NWZiN2YwYjY3IiwiYXVkIjoiN2VxNWY0NmdtdDRjaGtwYWJncHVwMTdjZTYiLCJldmVudF9pZCI6IjAzODRmZTg4LTg2NzMtNDRhMC1iOGQyLTYzNWZmYTM0YzVmMiIsInRva2VuX3VzZSI6ImlkIiwiYXV0aF90aW1lIjoxNzc5OTg1NzYyLCJleHAiOjE3Nzk5ODkzNjIsImlhdCI6MTc3OTk4NTc2MiwianRpIjoiNDA1NmZmNTgtZjE2Yy00YmMxLTg2NTYtNzBiZDE5ZjVmNzYyIiwiZW1haWwiOiJmaW5hbmNpZXJvLTEyOEBiaXRlY28uY29tIn0.NhlunoxAiT8LeDuauAmpEKmzc8UJFqrKoNboMJeLZO7ZQzo73AFLER7akoAELiOdh7eQFZlLUG7FYoSqHKZjhNEWYkaM6KgI-0hY0iAqfliO9-JTVeIUQSblO7DhliOqrMkyH-m0WANo3chLJlfpZ3B1aHjpPDEcREYCtf4-CVJIo-_AgjOruTWjmrcQ0GeFyMqBzLdXfvj2CSQSJAoChHdaRBpb_Ez2nahUIURHFq8M3q10YfbhOCh_aa3UNqfCerdUiOZBi80q0SdGsWhIZcV49FiBKaWd8-dK5LTy5Bi7kJOJDy249pvDyKLlSboW4zJDXOaBUQONqVSL-gkgrw
financiero-129,financiero,10,2026,2,eyJraWQiOiJEZ0VqOWg3UkwxeE1mcTV6dm1XcnlhWHdPZTZ3eW9WRDFNMDBVeENYaUUwPSIsImFsZyI6IlJTMjU2In0.eyJzdWIiOiI0NDQ4MTQ3OC0zMDkxLTcwZjItNGI5Yi1kNTE2MDY1YWQ2ODIiLCJjb2duaXRvOmdyb3VwcyI6WyJmaW5hbmNpZXJvIl0sImVtYWlsX3ZlcmlmaWVkIjp0cnVlLCJpc3MiOiJodHRwczovL2NvZ25pdG8taWRwLnVzLWVhc3QtMS5hbWF6b25hd3MuY29tL3VzLWVhc3QtMV9RR2hSTkpOY3MiLCJjb2duaXRvOnVzZXJuYW1lIjoiZmluYW5jaWVyby0xMjkiLCJvcmlnaW5fanRpIjoiNmRiNjcwYTAtNDRkNy00NWQxLTgwOGItZjI3YWE2MzA4YjJhIiwiYXVkIjoiN2VxNWY0NmdtdDRjaGtwYWJncHVwMTdjZTYiLCJldmVudF9pZCI6IjNlZGUyMjdlLWY2OWQtNDk0YS05M2JjLTE1ZmM2MzcwZDM4NSIsInRva2VuX3VzZSI6ImlkIiwiYXV0aF90aW1lIjoxNzc5OTg1NzYyLCJleHAiOjE3Nzk5ODkzNjIsImlhdCI6MTc3OTk4NTc2MiwianRpIjoiNTdjNDhkMjctZTlmNi00ZDhiLTgyYjMtNjVkYTZiNGIxMzliIiwiZW1haWwiOiJmaW5hbmNpZXJvLTEyOUBiaXRlY28uY29tIn0.lX0yqTyKbSomdvzrRdAk1ZVExpFpNDeF3AcNKbCNx-s-bzW4JMHTEWegzozOY2jFBc2r22m0NlrwlEdwPPEKWle9_gIsbzlzjP0ZBhVdSNGSm1LktT6H97JLE3vLKLHbJ70yVmok1OPsCiVgm5EtE2D9CxgN6nNxnS5yXu6l3EuHeT3EWKbx96obN_gD0yb82edOfZnS98gvb7_CK9Ge1w_HDLcEjz6Iw8SYuRfhzKaF3Mu5Z6cgqGQNOYXEKKxveNrc8-lBR_06_R8Q9VtiRDX0SgEVE1dsD3NZenndquS7YXKlqbnTcfQQQa546ISea3lW5oFVKELTnD8DVg_GEg
financiero-130,financiero,1,2026,3,eyJraWQiOiJEZ0VqOWg3UkwxeE1mcTV6dm1XcnlhWHdPZTZ3eW9WRDFNMDBVeENYaUUwPSIsImFsZyI6IlJTMjU2In0.eyJzdWIiOiIzNDU4ZjQwOC1kMDAxLTcwMTgtNWFjNS0wOGRiOTNmOTZlYWMiLCJjb2duaXRvOmdyb3VwcyI6WyJmaW5hbmNpZXJvIl0sImVtYWlsX3ZlcmlmaWVkIjp0cnVlLCJpc3MiOiJodHRwczovL2NvZ25pdG8taWRwLnVzLWVhc3QtMS5hbWF6b25hd3MuY29tL3VzLWVhc3QtMV9RR2hSTkpOY3MiLCJjb2duaXRvOnVzZXJuYW1lIjoiZmluYW5jaWVyby0xMzAiLCJvcmlnaW5fanRpIjoiYTJmNjc4NjEtYTY3MC00ZGE5LWIwNDctMTJmMTBkZjBlNzExIiwiYXVkIjoiN2VxNWY0NmdtdDRjaGtwYWJncHVwMTdjZTYiLCJldmVudF9pZCI6IjdmOGQwMmVmLWEyMTUtNGM0ZC04YTA0LWY1NDEzYzg5YmEyMiIsInRva2VuX3VzZSI6ImlkIiwiYXV0aF90aW1lIjoxNzc5OTg1NzYyLCJleHAiOjE3Nzk5ODkzNjIsImlhdCI6MTc3OTk4NTc2MywianRpIjoiMjc2OGE3ZjItNjJkNS00OTQ2LWI2NTItYmY0ZTVhZWFiZjgzIiwiZW1haWwiOiJmaW5hbmNpZXJvLTEzMEBiaXRlY28uY29tIn0.qcb6wsjvs14nIvMpsPL94OqCF9T3bap67j7DYglv0MVmhhlGDMyY42cBny0twd_pGDYJ-Dj9AQSqzdrgyiiT2jE2AWkUe1KPfOrHphksWgxpwrz86IKG4tFwMEJcuJJCDaYXB2BQ1DLJg8bDPQt858-G-3gOQa9Yfjb1QI93ZxL0YhQMs--grDPSgtMlwyZezv8_FNrzg-eaxeJnhoiy6vShf3QMfuonsHX6om5bt_qn03fz4JhVPHSe2by8c_-71nLX30cJUOPhyMGtIqvVmq3M524taXskCzuQWAvHkbDsNphyDygpNxeaPdS6xI0ZAN2ooIsOaYdCoi3Ilj0r0A
financiero-131,financiero,2,2026,4,eyJraWQiOiJEZ0VqOWg3UkwxeE1mcTV6dm1XcnlhWHdPZTZ3eW9WRDFNMDBVeENYaUUwPSIsImFsZyI6IlJTMjU2In0.eyJzdWIiOiJjNDg4OTQ3OC0wMDIxLTcwYWUtYWU0ZC0zNjlkYzBlNThkOGYiLCJjb2duaXRvOmdyb3VwcyI6WyJmaW5hbmNpZXJvIl0sImVtYWlsX3ZlcmlmaWVkIjp0cnVlLCJpc3MiOiJodHRwczovL2NvZ25pdG8taWRwLnVzLWVhc3QtMS5hbWF6b25hd3MuY29tL3VzLWVhc3QtMV9RR2hSTkpOY3MiLCJjb2duaXRvOnVzZXJuYW1lIjoiZmluYW5jaWVyby0xMzEiLCJvcmlnaW5fanRpIjoiZjk2ZGNhZDYtZWQyNC00ODVkLTg0MjctZDc4OWJjN2I5MzQ3IiwiYXVkIjoiN2VxNWY0NmdtdDRjaGtwYWJncHVwMTdjZTYiLCJldmVudF9pZCI6Ijc1YzA2MGU1LTlkZWUtNGY4MS05MDVjLWRmNWQ5NzZkNTYwOCIsInRva2VuX3VzZSI6ImlkIiwiYXV0aF90aW1lIjoxNzc5OTg1NzYzLCJleHAiOjE3Nzk5ODkzNjMsImlhdCI6MTc3OTk4NTc2MywianRpIjoiYmM0OGRlNjEtYzE1Ny00MDc1LWFmYTgtM2Q0NjFmMjcxYTFiIiwiZW1haWwiOiJmaW5hbmNpZXJvLTEzMUBiaXRlY28uY29tIn0.RL_6y6P3prkPlGH-GwnT-EJvebZ9vghwLXnRhbsuIao9Hm4-jjzeOV-Y1auTeJoWvYzZsRTSth9LvF8YVPStsp_fs5fn5vMCscgP2aDYTulEko502r_4y6Ietsh20xtMjzKn4E9a5ZCUsjp39rNUl_xHo175-809CcmgtVUNn1-w3fXYgzbcW3WHFugdQB4DGkPo47r4JMZ8AAAU_cn-IRgDS5dhRjsThgUaOi1YX0-vldNZptBKTjUVn3qYMNK1VA3aCQ3GiOFL3-5VgFGDKPR3ffWy3rWIl-FAvhfCAw-MDaqhKaW8lXqDhxSHY6-GkcU5wjSiFzpt-ER23EnxKw
financiero-132,financiero,3,2026,1,eyJraWQiOiJEZ0VqOWg3UkwxeE1mcTV6dm1XcnlhWHdPZTZ3eW9WRDFNMDBVeENYaUUwPSIsImFsZyI6IlJTMjU2In0.eyJzdWIiOiI0NGQ4ZjQxOC1kMDUxLTcwNmItN2ZkNS01NzRlZTIzZmYxMDQiLCJjb2duaXRvOmdyb3VwcyI6WyJmaW5hbmNpZXJvIl0sImVtYWlsX3ZlcmlmaWVkIjp0cnVlLCJpc3MiOiJodHRwczovL2NvZ25pdG8taWRwLnVzLWVhc3QtMS5hbWF6b25hd3MuY29tL3VzLWVhc3QtMV9RR2hSTkpOY3MiLCJjb2duaXRvOnVzZXJuYW1lIjoiZmluYW5jaWVyby0xMzIiLCJvcmlnaW5fanRpIjoiMGMxN2Q0NDYtYzA4ZS00ZWQyLWJlYzMtYTRjMGY0ZjY3ZjQ3IiwiYXVkIjoiN2VxNWY0NmdtdDRjaGtwYWJncHVwMTdjZTYiLCJldmVudF9pZCI6IjFkYzk4NWU0LTEwOTctNDJlNC04ODIyLWZlYWNhNjU5ZmFiZiIsInRva2VuX3VzZSI6ImlkIiwiYXV0aF90aW1lIjoxNzc5OTg1NzYzLCJleHAiOjE3Nzk5ODkzNjMsImlhdCI6MTc3OTk4NTc2MywianRpIjoiY2FlZGRlYWYtYjM3My00YzY1LWIyMzMtZGVjNTE5Mzc4NWUwIiwiZW1haWwiOiJmaW5hbmNpZXJvLTEzMkBiaXRlY28uY29tIn0.qhdSzBkI6-2YtdNy_QYaExLuM9SpbVCOo0np0VuvABG8FJN51JAWp2t_AUmKdlgcTV1Gi6XQm_xvzBGbXzagmjbUHzVX-zC3hEtLi4zKYwKRfth2UKGzZZ9AiGhA1MKXP2bebTO6XtKHZuItDgYmkq-1089Kxd2UnwMUyUNoDInP-bMjGbWhJ5A0KHpObbiJVfJMbRZeaKCxJoKy-KVezPjy8yUOPQcC2ITEdgMqekYrL5gJwUmTBR0jTLFFuuOYSgee7v9Z7enqq5a0LwxEajQziIuI-RjvX5_2XAg7_IL3G-aOQh3Ty1_BNHk7ldw1T1aUZWAUmEqmI9PIFv6oPw
financiero-133,financiero,4,2026,2,eyJraWQiOiJEZ0VqOWg3UkwxeE1mcTV6dm1XcnlhWHdPZTZ3eW9WRDFNMDBVeENYaUUwPSIsImFsZyI6IlJTMjU2In0.eyJzdWIiOiIyNGQ4MDRlOC1mMGIxLTcwNjUtZTcxZi01YzU2MGNhMTVjMWYiLCJjb2duaXRvOmdyb3VwcyI6WyJmaW5hbmNpZXJvIl0sImVtYWlsX3ZlcmlmaWVkIjp0cnVlLCJpc3MiOiJodHRwczovL2NvZ25pdG8taWRwLnVzLWVhc3QtMS5hbWF6b25hd3MuY29tL3VzLWVhc3QtMV9RR2hSTkpOY3MiLCJjb2duaXRvOnVzZXJuYW1lIjoiZmluYW5jaWVyby0xMzMiLCJvcmlnaW5fanRpIjoiM2ZhMGQwMWYtY2M3OS00YTFiLWE1ODAtYmMzMjIzOGZmOWIxIiwiYXVkIjoiN2VxNWY0NmdtdDRjaGtwYWJncHVwMTdjZTYiLCJldmVudF9pZCI6IjQ2ZWQ1ZjQyLWZjMjEtNGU3Ny1iNGU3LTM0NzY3N2FjYzc1OCIsInRva2VuX3VzZSI6ImlkIiwiYXV0aF90aW1lIjoxNzc5OTg1NzYzLCJleHAiOjE3Nzk5ODkzNjMsImlhdCI6MTc3OTk4NTc2MywianRpIjoiNWIyZjcwZDYtNzU0OC00ODEwLWFiNTQtMDE0YmUwYzdmNWI4IiwiZW1haWwiOiJmaW5hbmNpZXJvLTEzM0BiaXRlY28uY29tIn0.dwKBoy2xAaihWfLNN2I5BeiQvFNH4Qv3pBW8QH3bnaM5FWWegQWmWvD88z0zILGk67kBWCkjoCR4QSU3_dij2f-Anz6XUHigrSpmIIq-UanwFTlNQ8PjaP8-t-0DV0FWm8_uW8_lcA09yr0oCdA-utWlgKuL5gJb_S_82WajtNwogwYeHyDjA-BOtuS3E8ZTEczaoyf9mno7FsRcwjZtNU0Sdd9NMIU-SZeOgcGwfHG6jDCT1IDo9GxOchmds7JEkFOXKv7H1wsi569VXezfjPwYtsb4sNgrR9SorNuB1JMHSv2bRl4JIDrW9dZbwaY9Gp1w1vR2AhljT9e2_dPJbw
financiero-134,financiero,5,2026,3,eyJraWQiOiJEZ0VqOWg3UkwxeE1mcTV6dm1XcnlhWHdPZTZ3eW9WRDFNMDBVeENYaUUwPSIsImFsZyI6IlJTMjU2In0.eyJzdWIiOiI4NGI4YzQ1OC03MDAxLTcwNmUtNTE2NC04MmI4ZWM1Njc3ZDIiLCJjb2duaXRvOmdyb3VwcyI6WyJmaW5hbmNpZXJvIl0sImVtYWlsX3ZlcmlmaWVkIjp0cnVlLCJpc3MiOiJodHRwczovL2NvZ25pdG8taWRwLnVzLWVhc3QtMS5hbWF6b25hd3MuY29tL3VzLWVhc3QtMV9RR2hSTkpOY3MiLCJjb2duaXRvOnVzZXJuYW1lIjoiZmluYW5jaWVyby0xMzQiLCJvcmlnaW5fanRpIjoiZmY0Y2JlMDMtYTAxMy00MmMzLTk4Y2MtMjA5MjVhMDJiZjE5IiwiYXVkIjoiN2VxNWY0NmdtdDRjaGtwYWJncHVwMTdjZTYiLCJldmVudF9pZCI6IjNkMDgxMDZkLWNjYmQtNDlkNy1iYzhmLTljN2JmODVjMWZlYiIsInRva2VuX3VzZSI6ImlkIiwiYXV0aF90aW1lIjoxNzc5OTg1NzY0LCJleHAiOjE3Nzk5ODkzNjQsImlhdCI6MTc3OTk4NTc2NCwianRpIjoiZDdiOWQyZjctOTM5My00MTI5LTlmOWMtZDY5Yjg0MjZkNzgxIiwiZW1haWwiOiJmaW5hbmNpZXJvLTEzNEBiaXRlY28uY29tIn0.w7KWmy4Vd9lteduo82KmsI38kf6Ky1h7UulxNF3XJuKA3lHYQ5f6Czg5Jfd9AaqJBZa2n4LFUP5056vnVuDx1LCVzPLwSNtG1lwG0OaDR0bFXXL_6yTsP_cgkI2aQRD18qQgIwhHandJuFUUJdpCXJc7jBrupTOs-ICv_dUVYQ9IktZ4r4u__EXVSneMe63xZPompKRxviWZoYIC0yEuq9GgCb30C4HiXtLZawP6pLachKNhKDfzEpxf95hf9xYI4yjk92z5J2U04654V81Ksih9RVw2V8a7o1ViUFDkTe9HyfLfmz8qO_KNHxoMXMyjY43fyvCi36BTv0gzkyrjHQ
financiero-135,financiero,6,2026,4,eyJraWQiOiJEZ0VqOWg3UkwxeE1mcTV6dm1XcnlhWHdPZTZ3eW9WRDFNMDBVeENYaUUwPSIsImFsZyI6IlJTMjU2In0.eyJzdWIiOiJkNDM4MzQ3OC0yMGQxLTcwODQtZjMwMS1iZDUxZDcyYjY0N2MiLCJjb2duaXRvOmdyb3VwcyI6WyJmaW5hbmNpZXJvIl0sImVtYWlsX3ZlcmlmaWVkIjp0cnVlLCJpc3MiOiJodHRwczovL2NvZ25pdG8taWRwLnVzLWVhc3QtMS5hbWF6b25hd3MuY29tL3VzLWVhc3QtMV9RR2hSTkpOY3MiLCJjb2duaXRvOnVzZXJuYW1lIjoiZmluYW5jaWVyby0xMzUiLCJvcmlnaW5fanRpIjoiYmVhOWUxYTUtZTQwYS00NGFkLWIwYjEtYmZkOTUxYjYyYzQ5IiwiYXVkIjoiN2VxNWY0NmdtdDRjaGtwYWJncHVwMTdjZTYiLCJldmVudF9pZCI6IjY4YWUwZTNlLTIwYmYtNDAwNS1hOWQ5LTk5NTdhMGQ4OTU4ZSIsInRva2VuX3VzZSI6ImlkIiwiYXV0aF90aW1lIjoxNzc5OTg1NzY0LCJleHAiOjE3Nzk5ODkzNjQsImlhdCI6MTc3OTk4NTc2NCwianRpIjoiODNhYWVlYTctNjM2Ni00NGJjLWFmMTctZDc3MDg0MzFlOWI4IiwiZW1haWwiOiJmaW5hbmNpZXJvLTEzNUBiaXRlY28uY29tIn0.43BokwuED4XIo_Lcp27w762728O_aTB2k3XzgDsvdpUJOkUViWSMema3WtJOChbMqDVPxz-8MeRuBhGjibSLrjaBIB3Je-R6wmaSMrwofuRLrTC7JF6dt0npGHyD4K-mAM1ucOvTRIFpKHul2Ue7Ky8cZF23hzaWPA8wzZGsb7kKANlr4TVfu_Y4LQa9vjWSp720kZwPdLOKW3v1suVx2h98RbNi0Zo9K5abfD4FVtFskZl6iXIKQmtvQMwAKs23d5GmQ5ne9lyKnPcT5w39nxB7QBZDoALc3CJTX12k6uvL8A9a4sOyNE1z6pxwAMO_Mc86ZCXEKEfypWnJoH6_1w
financiero-136,financiero,7,2026,1,eyJraWQiOiJEZ0VqOWg3UkwxeE1mcTV6dm1XcnlhWHdPZTZ3eW9WRDFNMDBVeENYaUUwPSIsImFsZyI6IlJTMjU2In0.eyJzdWIiOiJlNDE4NTQwOC1jMDAxLTcwMjMtYzEzNS0xOTdhZjJlMmIzYjciLCJjb2duaXRvOmdyb3VwcyI6WyJmaW5hbmNpZXJvIl0sImVtYWlsX3ZlcmlmaWVkIjp0cnVlLCJpc3MiOiJodHRwczovL2NvZ25pdG8taWRwLnVzLWVhc3QtMS5hbWF6b25hd3MuY29tL3VzLWVhc3QtMV9RR2hSTkpOY3MiLCJjb2duaXRvOnVzZXJuYW1lIjoiZmluYW5jaWVyby0xMzYiLCJvcmlnaW5fanRpIjoiZmYyMmNkNWItYmY2NS00ZmUyLWEyNzItNWY2MDRlNjRiYTEzIiwiYXVkIjoiN2VxNWY0NmdtdDRjaGtwYWJncHVwMTdjZTYiLCJldmVudF9pZCI6ImRiZDY3ZjMwLWNjOWQtNGFjOS05ZmI0LWJiYjI1Y2I2MGQ5MCIsInRva2VuX3VzZSI6ImlkIiwiYXV0aF90aW1lIjoxNzc5OTg1NzY0LCJleHAiOjE3Nzk5ODkzNjQsImlhdCI6MTc3OTk4NTc2NCwianRpIjoiOTA1NWU2ZjQtMmUxYy00YTYxLWJjNTctNzM4ODFjNGQzNGFjIiwiZW1haWwiOiJmaW5hbmNpZXJvLTEzNkBiaXRlY28uY29tIn0.UgZ4dL88ydtizP0AGSUaP6QMfVD4_I9Li18AyMhvqMrGWEXbIV-TiZL9LWGaOXL2rwsGBUEoccFUgZ94zJSK1w-wpbfxXmN1CeOHium6qE30Lxk_hPVsNkjxX_UUfpNmp5f-UIIVfBYao52SYPpTBJ5nMTqK3z_VYFhzmddbG1kYcQ195FuSTAK-xqHyDHTas_IIOReMtQ62muVYrAO9ZkRuooe5zAwKRBlPg4xu83whwBtPkDCVh4fIXOW5NY9eJW2UE6AZE94E5bLVYxshuqOYofjkU6twzVTe2_0eKukxOqs7-xamTJHxhpj3YfdlTtFgcPa5ctu4Ua7ulTWBxw
financiero-137,financiero,8,2026,2,eyJraWQiOiJEZ0VqOWg3UkwxeE1mcTV6dm1XcnlhWHdPZTZ3eW9WRDFNMDBVeENYaUUwPSIsImFsZyI6IlJTMjU2In0.eyJzdWIiOiI5NDM4MjRjOC1jMDYxLTcwMmUtZDhhMC02NDdmZjU4NTI1MzYiLCJjb2duaXRvOmdyb3VwcyI6WyJmaW5hbmNpZXJvIl0sImVtYWlsX3ZlcmlmaWVkIjp0cnVlLCJpc3MiOiJodHRwczovL2NvZ25pdG8taWRwLnVzLWVhc3QtMS5hbWF6b25hd3MuY29tL3VzLWVhc3QtMV9RR2hSTkpOY3MiLCJjb2duaXRvOnVzZXJuYW1lIjoiZmluYW5jaWVyby0xMzciLCJvcmlnaW5fanRpIjoiYzkxOTA5OTMtZDJmMi00ZWRiLTk5ODgtYjEwYjgyZWQyN2YwIiwiYXVkIjoiN2VxNWY0NmdtdDRjaGtwYWJncHVwMTdjZTYiLCJldmVudF9pZCI6ImIxYjFlZDU4LTZhNTEtNDQxNy05YWQ0LTM1YjZhNjY0ZWQ4NCIsInRva2VuX3VzZSI6ImlkIiwiYXV0aF90aW1lIjoxNzc5OTg1NzY0LCJleHAiOjE3Nzk5ODkzNjQsImlhdCI6MTc3OTk4NTc2NCwianRpIjoiOWZlYTg3NGQtMDM0NC00NDgyLWJkMmQtY2JiMTY3YWIxNWZiIiwiZW1haWwiOiJmaW5hbmNpZXJvLTEzN0BiaXRlY28uY29tIn0.iR_moDyIckkrRYRLBmzQgBfHdt2NwofOarKO4eJxfExQoH0jUnI5jyIO5BeWjHxWgvhuAshInQRtcPnWbWoUlfiKKcoWv4cgkUsRxNP3-04QH-IdsJbj2bacqt2HiG0uKBn9QMtFlysgeWjhC43K15lbxS74jMhL8zocEG2XJ_nMh2-V6L3I1DGKQPPXLLtv-D4SCVT3y40rpepC5kAhLfpTxiBLlXg1V097nWJPsYYkPN7VNncWzu0_HUxUYC3PoMZtys68gdWg0rzwJQFDiPD94qQgjW3xoUEWaEcWa-MSX_LZcb38db9ogkU04tyNxEKg1QIyhEZAHR1wF_ztyQ
financiero-138,financiero,9,2026,3,eyJraWQiOiJEZ0VqOWg3UkwxeE1mcTV6dm1XcnlhWHdPZTZ3eW9WRDFNMDBVeENYaUUwPSIsImFsZyI6IlJTMjU2In0.eyJzdWIiOiIyNDM4YjQzOC1mMDgxLTcwOTgtYTUzYi04NzYwNmEwMmE3NzAiLCJjb2duaXRvOmdyb3VwcyI6WyJmaW5hbmNpZXJvIl0sImVtYWlsX3ZlcmlmaWVkIjp0cnVlLCJpc3MiOiJodHRwczovL2NvZ25pdG8taWRwLnVzLWVhc3QtMS5hbWF6b25hd3MuY29tL3VzLWVhc3QtMV9RR2hSTkpOY3MiLCJjb2duaXRvOnVzZXJuYW1lIjoiZmluYW5jaWVyby0xMzgiLCJvcmlnaW5fanRpIjoiYTdmNmM2MTMtOWFiYy00NDFlLTliZTEtMjQ1Y2I5ZDhhOTVmIiwiYXVkIjoiN2VxNWY0NmdtdDRjaGtwYWJncHVwMTdjZTYiLCJldmVudF9pZCI6Ijc3NGMwYmI3LWYzMmQtNGQ0MS1hN2M3LTY0MTNjYjY2YzJlMSIsInRva2VuX3VzZSI6ImlkIiwiYXV0aF90aW1lIjoxNzc5OTg1NzY1LCJleHAiOjE3Nzk5ODkzNjUsImlhdCI6MTc3OTk4NTc2NSwianRpIjoiNDcxNTkwYjMtYTFkMS00ZTFiLWFkOTEtMmNjOGFjMWY5MDM0IiwiZW1haWwiOiJmaW5hbmNpZXJvLTEzOEBiaXRlY28uY29tIn0.dbTJn-_CO_GkSXLUzXRnYVYEDNwPL9FfjbOnnLe6jxsQVAKf4Ar1s775wZ8LVcnQ1RCzLGZFK4aZiJLlgmmNQgsLZOSPdRzunMssdewJKsbAqaFQv9wRHO7ce_bCfH_rSb0xp8fZPpdQ4xIMmZTovjGADEXabgrpxeJHlInBKbwtJkwSkALhdmrVWPD0EGTYU2-n0dyw6jlijn4-Y0NQiT8Pyu2uXHWhqLC1BkRs8dBllDkwgReg43fmVBjudgMI7CJl2cLOoMtrsYjtvIsefRXGE3lb0hJTLYRrAh2eXIiElFbAN3vRC306dH6GpQJO161ZBaSJP-Sw-P4X-MNvfA
financiero-139,financiero,10,2026,4,eyJraWQiOiJEZ0VqOWg3UkwxeE1mcTV6dm1XcnlhWHdPZTZ3eW9WRDFNMDBVeENYaUUwPSIsImFsZyI6IlJTMjU2In0.eyJzdWIiOiI5NGY4YzQwOC0wMDYxLTcwMDktMGU4My1iYzNhNzNmOTEwMTQiLCJjb2duaXRvOmdyb3VwcyI6WyJmaW5hbmNpZXJvIl0sImVtYWlsX3ZlcmlmaWVkIjp0cnVlLCJpc3MiOiJodHRwczovL2NvZ25pdG8taWRwLnVzLWVhc3QtMS5hbWF6b25hd3MuY29tL3VzLWVhc3QtMV9RR2hSTkpOY3MiLCJjb2duaXRvOnVzZXJuYW1lIjoiZmluYW5jaWVyby0xMzkiLCJvcmlnaW5fanRpIjoiOTBiYjg1ZTUtNTE1ZS00MmRjLWI0MzctMDgwOWE3YjY0ZDVhIiwiYXVkIjoiN2VxNWY0NmdtdDRjaGtwYWJncHVwMTdjZTYiLCJldmVudF9pZCI6ImY2YTE2NTUwLTcxMmYtNDRlNy1iNTgyLTIwMmNkMDdiZDFkNSIsInRva2VuX3VzZSI6ImlkIiwiYXV0aF90aW1lIjoxNzc5OTg1NzY1LCJleHAiOjE3Nzk5ODkzNjUsImlhdCI6MTc3OTk4NTc2NSwianRpIjoiZTdjNmExZGYtNjYxMi00NGNhLWI2YzktZjJhOWUzYzExYTExIiwiZW1haWwiOiJmaW5hbmNpZXJvLTEzOUBiaXRlY28uY29tIn0.EOGMGReorVt8C5cUwjO4cE2fGUkijlh1NKKCcVopJhKPSpRw8c-8_1YoxnVvvvKj-hfJWr3ekop8rxeGsNuisTpCeewyhgFeebSsyGG6shZ7tsphFY5g6oEjVEcHaJ9Gj9binpr4B3r5aleO3-5mwubKI2c-3tC6xp4ulpCGHoZCiwl5bVEMTbvgMypcm27nt_CiQXVukKNKmGZV2fvpGlgXGEftWnBZnC_3dOMMv9wOOs73GMF2zbvQgZb5o0M6_IFEnBgTW-lIjAAuxhbBk2hR70wBstuyikZyHc08vViIFbSW02PHoY2NV2k9A0R_QjNz0oGdGUN2BU3XIVG7Pg
financiero-140,financiero,1,2026,1,eyJraWQiOiJEZ0VqOWg3UkwxeE1mcTV6dm1XcnlhWHdPZTZ3eW9WRDFNMDBVeENYaUUwPSIsImFsZyI6IlJTMjU2In0.eyJzdWIiOiIyNDI4ZTQ2OC1mMDkxLTcwZmEtNWFiYi03MzNkMGZlNzFjNjQiLCJjb2duaXRvOmdyb3VwcyI6WyJmaW5hbmNpZXJvIl0sImVtYWlsX3ZlcmlmaWVkIjp0cnVlLCJpc3MiOiJodHRwczovL2NvZ25pdG8taWRwLnVzLWVhc3QtMS5hbWF6b25hd3MuY29tL3VzLWVhc3QtMV9RR2hSTkpOY3MiLCJjb2duaXRvOnVzZXJuYW1lIjoiZmluYW5jaWVyby0xNDAiLCJvcmlnaW5fanRpIjoiMGQ2NmViMWUtYTYzOC00NmFhLWJkOGQtNzM2NmRhMmMwMGU4IiwiYXVkIjoiN2VxNWY0NmdtdDRjaGtwYWJncHVwMTdjZTYiLCJldmVudF9pZCI6ImYzYmNlNTRkLWZjMzMtNDk2Ny1hZjY0LWRkZDc4YTY1M2JjNiIsInRva2VuX3VzZSI6ImlkIiwiYXV0aF90aW1lIjoxNzc5OTg1NzY1LCJleHAiOjE3Nzk5ODkzNjUsImlhdCI6MTc3OTk4NTc2NSwianRpIjoiYjMzOWIwNDItZGIwYy00N2Y3LWJjNmMtNzA4YjBjNzNkNWQzIiwiZW1haWwiOiJmaW5hbmNpZXJvLTE0MEBiaXRlY28uY29tIn0.TikbScmuaHxEGAhAv2pT5penUcOYYS0PZC2FAEDATTpcs2GXmM2YrUxSmyJ1hMKzG3MbaNWlbZa9CW1NNb9TA4ZaBYGHuN72SrB49Rky02HzsHlPsdX0g1ny9Hbx77v4sBSo9MEuCc0SEnsJQInwXBHS9yHTFs5vnUc7iVgmSLvd2n8ltaHTMKP7TIyzi0NOHEJB4Aqjd-eqAdXNpwI4oatQDDc5InieaWBOy5Sns99h2KUBMAI6MyHXxzcqJu2v3NDpXRVgDqz4dSRTLG5LwrLANVHGPeJc9iMWVFvq-nY9bNCI16s-Y7KJFvqBKfbHxA2p5PsITIsVQuL7YjU0xw
financiero-141,financiero,2,2026,2,eyJraWQiOiJEZ0VqOWg3UkwxeE1mcTV6dm1XcnlhWHdPZTZ3eW9WRDFNMDBVeENYaUUwPSIsImFsZyI6IlJTMjU2In0.eyJzdWIiOiJkNGU4MDQ4OC1jMDIxLTcwOWQtMmNlZC1jNGZjYTg4OTcyNzkiLCJjb2duaXRvOmdyb3VwcyI6WyJmaW5hbmNpZXJvIl0sImVtYWlsX3ZlcmlmaWVkIjp0cnVlLCJpc3MiOiJodHRwczovL2NvZ25pdG8taWRwLnVzLWVhc3QtMS5hbWF6b25hd3MuY29tL3VzLWVhc3QtMV9RR2hSTkpOY3MiLCJjb2duaXRvOnVzZXJuYW1lIjoiZmluYW5jaWVyby0xNDEiLCJvcmlnaW5fanRpIjoiNDJkODBkNTQtMmEyMi00MGFkLTgyZDQtNTAxNTRhOTYzNWE3IiwiYXVkIjoiN2VxNWY0NmdtdDRjaGtwYWJncHVwMTdjZTYiLCJldmVudF9pZCI6IjIwNTZlYWFlLWFjYWMtNGY0NC05MjkwLWZlODI0OWEzYTAxYiIsInRva2VuX3VzZSI6ImlkIiwiYXV0aF90aW1lIjoxNzc5OTg1NzY1LCJleHAiOjE3Nzk5ODkzNjUsImlhdCI6MTc3OTk4NTc2NSwianRpIjoiNDRhM2UzOGEtZWFjNC00ZmM0LThlZTMtOGNlNjUyMGMxNjhlIiwiZW1haWwiOiJmaW5hbmNpZXJvLTE0MUBiaXRlY28uY29tIn0.XeOHyhe9rR8Liq2dSS4nIeoz-J9XIqopQsWAL-uSRk-S-gN7JAlMjE6vnEu8kPPSg0GkYuDq5vRpFPIHUREkxrglTp-vvJpeDqVZ-LQa4UovCfGQ-FTxVOwuewRgPgwKqNaV-6d2FTTOxb8mOOXB3RmYkupbXkKTJCrdtCA8Ow9xGEGglO5dTT-L_v7Tv82iByhGUIkl6N_1HF7ZDb-PNxIGqQeNYipG5AVbcKLSQS0_lmGFKydab6TSjpyVtHBe7CbKtaNY3nTJXHS6PH1BebV4rV18T7ptpkVS0tVT3UBV8RWx97zWQ3HvcO_FKcz7tBy7hGpLJljkx3jgA-EYXw
financiero-142,financiero,3,2026,3,eyJraWQiOiJEZ0VqOWg3UkwxeE1mcTV6dm1XcnlhWHdPZTZ3eW9WRDFNMDBVeENYaUUwPSIsImFsZyI6IlJTMjU2In0.eyJzdWIiOiIzNDE4YTQ0OC05MDUxLTcwMTEtYTllOS04N2RhMTRhYmNkNTMiLCJjb2duaXRvOmdyb3VwcyI6WyJmaW5hbmNpZXJvIl0sImVtYWlsX3ZlcmlmaWVkIjp0cnVlLCJpc3MiOiJodHRwczovL2NvZ25pdG8taWRwLnVzLWVhc3QtMS5hbWF6b25hd3MuY29tL3VzLWVhc3QtMV9RR2hSTkpOY3MiLCJjb2duaXRvOnVzZXJuYW1lIjoiZmluYW5jaWVyby0xNDIiLCJvcmlnaW5fanRpIjoiMTY4MTdiZDktOTE1NC00MjE2LTgyYjEtZjNiY2FiNjcxMmI2IiwiYXVkIjoiN2VxNWY0NmdtdDRjaGtwYWJncHVwMTdjZTYiLCJldmVudF9pZCI6ImYwYjEwZjYxLTYxYmEtNGQyZC1iNmQ3LWE0ODVlZTNmZTg4MyIsInRva2VuX3VzZSI6ImlkIiwiYXV0aF90aW1lIjoxNzc5OTg1NzY2LCJleHAiOjE3Nzk5ODkzNjYsImlhdCI6MTc3OTk4NTc2NiwianRpIjoiZDhmNzliMzQtNjM1Ny00MTRmLTg4YTEtNWM4NmRkNDRlYzlkIiwiZW1haWwiOiJmaW5hbmNpZXJvLTE0MkBiaXRlY28uY29tIn0.gnfWHnmm-lIqxafuBAUGmiM9TahHSZj18DObc-8xyDeQabNKEiNYpn0Plx9bgOxyYMb6VFtcD6il050-N2MA3s2xiQldvFE9kPAAG6Mcq5lIwS_CYZWjHxz0qj8FuABvBEKgSCmAfHEqLi8Qzf69XhZlyaUX_XspvphE5Qv5iK2R2mCyj6A8ETOFAqUcRtToxITXD18zrq1HWiRkDiOfSIBfIIUJ2cFuY-zVkgss3-vNp03EJuy8C9H0u21wmF6lpQUkfG0qmgpJF-DMUJXofxtMZ3Ijjod2vaX3FqYV3xUCzL-NjyG9z1ZCuQ39c3SvZcmxzDR02aBl7TPYSWXLXQ
financiero-143,financiero,4,2026,4,eyJraWQiOiJEZ0VqOWg3UkwxeE1mcTV6dm1XcnlhWHdPZTZ3eW9WRDFNMDBVeENYaUUwPSIsImFsZyI6IlJTMjU2In0.eyJzdWIiOiIzNGU4NDRjOC1lMGUxLTcwN2MtZTFlMC0wZmM0MjlkNmUwMjAiLCJjb2duaXRvOmdyb3VwcyI6WyJmaW5hbmNpZXJvIl0sImVtYWlsX3ZlcmlmaWVkIjp0cnVlLCJpc3MiOiJodHRwczovL2NvZ25pdG8taWRwLnVzLWVhc3QtMS5hbWF6b25hd3MuY29tL3VzLWVhc3QtMV9RR2hSTkpOY3MiLCJjb2duaXRvOnVzZXJuYW1lIjoiZmluYW5jaWVyby0xNDMiLCJvcmlnaW5fanRpIjoiN2MyNjBjMjYtZDVmYy00ZGUzLTljMWQtMTBmYWZlMWVhZTlkIiwiYXVkIjoiN2VxNWY0NmdtdDRjaGtwYWJncHVwMTdjZTYiLCJldmVudF9pZCI6IjhjYmRkYTQxLTQ4MDItNDRlYS1iYjNmLTlhMjRhMzg5ZjgyNyIsInRva2VuX3VzZSI6ImlkIiwiYXV0aF90aW1lIjoxNzc5OTg1NzY2LCJleHAiOjE3Nzk5ODkzNjYsImlhdCI6MTc3OTk4NTc2NiwianRpIjoiZmFhZmMyNjEtM2Q5OS00YzUwLTkxNGUtMjRkNDczZDc3N2IyIiwiZW1haWwiOiJmaW5hbmNpZXJvLTE0M0BiaXRlY28uY29tIn0.UQLFFP5MTeme1J_lnUfuJKjGEFTjk77OI8ZteaRViU6BcBf93swbAHqhHF75uETvfzXRogiNfBYWvWzg5xalZyz6E_hp0SMuLJS6nkEnRiGKDJaW-hVDZUkIHUeAg7Pb0mQaKx0mlhJZ9lZYG6zP7NbQK097ba-D8CJVYTFCOMuSKxnxn_MwLUgL7wZeNOvitL4-EcVlmEv7jukHOsJnH08Asv-kGNzqmWHv8Phag_srZ3mXQCuzE4A94iYQV2CTWbaaZLQR2zwKqro8UwSaWPPHOUvUjyAoOb8uMwYMEdXvhIkwHl_ugLmA6yaa_nfFA8fjsTe478x7s1MdU9S1jw
financiero-144,financiero,5,2026,1,eyJraWQiOiJEZ0VqOWg3UkwxeE1mcTV6dm1XcnlhWHdPZTZ3eW9WRDFNMDBVeENYaUUwPSIsImFsZyI6IlJTMjU2In0.eyJzdWIiOiJkNGQ4MTQxOC02MDAxLTcwZDktNDgyNy0zNzNkZjhiNjkzOGQiLCJjb2duaXRvOmdyb3VwcyI6WyJmaW5hbmNpZXJvIl0sImVtYWlsX3ZlcmlmaWVkIjp0cnVlLCJpc3MiOiJodHRwczovL2NvZ25pdG8taWRwLnVzLWVhc3QtMS5hbWF6b25hd3MuY29tL3VzLWVhc3QtMV9RR2hSTkpOY3MiLCJjb2duaXRvOnVzZXJuYW1lIjoiZmluYW5jaWVyby0xNDQiLCJvcmlnaW5fanRpIjoiYzE0MDU2ZGEtM2Q3Yi00ZDhlLTk3N2YtY2IxZTkyNmQzMzY4IiwiYXVkIjoiN2VxNWY0NmdtdDRjaGtwYWJncHVwMTdjZTYiLCJldmVudF9pZCI6IjUwMjQzOGI5LTJmYzQtNDkyMy04ZTFhLTg3MWMzZTI2YzAyYSIsInRva2VuX3VzZSI6ImlkIiwiYXV0aF90aW1lIjoxNzc5OTg1NzY2LCJleHAiOjE3Nzk5ODkzNjYsImlhdCI6MTc3OTk4NTc2NiwianRpIjoiYzk4MzE5MDItOGZjYS00NzI4LWJkYTItNTA1YjE4YjM3ZTk0IiwiZW1haWwiOiJmaW5hbmNpZXJvLTE0NEBiaXRlY28uY29tIn0.LySTNt0_MTnW9gD9wjDZ0y-ECEO0ZK_yooQo3mkXjxncWo6K7vzxGJjEkmaLyLNY1sTGTdNmXTXb_9KMT8ioEyA5s3NX88PWfk5dJjwprmWw-i145IC8xJqRE8SbGRchiUyTNFATG4ay4DPaPUIMq0qGCQ0hTyMOWu7IzYDDcMAKO2LLZsCxv8bZjg5p6fV-dwFS_Hw73XzB7fnd5mVSa2oyQUOlzbp33W3KBR5gp6bdOOGQXm4gdVcNJQsvPqiDqi9RS_414qE33XpdNm_mui-kjCP8x0A9WGjbVTDjnf2obawOA3NrgvhTo4_s_yF0A9JH-1NVP3bnTpwXwNpI-Q
financiero-145,financiero,6,2026,2,eyJraWQiOiJEZ0VqOWg3UkwxeE1mcTV6dm1XcnlhWHdPZTZ3eW9WRDFNMDBVeENYaUUwPSIsImFsZyI6IlJTMjU2In0.eyJzdWIiOiI1NGM4NDQ0OC0zMGExLTcwZmMtMmJiYy00YzQ3MGQ3NzkxNjUiLCJjb2duaXRvOmdyb3VwcyI6WyJmaW5hbmNpZXJvIl0sImVtYWlsX3ZlcmlmaWVkIjp0cnVlLCJpc3MiOiJodHRwczovL2NvZ25pdG8taWRwLnVzLWVhc3QtMS5hbWF6b25hd3MuY29tL3VzLWVhc3QtMV9RR2hSTkpOY3MiLCJjb2duaXRvOnVzZXJuYW1lIjoiZmluYW5jaWVyby0xNDUiLCJvcmlnaW5fanRpIjoiMjgyYWE4N2UtOTgzZi00YjczLWI5ZDItNDMwMWM3ZGE5MGE3IiwiYXVkIjoiN2VxNWY0NmdtdDRjaGtwYWJncHVwMTdjZTYiLCJldmVudF9pZCI6IjIwN2U3YmE5LWRkNDUtNDBhZC1hNmIzLWY1M2Y2YjkzNjNhMiIsInRva2VuX3VzZSI6ImlkIiwiYXV0aF90aW1lIjoxNzc5OTg1NzY2LCJleHAiOjE3Nzk5ODkzNjYsImlhdCI6MTc3OTk4NTc2NiwianRpIjoiNWE1OTE3ZmYtZjQxNS00ZWU3LWIxMjAtOWY0NWVjMDMxYzM3IiwiZW1haWwiOiJmaW5hbmNpZXJvLTE0NUBiaXRlY28uY29tIn0.CSs0KddgeYs3mCVAH_HCfxzo9pdNv59-HaL0VhBh_eYv-O_t5GJOPXV1K-SiUSWJMzj72hqjs0MA0vJsJpuVkF1OOed0_TX8mR99223WxI3RrW_bRvIWxbJy7WI7o_Ic1sd6CZCI5B5qC68as0spt11jqah5_q9OdqAhb87oUsHwfEp-FuebkI9wMPcHMpoEXTfRCtV5ChyuuFTqLQxhvRSoZ3HZRrlPKpZZINU5SBZ1oet53jjGs85vYJwqoaykncODtEqRemGDAdPGTudbehuHxjh_geoocT73VDUgLCcPqkdjD6qsyTZfNswkrS-Xv6jaRY14DDKyBtidjR19kg
financiero-146,financiero,7,2026,3,eyJraWQiOiJEZ0VqOWg3UkwxeE1mcTV6dm1XcnlhWHdPZTZ3eW9WRDFNMDBVeENYaUUwPSIsImFsZyI6IlJTMjU2In0.eyJzdWIiOiJiNGI4NDRiOC05MGMxLTcwMTEtNjVkYi1kZDI4OGMzMjVhOTAiLCJjb2duaXRvOmdyb3VwcyI6WyJmaW5hbmNpZXJvIl0sImVtYWlsX3ZlcmlmaWVkIjp0cnVlLCJpc3MiOiJodHRwczovL2NvZ25pdG8taWRwLnVzLWVhc3QtMS5hbWF6b25hd3MuY29tL3VzLWVhc3QtMV9RR2hSTkpOY3MiLCJjb2duaXRvOnVzZXJuYW1lIjoiZmluYW5jaWVyby0xNDYiLCJvcmlnaW5fanRpIjoiNGU5ZjY2NGQtODMzZS00NWNiLWE0MmMtYzVhOGQyMTE2NDA3IiwiYXVkIjoiN2VxNWY0NmdtdDRjaGtwYWJncHVwMTdjZTYiLCJldmVudF9pZCI6IjBlYzc1NDMxLTI0ZTAtNDRhYS1iZTk3LWRlNWE5OTYyMjMyZSIsInRva2VuX3VzZSI6ImlkIiwiYXV0aF90aW1lIjoxNzc5OTg1NzY3LCJleHAiOjE3Nzk5ODkzNjcsImlhdCI6MTc3OTk4NTc2NywianRpIjoiMjA5YzkzYTQtZGExMC00MDIxLTkxOTAtYzYxMTEyNmEyOWIxIiwiZW1haWwiOiJmaW5hbmNpZXJvLTE0NkBiaXRlY28uY29tIn0.BX9UGgpTvMjCsal0YYkQ4T6yBISbcMtWrBK9I0tezPKJ_MAz5t2Oh6bFq1s6auwsJgNVJOFBYT4QtnO3T_OLps3JD2ftJWkp7biWmq7mw0OlT08vv0SIijmv5A0zL3QX6ajAi0i0ePnuwJdrcvbKqhKPvjXikZ1jrrPZe_OwOTfHST-6GcgqUtUEUq02sWCcpuho8bJ3ORx5e6NjyEgND2VLvjd-wfzKII-e_yVpx0GREreG5w8IwbzkyHaWG59dKdGNAac3qqv3N8onuYdL3trhBZ8Hik25vo_pPJtD1DxJfrIlBbLq8lMfsf5tDsFTn6XrDPQMQfo9KeNv_6WL5w
financiero-147,financiero,8,2026,4,eyJraWQiOiJEZ0VqOWg3UkwxeE1mcTV6dm1XcnlhWHdPZTZ3eW9WRDFNMDBVeENYaUUwPSIsImFsZyI6IlJTMjU2In0.eyJzdWIiOiI4NGI4ZTRmOC1kMGUxLTcwOTAtZjlkOS1iMWQyM2UyMjZmZjEiLCJjb2duaXRvOmdyb3VwcyI6WyJmaW5hbmNpZXJvIl0sImVtYWlsX3ZlcmlmaWVkIjp0cnVlLCJpc3MiOiJodHRwczovL2NvZ25pdG8taWRwLnVzLWVhc3QtMS5hbWF6b25hd3MuY29tL3VzLWVhc3QtMV9RR2hSTkpOY3MiLCJjb2duaXRvOnVzZXJuYW1lIjoiZmluYW5jaWVyby0xNDciLCJvcmlnaW5fanRpIjoiOGIyZjlmODItNDM3MC00ZjJjLThmYzMtNzI4ZGY0ZjhhN2I3IiwiYXVkIjoiN2VxNWY0NmdtdDRjaGtwYWJncHVwMTdjZTYiLCJldmVudF9pZCI6IjNkZmM2YmMxLWQ0ZjYtNDMyMS1iYmEyLWFlOTA5YmYyNzdiMiIsInRva2VuX3VzZSI6ImlkIiwiYXV0aF90aW1lIjoxNzc5OTg1NzY3LCJleHAiOjE3Nzk5ODkzNjcsImlhdCI6MTc3OTk4NTc2NywianRpIjoiZWVjMDA4OTEtMThhNy00Nzg1LThkODMtMWY4ODAyOTBjNmJlIiwiZW1haWwiOiJmaW5hbmNpZXJvLTE0N0BiaXRlY28uY29tIn0.2eXzRr3EntDlTRven9WrlN_hcHi254Ez4pRsjw9tRxwaNj9_szBYYoQ-bDrFE-EJK1T0eLb2ZGw1yqRTblJwcldIdBQLKYCwNLUiVLGJ-wAQ4c70L_bEbkVtyR8TWg5foiFZkznWdykCCy24tAMCbfg8nj6fwUY4PJmmzhl-oT49nKkvQSt4FASupK5ohVEJiIEWfGQtxpX8Z-gn8lywCCYyxMcpSLklqqhPezRefoUk9qeyV0KGZBgAMi2_h3Esl9MfyUx6yMTTLJbo9CRTas8SS2fRroZXXPv4WK_cmY9SE_mMnZekPskuBLVTefe3C0UoIB7ZHnBlHlun40weYQ
financiero-148,financiero,9,2026,1,eyJraWQiOiJEZ0VqOWg3UkwxeE1mcTV6dm1XcnlhWHdPZTZ3eW9WRDFNMDBVeENYaUUwPSIsImFsZyI6IlJTMjU2In0.eyJzdWIiOiJkNDA4YjQ0OC0xMGMxLTcwNzEtMTUzZi1kNDdlOTZkMDU1ODIiLCJjb2duaXRvOmdyb3VwcyI6WyJmaW5hbmNpZXJvIl0sImVtYWlsX3ZlcmlmaWVkIjp0cnVlLCJpc3MiOiJodHRwczovL2NvZ25pdG8taWRwLnVzLWVhc3QtMS5hbWF6b25hd3MuY29tL3VzLWVhc3QtMV9RR2hSTkpOY3MiLCJjb2duaXRvOnVzZXJuYW1lIjoiZmluYW5jaWVyby0xNDgiLCJvcmlnaW5fanRpIjoiNDk0MWNhNDgtMmMwNC00YjY4LWIwMTUtMzFkODU3YjRjYTAxIiwiYXVkIjoiN2VxNWY0NmdtdDRjaGtwYWJncHVwMTdjZTYiLCJldmVudF9pZCI6IjgxMThjYzc0LWNjYWQtNDY2ZS1iNDI1LTkxYjRlNjRjMTFlZiIsInRva2VuX3VzZSI6ImlkIiwiYXV0aF90aW1lIjoxNzc5OTg1NzY3LCJleHAiOjE3Nzk5ODkzNjcsImlhdCI6MTc3OTk4NTc2NywianRpIjoiNDNkYTI5YjktN2Q3Mi00N2U4LWJmMWItYzM2ZGFiYzA4MzFjIiwiZW1haWwiOiJmaW5hbmNpZXJvLTE0OEBiaXRlY28uY29tIn0.pKQKZO3jBPQlLB3AXjgzSX_nLvfFUJcO06wKA1HuENI1DZuWJHg8MELxdGd5e1lZUKacoBwIGfcSFR_VLSaOHpg65aljG5BWI7zFQ3Jofi_M6atGTolc-5h_FOU26LhYKd_jtyIddSnXfDJm1xfsRhd_pm6P8cgD57XcY4J2WW-QqAo1GuCyNbTIC_Jx0CLfhHmhY8_u6xv6Xi1RVObGlGc6lPKewD1JuLGjLAwK0msesr9zsceqX6YSJzzBcc8ewT_fV4PsUdwHG40trFP-M4gnpDtMIB59bw18Y7jtfSs0BshkO1PTyvEDN_I1_NFFH8Mj_eyXsZICMRNSDFkdQg
financiero-149,financiero,10,2026,2,eyJraWQiOiJEZ0VqOWg3UkwxeE1mcTV6dm1XcnlhWHdPZTZ3eW9WRDFNMDBVeENYaUUwPSIsImFsZyI6IlJTMjU2In0.eyJzdWIiOiJmNDI4ZTRiOC01MDcxLTcwMGQtZjlkOC0wNzZhMjhhNjM5ZWEiLCJjb2duaXRvOmdyb3VwcyI6WyJmaW5hbmNpZXJvIl0sImVtYWlsX3ZlcmlmaWVkIjp0cnVlLCJpc3MiOiJodHRwczovL2NvZ25pdG8taWRwLnVzLWVhc3QtMS5hbWF6b25hd3MuY29tL3VzLWVhc3QtMV9RR2hSTkpOY3MiLCJjb2duaXRvOnVzZXJuYW1lIjoiZmluYW5jaWVyby0xNDkiLCJvcmlnaW5fanRpIjoiOGMwNzExNDEtYTE0ZC00YjNiLTg4YWYtY2IyNGRiNGVmNjNmIiwiYXVkIjoiN2VxNWY0NmdtdDRjaGtwYWJncHVwMTdjZTYiLCJldmVudF9pZCI6IjFjMmY2MzNjLTAwZDItNDZlMS1iYzZhLTMyNmM1ZGZjYmJiYSIsInRva2VuX3VzZSI6ImlkIiwiYXV0aF90aW1lIjoxNzc5OTg1NzY3LCJleHAiOjE3Nzk5ODkzNjcsImlhdCI6MTc3OTk4NTc2OCwianRpIjoiNzgzNDQwNTItNzBiNi00ZjhjLWI4YzctOTE0MTVkYzEzNWI5IiwiZW1haWwiOiJmaW5hbmNpZXJvLTE0OUBiaXRlY28uY29tIn0.e_xVZ1eoNzt7HGpGgbkEJ9F2SJfbDUfj67V74GHELXxA5QQfCaj2aOWCDxhF7mcDfuG94LPa7T4BAdpCLE5LBGFWEFOF2_pTS2I03vdfu6ERJvXmKhB5LpHIB8y1mFWIVqiAI6jTXZ-vbQMnOriaDQqLmV_K_VI-lbZ5LGqO1YKZvTskTC2l1knoRahNfq_1mbyOa2-_ELPlYNUpjTKHV2XhxVlazggWQFV3cgkRA3zZOIiZDC1Lwrc8a6GvZ7X8OwpAB1i2zgB60HCvK9nRDilIY_klsyfyA_d0ejrz2sKrYm3zfvlvJ8PkQzn0-YQwEiTDS3V5DmtLM6HaY2rjrw
financiero-150,financiero,1,2026,3,eyJraWQiOiJEZ0VqOWg3UkwxeE1mcTV6dm1XcnlhWHdPZTZ3eW9WRDFNMDBVeENYaUUwPSIsImFsZyI6IlJTMjU2In0.eyJzdWIiOiI0NGQ4ZDQ2OC0xMGExLTcwYTUtM2ZkYS0yMmQwNTg1ZTJhYzEiLCJjb2duaXRvOmdyb3VwcyI6WyJmaW5hbmNpZXJvIl0sImVtYWlsX3ZlcmlmaWVkIjp0cnVlLCJpc3MiOiJodHRwczovL2NvZ25pdG8taWRwLnVzLWVhc3QtMS5hbWF6b25hd3MuY29tL3VzLWVhc3QtMV9RR2hSTkpOY3MiLCJjb2duaXRvOnVzZXJuYW1lIjoiZmluYW5jaWVyby0xNTAiLCJvcmlnaW5fanRpIjoiMzkxODQyNzktNDMwYS00MTllLWE4NzItZDMyODQ4MzM1N2Y3IiwiYXVkIjoiN2VxNWY0NmdtdDRjaGtwYWJncHVwMTdjZTYiLCJldmVudF9pZCI6ImJlZmFiMGUzLWEyYTUtNGE0YS04NWZjLTYzN2FjNmZiMjRkNyIsInRva2VuX3VzZSI6ImlkIiwiYXV0aF90aW1lIjoxNzc5OTg1NzY4LCJleHAiOjE3Nzk5ODkzNjgsImlhdCI6MTc3OTk4NTc2OCwianRpIjoiOWQ2ZmFlOWQtNTBmMy00MDQ4LThkZTMtMThkYjk5YzU5ZjFiIiwiZW1haWwiOiJmaW5hbmNpZXJvLTE1MEBiaXRlY28uY29tIn0.yDKtcP2oz_dUr6Z_pp1ZyaWxaPdneyN7Odz5jr5u7uhE56NAEDsDcd9XzCpnDUAgXk4efCXcnV7eRQXZzFZUM4LKCjEkhb9Y_Mwq5lqUcSnTI9uErGsuMY0F2xvZit3KbYhOZD8GB2iqaoiekew5Z0WbdIlFAJRWW37t1Xe2WOYVcmFAvC3hh55CX2THRKQ3opwbuhbhueXhKHgF-83PITvxzTFtnGR0fHbuTmj7NEeqntO-IukF7-f3EsYraahEY1ZcSzTeSmnBlFpjCsZSB4L9tQYnzaA1diDzkRUAihToCwIO30bXBqxJ7XFnPdXt6WSJc2tIec-de24-9JXZcw
financiero-151,financiero,2,2026,4,eyJraWQiOiJEZ0VqOWg3UkwxeE1mcTV6dm1XcnlhWHdPZTZ3eW9WRDFNMDBVeENYaUUwPSIsImFsZyI6IlJTMjU2In0.eyJzdWIiOiI3NDg4ZTRkOC05MDMxLTcwMGYtM2VlZi03YWEyNzI2NzQ5MzMiLCJjb2duaXRvOmdyb3VwcyI6WyJmaW5hbmNpZXJvIl0sImVtYWlsX3ZlcmlmaWVkIjp0cnVlLCJpc3MiOiJodHRwczovL2NvZ25pdG8taWRwLnVzLWVhc3QtMS5hbWF6b25hd3MuY29tL3VzLWVhc3QtMV9RR2hSTkpOY3MiLCJjb2duaXRvOnVzZXJuYW1lIjoiZmluYW5jaWVyby0xNTEiLCJvcmlnaW5fanRpIjoiYzA3ZjI5NDktMDlhYy00ZGM5LWFkNjYtZGQ2ODE4YTg2ZTliIiwiYXVkIjoiN2VxNWY0NmdtdDRjaGtwYWJncHVwMTdjZTYiLCJldmVudF9pZCI6IjAwN2U2ZWRlLTg5OTUtNDhlNy1iODBhLWU3NmY5OWMzNDRkYyIsInRva2VuX3VzZSI6ImlkIiwiYXV0aF90aW1lIjoxNzc5OTg1NzY4LCJleHAiOjE3Nzk5ODkzNjgsImlhdCI6MTc3OTk4NTc2OCwianRpIjoiODEzMjkyOTUtYWZkYS00NWJhLThjYWYtYWVhNWUwNmU2NWM2IiwiZW1haWwiOiJmaW5hbmNpZXJvLTE1MUBiaXRlY28uY29tIn0.vKljy3zM0wgOekJQHjpHLH7m6j1noM-hPTUyEJtkwH3ZUGJJl7lE3YkLgNE4nEI8DzbFHAbocxHTrK7yVKMoTKugtDOhe0ueAB8TVm4bVC9eLg6pXI7VtRkYXe2y1AHWknaJ_yoi_fP0lNoFBA8fSgYxnOYItI-MZsd61kk362BZ5_GMWdWv6zEo3o0X5vY53aQFH6nP4TW_JDmLIYkH0mS87BSHg0w9xO1KZNF7LkJPD6MsThCqAw9SZOEfgBs_U0W9GMq9CgHIXJw31v6mr7PdP7Oxecbb8454aZ_pc8yg5sszeDSL0_67kwqp6FA2O8IBskSMNv5A5Sq76LHZow
financiero-152,financiero,3,2026,1,eyJraWQiOiJEZ0VqOWg3UkwxeE1mcTV6dm1XcnlhWHdPZTZ3eW9WRDFNMDBVeENYaUUwPSIsImFsZyI6IlJTMjU2In0.eyJzdWIiOiIxNDM4NTQyOC02MDcxLTcwNTUtODhlNy1mNTc2MjlhODIzNWIiLCJjb2duaXRvOmdyb3VwcyI6WyJmaW5hbmNpZXJvIl0sImVtYWlsX3ZlcmlmaWVkIjp0cnVlLCJpc3MiOiJodHRwczovL2NvZ25pdG8taWRwLnVzLWVhc3QtMS5hbWF6b25hd3MuY29tL3VzLWVhc3QtMV9RR2hSTkpOY3MiLCJjb2duaXRvOnVzZXJuYW1lIjoiZmluYW5jaWVyby0xNTIiLCJvcmlnaW5fanRpIjoiMDM2ZjcxMWMtM2YxZi00NWNiLTljN2ItYmE2OWRkNjg5NmEyIiwiYXVkIjoiN2VxNWY0NmdtdDRjaGtwYWJncHVwMTdjZTYiLCJldmVudF9pZCI6IjZjMDJhY2M0LThhOTUtNGYzMi1iYzA0LTYzODFhYWU1MTFhMCIsInRva2VuX3VzZSI6ImlkIiwiYXV0aF90aW1lIjoxNzc5OTg1NzY5LCJleHAiOjE3Nzk5ODkzNjksImlhdCI6MTc3OTk4NTc2OSwianRpIjoiY2U2YjFkOTEtOTAwZS00OGUwLTk0MmQtNWU4ZTE2YzY1ZmY5IiwiZW1haWwiOiJmaW5hbmNpZXJvLTE1MkBiaXRlY28uY29tIn0.NXi4RNMMgB1T-pK8NdiOulCGJ5Z8ja9ApJIMJmEZ-r1gmCiuGgjm_d12vSUCvig8z3_At_p1aiSAG9X_GOhBNAg0zY0pX5SZkz_eYds7FLN-vdPcI-y3EHxL8epUedA3OtGzVnTInLxCscpXQoJKb461Z5b-lp2c30B45mpi9PoJY23329Xl3NFVPSohwM7Ba66Nm0k7kkY2-VP6OSQC5P5U3bWyiJKwSqevj-XRsP2gvzR3O9dNWs6Kig3QZE_qVbXXwGl_pOwfokdyAtzvJ-U0kOAHhPcdUaQnBBrKuKRDerLEQ9-8U62_T1Wjp1-RAwA3bxW3LrDNr5Inin2l8A
financiero-153,financiero,4,2026,2,eyJraWQiOiJEZ0VqOWg3UkwxeE1mcTV6dm1XcnlhWHdPZTZ3eW9WRDFNMDBVeENYaUUwPSIsImFsZyI6IlJTMjU2In0.eyJzdWIiOiJlNDQ4MzQ5OC0zMDYxLTcwNzAtOWFkNS1kMjhkZGQzOGQ2ZDEiLCJjb2duaXRvOmdyb3VwcyI6WyJmaW5hbmNpZXJvIl0sImVtYWlsX3ZlcmlmaWVkIjp0cnVlLCJpc3MiOiJodHRwczovL2NvZ25pdG8taWRwLnVzLWVhc3QtMS5hbWF6b25hd3MuY29tL3VzLWVhc3QtMV9RR2hSTkpOY3MiLCJjb2duaXRvOnVzZXJuYW1lIjoiZmluYW5jaWVyby0xNTMiLCJvcmlnaW5fanRpIjoiODE2OTM5OWUtZWY1NC00YmM2LThhZjUtZGY3MmJmMGE5MjRkIiwiYXVkIjoiN2VxNWY0NmdtdDRjaGtwYWJncHVwMTdjZTYiLCJldmVudF9pZCI6IjM5OTgwMjhhLWIxMjctNDBkYy04NjI1LWJiZDE0ZjMyODg4ZCIsInRva2VuX3VzZSI6ImlkIiwiYXV0aF90aW1lIjoxNzc5OTg1NzY5LCJleHAiOjE3Nzk5ODkzNjksImlhdCI6MTc3OTk4NTc2OSwianRpIjoiNzhkMjdmNWQtYzhjYy00NDg1LWEzZjYtZmI1ODNiNmUwMmY1IiwiZW1haWwiOiJmaW5hbmNpZXJvLTE1M0BiaXRlY28uY29tIn0.0yWM_aG8rPyLW09vvMKgfS17_S5D_kgAJHAurqYDpWhlkGvyPruiLCXlDtipdGz0XkaS3DNl8NUxZyr1WZhy50BGD_tBXqfR_PrWZT8n951bbAijUE3OBZGG4ji5bz7Uu-Aulpqys8pJrnyVK-wqptd5TDNP_99-rWkdSNBd0uLAdwpGkyZk5MNpV4wgJ-FS3g6N35E4x4jrxYqoKegWqYqDRKcJswCQAriWebq_wfD_eqO9AmKhI04Bste3TWbK3eqAMBNYqLjSldjDhP9aE3dtTegq0R8aqBLjoAhd7JC3974ulSCtAcLoW_94Ktwno9pKAvr_H-YbjLAwIffgYA
financiero-154,financiero,5,2026,3,eyJraWQiOiJEZ0VqOWg3UkwxeE1mcTV6dm1XcnlhWHdPZTZ3eW9WRDFNMDBVeENYaUUwPSIsImFsZyI6IlJTMjU2In0.eyJzdWIiOiIyNGM4YTRhOC04MGIxLTcwNTMtN2MxNS1kNDI1NmVkZTI2YzAiLCJjb2duaXRvOmdyb3VwcyI6WyJmaW5hbmNpZXJvIl0sImVtYWlsX3ZlcmlmaWVkIjp0cnVlLCJpc3MiOiJodHRwczovL2NvZ25pdG8taWRwLnVzLWVhc3QtMS5hbWF6b25hd3MuY29tL3VzLWVhc3QtMV9RR2hSTkpOY3MiLCJjb2duaXRvOnVzZXJuYW1lIjoiZmluYW5jaWVyby0xNTQiLCJvcmlnaW5fanRpIjoiOTJlZTZmNTAtYWNhYS00NGRlLTk1MzQtYTNhMmUzM2EzZWRhIiwiYXVkIjoiN2VxNWY0NmdtdDRjaGtwYWJncHVwMTdjZTYiLCJldmVudF9pZCI6IjdkMmE0NmJhLTgxNjQtNGMzNy04YzE0LWIxYmQyYzcyMGExNiIsInRva2VuX3VzZSI6ImlkIiwiYXV0aF90aW1lIjoxNzc5OTg1NzY5LCJleHAiOjE3Nzk5ODkzNjksImlhdCI6MTc3OTk4NTc2OSwianRpIjoiODQ3N2I4NTYtOWRjNS00ODE4LTkwN2QtMDI3ZGY1Y2JkNjE0IiwiZW1haWwiOiJmaW5hbmNpZXJvLTE1NEBiaXRlY28uY29tIn0.SP2TqGODe1hIEnc95Mjd-m5hjMhoGuh_e2xsUoqt7o7b9sAZyy3DHNDK52MMX3RLQbLgFempkrw3-qwYbjrjn-Sb8rL8ljnPXeppIR-1YiAFmNYcLhGiDM4uJ7XE5HOzWu5wy78atxugGq5rRYS3wB4xTANvOwqRcqrPC77eQpaWBn38H8LQoyoOR7ZCHgYCefSXWKRr6hMYKQLs_f2QxDQyEiMD3_enGELCyy02NB08Dp10iQpxCsux5xj-skU_DcC1VihoBKTYhJr-YxSow-icAgM0IGN6O3nf9GX3a6y4OZ_cCGT1kjuwslEj59e6-hqKfbQe4O0s62PwCWJPbA
financiero-155,financiero,6,2026,4,eyJraWQiOiJEZ0VqOWg3UkwxeE1mcTV6dm1XcnlhWHdPZTZ3eW9WRDFNMDBVeENYaUUwPSIsImFsZyI6IlJTMjU2In0.eyJzdWIiOiJjNDI4ZDQyOC05MDMxLTcwMWYtY2MyNi0yODVmNDAzOGRlNjkiLCJjb2duaXRvOmdyb3VwcyI6WyJmaW5hbmNpZXJvIl0sImVtYWlsX3ZlcmlmaWVkIjp0cnVlLCJpc3MiOiJodHRwczovL2NvZ25pdG8taWRwLnVzLWVhc3QtMS5hbWF6b25hd3MuY29tL3VzLWVhc3QtMV9RR2hSTkpOY3MiLCJjb2duaXRvOnVzZXJuYW1lIjoiZmluYW5jaWVyby0xNTUiLCJvcmlnaW5fanRpIjoiODIzMjJhYjgtZmRhMS00MGMzLTgwNDctMGZiMTcyMmY4Nzg3IiwiYXVkIjoiN2VxNWY0NmdtdDRjaGtwYWJncHVwMTdjZTYiLCJldmVudF9pZCI6Ijk0MjQwZmRjLTZjMGYtNGVjNi04NDZjLWViMThiMWY2YmQxYiIsInRva2VuX3VzZSI6ImlkIiwiYXV0aF90aW1lIjoxNzc5OTg1NzY5LCJleHAiOjE3Nzk5ODkzNjksImlhdCI6MTc3OTk4NTc2OSwianRpIjoiZjNkMjA0NjUtNzg0ZS00OTY2LTk3MDgtMTZkNmI0ZTg4YmY1IiwiZW1haWwiOiJmaW5hbmNpZXJvLTE1NUBiaXRlY28uY29tIn0.Bz2mxZz4vguSUSY-rmiTFS8U0bcm0abqUOg9tz1wAFrbrguT4d2XJohsXcRsjsMXXFPBcEk-Z4VFYHL0VEWWJrWxHz0lJxpkxba2h18ZhfjmiVqfgn6j4bIF2miw8SKUhJfokRdnFN-NzYapJNQSXQb_p8wGGT6t3SAu2j5IXZKTUC_1cK8tAEfQ7xNY7_nL9qlGtOjBEXDNUF-Oo3K5Fz-qZJWM-K3zLAQVgAGV6woG4dRN0YPx_8lhfvmDMYZy_G9lGlkx0eFAR6Ux87IO0zjpDhII_JMHU5n1_X1x4o6zwBwiOWr1uViA8YqGlj17wle_y-DTjN5ASLUSaW8Tfw
financiero-156,financiero,7,2026,1,eyJraWQiOiJEZ0VqOWg3UkwxeE1mcTV6dm1XcnlhWHdPZTZ3eW9WRDFNMDBVeENYaUUwPSIsImFsZyI6IlJTMjU2In0.eyJzdWIiOiJhNDA4MDRiOC02MDgxLTcwNDktNzVlMy0yMzUzZTg5Nzk2MGUiLCJjb2duaXRvOmdyb3VwcyI6WyJmaW5hbmNpZXJvIl0sImVtYWlsX3ZlcmlmaWVkIjp0cnVlLCJpc3MiOiJodHRwczovL2NvZ25pdG8taWRwLnVzLWVhc3QtMS5hbWF6b25hd3MuY29tL3VzLWVhc3QtMV9RR2hSTkpOY3MiLCJjb2duaXRvOnVzZXJuYW1lIjoiZmluYW5jaWVyby0xNTYiLCJvcmlnaW5fanRpIjoiOThjZTFhNmItYWE2NS00MzFmLWFmYTUtNWNkMDI3OWM0NThkIiwiYXVkIjoiN2VxNWY0NmdtdDRjaGtwYWJncHVwMTdjZTYiLCJldmVudF9pZCI6IjNiNWMwOTExLWRkMzMtNDE1NS04NWM2LTE1YzRjYmY3NWVmMSIsInRva2VuX3VzZSI6ImlkIiwiYXV0aF90aW1lIjoxNzc5OTg1NzcwLCJleHAiOjE3Nzk5ODkzNzAsImlhdCI6MTc3OTk4NTc3MCwianRpIjoiMzFjMWNjOTMtMzU4NC00YjU1LWJiYmEtYjg0MzM2MzFmNWRhIiwiZW1haWwiOiJmaW5hbmNpZXJvLTE1NkBiaXRlY28uY29tIn0.z6YH496X1rSoi_6MUMQIVQnZGJsNd6gln79hJEJsH9S2w3PZzUDxEqaf3KQeLhKR8La3zSLyEOBhd8dKpsBbwXRUXa_6PpXlTUHwblfPCWgFSkufcGpKiFlHRCQtDdltKsOytEBVAVRxtqRIok6iT5Z3oBlVVi0j8DjGBCzmxaMGwCDwDbVvG4dojvtN15dXNh_C6GhvmauAjmtLy10tHW9Ai3vnK0Vxk_eR-YQ3BX3HyHbz6Zhx-g8IYrPlyr9Hj6Ngc_mZRGSXsfUQOV2hcyAA5haSQvClBqyDS3piA8oVfGIhV3x4_i62RNIv4n7dkB-QsWZWGNeBKl7YOoHa1Q
financiero-157,financiero,8,2026,2,eyJraWQiOiJEZ0VqOWg3UkwxeE1mcTV6dm1XcnlhWHdPZTZ3eW9WRDFNMDBVeENYaUUwPSIsImFsZyI6IlJTMjU2In0.eyJzdWIiOiJjNDQ4ODQzOC05MDQxLTcwMDYtM2FhYS0wZmU0YWUxYjA1MGUiLCJjb2duaXRvOmdyb3VwcyI6WyJmaW5hbmNpZXJvIl0sImVtYWlsX3ZlcmlmaWVkIjp0cnVlLCJpc3MiOiJodHRwczovL2NvZ25pdG8taWRwLnVzLWVhc3QtMS5hbWF6b25hd3MuY29tL3VzLWVhc3QtMV9RR2hSTkpOY3MiLCJjb2duaXRvOnVzZXJuYW1lIjoiZmluYW5jaWVyby0xNTciLCJvcmlnaW5fanRpIjoiOTM1ZTg2ZDAtN2Q2Yy00ZDNmLTg4ZWMtODBkZDU3OTUyMzNiIiwiYXVkIjoiN2VxNWY0NmdtdDRjaGtwYWJncHVwMTdjZTYiLCJldmVudF9pZCI6ImNhNGMyNzMzLTUxMWMtNDhhOS05Y2UzLTJkOTcwYWRhM2FjOCIsInRva2VuX3VzZSI6ImlkIiwiYXV0aF90aW1lIjoxNzc5OTg1NzcwLCJleHAiOjE3Nzk5ODkzNzAsImlhdCI6MTc3OTk4NTc3MCwianRpIjoiYmVhY2FjYzAtY2E0Zi00MzZlLWJjZTYtMDc4YjdmYWEzOGZlIiwiZW1haWwiOiJmaW5hbmNpZXJvLTE1N0BiaXRlY28uY29tIn0.fTqwyW89Z9XrfENqVOJvjsK5OuRs1NJ3urXnZRtZO_kwUaP1998uXw6WwuLByGiOGDUp28yCNFR7y3DwVZqKU40VTJwKolG_kIeCRy5ZVvQsO82miWPwYehjEo6JTOHDJZKywV-dXAs8wfPDnDkqgGO07Q3n7FpelNmb7d9M4uKD3jgSEaUn0KykDYFDsd4CwuiYpnQc_YLO6GOfVEPfZhkoDdjoMzsucajtCrEiYRV_uQN70rtF-bP5w5tTYkSLT---gnNgqs53Z-Mfbdw1wt-8kQn7pja96VfZd8r7GHdu1lExiRqPlmBh8F-VVSlLAE_2PDSzn9wxfUeWwTIy9g
financiero-158,financiero,9,2026,3,eyJraWQiOiJEZ0VqOWg3UkwxeE1mcTV6dm1XcnlhWHdPZTZ3eW9WRDFNMDBVeENYaUUwPSIsImFsZyI6IlJTMjU2In0.eyJzdWIiOiI3NGQ4ZjRkOC04MDAxLTcwYWEtYWMxMS01ZjU3MTkzYjllZGEiLCJjb2duaXRvOmdyb3VwcyI6WyJmaW5hbmNpZXJvIl0sImVtYWlsX3ZlcmlmaWVkIjp0cnVlLCJpc3MiOiJodHRwczovL2NvZ25pdG8taWRwLnVzLWVhc3QtMS5hbWF6b25hd3MuY29tL3VzLWVhc3QtMV9RR2hSTkpOY3MiLCJjb2duaXRvOnVzZXJuYW1lIjoiZmluYW5jaWVyby0xNTgiLCJvcmlnaW5fanRpIjoiNDY2MzA0MjktZTQ0OS00MDY5LWE3NWEtYjU3ODkzZGQyMDkwIiwiYXVkIjoiN2VxNWY0NmdtdDRjaGtwYWJncHVwMTdjZTYiLCJldmVudF9pZCI6IjVhM2NlYzQ4LWRhMmYtNDMwZS05OTkzLWE1NWNjOGUyMDk4YyIsInRva2VuX3VzZSI6ImlkIiwiYXV0aF90aW1lIjoxNzc5OTg1NzcwLCJleHAiOjE3Nzk5ODkzNzAsImlhdCI6MTc3OTk4NTc3MCwianRpIjoiOWQ0MGU2ZmUtODBhNi00NTQ0LTliMzktNWU3YjUzOWI3ZTE0IiwiZW1haWwiOiJmaW5hbmNpZXJvLTE1OEBiaXRlY28uY29tIn0.IYdsjRsq9TVxW55KvJnFujrbhKYPmaetzfaEMO9T1lrOM5Iclzxv2Qm9fpWDJY8iimVHaZw9DeytMDI-X4dh7tUvw5INb1YPQRuo83qDu3Y4n1ay4BkRjmpe0QF6wlRms3wsKK6ZAChkYU7ekmh9xmBzkCWnOAMbzX2OLJOXNSaHXxwXeT4EnS_bX3f77kcG89cIB7G6GzJJp2oaEYirxpgEqC29X3B3rXUK9RAZqoCInwodBO8OZuHsDr9hXtmqPCqby4lXHRh_EiGvjpCL-U-_mRTnh1HAyuRDk7jB2VDIOWPtLdEaOVVFQykUhKprM_uPoM-fBXjfiYvIU5WPwg
financiero-159,financiero,10,2026,4,eyJraWQiOiJEZ0VqOWg3UkwxeE1mcTV6dm1XcnlhWHdPZTZ3eW9WRDFNMDBVeENYaUUwPSIsImFsZyI6IlJTMjU2In0.eyJzdWIiOiIzNDI4YzQ3OC1kMGIxLTcwOTMtYjNhZS0yNTBiZDE4MGEyMTciLCJjb2duaXRvOmdyb3VwcyI6WyJmaW5hbmNpZXJvIl0sImVtYWlsX3ZlcmlmaWVkIjp0cnVlLCJpc3MiOiJodHRwczovL2NvZ25pdG8taWRwLnVzLWVhc3QtMS5hbWF6b25hd3MuY29tL3VzLWVhc3QtMV9RR2hSTkpOY3MiLCJjb2duaXRvOnVzZXJuYW1lIjoiZmluYW5jaWVyby0xNTkiLCJvcmlnaW5fanRpIjoiMDY3ZjFlNzgtOWQyYy00OGUwLTliM2EtNmFlZTVhMjA0OWZlIiwiYXVkIjoiN2VxNWY0NmdtdDRjaGtwYWJncHVwMTdjZTYiLCJldmVudF9pZCI6ImM5ZmM1MDM3LWZjZDItNDg3ZS04NDA1LTBkYjUzN2E4ZDc3YSIsInRva2VuX3VzZSI6ImlkIiwiYXV0aF90aW1lIjoxNzc5OTg1NzcwLCJleHAiOjE3Nzk5ODkzNzAsImlhdCI6MTc3OTk4NTc3MCwianRpIjoiNzk5ODc3NDUtOWNlZC00ZDU5LWI4ZDMtN2UzMWEzMjY4NjcxIiwiZW1haWwiOiJmaW5hbmNpZXJvLTE1OUBiaXRlY28uY29tIn0.CLPk0g4BnnEaQ454uI_JQkHA0aP7z14I4npOyg5rhDqVpmWQ2bira2KxlFMEuOk2fyCeHkoPrnHhy9EIUqf-g1_fXsY_Wz7pxc-AObsRxX99PwXgwekYIMMZyZQH4qau2w-qD_PnjUATLCGarbP6m_Nl629w41MWBdPIlwWNbo7Bgcu2_0fWBVp54lqYptlVshTQ5w1ZvAk0X9L844wmDITP4Q0zxrH--GoW6aczIszX_IhtoaM0zoOm_HBuWUyeYpEcYAQ3vx1AldlfBWhf6yGE2eUhOoU3lpbpB4Wu_783hHd3Bg-55MAAtrVdpU7UKu5I4cETxVh36bscYQLbUA
financiero-160,financiero,1,2026,1,eyJraWQiOiJEZ0VqOWg3UkwxeE1mcTV6dm1XcnlhWHdPZTZ3eW9WRDFNMDBVeENYaUUwPSIsImFsZyI6IlJTMjU2In0.eyJzdWIiOiJlNDE4NjQxOC1mMGQxLTcwODAtMDVlMy03NGY3YWY4OGY4ZDEiLCJjb2duaXRvOmdyb3VwcyI6WyJmaW5hbmNpZXJvIl0sImVtYWlsX3ZlcmlmaWVkIjp0cnVlLCJpc3MiOiJodHRwczovL2NvZ25pdG8taWRwLnVzLWVhc3QtMS5hbWF6b25hd3MuY29tL3VzLWVhc3QtMV9RR2hSTkpOY3MiLCJjb2duaXRvOnVzZXJuYW1lIjoiZmluYW5jaWVyby0xNjAiLCJvcmlnaW5fanRpIjoiM2RiMTE4NDctNWU1MC00NGEzLWFlMWMtMDc0MDYxNDA0NTRmIiwiYXVkIjoiN2VxNWY0NmdtdDRjaGtwYWJncHVwMTdjZTYiLCJldmVudF9pZCI6IjE3N2U3M2VhLTFjYTUtNDAyOC1hZTVkLTk1ODkxY2VhMWYyNCIsInRva2VuX3VzZSI6ImlkIiwiYXV0aF90aW1lIjoxNzc5OTg1NzcxLCJleHAiOjE3Nzk5ODkzNzEsImlhdCI6MTc3OTk4NTc3MSwianRpIjoiN2Q5ZjcyNzQtOTM3NC00ODkwLTljMGItYTM3YmQwZjA5NGM0IiwiZW1haWwiOiJmaW5hbmNpZXJvLTE2MEBiaXRlY28uY29tIn0.QiV8coGw_MzaWAat3CW9Feh2pHAXdnIeSNKORLSyCK5gdBdzpiggyV8XLzyw23JC78BVI-zrtP0xs023Wx1dI-MuWBYndn9hBTop4ClcbckK63MF794HjVwX5hPXktdSE-NTv6-KUvWrM22TKfhQxwzUIQamRawRxV-y00OB54tufVElQVYF4N_dCFR9ZWp_itbKRqW1W-TaxZZ9fiD8Sk5hpkHhvTDkJnXZK6s8QsA-9IzFLvOYR7HRsqV6nT-gDcDlZQK8cjPvqtwJYIojXJseURDnyyLfmf-mAhiSjlLn38KBLq0k6M_BUuLKpq2_j0gwTvOrJ83Vv46oDpBN2w
financiero-161,financiero,2,2026,2,eyJraWQiOiJEZ0VqOWg3UkwxeE1mcTV6dm1XcnlhWHdPZTZ3eW9WRDFNMDBVeENYaUUwPSIsImFsZyI6IlJTMjU2In0.eyJzdWIiOiI3NDc4ODRhOC0xMGMxLTcwMTMtNjMxZi0zM2M1M2ZlNzExN2UiLCJjb2duaXRvOmdyb3VwcyI6WyJmaW5hbmNpZXJvIl0sImVtYWlsX3ZlcmlmaWVkIjp0cnVlLCJpc3MiOiJodHRwczovL2NvZ25pdG8taWRwLnVzLWVhc3QtMS5hbWF6b25hd3MuY29tL3VzLWVhc3QtMV9RR2hSTkpOY3MiLCJjb2duaXRvOnVzZXJuYW1lIjoiZmluYW5jaWVyby0xNjEiLCJvcmlnaW5fanRpIjoiMDJjNzA0OWUtOTA1MC00YjVmLThkMGEtMDE2OWQ0YzI2MzExIiwiYXVkIjoiN2VxNWY0NmdtdDRjaGtwYWJncHVwMTdjZTYiLCJldmVudF9pZCI6IjYyZjQ5ZGJhLWY2MWQtNDU4Ny1hMzVhLTcyZmJhMjlkYTQ2MiIsInRva2VuX3VzZSI6ImlkIiwiYXV0aF90aW1lIjoxNzc5OTg1NzcxLCJleHAiOjE3Nzk5ODkzNzEsImlhdCI6MTc3OTk4NTc3MSwianRpIjoiZjgwMzgzNzAtMDE3NS00MjIxLWJmMTYtODJmODgwZWNhZmQzIiwiZW1haWwiOiJmaW5hbmNpZXJvLTE2MUBiaXRlY28uY29tIn0.e1tMRUXROxPc2XNau-m9-SsbiTpaFKpKJFrZYeMCd62NSKfU2P7eNm5qhH4CyvA64nqNatbWic6sZX22LXU8K7ok0chgkuf5TzOvNt63hubxwb8OydUYiPpsKOC0tcHUGYXv7wWNnbLrqBxBWuaasS-RfOJwTH2kP8OAjUDkz0O0XhhzZ-TDwAyC-B4RFuhpBao3Rbo4aaooZrxmTBg183SZd_us8fnnwwBwmExaaqIMq1antwCQdOkpsxIZliru8UKkifIEwxqPZdQtMRfw6y5yWfh0JizqhVNIT3aKr1l_5RJbhfGcXzZ1xrEf7qJA_mJjfGl_JcOlhgk7j_TNXQ
financiero-162,financiero,3,2026,3,eyJraWQiOiJEZ0VqOWg3UkwxeE1mcTV6dm1XcnlhWHdPZTZ3eW9WRDFNMDBVeENYaUUwPSIsImFsZyI6IlJTMjU2In0.eyJzdWIiOiJlNDg4NDQyOC05MDMxLTcwNGEtZTI1OS01YjhmZDhjMjdjYTUiLCJjb2duaXRvOmdyb3VwcyI6WyJmaW5hbmNpZXJvIl0sImVtYWlsX3ZlcmlmaWVkIjp0cnVlLCJpc3MiOiJodHRwczovL2NvZ25pdG8taWRwLnVzLWVhc3QtMS5hbWF6b25hd3MuY29tL3VzLWVhc3QtMV9RR2hSTkpOY3MiLCJjb2duaXRvOnVzZXJuYW1lIjoiZmluYW5jaWVyby0xNjIiLCJvcmlnaW5fanRpIjoiMjcxYmQyZDctZTI0Mi00NDc5LTljYzctOTU3M2YwMjhkZDQ2IiwiYXVkIjoiN2VxNWY0NmdtdDRjaGtwYWJncHVwMTdjZTYiLCJldmVudF9pZCI6IjBmYWExOTIxLTBiYTUtNGY5NC04ZGU1LTFiNjkwOGYwZmZhMCIsInRva2VuX3VzZSI6ImlkIiwiYXV0aF90aW1lIjoxNzc5OTg1NzcxLCJleHAiOjE3Nzk5ODkzNzEsImlhdCI6MTc3OTk4NTc3MSwianRpIjoiYTEzNzZmMDItNmViOC00MDY5LThlNWYtYjQ5ZTBjMTg5NzIzIiwiZW1haWwiOiJmaW5hbmNpZXJvLTE2MkBiaXRlY28uY29tIn0.oFl8w7XyhyFUGMQzqZFysj5IELC9yrIlTDxIZk-hOZqhX521QiPZuG0ikfv5tFzJjMBvIvoTf0u_oV4ODhM8o2-cHAcFc1v1x3x469aqbPQSxr5r15xdDcszrwIrXXaSsZJmmq5Nvn_xd7ADdAX22953z9CqvqO4wMTRB3p_EcEM-WqsKRFiR3r3Opxd35agLaTaR0wTm_7prKIMZ6Gsjf4LoIKEIg2jZwb2pCV3SBnd_jbF6mq7JwzyiQZYDaG02VOPFnE5s300291BC97DgB4NB3EdPVIIGCzXRZsifebCHVyQrf9f82Ni6ZYP8gVT0nVI-EGvAnOFLo_2Oq8agQ
financiero-163,financiero,4,2026,4,eyJraWQiOiJEZ0VqOWg3UkwxeE1mcTV6dm1XcnlhWHdPZTZ3eW9WRDFNMDBVeENYaUUwPSIsImFsZyI6IlJTMjU2In0.eyJzdWIiOiJmNDI4ZTQ5OC03MGIxLTcwYTMtOGQ4Zi00ODZmYjA5YmVhNGEiLCJjb2duaXRvOmdyb3VwcyI6WyJmaW5hbmNpZXJvIl0sImVtYWlsX3ZlcmlmaWVkIjp0cnVlLCJpc3MiOiJodHRwczovL2NvZ25pdG8taWRwLnVzLWVhc3QtMS5hbWF6b25hd3MuY29tL3VzLWVhc3QtMV9RR2hSTkpOY3MiLCJjb2duaXRvOnVzZXJuYW1lIjoiZmluYW5jaWVyby0xNjMiLCJvcmlnaW5fanRpIjoiNWRlMjk0OTItZGU0Yy00NGMzLTg4YTUtYzhjNDY3NTRkYTcyIiwiYXVkIjoiN2VxNWY0NmdtdDRjaGtwYWJncHVwMTdjZTYiLCJldmVudF9pZCI6ImI0NjUwYzQ4LTg1MzEtNGRkYi1iZjY2LTE1NGI0ZjI3YjA4ZSIsInRva2VuX3VzZSI6ImlkIiwiYXV0aF90aW1lIjoxNzc5OTg1NzcxLCJleHAiOjE3Nzk5ODkzNzEsImlhdCI6MTc3OTk4NTc3MiwianRpIjoiZTc1YTM2YjMtODJjZS00NTgzLThjNGYtNzk4MjliMTM2MjIwIiwiZW1haWwiOiJmaW5hbmNpZXJvLTE2M0BiaXRlY28uY29tIn0.hoMDCA3hLS2f4_dOEGtUPGm2bB8uy8EfHYfrjfVS8DtLGbekpVaMk8QrN-AHltLF0m0_QuF4mrXp7FEimGhIuXFgoQ1j361ev9ehoKgluOLuHSlVzR2ukY7TroOfXb5PwJSTf0aSTcZywLN1o6vcysox8SPnZAIuHa9HOd-d7G_4je_HC8Q68l_3kap0LZmLEqgogBofAmxiA-MRia98tfm7x4px3f1iVkcfEG3uNhC6MRtPrqpU_wFLQD9Y8b2Ri4wfsREoEXbv3PXnGbJNVp_o6-MzkATdK5QbWqyADWTbSvUo29xG2Pg_y1JTVhrBWbFlKvXJMuvw0TJzG4ZuZQ
financiero-164,financiero,5,2026,1,eyJraWQiOiJEZ0VqOWg3UkwxeE1mcTV6dm1XcnlhWHdPZTZ3eW9WRDFNMDBVeENYaUUwPSIsImFsZyI6IlJTMjU2In0.eyJzdWIiOiI1NDg4ZTRjOC1mMDExLTcwODktNjdkYi01NTYzMTU4NTM4M2UiLCJjb2duaXRvOmdyb3VwcyI6WyJmaW5hbmNpZXJvIl0sImVtYWlsX3ZlcmlmaWVkIjp0cnVlLCJpc3MiOiJodHRwczovL2NvZ25pdG8taWRwLnVzLWVhc3QtMS5hbWF6b25hd3MuY29tL3VzLWVhc3QtMV9RR2hSTkpOY3MiLCJjb2duaXRvOnVzZXJuYW1lIjoiZmluYW5jaWVyby0xNjQiLCJvcmlnaW5fanRpIjoiYWFhNWJmMDEtNDhhOS00Y2MyLWFmYWMtM2RkYzgzZTBmOTEwIiwiYXVkIjoiN2VxNWY0NmdtdDRjaGtwYWJncHVwMTdjZTYiLCJldmVudF9pZCI6IjJhMWFiNWQzLTczMWMtNDgxNy1hMmNlLTdkMjhiMTdiZDk5YSIsInRva2VuX3VzZSI6ImlkIiwiYXV0aF90aW1lIjoxNzc5OTg1NzcyLCJleHAiOjE3Nzk5ODkzNzIsImlhdCI6MTc3OTk4NTc3MiwianRpIjoiMjE0YThhMjktNWZiNS00ZjJkLWJmNGMtMWM0NGM4YjIxOGRlIiwiZW1haWwiOiJmaW5hbmNpZXJvLTE2NEBiaXRlY28uY29tIn0.IGEbVKlJVJdepVre1jFaQQZx0KWzXFg1siMdDIVm4wq6rtGEfTrE8WcJezJqsxnkbHYUx9QubqqGtDsS344zAInrL8f89ATb_YUF56Nb4M4E22YTgRVXdkF_adNqssCGvMVx8S8VWCY9jx8zxkJVMUkO3nesAHZs6eBYOEedvxzLoeprDQJwn8id_FCyfrmuD3gKU1c7sfxBuPct3x7jhDluTyzEJFNojjJp9sxRVPKt5HqfbLKOWOM1x4r94aKXFuy6QQtQ0vFUEPkJrMx0DvO9hB8jHKqIERS8cSow7-Z8umC4s8xa-Jwm2y171AO7lA9pDjReinXl5_Hpx9pmbg
financiero-165,financiero,6,2026,2,eyJraWQiOiJEZ0VqOWg3UkwxeE1mcTV6dm1XcnlhWHdPZTZ3eW9WRDFNMDBVeENYaUUwPSIsImFsZyI6IlJTMjU2In0.eyJzdWIiOiJhNDI4YTRkOC1lMDQxLTcwNzgtMDYxMC02OWE2M2E3ZmIwMDciLCJjb2duaXRvOmdyb3VwcyI6WyJmaW5hbmNpZXJvIl0sImVtYWlsX3ZlcmlmaWVkIjp0cnVlLCJpc3MiOiJodHRwczovL2NvZ25pdG8taWRwLnVzLWVhc3QtMS5hbWF6b25hd3MuY29tL3VzLWVhc3QtMV9RR2hSTkpOY3MiLCJjb2duaXRvOnVzZXJuYW1lIjoiZmluYW5jaWVyby0xNjUiLCJvcmlnaW5fanRpIjoiMTZkZWE3NDUtYTExNy00ZDFlLTllYWItNGViODg5MjdjMDhlIiwiYXVkIjoiN2VxNWY0NmdtdDRjaGtwYWJncHVwMTdjZTYiLCJldmVudF9pZCI6ImQzMzBmMjYzLTk0MWQtNGNhNC04MWY2LTk0Yjg3M2Y5MWIyNCIsInRva2VuX3VzZSI6ImlkIiwiYXV0aF90aW1lIjoxNzc5OTg1NzcyLCJleHAiOjE3Nzk5ODkzNzIsImlhdCI6MTc3OTk4NTc3MiwianRpIjoiM2E1NWZhNzItMGZmMy00ZWU3LWE1OTMtYmRmM2Q4MjI4ODYwIiwiZW1haWwiOiJmaW5hbmNpZXJvLTE2NUBiaXRlY28uY29tIn0.p0H7Cqn0taZ0xLOBzPVw3TyBm4KGTRl5oA1toCuoMTBO0y4_3NKQMUk4yGKOjdTu26MMzeuiCdavUkw1u_os82lWW94B8tY-QBOB9sfw_Fktsxl3TVhi15q_SsKhJyxJGE0cwhh764DuM_fkXTAEqn6I7mJKfdz5hMqkvJlNfcWgn3E3F7wsiPOmjwppK3DiCT86DFF-jA-aRMdKungXHb73h2nfwn2rM5dRDT-r9b7GwUKKbQ-qU67mc7MfWtPTR3L921QCIeJgC9KCBiE_O-SFZkakw3fhzgm3JUWcDCqBoqpNnDBpC8knVgr2HzysD-JBTn8xn4RhrMesoRbwSA
financiero-166,financiero,7,2026,3,eyJraWQiOiJEZ0VqOWg3UkwxeE1mcTV6dm1XcnlhWHdPZTZ3eW9WRDFNMDBVeENYaUUwPSIsImFsZyI6IlJTMjU2In0.eyJzdWIiOiI2NDM4NDRmOC1lMGUxLTcwZTItNzY5Yy1hNTE3YWQ2MzRjNGYiLCJjb2duaXRvOmdyb3VwcyI6WyJmaW5hbmNpZXJvIl0sImVtYWlsX3ZlcmlmaWVkIjp0cnVlLCJpc3MiOiJodHRwczovL2NvZ25pdG8taWRwLnVzLWVhc3QtMS5hbWF6b25hd3MuY29tL3VzLWVhc3QtMV9RR2hSTkpOY3MiLCJjb2duaXRvOnVzZXJuYW1lIjoiZmluYW5jaWVyby0xNjYiLCJvcmlnaW5fanRpIjoiYzljOWJhOTYtZTU2OC00YTIxLTliNjEtMDZjZTM0MjU0NWU4IiwiYXVkIjoiN2VxNWY0NmdtdDRjaGtwYWJncHVwMTdjZTYiLCJldmVudF9pZCI6IjM3MmViZTZhLWNkZWItNGMyNy04MWEwLWUwMjRhMWU5NTM3YyIsInRva2VuX3VzZSI6ImlkIiwiYXV0aF90aW1lIjoxNzc5OTg1NzcyLCJleHAiOjE3Nzk5ODkzNzIsImlhdCI6MTc3OTk4NTc3MiwianRpIjoiY2YxOTRmNjctMjc4OC00YjBiLWI3M2UtYTk0NTg2YTRjNzVkIiwiZW1haWwiOiJmaW5hbmNpZXJvLTE2NkBiaXRlY28uY29tIn0.b-urYvXw4tARoGT5smukA3j1eFSMobe148rfWzYfMEtXdIqCTxBmu6tdm2pVlY3226BP_JMj7R85xMvyra5H2Y27FKvXof0QrRfXSI4VtggyIxfbNpbeGOj0O8pr8Fa_E7SmDdJ4wL5RbfjrPD1mwyxfYBLjOX6ZntIaVw98wybYc_XDr-HJUoaP-MCqbmGaqfgGG3luvLTJ6zA72p0B3Hu7ovDXed9d4sea5PK2BFo_yIR6JKuhWSwypG-bEy_7fFlyOHCCfMN6jRbYVyaXCJnmgswK43BxzGFmm7-jS_f8TQP0U87afScW5nGH0eK3ErqlZPtYoe6usMjmxMVWHw
financiero-167,financiero,8,2026,4,eyJraWQiOiJEZ0VqOWg3UkwxeE1mcTV6dm1XcnlhWHdPZTZ3eW9WRDFNMDBVeENYaUUwPSIsImFsZyI6IlJTMjU2In0.eyJzdWIiOiJhNDg4NTQ0OC1kMDQxLTcwMTAtN2M3Mi05MjFmMzY3ZGMxNWEiLCJjb2duaXRvOmdyb3VwcyI6WyJmaW5hbmNpZXJvIl0sImVtYWlsX3ZlcmlmaWVkIjp0cnVlLCJpc3MiOiJodHRwczovL2NvZ25pdG8taWRwLnVzLWVhc3QtMS5hbWF6b25hd3MuY29tL3VzLWVhc3QtMV9RR2hSTkpOY3MiLCJjb2duaXRvOnVzZXJuYW1lIjoiZmluYW5jaWVyby0xNjciLCJvcmlnaW5fanRpIjoiZjJjOGQyNjYtYjNiNi00YzNjLWE5YTAtYWMwYWEyNjQ4ZmI0IiwiYXVkIjoiN2VxNWY0NmdtdDRjaGtwYWJncHVwMTdjZTYiLCJldmVudF9pZCI6ImM1YzE4ZjY4LTJlZTktNDVkNC1iODZiLTNiMDlkYTRjZjE2ZSIsInRva2VuX3VzZSI6ImlkIiwiYXV0aF90aW1lIjoxNzc5OTg1NzcyLCJleHAiOjE3Nzk5ODkzNzIsImlhdCI6MTc3OTk4NTc3MiwianRpIjoiNDkwMTMzYTktN2ZhNi00ZTJjLWJhZmMtMzlmNmEwYTAzNjRiIiwiZW1haWwiOiJmaW5hbmNpZXJvLTE2N0BiaXRlY28uY29tIn0.R-KP0AYcBrAxqNPsxExTSVPeIGENUPKJvYdOyDXoixN68lb8tWw1f4zZdC9aHVZPfZtlACHoZeuaXSL_7tvrv-3hfBaRXQ1MUJHXwufu77KNYaCp1hUPGISenV_veOXc_Nyi8-VizE5IV6BxIRGQJ8BnQjzRtG6qQo1LuM2yvdKHLfYSLeXc_r_VELcWhXcyiC6eEyUzokYCvYsgDD9Eb2fWXqiwf2G-wJCvLIiU-Ab4DVRQ4kqV7zjbXEYLkVS-lE7vAHTuO7K6um0ColsWXoiENaPMGkdOPJ7GZPrXAOthvIzbmX-7Zos0fnJHU-I9BLLi_oR09JClZy3_49DBcw
financiero-168,financiero,9,2026,1,eyJraWQiOiJEZ0VqOWg3UkwxeE1mcTV6dm1XcnlhWHdPZTZ3eW9WRDFNMDBVeENYaUUwPSIsImFsZyI6IlJTMjU2In0.eyJzdWIiOiI5NDM4ZDQzOC1lMDYxLTcwNDgtMDBmYi02NWNkYmI0OTRmZDUiLCJjb2duaXRvOmdyb3VwcyI6WyJmaW5hbmNpZXJvIl0sImVtYWlsX3ZlcmlmaWVkIjp0cnVlLCJpc3MiOiJodHRwczovL2NvZ25pdG8taWRwLnVzLWVhc3QtMS5hbWF6b25hd3MuY29tL3VzLWVhc3QtMV9RR2hSTkpOY3MiLCJjb2duaXRvOnVzZXJuYW1lIjoiZmluYW5jaWVyby0xNjgiLCJvcmlnaW5fanRpIjoiNTJiODgzYTQtZjEzYy00OGM4LWJjNDUtMDNkMWRiOTQ5ODg4IiwiYXVkIjoiN2VxNWY0NmdtdDRjaGtwYWJncHVwMTdjZTYiLCJldmVudF9pZCI6IjIwZGRhNDg0LWFmZjUtNDVhNC04MGMzLTBjM2E5MmQ3ZTg1YyIsInRva2VuX3VzZSI6ImlkIiwiYXV0aF90aW1lIjoxNzc5OTg1NzczLCJleHAiOjE3Nzk5ODkzNzMsImlhdCI6MTc3OTk4NTc3MywianRpIjoiMjRkZDNjZDMtMDEzYy00ODVmLTgyNGItYzVkNDBlYTcwMGU1IiwiZW1haWwiOiJmaW5hbmNpZXJvLTE2OEBiaXRlY28uY29tIn0.v76Qa5GAviuYeP7_UehfCaEBw_tuSSatnWqPJNQQKBrT6uCo8AzobrEy8aRsX1mO6Oxz3FVZ2EJRFbeSyrtqMIJI8cwOynYVeM5wURR7vhouLRXLIQaPeNis_ic8okjlizRfbk47UOO87yhrUbTh2IyyZhyh5hJrIHKHLR5y_HhOh-0VMyLgIJzzEGgWzWGtCCszvAvY9afSMx54qh4DCx_80KYj_zcpK5MqxHp3Ujde3Cy5aNsYTK1S7xmpdANWcPuMYN6uyENYRPAZwVqINb5k-Amt0bluNbrojHra8HObuNMaLgdVd6gE3c-y_L-5M7PZUfW4B59DUcjjNepEBQ
financiero-169,financiero,10,2026,2,eyJraWQiOiJEZ0VqOWg3UkwxeE1mcTV6dm1XcnlhWHdPZTZ3eW9WRDFNMDBVeENYaUUwPSIsImFsZyI6IlJTMjU2In0.eyJzdWIiOiIxNGE4YzQwOC0xMDAxLTcwOTEtMDQwMi1jMzhmNTY0NjliNTYiLCJjb2duaXRvOmdyb3VwcyI6WyJmaW5hbmNpZXJvIl0sImVtYWlsX3ZlcmlmaWVkIjp0cnVlLCJpc3MiOiJodHRwczovL2NvZ25pdG8taWRwLnVzLWVhc3QtMS5hbWF6b25hd3MuY29tL3VzLWVhc3QtMV9RR2hSTkpOY3MiLCJjb2duaXRvOnVzZXJuYW1lIjoiZmluYW5jaWVyby0xNjkiLCJvcmlnaW5fanRpIjoiNjliZjBkOWEtODc0ZS00MGNiLWFmNzQtNGQ0YTU5Y2I5YjQ1IiwiYXVkIjoiN2VxNWY0NmdtdDRjaGtwYWJncHVwMTdjZTYiLCJldmVudF9pZCI6IjQ2ZTliNWI1LTcyNGUtNDY4Yy1hOWE0LTQzOGM2ZmNlNzA4ZiIsInRva2VuX3VzZSI6ImlkIiwiYXV0aF90aW1lIjoxNzc5OTg1NzczLCJleHAiOjE3Nzk5ODkzNzMsImlhdCI6MTc3OTk4NTc3MywianRpIjoiMmRmYTllYmUtY2NlMy00ODA2LWIzNGMtMjg2NDgyNzk2MDhmIiwiZW1haWwiOiJmaW5hbmNpZXJvLTE2OUBiaXRlY28uY29tIn0.zNAIyYkscJA2YCRMDLbp6pHTXyFpEgVRDcWbTaE5BL3XbLq7KI_B3MJBSuzzNJOa_pUJW3hQ3ltDZ8-92LhTJTNVjcA-U24Q92_NfHtE9X5Ijhym8JTAYwh0ItFbzwWYrbPa1QS1RgVLFua460MxqdDWYP9vf398JomHnt1xnsYsaV_eFqdVx8D9bMH062xEWCs7I_lN4XB0dwDHVkJSV5nyuquNtV-CjV96clN5vQOl30oK1hifWjJXX7yBlw3TT0y9ksWvb2uMm-790Eit9hYaCLqnaK9PIpzmyO4rYMI-OStj7CmW0_IQxhL9yjb6rzK16mN9NB5bTmH9AzI1Ew
financiero-170,financiero,1,2026,3,eyJraWQiOiJEZ0VqOWg3UkwxeE1mcTV6dm1XcnlhWHdPZTZ3eW9WRDFNMDBVeENYaUUwPSIsImFsZyI6IlJTMjU2In0.eyJzdWIiOiJhNDA4NjQzOC1jMDMxLTcwNDgtYzUzYi1lZTNiMzU0ZDllZTkiLCJjb2duaXRvOmdyb3VwcyI6WyJmaW5hbmNpZXJvIl0sImVtYWlsX3ZlcmlmaWVkIjp0cnVlLCJpc3MiOiJodHRwczovL2NvZ25pdG8taWRwLnVzLWVhc3QtMS5hbWF6b25hd3MuY29tL3VzLWVhc3QtMV9RR2hSTkpOY3MiLCJjb2duaXRvOnVzZXJuYW1lIjoiZmluYW5jaWVyby0xNzAiLCJvcmlnaW5fanRpIjoiNzc0YTA1MTMtYWYwZC00MjkxLTllYTUtNjBmOTI0ZmQ3OGJjIiwiYXVkIjoiN2VxNWY0NmdtdDRjaGtwYWJncHVwMTdjZTYiLCJldmVudF9pZCI6ImQ5ZTNjYWVkLWVkNzItNDM4OS1hYjQzLTg1MDdjODM4MmQwMCIsInRva2VuX3VzZSI6ImlkIiwiYXV0aF90aW1lIjoxNzc5OTg1NzczLCJleHAiOjE3Nzk5ODkzNzMsImlhdCI6MTc3OTk4NTc3MywianRpIjoiNGVhODc4Y2ItZWIwOS00Mjg5LTk2ZmMtODg0NTk3YmNjMTU3IiwiZW1haWwiOiJmaW5hbmNpZXJvLTE3MEBiaXRlY28uY29tIn0.bhszuHYx0SAi6UMuAWofRze2mg6Fqp4OhHLlmEk-ALZZQEZI5jz2NGT6RXvNULm_NDLlPrK14Wq03doLR2otuN12_fVRGkPpRwPdjOrUTiAwQpvJW2Xo6gr0q2302peST2tdA0YFQJF7ZSVZ7yoVBorKyg2WRYVTTSVLSiUnnVbkF9HzBnxLAZ-UttBiyjJIQbDd-H31wxb1ntZjVkFPMYvsTDEPDvD6VOGOERn0vLCgkVBnyTjOtdkjYp01-nWAIBs50RQsvZg6cfy577lnAxbkA4lM--65wU-lbvSFVbW6hj4OhZVxAPL8Z2kNxCseUZmdF7pq2Gf0y77vvzWKvw
financiero-171,financiero,2,2026,4,eyJraWQiOiJEZ0VqOWg3UkwxeE1mcTV6dm1XcnlhWHdPZTZ3eW9WRDFNMDBVeENYaUUwPSIsImFsZyI6IlJTMjU2In0.eyJzdWIiOiI1NGU4MjQ1OC1jMGQxLTcwOTYtYjA2MC01MzZmZjBkMjhhZDciLCJjb2duaXRvOmdyb3VwcyI6WyJmaW5hbmNpZXJvIl0sImVtYWlsX3ZlcmlmaWVkIjp0cnVlLCJpc3MiOiJodHRwczovL2NvZ25pdG8taWRwLnVzLWVhc3QtMS5hbWF6b25hd3MuY29tL3VzLWVhc3QtMV9RR2hSTkpOY3MiLCJjb2duaXRvOnVzZXJuYW1lIjoiZmluYW5jaWVyby0xNzEiLCJvcmlnaW5fanRpIjoiOWVhNzE5MGQtNTQyOC00ZjZkLWI2OTEtZTExOTk3ZGI2YzM1IiwiYXVkIjoiN2VxNWY0NmdtdDRjaGtwYWJncHVwMTdjZTYiLCJldmVudF9pZCI6Ijg5NmY2MjcyLTFmOTctNDYyNi04M2JkLTU2MjkyYTc3MTZjNCIsInRva2VuX3VzZSI6ImlkIiwiYXV0aF90aW1lIjoxNzc5OTg1NzczLCJleHAiOjE3Nzk5ODkzNzMsImlhdCI6MTc3OTk4NTc3NCwianRpIjoiM2NjYmIxMGItOTJiNi00NWViLTkwYmEtM2U2MzAxNzlmM2M5IiwiZW1haWwiOiJmaW5hbmNpZXJvLTE3MUBiaXRlY28uY29tIn0.SC4W7Hhci-s_t4BKO4e3iCm8u56Q2ynLpoil_U3aw_n9UffO6L1c_gfH6LAlqbtAdnHypFtwHbIRvcY0mPPB-6a6-PJ2JLNPoGX3ezKDjBA1SYyHV0qVvrZT0pQmAJpJB3CLVJpvK7y55VTh0OfCXvZqgsJkWzmhQzQDJjQPJTdZBJyOUY62Kd6DGvgqYKOLfQ-Amv1U7Q5d02LQSP8bhkja9PIdHpMnhpnvR4xKJaPRMdk7jbZ5G0L9Z-QsT6LPQDaa12U8E816pTpebuz3P0M-y14u93WGiC4Kil-zq_FaL-YxPJJnULOgTuTa7SrtrItax7ZF2WANLyoxa0m3Aw
financiero-172,financiero,3,2026,1,eyJraWQiOiJEZ0VqOWg3UkwxeE1mcTV6dm1XcnlhWHdPZTZ3eW9WRDFNMDBVeENYaUUwPSIsImFsZyI6IlJTMjU2In0.eyJzdWIiOiI3NGQ4YjQzOC1lMDMxLTcwMDAtNzU0Mi1hZTk2M2Y0NWI2YTkiLCJjb2duaXRvOmdyb3VwcyI6WyJmaW5hbmNpZXJvIl0sImVtYWlsX3ZlcmlmaWVkIjp0cnVlLCJpc3MiOiJodHRwczovL2NvZ25pdG8taWRwLnVzLWVhc3QtMS5hbWF6b25hd3MuY29tL3VzLWVhc3QtMV9RR2hSTkpOY3MiLCJjb2duaXRvOnVzZXJuYW1lIjoiZmluYW5jaWVyby0xNzIiLCJvcmlnaW5fanRpIjoiODFjYWEzMTItNGRhNS00ZTU4LThiOWQtYzJjM2UxNTc4ZTQ1IiwiYXVkIjoiN2VxNWY0NmdtdDRjaGtwYWJncHVwMTdjZTYiLCJldmVudF9pZCI6IjYwMmRhZDQ1LWU5NmQtNGM1MC04OWM0LTgzNDAxZWYzZDBkMiIsInRva2VuX3VzZSI6ImlkIiwiYXV0aF90aW1lIjoxNzc5OTg1Nzc0LCJleHAiOjE3Nzk5ODkzNzQsImlhdCI6MTc3OTk4NTc3NCwianRpIjoiNzU5ZGUzNmQtZjMwNy00M2MzLThlMzMtMjI1ODhiNDA1MDg4IiwiZW1haWwiOiJmaW5hbmNpZXJvLTE3MkBiaXRlY28uY29tIn0.kfqsjF_c8QawbCLpIh9bfCxxD0IUsL88FE9RHiJwmiiLAdSALOTu7YnuLDJf1ckWk4BbRHsw9jXxu7jebXGsXTvcxbfvFeu9DzMSm1j08rAl6hGxkQAod9bOCp8BykJle4j2bNIS5HfUSF6PLkbihUCqD-IC9pcwuq9VKCWnpYAUsntFfb6rqV07tj5Pe_qKnXwYD6ATeYtgUx_idO1LXAPyzLSuDWyOApVKNSddVFVY6YdTCu0zPQiktHlUdVaU10YNhd2yw6LSK0ayA6_tac0eLRk5nEy_EvrdHJq_Zpc1oDj8ThDJLHiWqNA_JpUuA_MIQ0doTrUyl3ED8BJg6w
financiero-173,financiero,4,2026,2,eyJraWQiOiJEZ0VqOWg3UkwxeE1mcTV6dm1XcnlhWHdPZTZ3eW9WRDFNMDBVeENYaUUwPSIsImFsZyI6IlJTMjU2In0.eyJzdWIiOiIxNDE4MjRhOC02MDMxLTcwOTMtMjFmZC01Y2NhNTFmYzAxOTUiLCJjb2duaXRvOmdyb3VwcyI6WyJmaW5hbmNpZXJvIl0sImVtYWlsX3ZlcmlmaWVkIjp0cnVlLCJpc3MiOiJodHRwczovL2NvZ25pdG8taWRwLnVzLWVhc3QtMS5hbWF6b25hd3MuY29tL3VzLWVhc3QtMV9RR2hSTkpOY3MiLCJjb2duaXRvOnVzZXJuYW1lIjoiZmluYW5jaWVyby0xNzMiLCJvcmlnaW5fanRpIjoiNTc1OTkxZGMtYzcyZC00N2RmLTg2YmMtODgyMzY0NmY4Yzg5IiwiYXVkIjoiN2VxNWY0NmdtdDRjaGtwYWJncHVwMTdjZTYiLCJldmVudF9pZCI6ImM0NDU3MWY0LTZkZmMtNDZlMS05Nzg5LTZmOGNjZTZkNTgzZCIsInRva2VuX3VzZSI6ImlkIiwiYXV0aF90aW1lIjoxNzc5OTg1Nzc0LCJleHAiOjE3Nzk5ODkzNzQsImlhdCI6MTc3OTk4NTc3NCwianRpIjoiNzVhY2YxMGEtN2IyNC00ODBhLTlhNDctNzBiMThmOGI1NTQzIiwiZW1haWwiOiJmaW5hbmNpZXJvLTE3M0BiaXRlY28uY29tIn0.cxeTLVyjxGlrdQCFf_nUTMSI8B5LTZujErRZHX65JmzAH1-9gvHY0xBbIDpwGJpSPBeCIbR7YLYsyEkIZU3KNrSJ2x1sIt7ZCZbTdcF--T-nCAfSvcuDb6dpB6_cYhkTlNA8I-MLOdwPOaZJhWDeEMCtTS9eX22dyjzD7sRnCA_CHwfB3LjXwamVMOt04rNBL6Uid2ubs7DvfAKPdQcB_WAA3kQxTCaNNV-deDw1Ac9G621mo2elhY1FDDkbDyng5HZOeQnpS3MBxI0b2IgmfTx2qJlCn3Jawsc68lSH4g7tfxODVXOFjdYcOJXZvZbQTgNgvv9v7Mdtu3lJ6YWZBg
financiero-174,financiero,5,2026,3,eyJraWQiOiJEZ0VqOWg3UkwxeE1mcTV6dm1XcnlhWHdPZTZ3eW9WRDFNMDBVeENYaUUwPSIsImFsZyI6IlJTMjU2In0.eyJzdWIiOiJmNDc4NDQ0OC04MGIxLTcwMmEtODQ4Ny0zNDA4MDMxNGM4ZDciLCJjb2duaXRvOmdyb3VwcyI6WyJmaW5hbmNpZXJvIl0sImVtYWlsX3ZlcmlmaWVkIjp0cnVlLCJpc3MiOiJodHRwczovL2NvZ25pdG8taWRwLnVzLWVhc3QtMS5hbWF6b25hd3MuY29tL3VzLWVhc3QtMV9RR2hSTkpOY3MiLCJjb2duaXRvOnVzZXJuYW1lIjoiZmluYW5jaWVyby0xNzQiLCJvcmlnaW5fanRpIjoiZWYxNmIwNmMtNzU2MC00MDQ3LThjZDMtMzkzZWE5OTk3MjA2IiwiYXVkIjoiN2VxNWY0NmdtdDRjaGtwYWJncHVwMTdjZTYiLCJldmVudF9pZCI6IjRkZmU4YWFiLWVjMTMtNDg2Yy05NmFmLWY5N2U4ZmFkOTM4NCIsInRva2VuX3VzZSI6ImlkIiwiYXV0aF90aW1lIjoxNzc5OTg1Nzc0LCJleHAiOjE3Nzk5ODkzNzQsImlhdCI6MTc3OTk4NTc3NCwianRpIjoiMzhlNTI4ZjMtYTFiMy00YWE4LThkNGMtNjU3OTdjYmIzY2RhIiwiZW1haWwiOiJmaW5hbmNpZXJvLTE3NEBiaXRlY28uY29tIn0.v4TsMhwx8n1ovAs3Dl9bsEI2KcV5MlWxp9WRmSGO9JixZOuTTNYEX47oHlCN-cwxRi9ihLX3Y_pGjobW3oWb_2SpkVhULZU_8-Q2vNnU3rxTLrMRsIZEXsKyilN2jSJIrlpeYIeEIutrf647niwLDtEa3uY95Dd7B988uGSjwBIxL2_mrHJciRbtaCZ8pGXjctf5QkDj3vB8O-ZIhUJpvgcDjZh3GRAbkfIwbMCDE63gP-rxSNOX7g1G1B7VaMtamvukwMcdJgNWKfPMqXNpfnEDBmq13pitSxkru7L1kv7tukj5kAUhLsMXVsli9wpD0WQolurPOhury0MT1p50mQ
financiero-175,financiero,6,2026,4,eyJraWQiOiJEZ0VqOWg3UkwxeE1mcTV6dm1XcnlhWHdPZTZ3eW9WRDFNMDBVeENYaUUwPSIsImFsZyI6IlJTMjU2In0.eyJzdWIiOiIyNGE4YTQxOC0yMDIxLTcwMmEtMTVjNS03ODc5ZjdkYzgyZGEiLCJjb2duaXRvOmdyb3VwcyI6WyJmaW5hbmNpZXJvIl0sImVtYWlsX3ZlcmlmaWVkIjp0cnVlLCJpc3MiOiJodHRwczovL2NvZ25pdG8taWRwLnVzLWVhc3QtMS5hbWF6b25hd3MuY29tL3VzLWVhc3QtMV9RR2hSTkpOY3MiLCJjb2duaXRvOnVzZXJuYW1lIjoiZmluYW5jaWVyby0xNzUiLCJvcmlnaW5fanRpIjoiYzQzMzE4NzYtOTBiZi00M2IyLWE1ZmItZmRjZjE2YjEzOWQ4IiwiYXVkIjoiN2VxNWY0NmdtdDRjaGtwYWJncHVwMTdjZTYiLCJldmVudF9pZCI6IjgzNjY3ODMzLTg5ZWEtNDYzNC05NDQyLTM4MDM0OTE2NjAxMSIsInRva2VuX3VzZSI6ImlkIiwiYXV0aF90aW1lIjoxNzc5OTg1Nzc1LCJleHAiOjE3Nzk5ODkzNzUsImlhdCI6MTc3OTk4NTc3NSwianRpIjoiZGE4YmU3YTYtMjdlYS00NzViLTlhNDMtNTZhZGVhYWZlMGYwIiwiZW1haWwiOiJmaW5hbmNpZXJvLTE3NUBiaXRlY28uY29tIn0.CSBnymAwwsasnz80jkcytZFhwlHK9oHl4z7RP9TbJSo4j3HDZjLARFucsvKDhdSsLjcNv64kA_KlZGe4_hyMZw8_3Wokiyw9wv9LCwgHYuJbO_uDi18IluWuHrE3pYvZST4Jc7nN4xRHaygOk5Jy3BB9EIDYT3afHdFe7h6_LagFn9Sg10nZZs4G4_nNIFxirn0O1MJ5_2VvQtXw028iw8H9ULpkfRBTXL592LXLpfqvDWZnYz1D4Ofoq2KxT-WDA_maEiaX9aLeMijmh_k4on2K24t9NOdjlUrytVjUhU-WxbT_T5tsM9kacKEdVA434tcyFnD7be2NYYMWSYyR1A
financiero-176,financiero,7,2026,1,eyJraWQiOiJEZ0VqOWg3UkwxeE1mcTV6dm1XcnlhWHdPZTZ3eW9WRDFNMDBVeENYaUUwPSIsImFsZyI6IlJTMjU2In0.eyJzdWIiOiJjNGY4ZjQwOC0yMDExLTcwODctNWYwNS01ZGFiMGNiNzI1YzEiLCJjb2duaXRvOmdyb3VwcyI6WyJmaW5hbmNpZXJvIl0sImVtYWlsX3ZlcmlmaWVkIjp0cnVlLCJpc3MiOiJodHRwczovL2NvZ25pdG8taWRwLnVzLWVhc3QtMS5hbWF6b25hd3MuY29tL3VzLWVhc3QtMV9RR2hSTkpOY3MiLCJjb2duaXRvOnVzZXJuYW1lIjoiZmluYW5jaWVyby0xNzYiLCJvcmlnaW5fanRpIjoiMzQxYTIwMjQtMDYzZC00ODVlLWE5OWMtN2RiMmNlODc5NTg1IiwiYXVkIjoiN2VxNWY0NmdtdDRjaGtwYWJncHVwMTdjZTYiLCJldmVudF9pZCI6ImU4MDg4YzVlLTg5MjQtNDljNC1hNzZhLWE1YzA0ODhkMThhNSIsInRva2VuX3VzZSI6ImlkIiwiYXV0aF90aW1lIjoxNzc5OTg1Nzc1LCJleHAiOjE3Nzk5ODkzNzUsImlhdCI6MTc3OTk4NTc3NSwianRpIjoiYjA3YTMxYzUtYzcwYS00YzMwLTkyOTktYjlhMTI3MzkwNjI0IiwiZW1haWwiOiJmaW5hbmNpZXJvLTE3NkBiaXRlY28uY29tIn0.37uEaONuGOnXwIRS8dd6rp7VhNc63NCw7S6ybqr6GvUx2-TODAKszhqthdGftSkYAMnz3SfWtpHehyDb935iTWYzV_xJha1UmXVr_UCtuXBd7rIteUe-kDnO-XWlpmLdRna6_0aJbl1aCqq937T_YCEnygMqZaZiyFOaVPLpUm1vi05b2avS6XXhDuUP659j2zXWXqyBmaQb1F2cmbo-H6jLrWedTAAbiIfyGYcXd7ZU6nGYTQOoLewi_x8l1j1iQGm44Pxdy607geffuwqb9ZcwDIZM9yB5AbPDcZ34k7AufkHHj1u6pEQ9j5aiNS08m4_B8JFulm8lzIdupJdUHA
financiero-177,financiero,8,2026,2,eyJraWQiOiJEZ0VqOWg3UkwxeE1mcTV6dm1XcnlhWHdPZTZ3eW9WRDFNMDBVeENYaUUwPSIsImFsZyI6IlJTMjU2In0.eyJzdWIiOiI1NDU4NzQyOC0wMDUxLTcwZGQtMTU0Ny1lOTc4NmNkOGY3YjQiLCJjb2duaXRvOmdyb3VwcyI6WyJmaW5hbmNpZXJvIl0sImVtYWlsX3ZlcmlmaWVkIjp0cnVlLCJpc3MiOiJodHRwczovL2NvZ25pdG8taWRwLnVzLWVhc3QtMS5hbWF6b25hd3MuY29tL3VzLWVhc3QtMV9RR2hSTkpOY3MiLCJjb2duaXRvOnVzZXJuYW1lIjoiZmluYW5jaWVyby0xNzciLCJvcmlnaW5fanRpIjoiODkzMjMxODMtNjljYi00ZDAwLTgyZDctZmRjYzA1YWNhNzJlIiwiYXVkIjoiN2VxNWY0NmdtdDRjaGtwYWJncHVwMTdjZTYiLCJldmVudF9pZCI6ImZjMmNhYmNkLTEzZDYtNGUzOC1hMGIwLTQzYzM0ZGE1MmE2YiIsInRva2VuX3VzZSI6ImlkIiwiYXV0aF90aW1lIjoxNzc5OTg1Nzc1LCJleHAiOjE3Nzk5ODkzNzUsImlhdCI6MTc3OTk4NTc3NSwianRpIjoiYWFhOGQ1ZGMtOTk1ZC00OTNjLWExNDctM2UwZGViYmJjOWUxIiwiZW1haWwiOiJmaW5hbmNpZXJvLTE3N0BiaXRlY28uY29tIn0.GelkwtFhgLDOBmKFFLVQwOc2cfaqRonv_PBgpHgMUzniX61XEgjpMjyxm9nl8SBuA0XLlV0SADrmIYMHghngWUKLDArKiZ7p1BsIcAsU4D6u1dYlQJqY5WFOYrD9t-KNagQE3VW9Fb9l6t_WLRrg_Yxkqo7tpjw0ZoDb5SbBhBUIAiocELDIlthFnm8LHcobxwkBMepKyB52GaWb5a_54bJ7w1e7_kGABWNiy6TCrWacblN3efoM_XiRqU3k8iee09KxORvob9RASVG0feU0LLR4G3jee8W9pNgGfScv3OnrSq4Qu7m3O-OUE-E8J6PBByv0G4weGZrTVqR1NqKkDQ
financiero-178,financiero,9,2026,3,eyJraWQiOiJEZ0VqOWg3UkwxeE1mcTV6dm1XcnlhWHdPZTZ3eW9WRDFNMDBVeENYaUUwPSIsImFsZyI6IlJTMjU2In0.eyJzdWIiOiI0NGQ4YjQzOC1hMDIxLTcwNzgtMDJiYS03NTEwOTA3NjUxNTUiLCJjb2duaXRvOmdyb3VwcyI6WyJmaW5hbmNpZXJvIl0sImVtYWlsX3ZlcmlmaWVkIjp0cnVlLCJpc3MiOiJodHRwczovL2NvZ25pdG8taWRwLnVzLWVhc3QtMS5hbWF6b25hd3MuY29tL3VzLWVhc3QtMV9RR2hSTkpOY3MiLCJjb2duaXRvOnVzZXJuYW1lIjoiZmluYW5jaWVyby0xNzgiLCJvcmlnaW5fanRpIjoiMWY2ZmE1YjktMDE1Zi00ZjU2LWIxZWQtN2JiODQ5ZWIyZGMyIiwiYXVkIjoiN2VxNWY0NmdtdDRjaGtwYWJncHVwMTdjZTYiLCJldmVudF9pZCI6IjA4OWEyOGUzLTFlZmQtNGViNy1iMDc1LWJmMzBkZmM3MDUzMCIsInRva2VuX3VzZSI6ImlkIiwiYXV0aF90aW1lIjoxNzc5OTg1Nzc1LCJleHAiOjE3Nzk5ODkzNzUsImlhdCI6MTc3OTk4NTc3NSwianRpIjoiOTEwOWQ5MWEtYWM1My00Y2Q2LWJlZGMtNjI2YWIzM2YzZmEyIiwiZW1haWwiOiJmaW5hbmNpZXJvLTE3OEBiaXRlY28uY29tIn0.ydblpls3eVy9HQHzu7EoJNPeTOtvz40FPiPhae-WclYOKHOjy8KXrOsOQl8hPC8lDlNcppYPjwZeAjC_nvTei2tJO07R8dCK_paQTPBHJr2CYfO_TJW2zzBjJDX4ndt6WiEO211fn3XF5UitUdtgH7mRa9BtvnMqIkBVkVEKuJVQLBusB3m7ARaQ7mrmEPQf4gzOtX4yFt0ut_3cZGI3_eTxlkiRZqbR785L9IoY__SndsUkBhn00dyAj20-J-VlV6F0tESHl8L7SRBZzs3b-3kaPH1chlhKMoQVyOZJeji9ZKnrdrgMvnrwKePdCYq8XCWqIEL2yhwNJ6Sn2gXsmQ
financiero-179,financiero,10,2026,4,eyJraWQiOiJEZ0VqOWg3UkwxeE1mcTV6dm1XcnlhWHdPZTZ3eW9WRDFNMDBVeENYaUUwPSIsImFsZyI6IlJTMjU2In0.eyJzdWIiOiI1NGY4YjRiOC01MGQxLTcwNzAtNDcwYy1lNGNkZmNlY2Q4ZTMiLCJjb2duaXRvOmdyb3VwcyI6WyJmaW5hbmNpZXJvIl0sImVtYWlsX3ZlcmlmaWVkIjp0cnVlLCJpc3MiOiJodHRwczovL2NvZ25pdG8taWRwLnVzLWVhc3QtMS5hbWF6b25hd3MuY29tL3VzLWVhc3QtMV9RR2hSTkpOY3MiLCJjb2duaXRvOnVzZXJuYW1lIjoiZmluYW5jaWVyby0xNzkiLCJvcmlnaW5fanRpIjoiZDA0MDFiYmMtNDNlZS00OTM2LTljZTAtZTk3OWFlMzI1ZTQxIiwiYXVkIjoiN2VxNWY0NmdtdDRjaGtwYWJncHVwMTdjZTYiLCJldmVudF9pZCI6ImJmOTZlYjQ0LTEyOWItNGVjOC1hYmEyLTViODQzYzBjNmZhYiIsInRva2VuX3VzZSI6ImlkIiwiYXV0aF90aW1lIjoxNzc5OTg1Nzc2LCJleHAiOjE3Nzk5ODkzNzYsImlhdCI6MTc3OTk4NTc3NiwianRpIjoiYmE1YWU1ODItNjczYS00ZTliLWJiZTgtNDdiZTlkNTM4MmYyIiwiZW1haWwiOiJmaW5hbmNpZXJvLTE3OUBiaXRlY28uY29tIn0.DZKljNHof11zM4Op8Wd5w4emH6glzOc63ksMVLJElzioN8m3DiX1lij0D2Xxyf0xZc4SC5HuVGalMT_dxTE86isxhQNA_p8AoobMtzYb-ToToqFunEMlqPfedej04AZ48u7DOnPNH_WZYEjquVInncqqSdUi-FbzRvTtw6VpeYw-05_Mc9UPfbBhBocl2oi-Lhs5wa42XhX-dBXgdq3yzuiW_LiwbQaZHAtoR8rGCzVdmLjkOFgHBOfN3Gay_gsOxrrTO7Bnwyt9zh4lsH3WNVbvxVzBsEK1OrsolgCY4lAxTXDzU7xJkvrG9GxhbgZ1SFU4Fw8nQdfmZ1WBCGsdZg
financiero-180,financiero,1,2026,1,eyJraWQiOiJEZ0VqOWg3UkwxeE1mcTV6dm1XcnlhWHdPZTZ3eW9WRDFNMDBVeENYaUUwPSIsImFsZyI6IlJTMjU2In0.eyJzdWIiOiJiNGQ4MzQ5OC0zMDIxLTcwMWQtMDQzYS1lNTI1NzY0NWY4MzIiLCJjb2duaXRvOmdyb3VwcyI6WyJmaW5hbmNpZXJvIl0sImVtYWlsX3ZlcmlmaWVkIjp0cnVlLCJpc3MiOiJodHRwczovL2NvZ25pdG8taWRwLnVzLWVhc3QtMS5hbWF6b25hd3MuY29tL3VzLWVhc3QtMV9RR2hSTkpOY3MiLCJjb2duaXRvOnVzZXJuYW1lIjoiZmluYW5jaWVyby0xODAiLCJvcmlnaW5fanRpIjoiNjk4MTFjOGItYWMzYy00ZWU2LWI3NWYtMzJjYzY4MTI5YjM1IiwiYXVkIjoiN2VxNWY0NmdtdDRjaGtwYWJncHVwMTdjZTYiLCJldmVudF9pZCI6ImUyN2NiODViLTFkMmItNDE4YS05MzZhLWYwZGZhZjFhZTY2ZCIsInRva2VuX3VzZSI6ImlkIiwiYXV0aF90aW1lIjoxNzc5OTg1Nzc2LCJleHAiOjE3Nzk5ODkzNzYsImlhdCI6MTc3OTk4NTc3NiwianRpIjoiODgwMzgyMmEtYzRhYi00NmY3LTlhYzQtN2QyODBkMTU0NDE4IiwiZW1haWwiOiJmaW5hbmNpZXJvLTE4MEBiaXRlY28uY29tIn0.e3gFlhEaY8vWMF9TLBC2DZQ_0Tzxhom0_X4smymkOIyMkKNoIE_DZzXJFS-OWXspxAAfRO8oypo6kJTgxCS3e9aNsuUU9thD71dfnFVboW0eNk4rF81TcfZNp4Syxxe5bRSlFbYpp5F1Snmhzu1fjGxDL4OaDfMhseqjLwge_bCMNp2Wol5T-CnW_tLuBw8BwxNUBT45iifJFcNOIQXJZDzObXZZg-gq0Zj9RUOkao9w8Ky3NU3KjVaxLqqWWJBEyLhjLP6-lHe5q5xWjfPYUC9S0PRTj3sg9WP1n-tf7HvdHjh81aal7REmvqwIfzrb61zZ_-AdxQZvyzNoAFHXbw
financiero-181,financiero,2,2026,2,eyJraWQiOiJEZ0VqOWg3UkwxeE1mcTV6dm1XcnlhWHdPZTZ3eW9WRDFNMDBVeENYaUUwPSIsImFsZyI6IlJTMjU2In0.eyJzdWIiOiI3NDk4MTQwOC02MGIxLTcwYzEtN2NiYi04Zjk5NWQ0NzUxY2YiLCJjb2duaXRvOmdyb3VwcyI6WyJmaW5hbmNpZXJvIl0sImVtYWlsX3ZlcmlmaWVkIjp0cnVlLCJpc3MiOiJodHRwczovL2NvZ25pdG8taWRwLnVzLWVhc3QtMS5hbWF6b25hd3MuY29tL3VzLWVhc3QtMV9RR2hSTkpOY3MiLCJjb2duaXRvOnVzZXJuYW1lIjoiZmluYW5jaWVyby0xODEiLCJvcmlnaW5fanRpIjoiMjQ0MDRjYWEtMDcyZi00Nzk5LWFiNzgtOWU0NTBmZGUyMzI3IiwiYXVkIjoiN2VxNWY0NmdtdDRjaGtwYWJncHVwMTdjZTYiLCJldmVudF9pZCI6ImZlOWRjMjY0LTMyZDctNGY3ZS04MWMwLWY5M2E1MmRlMGM2MiIsInRva2VuX3VzZSI6ImlkIiwiYXV0aF90aW1lIjoxNzc5OTg1Nzc2LCJleHAiOjE3Nzk5ODkzNzYsImlhdCI6MTc3OTk4NTc3NiwianRpIjoiMDQ0YjRiODAtYmI0ZC00YjMxLWE0ZTEtYjAyMjIwNGJlNmZjIiwiZW1haWwiOiJmaW5hbmNpZXJvLTE4MUBiaXRlY28uY29tIn0.dTE8zueVcHbIHuNdvcoHXoJKiT4yOet29q34HinILY9rXgYYL6a_ra35LkelY_jmquSCxgLtu3k6SQR7J1Y31r4YEAHqESDyiCIcswL9WmMbR-Nu9ea3BMVeTY1LUEDqTpEPt5FkM5JBtz1dzix5o6_VgIQXl7AZ2kZJWmYi_jU8CQ1guf_FEOnDt6LeNUuCmw7N-Mr3TJwccwPMtIKM9UqltzEwJvghovgpE4BVw90Xlgma4JqSMn1vO4XLUrmLpyXCF22RBgFAkznYuIR83uVgunbF82biHp8r-8s2v-O8Ke1GeUIad_nLSTCNlqGndv0u6ok5M1HlaNHa9q9I5A
financiero-182,financiero,3,2026,3,eyJraWQiOiJEZ0VqOWg3UkwxeE1mcTV6dm1XcnlhWHdPZTZ3eW9WRDFNMDBVeENYaUUwPSIsImFsZyI6IlJTMjU2In0.eyJzdWIiOiIwNDU4NjQ4OC0wMDYxLTcwYjUtMzkwZC01MGU0OGM1ZGZkMGMiLCJjb2duaXRvOmdyb3VwcyI6WyJmaW5hbmNpZXJvIl0sImVtYWlsX3ZlcmlmaWVkIjp0cnVlLCJpc3MiOiJodHRwczovL2NvZ25pdG8taWRwLnVzLWVhc3QtMS5hbWF6b25hd3MuY29tL3VzLWVhc3QtMV9RR2hSTkpOY3MiLCJjb2duaXRvOnVzZXJuYW1lIjoiZmluYW5jaWVyby0xODIiLCJvcmlnaW5fanRpIjoiOGEwODQ5YjYtZGEyMy00M2I0LWJjMWItY2U4Y2JiZDMzYWVjIiwiYXVkIjoiN2VxNWY0NmdtdDRjaGtwYWJncHVwMTdjZTYiLCJldmVudF9pZCI6ImNhOGRhMDc0LWM3YTQtNDY3NS1hNWU5LWZiMjNkZGE1N2U3MCIsInRva2VuX3VzZSI6ImlkIiwiYXV0aF90aW1lIjoxNzc5OTg1Nzc2LCJleHAiOjE3Nzk5ODkzNzYsImlhdCI6MTc3OTk4NTc3NiwianRpIjoiMzA2NjIyMjktOWZjOC00ZWNlLWI1YmQtZTgxMDRmYzI5NjQ3IiwiZW1haWwiOiJmaW5hbmNpZXJvLTE4MkBiaXRlY28uY29tIn0.tHzOaE0OageMAm2DLMr7p-6txi8Ey-2seMEpxUSNbBuquMddgGdvrvORBjTRd2TYu2WJuM6mDfAFYYFRmWNu0HCQucSupGSAammZCQf3Z3mwTAbyub3ZSLQANjTTe0KUc7jU0lipbcMWfyuMlyI9bme3dg6PQAOrLZexW12du4cM1VwxxR_tLc7flCrNyg6k6rwa_Xuq0wZgleR9oq335XbGHAzjLTUplNcUCaH3BTOSIdFqbL7ea5lTwx497NFx64cWIPQN80Rh5r8BnVLJN5tV5x4ZLIBLtpJ466yRGv37LWvldwFnb7CUwqjwGhD3V5Y24vpru02Qdi95SiNvAg
financiero-183,financiero,4,2026,4,eyJraWQiOiJEZ0VqOWg3UkwxeE1mcTV6dm1XcnlhWHdPZTZ3eW9WRDFNMDBVeENYaUUwPSIsImFsZyI6IlJTMjU2In0.eyJzdWIiOiI0NGQ4NzQ3OC01MDYxLTcwOTQtYmFjNi1jNDAyMTE5Y2ZlYTIiLCJjb2duaXRvOmdyb3VwcyI6WyJmaW5hbmNpZXJvIl0sImVtYWlsX3ZlcmlmaWVkIjp0cnVlLCJpc3MiOiJodHRwczovL2NvZ25pdG8taWRwLnVzLWVhc3QtMS5hbWF6b25hd3MuY29tL3VzLWVhc3QtMV9RR2hSTkpOY3MiLCJjb2duaXRvOnVzZXJuYW1lIjoiZmluYW5jaWVyby0xODMiLCJvcmlnaW5fanRpIjoiOWYyMTBjNjAtNDVmNS00MTAyLThjZTAtZWU5ODRmN2E2YjI5IiwiYXVkIjoiN2VxNWY0NmdtdDRjaGtwYWJncHVwMTdjZTYiLCJldmVudF9pZCI6IjI3ZDk4OTVlLWVkMzgtNDNlNS05NjE3LWZlNDJjODc3MzQ4MiIsInRva2VuX3VzZSI6ImlkIiwiYXV0aF90aW1lIjoxNzc5OTg1Nzc3LCJleHAiOjE3Nzk5ODkzNzcsImlhdCI6MTc3OTk4NTc3NywianRpIjoiNzljMTQ5ZWUtMDIxNi00OWViLTkwNTctYTQ0OTM0N2RiZjM5IiwiZW1haWwiOiJmaW5hbmNpZXJvLTE4M0BiaXRlY28uY29tIn0.nNcCed-E0eJQy_hNuj7-r5yltBDgD0whJNnzg0UAmzPCp-d1ZomwURxU8boLQLtqEd-L6AauTaFfF-8SYLX4ccDn9U8GtiNR6_dnzbWi0avEeZpCr6SNDZm7j28_JRD23ERclXqzrpzcO32ZSbgk6XakQeZEYRsbuB0adAH4wrGbFYIvSKW5BNJTLZq7qKRXwPPoijXLpx7rPyld_GC2DDrHsb8lO7fhxOO0lQ6-zCQnViwV2IccXvR4Vhoswo0vxxTxKL7Qev75DH0Liuz7uoG3RuBfRtVNW1Tq4KVbUeaxGdI1HZi4iYW3HzIfvy6frlMjrImP1Cj5njrXdpcDbg
financiero-184,financiero,5,2026,1,eyJraWQiOiJEZ0VqOWg3UkwxeE1mcTV6dm1XcnlhWHdPZTZ3eW9WRDFNMDBVeENYaUUwPSIsImFsZyI6IlJTMjU2In0.eyJzdWIiOiJjNDI4NDQxOC1jMDUxLTcwNmEtNzA1Ni0xYzNjMjBlNDkwZWUiLCJjb2duaXRvOmdyb3VwcyI6WyJmaW5hbmNpZXJvIl0sImVtYWlsX3ZlcmlmaWVkIjp0cnVlLCJpc3MiOiJodHRwczovL2NvZ25pdG8taWRwLnVzLWVhc3QtMS5hbWF6b25hd3MuY29tL3VzLWVhc3QtMV9RR2hSTkpOY3MiLCJjb2duaXRvOnVzZXJuYW1lIjoiZmluYW5jaWVyby0xODQiLCJvcmlnaW5fanRpIjoiZjA0NzkzZjgtMGI0ZC00MjhlLTk4MmEtNWFiN2ZkNjZlZGZhIiwiYXVkIjoiN2VxNWY0NmdtdDRjaGtwYWJncHVwMTdjZTYiLCJldmVudF9pZCI6ImQ0ZTI5NGMwLTdmNzktNGI2Yy1hNGZjLTIxYTdkNDI1OTkwZiIsInRva2VuX3VzZSI6ImlkIiwiYXV0aF90aW1lIjoxNzc5OTg1Nzc3LCJleHAiOjE3Nzk5ODkzNzcsImlhdCI6MTc3OTk4NTc3NywianRpIjoiZTMwYjU4YTktNmI1Yi00ZjU0LWFkMTctY2ZlMDA3YTUyNTMyIiwiZW1haWwiOiJmaW5hbmNpZXJvLTE4NEBiaXRlY28uY29tIn0.QgoZGIE6P1PpIXkB1YkWHxKCDXbbhI4PkoDmZQghT7dU0pAVqV80EbTkvKvOxAEnnmDcaWHQyanLiBODliFYve0zG2ftmdUohEwwfdlv8h-TrFBVrHsKMbj9Wh8oyO6C8cy0FJG_HcKoKqNlmJ4VdSW_9TiIA--Lza_XKM_AbpixBeKByafsZFl4c1RhLLkMt8kqrUZUdCB15kwhEFbimcBp7UeyoI6iJ9ot19YpTfMSyEMwJQNrfvHb8BRrLDEU0NAfj0p5h4EBHcTql83KF0CeFT60WX9d44RaKRbPd_dg6Exu6rayHSZRYDyaq00gBdCfyyAVO0I8U9TlJntKSQ
financiero-185,financiero,6,2026,2,eyJraWQiOiJEZ0VqOWg3UkwxeE1mcTV6dm1XcnlhWHdPZTZ3eW9WRDFNMDBVeENYaUUwPSIsImFsZyI6IlJTMjU2In0.eyJzdWIiOiIyNGE4MjRlOC03MDcxLTcwZWUtZjI0Mi1lZjMyNjkyNDM1ZGEiLCJjb2duaXRvOmdyb3VwcyI6WyJmaW5hbmNpZXJvIl0sImVtYWlsX3ZlcmlmaWVkIjp0cnVlLCJpc3MiOiJodHRwczovL2NvZ25pdG8taWRwLnVzLWVhc3QtMS5hbWF6b25hd3MuY29tL3VzLWVhc3QtMV9RR2hSTkpOY3MiLCJjb2duaXRvOnVzZXJuYW1lIjoiZmluYW5jaWVyby0xODUiLCJvcmlnaW5fanRpIjoiZDJjMWY1MjMtNGQ2MC00MzU1LWFlYTYtNTk2Y2VjZGNlZGYyIiwiYXVkIjoiN2VxNWY0NmdtdDRjaGtwYWJncHVwMTdjZTYiLCJldmVudF9pZCI6IjFlMjY5YmQ1LWFlNGUtNGIyNi1iOGFlLTkzZTdmYzJiMDI3YSIsInRva2VuX3VzZSI6ImlkIiwiYXV0aF90aW1lIjoxNzc5OTg1Nzc3LCJleHAiOjE3Nzk5ODkzNzcsImlhdCI6MTc3OTk4NTc3NywianRpIjoiYWIxYmIyZTItNDU2OC00ZWUxLWJiYWQtMmU3OTA5NDUyMjUzIiwiZW1haWwiOiJmaW5hbmNpZXJvLTE4NUBiaXRlY28uY29tIn0.iw0FcOyL3dgxPHu4VA_jVnDRcKf8IfF931nC_HOsERthJmuJ3nYyAlqSmotmOImq5w9Wl-S_xto2Yt_q1EgnvRyI5VLyUUoWJdcG0a_kBEQakIuOiK1tlkjVD0Hhy2mYBeGffd8hVi2ZHra88CXcMxjucpOWSHuDCl1DM0SHaJsQ5V4HtGEYAWwRoalts1XIHltTsJkbEZpo2sZbKLS4Oq2xvbE496srSqp6dVToIFBhAPuEnIjElORRXR4GZ_SFQTTSDeMeoHMlrtBhf5xl05HCHn1ROlJYO7eW7pa5gD70KSlVAwrYN0oMKoTgjc0xQLp1Cr1O-TQ4oAhUzDqJAw
financiero-186,financiero,7,2026,3,eyJraWQiOiJEZ0VqOWg3UkwxeE1mcTV6dm1XcnlhWHdPZTZ3eW9WRDFNMDBVeENYaUUwPSIsImFsZyI6IlJTMjU2In0.eyJzdWIiOiJmNGI4OTRlOC02MGExLTcwNzctMTc3Ni04NjJmOTkwMDk5NDgiLCJjb2duaXRvOmdyb3VwcyI6WyJmaW5hbmNpZXJvIl0sImVtYWlsX3ZlcmlmaWVkIjp0cnVlLCJpc3MiOiJodHRwczovL2NvZ25pdG8taWRwLnVzLWVhc3QtMS5hbWF6b25hd3MuY29tL3VzLWVhc3QtMV9RR2hSTkpOY3MiLCJjb2duaXRvOnVzZXJuYW1lIjoiZmluYW5jaWVyby0xODYiLCJvcmlnaW5fanRpIjoiYmZiYjU0YWUtMDg1Mi00OGRjLWEyMTAtNGYzMzczOWU1NGZhIiwiYXVkIjoiN2VxNWY0NmdtdDRjaGtwYWJncHVwMTdjZTYiLCJldmVudF9pZCI6IjQ5NWZlNjkzLWE0MTItNDc3Yy1iZmQ3LTM3NDQzMTc2MzE5ZCIsInRva2VuX3VzZSI6ImlkIiwiYXV0aF90aW1lIjoxNzc5OTg1Nzc3LCJleHAiOjE3Nzk5ODkzNzcsImlhdCI6MTc3OTk4NTc3OCwianRpIjoiZTRmZjJjNzEtODdkNS00ZTEyLTg5ZmUtNTEyOGY2MzhmMTUwIiwiZW1haWwiOiJmaW5hbmNpZXJvLTE4NkBiaXRlY28uY29tIn0.vVf5Sbv3PaUF56aWc-wTM8ojUVS7HybSDwyB-cJVw-yTCEhx8sGqtzCBqYlEFkf1HLlCzbkdsJWLmzdCrcWx17ZNEkvKpgl8c9lnEjHip-8YvDyqXtEXIR08jsLdXAEwLxUNXBL2yLkMifOF92HYWYnH7jVtMm8PTG6In4WHKaIiQCa_PPLdXurYCxGr_GELLzmQwrjBNzvsruPOlZ88WxRXPc90GHhue5GNMzKPGHzFiEQmg5u4fPLk3RXH--7E6EXia50iIToLY8nrIA1Ce8Be_Zn3ctUWqhKuFhWgukERfd4hBPLAGUmt2e97hXR3o9xJNmq5n8_tgSK666R4pw
financiero-187,financiero,8,2026,4,eyJraWQiOiJEZ0VqOWg3UkwxeE1mcTV6dm1XcnlhWHdPZTZ3eW9WRDFNMDBVeENYaUUwPSIsImFsZyI6IlJTMjU2In0.eyJzdWIiOiIxNGI4OTRlOC1mMGQxLTcwNGQtNjhjMS1iNWM1YjMyNjNkOWQiLCJjb2duaXRvOmdyb3VwcyI6WyJmaW5hbmNpZXJvIl0sImVtYWlsX3ZlcmlmaWVkIjp0cnVlLCJpc3MiOiJodHRwczovL2NvZ25pdG8taWRwLnVzLWVhc3QtMS5hbWF6b25hd3MuY29tL3VzLWVhc3QtMV9RR2hSTkpOY3MiLCJjb2duaXRvOnVzZXJuYW1lIjoiZmluYW5jaWVyby0xODciLCJvcmlnaW5fanRpIjoiMGE0M2QzMDUtYTZlZC00OWE3LTgwYzgtMjcxODk0ZjA5ZmJiIiwiYXVkIjoiN2VxNWY0NmdtdDRjaGtwYWJncHVwMTdjZTYiLCJldmVudF9pZCI6IjcxOWIyOGUwLWVhZDMtNDE3OS1iNzQxLWMwYTFmODNlMTc1MyIsInRva2VuX3VzZSI6ImlkIiwiYXV0aF90aW1lIjoxNzc5OTg1Nzc4LCJleHAiOjE3Nzk5ODkzNzgsImlhdCI6MTc3OTk4NTc3OCwianRpIjoiYjkyZmVlZjktZTBjMy00MzU2LWExMTItNzlhYjEyZTJlZThhIiwiZW1haWwiOiJmaW5hbmNpZXJvLTE4N0BiaXRlY28uY29tIn0.Et99t2J-pW50WIY0mqsulr-OwuJbqEJdjlJw8moMHlE5nVC8n8fLiuNoDCD4c8rT0nWYydQo9seMU-ThTH1Vd-tCCeNqdw8Zfv0nrG-xPL4Bk8FSvIKiu5COI3ou5WAqW-LfkV7g62c-OBj61Ii-hP_vBChBgzIovdrwXSN9dTdCWCKZlfgEPHIPGuRi1YW-VqyxTYR4jrsapPXBrcfuE7-cM-de4nPgRgcjndxDBU5hcgiiwf0O-IKe1BcOFHnuMIRuHRZKjLwC2__ZK523YkXaNID2OMRCHuwkwDvzMI7d8gSnwE0SQrdtWCnlU2daXLBgkE5xjY2XpdVthbSl2g
financiero-188,financiero,9,2026,1,eyJraWQiOiJEZ0VqOWg3UkwxeE1mcTV6dm1XcnlhWHdPZTZ3eW9WRDFNMDBVeENYaUUwPSIsImFsZyI6IlJTMjU2In0.eyJzdWIiOiI1NGQ4MzRhOC00MGExLTcwNGMtOWQxNi1iNzE1YjIwODRkODEiLCJjb2duaXRvOmdyb3VwcyI6WyJmaW5hbmNpZXJvIl0sImVtYWlsX3ZlcmlmaWVkIjp0cnVlLCJpc3MiOiJodHRwczovL2NvZ25pdG8taWRwLnVzLWVhc3QtMS5hbWF6b25hd3MuY29tL3VzLWVhc3QtMV9RR2hSTkpOY3MiLCJjb2duaXRvOnVzZXJuYW1lIjoiZmluYW5jaWVyby0xODgiLCJvcmlnaW5fanRpIjoiMWZhYTdiMzktNzgxMC00NjJjLWJhMWItMThjMGU2MThjNmEzIiwiYXVkIjoiN2VxNWY0NmdtdDRjaGtwYWJncHVwMTdjZTYiLCJldmVudF9pZCI6IjA5YTA1OGE1LWM1OTktNGVhNS05NTU1LWMwOGQxOGQwNjU0YiIsInRva2VuX3VzZSI6ImlkIiwiYXV0aF90aW1lIjoxNzc5OTg1Nzc4LCJleHAiOjE3Nzk5ODkzNzgsImlhdCI6MTc3OTk4NTc3OCwianRpIjoiNDBmODMwNzEtZDlmMi00M2ZiLTlmZGYtYWM4MTczZTdlODk1IiwiZW1haWwiOiJmaW5hbmNpZXJvLTE4OEBiaXRlY28uY29tIn0.5IvSanPy78G5RYePq1GccHtoHFfQ1-NgeAQoi8fhui0RmD8eDCwByNKltfDP6_JIh53yrr3hD2zkWtgjibLPvS-UuEnsMckyK97xvlkDbvsoQKoE_DKNPru9YfsCrEej8LjrWJ5Oxi_5XcRhLLiqv3wwGuTbdgAc965U9oQXyx0QOAs-EpARNOC9_Fsn5GTennPQP-fKmBDWknEB6eTOBa8V2D_duUbytdXulp4HigmY_hE1uuxIEhjzABo-kZQMBieWHsgK0EWSiPZ9E6DYrObGUxVR1MF209ldCncxGOCg2yYktbQ5kixgTLmHHYqLo5u21Dc1B2DqXaYNTyGhvw
financiero-189,financiero,10,2026,2,eyJraWQiOiJEZ0VqOWg3UkwxeE1mcTV6dm1XcnlhWHdPZTZ3eW9WRDFNMDBVeENYaUUwPSIsImFsZyI6IlJTMjU2In0.eyJzdWIiOiJjNGU4MTRmOC02MDkxLTcwMmEtNGQ0My05YTBlNGI3YTk5OTciLCJjb2duaXRvOmdyb3VwcyI6WyJmaW5hbmNpZXJvIl0sImVtYWlsX3ZlcmlmaWVkIjp0cnVlLCJpc3MiOiJodHRwczovL2NvZ25pdG8taWRwLnVzLWVhc3QtMS5hbWF6b25hd3MuY29tL3VzLWVhc3QtMV9RR2hSTkpOY3MiLCJjb2duaXRvOnVzZXJuYW1lIjoiZmluYW5jaWVyby0xODkiLCJvcmlnaW5fanRpIjoiYWY0Y2RlZWQtZTVkZS00ZWUwLThjMDctYzY0NmFhYTBhNDE4IiwiYXVkIjoiN2VxNWY0NmdtdDRjaGtwYWJncHVwMTdjZTYiLCJldmVudF9pZCI6IjQzNDhhOTZlLTZmNTgtNGZlZS04NjUzLTE3MWNmNmQyZmIzMCIsInRva2VuX3VzZSI6ImlkIiwiYXV0aF90aW1lIjoxNzc5OTg1Nzc4LCJleHAiOjE3Nzk5ODkzNzgsImlhdCI6MTc3OTk4NTc3OCwianRpIjoiMGM0NmMyOTEtNzVlZC00ZGM2LThmZjctOTQ2NzhkYWJmZjVkIiwiZW1haWwiOiJmaW5hbmNpZXJvLTE4OUBiaXRlY28uY29tIn0.e5f9v1dUti5oLjOV-lsqKGGgptGmN9lcWN7THP82dP0ihnb5GlusXZuCZZVthqk-0KQcUjlMWehboP6fM_YOI8bYBsumgs_LKDsOY8yW4sDEbJXpTk7uHZkVxiR48QXHhbV4CZc4ZACcc-oKMdX_kcGu9DoajT2wJK6WCoRMzu47q0nE-NRX7h9YLQiPW9hT4JVcZ1g9D_KJjyuz-VYnNFLyEoxKzjafgPVMlSkI6QwEjD0rN3e0NIalW7jafoSGoV-sjL-aD9uCVzBZKlsC_ucTrXRuDIJq4Zi8I4zAWN4Jid_CVRorzDV0or-STrrvm6bycNcpNDnzmAVC1ZoBaw
financiero-190,financiero,1,2026,3,eyJraWQiOiJEZ0VqOWg3UkwxeE1mcTV6dm1XcnlhWHdPZTZ3eW9WRDFNMDBVeENYaUUwPSIsImFsZyI6IlJTMjU2In0.eyJzdWIiOiIyNDc4NjRjOC1hMDgxLTcwNmEtNjEwNy03NWExNTRmZjQ0NTYiLCJjb2duaXRvOmdyb3VwcyI6WyJmaW5hbmNpZXJvIl0sImVtYWlsX3ZlcmlmaWVkIjp0cnVlLCJpc3MiOiJodHRwczovL2NvZ25pdG8taWRwLnVzLWVhc3QtMS5hbWF6b25hd3MuY29tL3VzLWVhc3QtMV9RR2hSTkpOY3MiLCJjb2duaXRvOnVzZXJuYW1lIjoiZmluYW5jaWVyby0xOTAiLCJvcmlnaW5fanRpIjoiYzMwODRkNDgtYmYyYi00MWI3LTlhYjgtZDMxZTFiZTk5YzkzIiwiYXVkIjoiN2VxNWY0NmdtdDRjaGtwYWJncHVwMTdjZTYiLCJldmVudF9pZCI6ImNhZmRhMThkLTZlNmItNGEyNi1iMmMwLTY1M2JhODRlYjQyNyIsInRva2VuX3VzZSI6ImlkIiwiYXV0aF90aW1lIjoxNzc5OTg1Nzc4LCJleHAiOjE3Nzk5ODkzNzgsImlhdCI6MTc3OTk4NTc3OSwianRpIjoiNmI1NDJlMjItMDJhOS00NDAxLWI5NWQtNmNhZGI0NDkzOTA1IiwiZW1haWwiOiJmaW5hbmNpZXJvLTE5MEBiaXRlY28uY29tIn0.O0J7wNRX84Hoa7h5hAwqt8hvPL0sQ9kHzZ4k8lKKM8Iznm6H18ooNYMyux67Wl8wiV_KJBbNANkM78FWhTAZtg8wr45ILoeEz0gb7xbceoVf81FA9vf1eZCyNs7Q7ZGNGmuNVzF743ZA9xfq9oPDjzx__whmQgyvrfgAFf6Wu4sjXZw8RAbSnWrTHJj9ceG2RbtXkTd6dnp0gmrVVelQejhLx1xUVOvS40c4_ji--89HMdOUhJYVTZ0LsPbJYuMisTbSQz7DbOEbPci-g57ZBFYrwGjv21wgwWz3GjgKDKuRRxceqVZQFHoT5zSE-gX16dJysp8fV6hU-wsjD0viSQ
financiero-191,financiero,2,2026,4,eyJraWQiOiJEZ0VqOWg3UkwxeE1mcTV6dm1XcnlhWHdPZTZ3eW9WRDFNMDBVeENYaUUwPSIsImFsZyI6IlJTMjU2In0.eyJzdWIiOiI2NDc4MTQ5OC1kMDYxLTcwNzAtOWZiNy0wYzMzODRmOWYyMWQiLCJjb2duaXRvOmdyb3VwcyI6WyJmaW5hbmNpZXJvIl0sImVtYWlsX3ZlcmlmaWVkIjp0cnVlLCJpc3MiOiJodHRwczovL2NvZ25pdG8taWRwLnVzLWVhc3QtMS5hbWF6b25hd3MuY29tL3VzLWVhc3QtMV9RR2hSTkpOY3MiLCJjb2duaXRvOnVzZXJuYW1lIjoiZmluYW5jaWVyby0xOTEiLCJvcmlnaW5fanRpIjoiZGE0ZTNiMzAtNzMwMC00YTRmLWE4YWQtMDdkMDdkYjFkZmM0IiwiYXVkIjoiN2VxNWY0NmdtdDRjaGtwYWJncHVwMTdjZTYiLCJldmVudF9pZCI6IjA4ZGY5YjUxLWM4NTAtNDk4Yi1iZWNmLTkwNDc5MmIxMWEwMiIsInRva2VuX3VzZSI6ImlkIiwiYXV0aF90aW1lIjoxNzc5OTg1Nzc5LCJleHAiOjE3Nzk5ODkzNzksImlhdCI6MTc3OTk4NTc3OSwianRpIjoiYmI2MjNjNTktNTY3YS00ODE4LWI0ZTgtYzRlODQ1YWQzMzExIiwiZW1haWwiOiJmaW5hbmNpZXJvLTE5MUBiaXRlY28uY29tIn0.sR6hnLpE30URXw7z5g4Em8ej6nhS81JE7IZNr3yiZCRdxX-gnePzqIK0jaIGJhhwG6am0DRBH5zt5Uz8zCVVMp_3DMGkgBwiWeirRt5_fRuNbTjmthi1eOja6TZ9UAE1ii-4Vv0YH8fMN6-8usCaOAMHb79qSLQqCfFAIJjqVpTyESymroqyveCXl6_IuEl-0LOyTX6e8-Qlis9akvIEt3I6DqFxNDqx9txi-LXjuhs93vI4KZExCP_z2aIFXJ3m3oPtvQHRT0t30jgt5-0FJR5gdS387lAaY6k7FH7gl8SqzmgwpH0ssaYViWdRdLATf8PJirfOP9iuQlcHDlp_kQ
financiero-192,financiero,3,2026,1,eyJraWQiOiJEZ0VqOWg3UkwxeE1mcTV6dm1XcnlhWHdPZTZ3eW9WRDFNMDBVeENYaUUwPSIsImFsZyI6IlJTMjU2In0.eyJzdWIiOiIzNDI4YjRmOC1kMDMxLTcwNTItZjI4OC0zZTNjZWZjMWQ3MWEiLCJjb2duaXRvOmdyb3VwcyI6WyJmaW5hbmNpZXJvIl0sImVtYWlsX3ZlcmlmaWVkIjp0cnVlLCJpc3MiOiJodHRwczovL2NvZ25pdG8taWRwLnVzLWVhc3QtMS5hbWF6b25hd3MuY29tL3VzLWVhc3QtMV9RR2hSTkpOY3MiLCJjb2duaXRvOnVzZXJuYW1lIjoiZmluYW5jaWVyby0xOTIiLCJvcmlnaW5fanRpIjoiZWVlNWZiN2QtY2I4YS00NDgyLWE5MGEtNDI5Y2Q0MmZjM2QwIiwiYXVkIjoiN2VxNWY0NmdtdDRjaGtwYWJncHVwMTdjZTYiLCJldmVudF9pZCI6IjU3YzQ1YTA2LTVjM2MtNDcyNy04MzA5LTU4MThmNjY4OTUxYyIsInRva2VuX3VzZSI6ImlkIiwiYXV0aF90aW1lIjoxNzc5OTg1Nzc5LCJleHAiOjE3Nzk5ODkzNzksImlhdCI6MTc3OTk4NTc3OSwianRpIjoiZGMzNTJjYjctYWRmYy00Y2M5LWExZGItNzk4NjYwNjk1YWU0IiwiZW1haWwiOiJmaW5hbmNpZXJvLTE5MkBiaXRlY28uY29tIn0.qsnOi50oMf7ohpjJofqML3C3vGirnJvZFcT9QthFrJaX1-ZqvGJat1kJY_t5-PNCAHXGgbfhmzG7vQl5alwArhe5HRHSjWpTvZAo3eNzvHFqPOIv3LQyckdQyJa9NoOc5frg8Nvje8oSd0899gbsGnTqc0ze5AnpFp4q7vfsT-YrcEo2eYsEar2URlhalU_SGNURfBxCK7TROf57pFKJ0JUHuW-MHj9dGnLw_EAbezecM_WO-rKyqgCsqd3TutXxKaEpDRPbzZBdMNT_SIl6tlXQZ8JnQ1hJ4H63QyNLcScFt2TLkkR1KbJV7FIsEzyN-YbIaNmClyveU6NXXTrnoQ
financiero-193,financiero,4,2026,2,eyJraWQiOiJEZ0VqOWg3UkwxeE1mcTV6dm1XcnlhWHdPZTZ3eW9WRDFNMDBVeENYaUUwPSIsImFsZyI6IlJTMjU2In0.eyJzdWIiOiIzNGY4ODQ0OC1mMDIxLTcwZjQtOGFkMC1hMzY4NDI4OTQ2NTUiLCJjb2duaXRvOmdyb3VwcyI6WyJmaW5hbmNpZXJvIl0sImVtYWlsX3ZlcmlmaWVkIjp0cnVlLCJpc3MiOiJodHRwczovL2NvZ25pdG8taWRwLnVzLWVhc3QtMS5hbWF6b25hd3MuY29tL3VzLWVhc3QtMV9RR2hSTkpOY3MiLCJjb2duaXRvOnVzZXJuYW1lIjoiZmluYW5jaWVyby0xOTMiLCJvcmlnaW5fanRpIjoiZjQ5MmJiZjEtMTRmMS00YWQ5LWE5MzYtZDM5ZjdiMDdmZDg5IiwiYXVkIjoiN2VxNWY0NmdtdDRjaGtwYWJncHVwMTdjZTYiLCJldmVudF9pZCI6IjYwYjM0ZDZlLTNiMzMtNDIxMi04NjJjLWIzMGZlOTdhZDE5YiIsInRva2VuX3VzZSI6ImlkIiwiYXV0aF90aW1lIjoxNzc5OTg1Nzc5LCJleHAiOjE3Nzk5ODkzNzksImlhdCI6MTc3OTk4NTc3OSwianRpIjoiNzhhMmY3NDYtNzBhYS00MzE0LWFhM2MtOTVkZTVlNTYyZmQ5IiwiZW1haWwiOiJmaW5hbmNpZXJvLTE5M0BiaXRlY28uY29tIn0.Aw-yr3YzUKcixmTrZCwatKX7hkHcEDFDMrqO-XoncCW2X8f0HsGVTNcEyTXCUoIiIvHZQV_DT-eSpUrV99wL1N7kEkz0oNHfigyimmNENRbSLy5TV5ln0zq-c6VEnhALxENc66oyv6NMHaryC2Tz5iMNHEA-nV6wAF6pHAg4VFR-DcB7REHhkOKyBVsRB6wBLaO6tcATWG1BCtQZ4v8DApo2eh7srbM8ZBwi_QIODZatqUAVXyM5MPiASJ0It0v3K-BbJNTJrgCFruJmRSJHcmMR3tOfvt1vb7cq4mxrPMq8qwArsa21yNy6SZ1djKA8w99CwzBaGYeg7KeKQxv2Fg
financiero-194,financiero,5,2026,3,eyJraWQiOiJEZ0VqOWg3UkwxeE1mcTV6dm1XcnlhWHdPZTZ3eW9WRDFNMDBVeENYaUUwPSIsImFsZyI6IlJTMjU2In0.eyJzdWIiOiI2NDk4NzQ3OC05MDExLTcwZDAtYWYzYi1kN2Q0MTU5MjM0M2IiLCJjb2duaXRvOmdyb3VwcyI6WyJmaW5hbmNpZXJvIl0sImVtYWlsX3ZlcmlmaWVkIjp0cnVlLCJpc3MiOiJodHRwczovL2NvZ25pdG8taWRwLnVzLWVhc3QtMS5hbWF6b25hd3MuY29tL3VzLWVhc3QtMV9RR2hSTkpOY3MiLCJjb2duaXRvOnVzZXJuYW1lIjoiZmluYW5jaWVyby0xOTQiLCJvcmlnaW5fanRpIjoiMTkxN2RkOGUtYzYxZi00MDJmLThkZjMtNjBkOTc3ZTdiYzUwIiwiYXVkIjoiN2VxNWY0NmdtdDRjaGtwYWJncHVwMTdjZTYiLCJldmVudF9pZCI6IjZhOTAyNDE1LTg3MzMtNDNlZC1iZjVkLTE5OTU3Zjc1Y2NhMiIsInRva2VuX3VzZSI6ImlkIiwiYXV0aF90aW1lIjoxNzc5OTg1Nzc5LCJleHAiOjE3Nzk5ODkzNzksImlhdCI6MTc3OTk4NTc4MCwianRpIjoiNDQ3ZGUzZWEtMzgxNC00NzY4LWJlOTYtZmRkYzc5Nzc2YjU0IiwiZW1haWwiOiJmaW5hbmNpZXJvLTE5NEBiaXRlY28uY29tIn0.hijmnBhmdqy2b7TRIiA7Vo78c3wHkFkXoPJ_HgUlv4EMFbSuV1rm1-t7BRBf7Qi1w45n-exuLTDuhmmumo4vOY_Aj_BbMaaxo67QF7RzJBQzLNMLTr6O3GA32s1Q2osHaFi-bUYn_mWgjOlAHmX_oNuzgB50cRccKsl5nkqg3q5eABRiQRXCnKINbsEMmPV9aMV-H9-tndXsp0x8BSHTC6x4c4tsXSBJwszWwijfeiylQ7BS0JVFIepTUYzR75J4w4Dk0jOvspUwQiCTp0rfg2hsMtUTQOC-A5rDt9RSQM76z5reP8w42UfT_hV2-jHx10jVpb3vMATlluB1PAD1Eg
financiero-195,financiero,6,2026,4,eyJraWQiOiJEZ0VqOWg3UkwxeE1mcTV6dm1XcnlhWHdPZTZ3eW9WRDFNMDBVeENYaUUwPSIsImFsZyI6IlJTMjU2In0.eyJzdWIiOiI2NDI4MjRjOC02MGUxLTcwMTctNWQzYy1hNDliMzU1Y2E5Y2IiLCJjb2duaXRvOmdyb3VwcyI6WyJmaW5hbmNpZXJvIl0sImVtYWlsX3ZlcmlmaWVkIjp0cnVlLCJpc3MiOiJodHRwczovL2NvZ25pdG8taWRwLnVzLWVhc3QtMS5hbWF6b25hd3MuY29tL3VzLWVhc3QtMV9RR2hSTkpOY3MiLCJjb2duaXRvOnVzZXJuYW1lIjoiZmluYW5jaWVyby0xOTUiLCJvcmlnaW5fanRpIjoiZDI5ZTlhOTEtMWExNC00N2EwLTlkM2MtMmQwNmMwODY1YjYwIiwiYXVkIjoiN2VxNWY0NmdtdDRjaGtwYWJncHVwMTdjZTYiLCJldmVudF9pZCI6IjkxMmUwZjExLWFkZjktNDk0NC1iOThhLWZiODY5MTAyYTZjMSIsInRva2VuX3VzZSI6ImlkIiwiYXV0aF90aW1lIjoxNzc5OTg1NzgwLCJleHAiOjE3Nzk5ODkzODAsImlhdCI6MTc3OTk4NTc4MCwianRpIjoiMWU3OWY4MjUtNGY4NC00ZWI4LTk3NzctYTJjMjM0MGRlMjhiIiwiZW1haWwiOiJmaW5hbmNpZXJvLTE5NUBiaXRlY28uY29tIn0.3UztzSGOcC9pdtpuGFvoEnXBgL2zq-yPTOyNyeA20Fb0xS7HeqqbeA_GpkFimR8E93kqZdj86ZgyFRHNcTgdoptIh8BeS0u2HBc6szFaTlBTfptZUp1FPOKRYPsSiEHDrwuI8utX1dGPKt6TXGeyj-Q8GlKmAcLoHYnv9cvdUnb8cAfI5Sk5bLcP_VkKRjOZ3U9SfjQ03PjkXCIUYhl7VdqxZXT4aGwwAhU7nbIDatI4KfJ8rX9Z0Wj5JeRn0thrDS_MCAoRbpKUxBEUuQtXOYX-8sHPskmB3RysRuNfsnH3QDQ99L_zIRqeuLYc2cja4EK_rhK1NI7mx9KrtB8oKA
financiero-196,financiero,7,2026,1,eyJraWQiOiJEZ0VqOWg3UkwxeE1mcTV6dm1XcnlhWHdPZTZ3eW9WRDFNMDBVeENYaUUwPSIsImFsZyI6IlJTMjU2In0.eyJzdWIiOiIzNDU4MjQ2OC05MDkxLTcwMWEtMTQ0MC05Y2YxNTMxOWYxZmMiLCJjb2duaXRvOmdyb3VwcyI6WyJmaW5hbmNpZXJvIl0sImVtYWlsX3ZlcmlmaWVkIjp0cnVlLCJpc3MiOiJodHRwczovL2NvZ25pdG8taWRwLnVzLWVhc3QtMS5hbWF6b25hd3MuY29tL3VzLWVhc3QtMV9RR2hSTkpOY3MiLCJjb2duaXRvOnVzZXJuYW1lIjoiZmluYW5jaWVyby0xOTYiLCJvcmlnaW5fanRpIjoiNWExOTEwMjUtZDg5My00OGM2LWE1MzItNjM2OTFmZGJmY2ZiIiwiYXVkIjoiN2VxNWY0NmdtdDRjaGtwYWJncHVwMTdjZTYiLCJldmVudF9pZCI6ImU3ZTQ2MTg4LTQzZTgtNDViNC1hZGI1LWY2NTFhZWM1OGVlYyIsInRva2VuX3VzZSI6ImlkIiwiYXV0aF90aW1lIjoxNzc5OTg1NzgwLCJleHAiOjE3Nzk5ODkzODAsImlhdCI6MTc3OTk4NTc4MCwianRpIjoiZDJkYWVhMTItNTY3Zi00NjFiLTk5ODUtNDJjNjQ5OWUxMGI1IiwiZW1haWwiOiJmaW5hbmNpZXJvLTE5NkBiaXRlY28uY29tIn0.UkqK8TQHFypKX9A2ad0RuiDS-4HPkTAWlhgMk8zwbhzrjUjQPEgNiSg3QtUjhRhkzhEXpKSMPR9W6E6Opsno2Av1a_WiaqdfCyAgkTSUFoP1YKecYBb8ZSaapdo-hC70o93Oo1kRx3K8H-ztsTuEaWHntZq7pGT7QLVJMaIqxx0ieRuAXwYUJD8JrkC0FGZ1T4H7zJQTqZbuY1lYvsGJ3LUipDDM967rdSpFK3a7lw1-ceZ75ap6yne_IV1kc4N_RxQ-BIEIEdR4ffAbUihrf_EHiN7o0AzPJnPNQSBbSbZhWTzQHERP76AyuFV43OzeJO8LCEaWnnN0i0OyNiKhNw
financiero-197,financiero,8,2026,2,eyJraWQiOiJEZ0VqOWg3UkwxeE1mcTV6dm1XcnlhWHdPZTZ3eW9WRDFNMDBVeENYaUUwPSIsImFsZyI6IlJTMjU2In0.eyJzdWIiOiI3NGI4ZDQwOC1jMDgxLTcwMTEtMzg1MS0xMThmMWJhMzllYzUiLCJjb2duaXRvOmdyb3VwcyI6WyJmaW5hbmNpZXJvIl0sImVtYWlsX3ZlcmlmaWVkIjp0cnVlLCJpc3MiOiJodHRwczovL2NvZ25pdG8taWRwLnVzLWVhc3QtMS5hbWF6b25hd3MuY29tL3VzLWVhc3QtMV9RR2hSTkpOY3MiLCJjb2duaXRvOnVzZXJuYW1lIjoiZmluYW5jaWVyby0xOTciLCJvcmlnaW5fanRpIjoiNjVkN2RkNWQtZGE4Ny00ODEwLWI5YWQtZjYzZTE2NDU5ZTU5IiwiYXVkIjoiN2VxNWY0NmdtdDRjaGtwYWJncHVwMTdjZTYiLCJldmVudF9pZCI6ImU4NTRjZjI2LWEyYzYtNDA1OS05M2JmLTg2YzYxNWUxMDk3MSIsInRva2VuX3VzZSI6ImlkIiwiYXV0aF90aW1lIjoxNzc5OTg1NzgwLCJleHAiOjE3Nzk5ODkzODAsImlhdCI6MTc3OTk4NTc4MCwianRpIjoiZjdkMjZlYWYtOTdhMC00NDA1LWEyNjItZGNlNzEyY2JhYmNiIiwiZW1haWwiOiJmaW5hbmNpZXJvLTE5N0BiaXRlY28uY29tIn0.Fg4d04T6N2RdIYHVvFggOI4QOsIU2Za5l5fTnU-Xw7bvpsUejq7CbB7-B5_Esie96DVy86kcmU_cywnUYMzHaidO6rTF9mgAjlxXmo2drD4hs8MI1QtA4ZRo7P7gIa_CJliih0NziiER-B3jUE66zcHhgKLVMJ_oqub-9_3tkldvptbMJiIHrb9tijIwCvAW1iG73FnXXwXvQR0S7N0dMrYCF7iNXStaS-TLXz26HSF9czm3f0731yJHLwo5VprtkA6AjPxhveQKnCqvQUN9ok7-gbeYjqDV4xkHHoeHXWiijxJlzvNlOuYSl9qEFKmJLx7gkfB4tbWxn00ZbvudqQ
financiero-198,financiero,9,2026,3,eyJraWQiOiJEZ0VqOWg3UkwxeE1mcTV6dm1XcnlhWHdPZTZ3eW9WRDFNMDBVeENYaUUwPSIsImFsZyI6IlJTMjU2In0.eyJzdWIiOiJhNGE4MzQ4OC1lMDgxLTcwOGQtMmQ4NS02YWY0ZGFmYzdjMTAiLCJjb2duaXRvOmdyb3VwcyI6WyJmaW5hbmNpZXJvIl0sImVtYWlsX3ZlcmlmaWVkIjp0cnVlLCJpc3MiOiJodHRwczovL2NvZ25pdG8taWRwLnVzLWVhc3QtMS5hbWF6b25hd3MuY29tL3VzLWVhc3QtMV9RR2hSTkpOY3MiLCJjb2duaXRvOnVzZXJuYW1lIjoiZmluYW5jaWVyby0xOTgiLCJvcmlnaW5fanRpIjoiY2YzOGZmYWYtMDg4NS00ZGE3LTk5YzQtNTgyMTM2ZjMxOWQyIiwiYXVkIjoiN2VxNWY0NmdtdDRjaGtwYWJncHVwMTdjZTYiLCJldmVudF9pZCI6ImYyZGQ3YWY4LTVjNmQtNGJkOS1hZDU3LThiMTA2ZGMzMmQzYyIsInRva2VuX3VzZSI6ImlkIiwiYXV0aF90aW1lIjoxNzc5OTg1NzgxLCJleHAiOjE3Nzk5ODkzODEsImlhdCI6MTc3OTk4NTc4MSwianRpIjoiN2UwY2M2NDQtZDRlNy00ODM4LTkwYmUtYjE2NTg4OGM2ZjY2IiwiZW1haWwiOiJmaW5hbmNpZXJvLTE5OEBiaXRlY28uY29tIn0.iInipMVnv_Vt0yD_tpXGiZFfIt1xvfC-9YTJYRZKTHQlXVrTIguNhOkQV4mARrFOvWQAKZ-xUFoUPTNf7VudHaQKtLX0ACqLdKGK9HDHR82k-OIjg1d2ymUumGlxoX0DT5yw4KeEuheO7SfwUNlBDfh39ML9kbZMK8kmJvHz5ELo05NpSWx00iQy4TrElBtRe2-zCQnP4c8bajKoy7fzSswFun7Fi6YMZjQDVOA8D1zopZFKVvSPmiNF_YJBFCodvPJ1eNBBUgvcYxUdOhuDppDWX5vgeQiZB29rUYkT7C2jHAR3XN5DbcQhPzSVsTdb5wzJJqU50uW_0bDhWY4r7g
financiero-199,financiero,10,2026,4,eyJraWQiOiJEZ0VqOWg3UkwxeE1mcTV6dm1XcnlhWHdPZTZ3eW9WRDFNMDBVeENYaUUwPSIsImFsZyI6IlJTMjU2In0.eyJzdWIiOiI1NDk4YjQyOC04MDgxLTcwOWQtNGJjOC0yOGRjYjQwNGM2NzMiLCJjb2duaXRvOmdyb3VwcyI6WyJmaW5hbmNpZXJvIl0sImVtYWlsX3ZlcmlmaWVkIjp0cnVlLCJpc3MiOiJodHRwczovL2NvZ25pdG8taWRwLnVzLWVhc3QtMS5hbWF6b25hd3MuY29tL3VzLWVhc3QtMV9RR2hSTkpOY3MiLCJjb2duaXRvOnVzZXJuYW1lIjoiZmluYW5jaWVyby0xOTkiLCJvcmlnaW5fanRpIjoiOGUwODllMTMtNTg2Ny00MTc0LWI5OTYtYjc5ZWU4ZDVjZjg1IiwiYXVkIjoiN2VxNWY0NmdtdDRjaGtwYWJncHVwMTdjZTYiLCJldmVudF9pZCI6IjgyMjgzNWM4LTJmNDctNGQzZS04ZDVjLWM1ZTc1NDc5M2Q0MyIsInRva2VuX3VzZSI6ImlkIiwiYXV0aF90aW1lIjoxNzc5OTg1NzgxLCJleHAiOjE3Nzk5ODkzODEsImlhdCI6MTc3OTk4NTc4MSwianRpIjoiY2MxZmEzNmMtNzkwNi00YzNmLThmMmMtZmIwOGM1M2EzMmVkIiwiZW1haWwiOiJmaW5hbmNpZXJvLTE5OUBiaXRlY28uY29tIn0.K6JnPPVrwENU-cN0fqcFlXLita4MQMLpDtdfg5GM_ajKivvX5onlDYksZMaAV90h6kxosxTCMo58FxoXqE9oaEFHEENHOMKQLGiLt80T5_SZQ1K0eQrnLrsjevEXeRL0nIGI-F_6Fi1dciTL9s_BrcKPOJf63KLNgWk208NcXZeaeFlioZ-QRt-sxZEUo5gnFMYlCUyld3Uo_PoV0CazzbVCEHoFHFLz2qf9tWd5d6QT-S_04TceORJ3v19nqV3ZUduwpuoG8quJKePNRg3EhgI3GzjR9A9CJ2hADuPyZ-T1mFuFDl14t81UlDdVQPpEHUXVFI2x_QQY6NE1naGiXw
financiero-200,financiero,1,2026,1,eyJraWQiOiJEZ0VqOWg3UkwxeE1mcTV6dm1XcnlhWHdPZTZ3eW9WRDFNMDBVeENYaUUwPSIsImFsZyI6IlJTMjU2In0.eyJzdWIiOiJkNGE4ZDRlOC0xMDgxLTcwYTEtODc5MS0yZDQxOGRiYWNmYmQiLCJjb2duaXRvOmdyb3VwcyI6WyJmaW5hbmNpZXJvIl0sImVtYWlsX3ZlcmlmaWVkIjp0cnVlLCJpc3MiOiJodHRwczovL2NvZ25pdG8taWRwLnVzLWVhc3QtMS5hbWF6b25hd3MuY29tL3VzLWVhc3QtMV9RR2hSTkpOY3MiLCJjb2duaXRvOnVzZXJuYW1lIjoiZmluYW5jaWVyby0yMDAiLCJvcmlnaW5fanRpIjoiM2M1ODU0ZmItMzZmNi00MmJkLTg1MGEtOWRhMmIwNGEzZTExIiwiYXVkIjoiN2VxNWY0NmdtdDRjaGtwYWJncHVwMTdjZTYiLCJldmVudF9pZCI6ImU3MDdiZjhiLTM2MTItNDdiNi04YjU4LWYwYTIzYzUxMjlmZSIsInRva2VuX3VzZSI6ImlkIiwiYXV0aF90aW1lIjoxNzc5OTg1NzgxLCJleHAiOjE3Nzk5ODkzODEsImlhdCI6MTc3OTk4NTc4MSwianRpIjoiZmE3MTkwNTUtZjg2Ny00OWEzLTkwZjktMmNkYWU5MDY2ZDYyIiwiZW1haWwiOiJmaW5hbmNpZXJvLTIwMEBiaXRlY28uY29tIn0.Gz4pRSGpVpKLoLtOmZ626otj36OkzajCh0xZNZaakaDqOVrl5KvL6pvs6llp9flNOMlxG1nLJ5YcGnEmSzoq-wuuGDvasrjxUlKHnoUC0Yx3yIcMLqka5sOVHdMrVWuZMNVhPqxM76hBoYp6tYgk1eP2TkYSMHRR5XYTk1EJ4ka5YkWe9U9gbB5h9yt_IY8ArdgTtu8HF_jHfwxe6knN8D-rSyBl0wxt-XTyRiRtwm9kYcTtJqKRyxj5hhcgD3DIUw5P5qZUYH_QVJFgWmDYi2_MlB_e5JzMn2k32buMGgfAsd5VwtgPjTn3bEKEesikWYWOtOOAIFvNoHNcuHiLrg
financiero-201,financiero,2,2026,2,eyJraWQiOiJEZ0VqOWg3UkwxeE1mcTV6dm1XcnlhWHdPZTZ3eW9WRDFNMDBVeENYaUUwPSIsImFsZyI6IlJTMjU2In0.eyJzdWIiOiIzNDY4NTRiOC00MDUxLTcwN2UtY2JlZC0xNGVhODQ0OGM4ODciLCJjb2duaXRvOmdyb3VwcyI6WyJmaW5hbmNpZXJvIl0sImVtYWlsX3ZlcmlmaWVkIjp0cnVlLCJpc3MiOiJodHRwczovL2NvZ25pdG8taWRwLnVzLWVhc3QtMS5hbWF6b25hd3MuY29tL3VzLWVhc3QtMV9RR2hSTkpOY3MiLCJjb2duaXRvOnVzZXJuYW1lIjoiZmluYW5jaWVyby0yMDEiLCJvcmlnaW5fanRpIjoiMGQyNjI5NTAtYTZiNC00ZjIxLWJhYWMtNjM2YTM4MWUyNTAyIiwiYXVkIjoiN2VxNWY0NmdtdDRjaGtwYWJncHVwMTdjZTYiLCJldmVudF9pZCI6ImM3YjMwM2QxLTA5OWYtNDM0My1hODQ4LWQ2ZmU0Njc3ZDRhYiIsInRva2VuX3VzZSI6ImlkIiwiYXV0aF90aW1lIjoxNzc5OTg1NzgxLCJleHAiOjE3Nzk5ODkzODEsImlhdCI6MTc3OTk4NTc4MSwianRpIjoiOWNiZjc2ODktYjY2OC00ZmZlLTgwN2YtNTk3ZDA5MDdmMzNmIiwiZW1haWwiOiJmaW5hbmNpZXJvLTIwMUBiaXRlY28uY29tIn0.NPf34Og6jZRZ95Ag-KWVyHEerJzgksx8wECuRKH_ESzY1fguk6-UTgnLVwESDzgbi4-gAxBDgZU_ahf4C4SYPMSQGiR41zgQP4QHMIBxoXLrPoxzev_9uRvxxsZ5IHonN3nKuDJS0hJtoYzus4EreqJA6FsIoFrSozeFFQ_jSdKlLhQ6J2Y3xnUyZwqMfnL23RfEf32QOW2vU1Ksa7akMvPubAXnsxbg1T5ExLNpRjKJb5OIILcsDvMldr03wo2nRFC_COcKDeae1JXzH-J9oa7cV5625LGx8fe_rfTg6fyRmF-QwFiq5ywmZ2RjnPd_X9IW_sApCBdC7q_jtBKg6g
financiero-202,financiero,3,2026,3,eyJraWQiOiJEZ0VqOWg3UkwxeE1mcTV6dm1XcnlhWHdPZTZ3eW9WRDFNMDBVeENYaUUwPSIsImFsZyI6IlJTMjU2In0.eyJzdWIiOiI1NDQ4NzRlOC1jMGIxLTcwYjktYmUxZS1lMzZlZjMyOTMzODEiLCJjb2duaXRvOmdyb3VwcyI6WyJmaW5hbmNpZXJvIl0sImVtYWlsX3ZlcmlmaWVkIjp0cnVlLCJpc3MiOiJodHRwczovL2NvZ25pdG8taWRwLnVzLWVhc3QtMS5hbWF6b25hd3MuY29tL3VzLWVhc3QtMV9RR2hSTkpOY3MiLCJjb2duaXRvOnVzZXJuYW1lIjoiZmluYW5jaWVyby0yMDIiLCJvcmlnaW5fanRpIjoiMGQ0NmI5YTYtNzRlOC00YzA1LWFhY2YtYWVhMTY4ZDhkNjNkIiwiYXVkIjoiN2VxNWY0NmdtdDRjaGtwYWJncHVwMTdjZTYiLCJldmVudF9pZCI6IjFiNTE2MmM0LWExMzAtNGRjZS04N2Q1LTM0MDY0MTMyMWEyNCIsInRva2VuX3VzZSI6ImlkIiwiYXV0aF90aW1lIjoxNzc5OTg1NzgxLCJleHAiOjE3Nzk5ODkzODEsImlhdCI6MTc3OTk4NTc4MiwianRpIjoiOGRiYTEwNmEtZTc4NC00OWE2LWFlNTktNmJjODE2YTY5OWVjIiwiZW1haWwiOiJmaW5hbmNpZXJvLTIwMkBiaXRlY28uY29tIn0.YG_dnSn3JfpSXLHtzfzgqg0Yzs5J-hV68wQJs-7EK5SDC0Oz8AlQe3cZBy-U-SYUGdEzu-6IQ4qnZC4x0rnracjtK2a6g9lHp0AuljERhZwW9u6lj3dW2VoNspYoWjryaEjF1hM9bGLbXgIj1BUkP5aH_qw3XiMKIpcKVnB_Cgf48EJ7X0roMC8ynXyiJ6Qy1eOxaD8e3QfnGzbb9ej75tD3xTVA0fqbM4qxSIoVMd7cbRxRVaNQD-9HzcGcO_3Jp_e0nfdu6tPt2tkNJ6w7h5eNpIxm_tHCFcgxTS0hm_E7Hjpca7vFlS3wg_Ik3ORYOm6wZT7HoU7K7oc3pbDAOw
financiero-203,financiero,4,2026,4,eyJraWQiOiJEZ0VqOWg3UkwxeE1mcTV6dm1XcnlhWHdPZTZ3eW9WRDFNMDBVeENYaUUwPSIsImFsZyI6IlJTMjU2In0.eyJzdWIiOiI2NGI4ODQxOC0wMDUxLTcwNzYtOTNiNi1kODg0N2VjZmI4MzciLCJjb2duaXRvOmdyb3VwcyI6WyJmaW5hbmNpZXJvIl0sImVtYWlsX3ZlcmlmaWVkIjp0cnVlLCJpc3MiOiJodHRwczovL2NvZ25pdG8taWRwLnVzLWVhc3QtMS5hbWF6b25hd3MuY29tL3VzLWVhc3QtMV9RR2hSTkpOY3MiLCJjb2duaXRvOnVzZXJuYW1lIjoiZmluYW5jaWVyby0yMDMiLCJvcmlnaW5fanRpIjoiYzkwNTJhN2YtZTEwMy00YzVkLWI0YTYtOGJlZDAwYzhiMGM2IiwiYXVkIjoiN2VxNWY0NmdtdDRjaGtwYWJncHVwMTdjZTYiLCJldmVudF9pZCI6IjFlOGU3YmRmLTNmNjctNDZmYS1iMjhiLTIzMmVkNWFhNjNjZSIsInRva2VuX3VzZSI6ImlkIiwiYXV0aF90aW1lIjoxNzc5OTg1NzgyLCJleHAiOjE3Nzk5ODkzODIsImlhdCI6MTc3OTk4NTc4MiwianRpIjoiMjZlOWE5ZTUtNDA4Mi00NzFiLWEzMzEtNjA5MWNhYjVlOWJhIiwiZW1haWwiOiJmaW5hbmNpZXJvLTIwM0BiaXRlY28uY29tIn0.uwQ7_xSVDfvO66Y1RhkX43WHQZjB-RdPVkn2mWtU2ram7XZIaZpe4XN97Maz62L3GzmkESG-LkraomViYnev2fXR-cHpYJSgQlv2Bfm7pe2_1KdAD2809eOABnM6bv0P0WREVSEPaz81_QMxozQd9hZc5KFogQ9H1gev_Q3UQkNs7-I5VjI5gGchpQrpzPjLcMP5K3K_qHWngtPMsss-TxFSpOenVMjjmuYZWv3wdXAA91-wCki1D8kUcN-DTNcW4wAEYlqWUT8xUaFAmbuKP4DT5eQRg3okuWWzIlvZK1Ka0PBTEBZPQVitVUp420AmnbTjTAnPDx_P4ib-6Ake2A
financiero-204,financiero,5,2026,1,eyJraWQiOiJEZ0VqOWg3UkwxeE1mcTV6dm1XcnlhWHdPZTZ3eW9WRDFNMDBVeENYaUUwPSIsImFsZyI6IlJTMjU2In0.eyJzdWIiOiJkNDg4MjQ0OC1lMDQxLTcwNTQtNjdlOS1mMGVjYjFkYWE1ZTQiLCJjb2duaXRvOmdyb3VwcyI6WyJmaW5hbmNpZXJvIl0sImVtYWlsX3ZlcmlmaWVkIjp0cnVlLCJpc3MiOiJodHRwczovL2NvZ25pdG8taWRwLnVzLWVhc3QtMS5hbWF6b25hd3MuY29tL3VzLWVhc3QtMV9RR2hSTkpOY3MiLCJjb2duaXRvOnVzZXJuYW1lIjoiZmluYW5jaWVyby0yMDQiLCJvcmlnaW5fanRpIjoiNjk5NDhkMmItMDJmYi00NDE0LThmNjItNDM5NzQyMGIyNjExIiwiYXVkIjoiN2VxNWY0NmdtdDRjaGtwYWJncHVwMTdjZTYiLCJldmVudF9pZCI6ImFkMjdkNzJjLTZlZWQtNDE1OC1hOGUzLTcyMzc3YzE4YTI1YiIsInRva2VuX3VzZSI6ImlkIiwiYXV0aF90aW1lIjoxNzc5OTg1NzgyLCJleHAiOjE3Nzk5ODkzODIsImlhdCI6MTc3OTk4NTc4MiwianRpIjoiYjk2ZWU1NjMtM2MzMy00YTZiLWI1ZjktMzllOWExOWQwNTgzIiwiZW1haWwiOiJmaW5hbmNpZXJvLTIwNEBiaXRlY28uY29tIn0.FR21AhBHOFW2q_QaLAREj5kIfJeaB9-9_YaAf_PcWjqVxmgMgo4Ig0Jln-ICS9o6MZCRph0EuxGi2ABexcvfoylmaDcczzDsTjDFR59IqgXX6UyzvUKxGyxKzF8f_wf7kvFh8EUOZFGhcqqjnO3QhlXExSrGOOXydA1I4MioIoOxbbbPzm9tf7AorC8fcXAPqtgkkJqnqymNMKdGTkmVwj5CtAXYxlJcT6QzMYKx3NqwfiDy4r1nRE6QcjUlsFf5ZsYYUG0ya6fPrxZviWYR1oM72NOriIYzpw5j35t2T6adtpNzLJuoj3HzTmZ8jBQa6LQziOW4fCC9PBQN6Wghew
financiero-205,financiero,6,2026,2,eyJraWQiOiJEZ0VqOWg3UkwxeE1mcTV6dm1XcnlhWHdPZTZ3eW9WRDFNMDBVeENYaUUwPSIsImFsZyI6IlJTMjU2In0.eyJzdWIiOiI2NDg4YTQ5OC0yMDMxLTcwNzAtOGRjZS02ZDYzZjI5MGY1NDAiLCJjb2duaXRvOmdyb3VwcyI6WyJmaW5hbmNpZXJvIl0sImVtYWlsX3ZlcmlmaWVkIjp0cnVlLCJpc3MiOiJodHRwczovL2NvZ25pdG8taWRwLnVzLWVhc3QtMS5hbWF6b25hd3MuY29tL3VzLWVhc3QtMV9RR2hSTkpOY3MiLCJjb2duaXRvOnVzZXJuYW1lIjoiZmluYW5jaWVyby0yMDUiLCJvcmlnaW5fanRpIjoiYjE0ODBjNzAtZmFiMC00NWVmLWJmMWEtMDdlOTU4ODVjZTYwIiwiYXVkIjoiN2VxNWY0NmdtdDRjaGtwYWJncHVwMTdjZTYiLCJldmVudF9pZCI6Ijk3MWI1ZGE4LWJlNmMtNGFiOC05ZDNlLTdlZDRmZGQwMzQzZSIsInRva2VuX3VzZSI6ImlkIiwiYXV0aF90aW1lIjoxNzc5OTg1NzgyLCJleHAiOjE3Nzk5ODkzODIsImlhdCI6MTc3OTk4NTc4MiwianRpIjoiNGJiMzU4ZWUtY2VjNy00OTdhLWE3ODktNzhjNGQ0YWE5ZGY1IiwiZW1haWwiOiJmaW5hbmNpZXJvLTIwNUBiaXRlY28uY29tIn0.yex6LnlFjvB7xLfqakabUxFBYKsLpeV5UwIpgFypNj5Dr1Fr-YZpqf8mvi9Y-3I-Bobip1ipMebbqaNO8zunBk35BtiSXBCseIz8ocxMBK2VPUR-keG1CW7WIBkX6PaAMhvrIqe2AMSFgjZ1OT8odqxWefzOr2D7flTQy6_uTr-e0GzAKIpOh_eo1bqGaf2B_kZFtnMNkKknX-uE_zymdFdVNtFwdUav8Gr20bduqg2qeG77BaR0RO_kc7n2cKZkYBYbcQpqrCv9k7-5lvrVAOWdJUf4zki1Q8l0nwORj11ErkPG3gAX8xxDjNUtX4e69NVzxNNn0a4ceu5edizhsA
financiero-206,financiero,7,2026,3,eyJraWQiOiJEZ0VqOWg3UkwxeE1mcTV6dm1XcnlhWHdPZTZ3eW9WRDFNMDBVeENYaUUwPSIsImFsZyI6IlJTMjU2In0.eyJzdWIiOiIyNGQ4MzQ0OC1kMGYxLTcwZGMtOTYwZi0wODA2NjAwYTYyZjAiLCJjb2duaXRvOmdyb3VwcyI6WyJmaW5hbmNpZXJvIl0sImVtYWlsX3ZlcmlmaWVkIjp0cnVlLCJpc3MiOiJodHRwczovL2NvZ25pdG8taWRwLnVzLWVhc3QtMS5hbWF6b25hd3MuY29tL3VzLWVhc3QtMV9RR2hSTkpOY3MiLCJjb2duaXRvOnVzZXJuYW1lIjoiZmluYW5jaWVyby0yMDYiLCJvcmlnaW5fanRpIjoiMzNkOTY4ODgtZTQ2Ni00YjA3LTgwZDctMDBlYjc0ZWMzYWQ2IiwiYXVkIjoiN2VxNWY0NmdtdDRjaGtwYWJncHVwMTdjZTYiLCJldmVudF9pZCI6IjQ5MTY2ZjJmLWZmZDQtNDQ2Zi04Y2NjLTYyNTg2MGMwMzY2NyIsInRva2VuX3VzZSI6ImlkIiwiYXV0aF90aW1lIjoxNzc5OTg1NzgzLCJleHAiOjE3Nzk5ODkzODMsImlhdCI6MTc3OTk4NTc4MywianRpIjoiMmVjMTgyMmUtMTlkZC00NGVhLTgwYTQtZTViNDVkYWEwODVlIiwiZW1haWwiOiJmaW5hbmNpZXJvLTIwNkBiaXRlY28uY29tIn0.B3mJJSfWr1-VEPAw4mVjLTRAHCkV5LgciE5VlLf3BmSYeM3wXElZ7ILVG2bfUqR8_g4SBK1jG8f7XSShtHAtpBOSaewokcAIebLJjj-ehuL33iTSc07COjHbGmrApUo5IBTfzIx-z2io59LZPYaNEY4wUQqfpyfGz9Pz-cU9zB-VlCKybSBC9bmKvSJYZC1E8fIrWV9cMz998u3YRdMNR0nGM3Tal9Esr5Nibqt1zaEvHx51KdBVNMuwqH1mXNkb517ksC1aUxYT8hMZmmHLktWce3wg0Q5fzbKuakmNJxwGzKAQ52W0xHltbVBu8TRH_dEiTh0f5xkswukWGxDW8A
financiero-207,financiero,8,2026,4,eyJraWQiOiJEZ0VqOWg3UkwxeE1mcTV6dm1XcnlhWHdPZTZ3eW9WRDFNMDBVeENYaUUwPSIsImFsZyI6IlJTMjU2In0.eyJzdWIiOiJkNGE4NDRhOC1kMDQxLTcwMGEtNmZjOS1lMjg1ZjcyNDJhZmYiLCJjb2duaXRvOmdyb3VwcyI6WyJmaW5hbmNpZXJvIl0sImVtYWlsX3ZlcmlmaWVkIjp0cnVlLCJpc3MiOiJodHRwczovL2NvZ25pdG8taWRwLnVzLWVhc3QtMS5hbWF6b25hd3MuY29tL3VzLWVhc3QtMV9RR2hSTkpOY3MiLCJjb2duaXRvOnVzZXJuYW1lIjoiZmluYW5jaWVyby0yMDciLCJvcmlnaW5fanRpIjoiOWJlZTliMDUtNjM2Zi00NmEyLTk5NWQtNjAyZWM1ZjBiMWNmIiwiYXVkIjoiN2VxNWY0NmdtdDRjaGtwYWJncHVwMTdjZTYiLCJldmVudF9pZCI6IjkxN2QxYzFjLWY2NjQtNGVhNS1hMDBlLTY2MWVlZjM0ZjIyNCIsInRva2VuX3VzZSI6ImlkIiwiYXV0aF90aW1lIjoxNzc5OTg1NzgzLCJleHAiOjE3Nzk5ODkzODMsImlhdCI6MTc3OTk4NTc4MywianRpIjoiNzMxNGExODctYzY4Yy00NDZhLWIyZDItMTEzNGRhYzhiNmFlIiwiZW1haWwiOiJmaW5hbmNpZXJvLTIwN0BiaXRlY28uY29tIn0.EpnZo6pUNF50YPU8n0tzTr3KHox3V38W47SSuhLgRegy9x9ywYQ4mn8svQ9KDWUDJlsySwL0sUGIjf4nSEmSCYi9NI1v-VLNPdB7DkTMw5JCyMm_fr_-3m3p4YMP_SXwcWr8dd5LkCejDspgZ5x1pa89vssgYnO5gYQTAVD9j73QmOPS4f1QPKPj2UP4KdGEG9m5I03Oy6O_BM37ok6yOv_Ar8bOecIB5uiZ86LPrvU0znU9Qj2a5FocXAwhCiT5I-2H2GCFH4acGNwjWJ8j_mymo3c4EK5rjUhT4KrosQAJeQI6YNXkXk5LC2G7GMTIa6axrjFZGRlQgf5wIIPo2A
financiero-208,financiero,9,2026,1,eyJraWQiOiJEZ0VqOWg3UkwxeE1mcTV6dm1XcnlhWHdPZTZ3eW9WRDFNMDBVeENYaUUwPSIsImFsZyI6IlJTMjU2In0.eyJzdWIiOiJkNDM4NjQ5OC1hMGQxLTcwYTMtY2YxYi1jNGNjYTc5OTE1YzYiLCJjb2duaXRvOmdyb3VwcyI6WyJmaW5hbmNpZXJvIl0sImVtYWlsX3ZlcmlmaWVkIjp0cnVlLCJpc3MiOiJodHRwczovL2NvZ25pdG8taWRwLnVzLWVhc3QtMS5hbWF6b25hd3MuY29tL3VzLWVhc3QtMV9RR2hSTkpOY3MiLCJjb2duaXRvOnVzZXJuYW1lIjoiZmluYW5jaWVyby0yMDgiLCJvcmlnaW5fanRpIjoiNmFhYWYyMTYtOTdmZS00ZjViLTk3Y2MtZjEwODU2MGE5NjY0IiwiYXVkIjoiN2VxNWY0NmdtdDRjaGtwYWJncHVwMTdjZTYiLCJldmVudF9pZCI6IjBkNzhlZjIwLTg0OTktNGM0Mi05MDg3LWRkMzE5YjRmYTkwNyIsInRva2VuX3VzZSI6ImlkIiwiYXV0aF90aW1lIjoxNzc5OTg1NzgzLCJleHAiOjE3Nzk5ODkzODMsImlhdCI6MTc3OTk4NTc4MywianRpIjoiYjQ4Nzk5ZTYtODc2Yi00MDFhLThkNDMtYmE0YTg5NTI3M2M2IiwiZW1haWwiOiJmaW5hbmNpZXJvLTIwOEBiaXRlY28uY29tIn0.z0fNobQmaU-P424Orj2_TjoMXjIxj_PnXBGaXx9dmTzxIfwNBVu2W4urLjr0JE7Zfa0IaCt8KKI5kq_Yr8KYsL2SGVi8BKR0JZ-qhdRk7ZwaMmBq44VqseiUjvD63xgtjmdk51dQDmlPujE4MDYZCLtL5uyNAL8jQ_-CjvSsjA91TloiM7ZG7j0tbHbC8hwTEaYA5os-Fzu0y4sDdqfGJRNjmVvTi9OZeViCndShYINVkSV3LZ8wdKkHJvl-2D9E1uV3a4Q4SCPZWCq57m4i3TOcCyyjcc_Qfs67OXpSnYL9v9ZJ3CtdzInxZCLxUT9mW0VRentbZK7IWqkkobdUCw
financiero-209,financiero,10,2026,2,eyJraWQiOiJEZ0VqOWg3UkwxeE1mcTV6dm1XcnlhWHdPZTZ3eW9WRDFNMDBVeENYaUUwPSIsImFsZyI6IlJTMjU2In0.eyJzdWIiOiJmNDk4ZTRkOC0yMGQxLTcwZTUtYzk4MC1jYjM5OTc0YjQyNDAiLCJjb2duaXRvOmdyb3VwcyI6WyJmaW5hbmNpZXJvIl0sImVtYWlsX3ZlcmlmaWVkIjp0cnVlLCJpc3MiOiJodHRwczovL2NvZ25pdG8taWRwLnVzLWVhc3QtMS5hbWF6b25hd3MuY29tL3VzLWVhc3QtMV9RR2hSTkpOY3MiLCJjb2duaXRvOnVzZXJuYW1lIjoiZmluYW5jaWVyby0yMDkiLCJvcmlnaW5fanRpIjoiN2ZlNTViZmUtMjc3OC00MTdhLWFkNDYtZDRiZGJhNjQ1Y2M0IiwiYXVkIjoiN2VxNWY0NmdtdDRjaGtwYWJncHVwMTdjZTYiLCJldmVudF9pZCI6ImI3ZmRkOTA2LTJlYTktNDIwZC1iMTA0LTQ5ZjkzOTllZThhMiIsInRva2VuX3VzZSI6ImlkIiwiYXV0aF90aW1lIjoxNzc5OTg1NzgzLCJleHAiOjE3Nzk5ODkzODMsImlhdCI6MTc3OTk4NTc4MywianRpIjoiYjM5NGExOTItOWNjOS00NWI0LWI4ZTAtN2E0MmQ5OTEzMjhmIiwiZW1haWwiOiJmaW5hbmNpZXJvLTIwOUBiaXRlY28uY29tIn0.FKtMW86gpA956iUKdnonQJ-8zHAyPFn64eKuHClKGPTlxCK_VqY48ijzQHmaPtEBNheJcD3yErS5506tWDppEW4ekEv97y1z8oLbeDZ-U9u_9GD6gz3vIhpCDZ7EeuWTfrPI1B2ThtyD2JCGwf8iXCg4Hnzc2RZkLKhCrrLZHWdCx-1Ubt8tfytRuVAG8kJjwWqv_ooeVbGK9QCGS7PqpmeQPvxOegmyGxkArRsLHUbaXcwTe4V5mgsxJS13nYH2MPq8Vb2SiXc-1gniI9HZyUctKoP5NXU-Iqe88tfY0ADbXi-C3yqO_Gog9uP-3O39i2cCQVUOfHW5iSCYTxNkxA
financiero-210,financiero,1,2026,3,eyJraWQiOiJEZ0VqOWg3UkwxeE1mcTV6dm1XcnlhWHdPZTZ3eW9WRDFNMDBVeENYaUUwPSIsImFsZyI6IlJTMjU2In0.eyJzdWIiOiI3NDQ4MjQ1OC1lMGMxLTcwMmQtMTA1Ni05ZDRlYWEwODI0YzgiLCJjb2duaXRvOmdyb3VwcyI6WyJmaW5hbmNpZXJvIl0sImVtYWlsX3ZlcmlmaWVkIjp0cnVlLCJpc3MiOiJodHRwczovL2NvZ25pdG8taWRwLnVzLWVhc3QtMS5hbWF6b25hd3MuY29tL3VzLWVhc3QtMV9RR2hSTkpOY3MiLCJjb2duaXRvOnVzZXJuYW1lIjoiZmluYW5jaWVyby0yMTAiLCJvcmlnaW5fanRpIjoiY2UxZGVmYzYtZjg5Ny00MTFjLTk0N2YtNDY3ZGRhMzZkZmUzIiwiYXVkIjoiN2VxNWY0NmdtdDRjaGtwYWJncHVwMTdjZTYiLCJldmVudF9pZCI6IjE4ZTA2NzkxLTFhZGUtNDk2Mi05MWUwLTdjMmZlMGE2MGM1NSIsInRva2VuX3VzZSI6ImlkIiwiYXV0aF90aW1lIjoxNzc5OTg1Nzg0LCJleHAiOjE3Nzk5ODkzODQsImlhdCI6MTc3OTk4NTc4NCwianRpIjoiNzRlZjM5Y2QtMzJiYS00YTQ0LTg1MDAtODgwNTJlMjgxMmIyIiwiZW1haWwiOiJmaW5hbmNpZXJvLTIxMEBiaXRlY28uY29tIn0.BtKIB9GMDd2lGa_Kgvm7NN63fJZ0ZAIA_ogqJsQuqdg1K381TBHIYkLqjRn-GhLujwI08bM0bTLG8dqf-iUWZO8OXC7t2qbScr9AVtfn_kTUGqbEEPmRU7KRf65U9VUSjIDzX6Fl3YvZ81Trq0RC_Ij0elDNZ-ywOIq4WriNp7ygr9SetOJUdECKLcpxs920UZeLxotiCf4IgbQuuM_LPccuRkJ2ssz4U997GRFQ02JTuaOmnu1N1EPGih0qa3qE0hQf9XiyWH3U6MFoHjacxo5SM56Eb0YjoturaxwW2pQPW2MIGoPbaEwNslHwPHBQ-iDSgJ8iIBPk6PEsCxo0Ug
financiero-211,financiero,2,2026,4,eyJraWQiOiJEZ0VqOWg3UkwxeE1mcTV6dm1XcnlhWHdPZTZ3eW9WRDFNMDBVeENYaUUwPSIsImFsZyI6IlJTMjU2In0.eyJzdWIiOiI0NGM4ZDRiOC04MGQxLTcwNGYtNWZkNi01MDUwMmY5Y2I3ODEiLCJjb2duaXRvOmdyb3VwcyI6WyJmaW5hbmNpZXJvIl0sImVtYWlsX3ZlcmlmaWVkIjp0cnVlLCJpc3MiOiJodHRwczovL2NvZ25pdG8taWRwLnVzLWVhc3QtMS5hbWF6b25hd3MuY29tL3VzLWVhc3QtMV9RR2hSTkpOY3MiLCJjb2duaXRvOnVzZXJuYW1lIjoiZmluYW5jaWVyby0yMTEiLCJvcmlnaW5fanRpIjoiZmE5ODcwN2YtZDliNi00YzZkLTlhMDgtNjBiOTk1ZTcxOWM2IiwiYXVkIjoiN2VxNWY0NmdtdDRjaGtwYWJncHVwMTdjZTYiLCJldmVudF9pZCI6IjdiMmU3NjllLTkxNDMtNDA2YS04NGMxLTlkODVlMjVkZmNjZiIsInRva2VuX3VzZSI6ImlkIiwiYXV0aF90aW1lIjoxNzc5OTg1Nzg0LCJleHAiOjE3Nzk5ODkzODQsImlhdCI6MTc3OTk4NTc4NCwianRpIjoiNzY4MWI5YWUtNGY0NC00MWI4LTk0MTUtOWVhMGU3MWU5ZGE3IiwiZW1haWwiOiJmaW5hbmNpZXJvLTIxMUBiaXRlY28uY29tIn0.eWiu8VhEi9sm-O2FZf_gIzT2ybbTnygjaB0KW8kU1SR0upq27jstPRIeG0JIV-XVy6HXxRnD5MKYOBWTHC-YKg5ZQyBYV0H10ngqFjwBIRoLiPPJcP1ZLwZt75T2knHo5NZPlxkufEiEgiZivchZh1EhF2xLvqXGy6wAjbHv85HqyZHnGmZXGyK7kClfzozgoY_GbpQ14ktZSXk9qCmGKIC2w6i6wqwKRwjxEyMP96TvgnCAZBcFjV3pM2LoxngMBV2t3NcxiadopqlohrGBcspqTugpWIt3o7jRaSkBfetKVMessDtnW4bn9GbVYvK21oMbqTnpO0w09YPKpGCkwQ
financiero-212,financiero,3,2026,1,eyJraWQiOiJEZ0VqOWg3UkwxeE1mcTV6dm1XcnlhWHdPZTZ3eW9WRDFNMDBVeENYaUUwPSIsImFsZyI6IlJTMjU2In0.eyJzdWIiOiI5NGU4MzRlOC02MGExLTcwOWUtZTNiYy0wMjk4MDc5OTFmMjIiLCJjb2duaXRvOmdyb3VwcyI6WyJmaW5hbmNpZXJvIl0sImVtYWlsX3ZlcmlmaWVkIjp0cnVlLCJpc3MiOiJodHRwczovL2NvZ25pdG8taWRwLnVzLWVhc3QtMS5hbWF6b25hd3MuY29tL3VzLWVhc3QtMV9RR2hSTkpOY3MiLCJjb2duaXRvOnVzZXJuYW1lIjoiZmluYW5jaWVyby0yMTIiLCJvcmlnaW5fanRpIjoiNjRhMjk3NTItYTRjNi00MmQzLWJmN2EtMzhmMzc2ODcxMjU2IiwiYXVkIjoiN2VxNWY0NmdtdDRjaGtwYWJncHVwMTdjZTYiLCJldmVudF9pZCI6IjQxODZlMTBhLTk2ODctNDM5Mi1hNDAxLWViNjkyYzI3NzViOSIsInRva2VuX3VzZSI6ImlkIiwiYXV0aF90aW1lIjoxNzc5OTg1Nzg0LCJleHAiOjE3Nzk5ODkzODQsImlhdCI6MTc3OTk4NTc4NCwianRpIjoiMGUwOTNkNzktYmFmZS00ZGJiLWFiNDUtYTU3ZjUxM2ViNjVjIiwiZW1haWwiOiJmaW5hbmNpZXJvLTIxMkBiaXRlY28uY29tIn0.ThJtUiQ5eqDuIqx548ucVW32vBgp7I1qPC-yImsTqjCdKMKYusPPx09frvfSP31PIo58u4412UVQcMWNwaKkbV7wLnCVWt8fmux3-5EJsszTqTohBQVy-ibDmYDlg8NFYXqeXX7sitOmj7NwAxiaT8HrFJGXMHXDg6VP0WkjzzgdUNghy96kj_n1xofTN59_IWYanOGPWznLo65huklVxdl_CwxiBh_E0gTFW9d5xqgnRgImQckTWTWINJEhB1YBwehc_2mjGu6OLixaQsvbuEHXvUcr0M_5aOel-j_y6UkwOCK381y-Fha2iblnE2NuOTzcm7TtH7tJzui2Vfcafw
financiero-213,financiero,4,2026,2,eyJraWQiOiJEZ0VqOWg3UkwxeE1mcTV6dm1XcnlhWHdPZTZ3eW9WRDFNMDBVeENYaUUwPSIsImFsZyI6IlJTMjU2In0.eyJzdWIiOiJlNGU4MzQ5OC1iMDMxLTcwZmItMTdkNC01ZDc2MmZiODMwM2UiLCJjb2duaXRvOmdyb3VwcyI6WyJmaW5hbmNpZXJvIl0sImVtYWlsX3ZlcmlmaWVkIjp0cnVlLCJpc3MiOiJodHRwczovL2NvZ25pdG8taWRwLnVzLWVhc3QtMS5hbWF6b25hd3MuY29tL3VzLWVhc3QtMV9RR2hSTkpOY3MiLCJjb2duaXRvOnVzZXJuYW1lIjoiZmluYW5jaWVyby0yMTMiLCJvcmlnaW5fanRpIjoiM2ExNDk1YTMtMTkwOC00YTIyLWFhOGItYWZmZWYxNDFkZjI1IiwiYXVkIjoiN2VxNWY0NmdtdDRjaGtwYWJncHVwMTdjZTYiLCJldmVudF9pZCI6IjUzNjlhZjBkLTM5YjktNGYzOC1hYTRhLTU5ODcwZmE1NjcyMyIsInRva2VuX3VzZSI6ImlkIiwiYXV0aF90aW1lIjoxNzc5OTg1Nzg0LCJleHAiOjE3Nzk5ODkzODQsImlhdCI6MTc3OTk4NTc4NCwianRpIjoiMWVmODJmOWUtYzhhOC00YjZjLTkwMWMtNzZiZGFlZThlM2ZlIiwiZW1haWwiOiJmaW5hbmNpZXJvLTIxM0BiaXRlY28uY29tIn0.IfqYRTWd2LDly-ccVuVESeFYQhVqFvhVHDGJ2yYPo0cXPJ_1yi1G5NtttKnMukWoqWaWVIfxRXe7Eedx-_a6F2vUmoJIJdzEXcvjiJJK-FbG-ZziVSKw0keT9-sdoCq611xQaOsvoY4DNaoqoStKXUE8ryryQWa4y8qX9VJ04PHp38wizMJ9NpbP2ZLZcv1V2RL745jbTObKcMKjkEzDoV4BYAHqx96aTzjUqGoqKnfrTTzAao7rCmcs8v2O4210hfNA9x9axIRPAqEMRixfqLcFWGdcPb6inYvQ3xclA1Pkeai1_Vaz-WitqsbBQF-D-UbabAjjH89Ha7qbXAJ7lg
financiero-214,financiero,5,2026,3,eyJraWQiOiJEZ0VqOWg3UkwxeE1mcTV6dm1XcnlhWHdPZTZ3eW9WRDFNMDBVeENYaUUwPSIsImFsZyI6IlJTMjU2In0.eyJzdWIiOiJhNDE4YTQ4OC04MGQxLTcwYzktZTg1Yi0wYTIzMjllM2MwMjUiLCJjb2duaXRvOmdyb3VwcyI6WyJmaW5hbmNpZXJvIl0sImVtYWlsX3ZlcmlmaWVkIjp0cnVlLCJpc3MiOiJodHRwczovL2NvZ25pdG8taWRwLnVzLWVhc3QtMS5hbWF6b25hd3MuY29tL3VzLWVhc3QtMV9RR2hSTkpOY3MiLCJjb2duaXRvOnVzZXJuYW1lIjoiZmluYW5jaWVyby0yMTQiLCJvcmlnaW5fanRpIjoiMWE4NjdhNWMtMWRjMS00Njc1LWEzYTgtNTc1ZGRlMmNhMGRjIiwiYXVkIjoiN2VxNWY0NmdtdDRjaGtwYWJncHVwMTdjZTYiLCJldmVudF9pZCI6ImUyZjdhNTQ4LWNhZDItNGEyNC1iZDAxLTI5MWViNzUwY2IwNSIsInRva2VuX3VzZSI6ImlkIiwiYXV0aF90aW1lIjoxNzc5OTg1Nzg1LCJleHAiOjE3Nzk5ODkzODUsImlhdCI6MTc3OTk4NTc4NSwianRpIjoiN2VhM2E4NDEtZTZjOC00MzAxLTg4MmYtZmFkZTRmODg0NjYwIiwiZW1haWwiOiJmaW5hbmNpZXJvLTIxNEBiaXRlY28uY29tIn0.Rlc6fzYQ3laxyrlDbrcZXd-ImkmW-JAhT4R90Jk7tZxsKgTzhm7ES42pZZJmaqsLfuROG2_B-MG2ZoMxBdQLfaXJ0wBmGn0uMkV2D1BE8vwELa1FBeZAlWqa42JK6b5is9ugjfj9v0orFpLqivNKogdCUumjbOqeBxyjjgczGJ-vGUbTZykYOrxWzAOVMgOs3OlYc81UvBWsrX4cPehnrqywYC5tA4E2SuieWQQ6ec5U577478NjYDdlOlIk2lRzowaipD-Sk4-cTJvggjaCfe56i5bWglufX9iu9wypmt-CwkmSKlKnya6Xcbm8bUY0iJwl4hGqJ7c8mKtgiU2ViA
financiero-215,financiero,6,2026,4,eyJraWQiOiJEZ0VqOWg3UkwxeE1mcTV6dm1XcnlhWHdPZTZ3eW9WRDFNMDBVeENYaUUwPSIsImFsZyI6IlJTMjU2In0.eyJzdWIiOiI5NDA4YzQ5OC0wMDMxLTcwZDMtNGM0My05YzAxYTVlNWE1MTIiLCJjb2duaXRvOmdyb3VwcyI6WyJmaW5hbmNpZXJvIl0sImVtYWlsX3ZlcmlmaWVkIjp0cnVlLCJpc3MiOiJodHRwczovL2NvZ25pdG8taWRwLnVzLWVhc3QtMS5hbWF6b25hd3MuY29tL3VzLWVhc3QtMV9RR2hSTkpOY3MiLCJjb2duaXRvOnVzZXJuYW1lIjoiZmluYW5jaWVyby0yMTUiLCJvcmlnaW5fanRpIjoiZDczZTk0ZWUtNDQxZC00YjRhLTk1YjItNjBmNWVkY2ZmNDk5IiwiYXVkIjoiN2VxNWY0NmdtdDRjaGtwYWJncHVwMTdjZTYiLCJldmVudF9pZCI6ImI1ZWMyNjkwLTI3NTEtNGNlYy04N2FlLTEwMDlhYWIxMjYzMiIsInRva2VuX3VzZSI6ImlkIiwiYXV0aF90aW1lIjoxNzc5OTg1Nzg1LCJleHAiOjE3Nzk5ODkzODUsImlhdCI6MTc3OTk4NTc4NSwianRpIjoiZTg0MDkwNTMtNDM2My00NmZhLTljM2EtYjNhZmU4OTViNzdlIiwiZW1haWwiOiJmaW5hbmNpZXJvLTIxNUBiaXRlY28uY29tIn0.243LAE63B7RG8JcCxnYCyv-RVb5Ti1zXdufupmPtb6ICRs_dRh8tlKOD74nqgLH7ivouZ1is2UjEKwvKjVX24vMUE0QuD9p6xeRcag-M8hd-MklmRj5TyC3-JaHk7zWnStAU3MrDfWzT9gh4QwItvoP44Y5FXe-2kaSltBkXab88KZta85yV48CzVRyK1u5JVLwrXo-QN-ZeNnBGT8-jMS8J3Nukbo7h37agdq3Nvo71aE7rpmVAvo7SV0dw9WmgdZhypb4nRxh41LqiJU9af9qtzWUOY0-sk-9rcpLmdzmPaac8H4j2wWbUGnsb3VA8YJ3GqIq6TLfmO8YoYzeAgg
financiero-216,financiero,7,2026,1,eyJraWQiOiJEZ0VqOWg3UkwxeE1mcTV6dm1XcnlhWHdPZTZ3eW9WRDFNMDBVeENYaUUwPSIsImFsZyI6IlJTMjU2In0.eyJzdWIiOiJlNDk4YTQ3OC1jMGQxLTcwYmEtOWI5Zi0wNmNlYmRiMGMzMWEiLCJjb2duaXRvOmdyb3VwcyI6WyJmaW5hbmNpZXJvIl0sImVtYWlsX3ZlcmlmaWVkIjp0cnVlLCJpc3MiOiJodHRwczovL2NvZ25pdG8taWRwLnVzLWVhc3QtMS5hbWF6b25hd3MuY29tL3VzLWVhc3QtMV9RR2hSTkpOY3MiLCJjb2duaXRvOnVzZXJuYW1lIjoiZmluYW5jaWVyby0yMTYiLCJvcmlnaW5fanRpIjoiM2JkNzVkZjktNzZiMC00Njg4LWE5YTYtM2QxOGEwYTkzODA4IiwiYXVkIjoiN2VxNWY0NmdtdDRjaGtwYWJncHVwMTdjZTYiLCJldmVudF9pZCI6ImQzMjI5MTIzLTIxMzQtNGEzNS1hZDFkLWQxMWEzZmQxMDZlNCIsInRva2VuX3VzZSI6ImlkIiwiYXV0aF90aW1lIjoxNzc5OTg1Nzg1LCJleHAiOjE3Nzk5ODkzODUsImlhdCI6MTc3OTk4NTc4NSwianRpIjoiODEzYjlkNTItYzkxMi00Y2U1LTk1ZmYtOTYzMDA0MDJlZjcxIiwiZW1haWwiOiJmaW5hbmNpZXJvLTIxNkBiaXRlY28uY29tIn0.Xp3MkuDql2SpjA81X3AN4WMMeMy_xe8W_G9vt4JnrVYvfYwh1cYe3Pz8pBCcwcdY-80DbFMDcBHBKlOse_r9moBU71Mb5mZ8rMPtjH4e4Ja-VQBGxIsJnm5Alaz_6xsTBv1nFa3SuXuqNlxZLhl5RkOSvFW_N6LUVIA3deRMl2az6qDpvbmVsHwg2bBEeM-1FOVF4YASyesnbcXQQufqeyazXFIgOtx_2ZalDiWE9lyPYS-FqJm7zpp5Jo95mqwjCzQDjQ8CFpbWfHQWMZM3sQJk2Vr3R_Yabi16wo_AGVZltg4_ERz9th1Fba9KqBgaQm9C-Hg2mBotewd04tWKfw
financiero-217,financiero,8,2026,2,eyJraWQiOiJEZ0VqOWg3UkwxeE1mcTV6dm1XcnlhWHdPZTZ3eW9WRDFNMDBVeENYaUUwPSIsImFsZyI6IlJTMjU2In0.eyJzdWIiOiIxNDM4MzQ1OC1iMGExLTcwNDgtYTBhZC1kOTkzZmJjNGJlNTkiLCJjb2duaXRvOmdyb3VwcyI6WyJmaW5hbmNpZXJvIl0sImVtYWlsX3ZlcmlmaWVkIjp0cnVlLCJpc3MiOiJodHRwczovL2NvZ25pdG8taWRwLnVzLWVhc3QtMS5hbWF6b25hd3MuY29tL3VzLWVhc3QtMV9RR2hSTkpOY3MiLCJjb2duaXRvOnVzZXJuYW1lIjoiZmluYW5jaWVyby0yMTciLCJvcmlnaW5fanRpIjoiMmFmOGMzYWEtZjEyZC00NWVmLThhMDgtNDc3N2ViMzQ4MjBjIiwiYXVkIjoiN2VxNWY0NmdtdDRjaGtwYWJncHVwMTdjZTYiLCJldmVudF9pZCI6IjdhMmZjYjg1LWViYWMtNDlmYS05Y2E4LTE4ODcyMTgzY2RmMCIsInRva2VuX3VzZSI6ImlkIiwiYXV0aF90aW1lIjoxNzc5OTg1Nzg1LCJleHAiOjE3Nzk5ODkzODUsImlhdCI6MTc3OTk4NTc4NSwianRpIjoiOWUzMjc2Y2MtZDUwMS00YTkwLThhMGMtN2JkMjIyNWI4NjAwIiwiZW1haWwiOiJmaW5hbmNpZXJvLTIxN0BiaXRlY28uY29tIn0.abTfKo88CS6ZKwdvZ03cIDw_i1vrBnibPvl8ZykeZoN5EttObyzEHbvsUaehFlA7oSoV2bzlCyzqHSzKtQ2WYncLaA4COpaCNXEY9TptXkIRG7OxAUpWrieCV-6iSYv1jRRF2T0td05ssSxxq5DLiCg2wtgBG8csyoencOwVx1c0RRQAivsLdfrLofZUITDgVCckT5HGNKTKdhUtQEsrd5AV6yuzk9teHcHP-ozpFp-fPpDu9tsIc6RIiyeJ-_z6lfdILbrJqWOtd525IQvYBk-peCKl8963dvllZotOr8zY7VCUHq37TsPIUfepDsgOXWFKSbZz5O0Eil4bCWxh1w
financiero-218,financiero,9,2026,3,eyJraWQiOiJEZ0VqOWg3UkwxeE1mcTV6dm1XcnlhWHdPZTZ3eW9WRDFNMDBVeENYaUUwPSIsImFsZyI6IlJTMjU2In0.eyJzdWIiOiIwNGM4NzRkOC00MGYxLTcwZjUtYTJmMy1hMGI4NGMwOWZjYWEiLCJjb2duaXRvOmdyb3VwcyI6WyJmaW5hbmNpZXJvIl0sImVtYWlsX3ZlcmlmaWVkIjp0cnVlLCJpc3MiOiJodHRwczovL2NvZ25pdG8taWRwLnVzLWVhc3QtMS5hbWF6b25hd3MuY29tL3VzLWVhc3QtMV9RR2hSTkpOY3MiLCJjb2duaXRvOnVzZXJuYW1lIjoiZmluYW5jaWVyby0yMTgiLCJvcmlnaW5fanRpIjoiZTQyYzgzMGMtZmE1MC00ZjM5LTg4YjQtYmI1MmRkZmVhNmNlIiwiYXVkIjoiN2VxNWY0NmdtdDRjaGtwYWJncHVwMTdjZTYiLCJldmVudF9pZCI6IjllZjYwMmU1LWM3N2EtNDRiYy1iY2FjLTg3ODNkZGEzZjI2ZSIsInRva2VuX3VzZSI6ImlkIiwiYXV0aF90aW1lIjoxNzc5OTg1Nzg2LCJleHAiOjE3Nzk5ODkzODYsImlhdCI6MTc3OTk4NTc4NiwianRpIjoiZjVkNmY4NmYtOGI5Ni00NjI3LTlmZTktOTU3NDY1NzQwYjlmIiwiZW1haWwiOiJmaW5hbmNpZXJvLTIxOEBiaXRlY28uY29tIn0.ifbj8ZNMTcI2-RKUPBLDmuGphdv4Ukz25ncjLMY_OyrJsJr2oS-e3yfltpWWIqmdnN4ZinPZQIZZfNCW_ocPbevBHAB7rGdZviVuzoqf5n0Vpx1hm7Z9C8pkQCWYc_9k4ahdzPS15FpwdTE4jvEjcXJAdf8q-BjMVTNeMpOBMZZRK4YwXH3E7c4I_dbj6i7Pl6zy6-O4narZ0oLnGDCt0_49bPgbTBeFZNjy4J8lu8q6yuNoLdFoMfUceEhKY-Y8LXXPZAFez3ktWcFPwt8dy42Ie2FgmZBDSLcPAQz8MjMGZ9Enj2MKsTeEfVvMEjCYsnD3DkOHGahV4_YXsl4miA
financiero-219,financiero,10,2026,4,eyJraWQiOiJEZ0VqOWg3UkwxeE1mcTV6dm1XcnlhWHdPZTZ3eW9WRDFNMDBVeENYaUUwPSIsImFsZyI6IlJTMjU2In0.eyJzdWIiOiIwNGI4YjQ1OC1iMDIxLTcwMDMtNGQwMy1kZjMwNzNlMGRjMGYiLCJjb2duaXRvOmdyb3VwcyI6WyJmaW5hbmNpZXJvIl0sImVtYWlsX3ZlcmlmaWVkIjp0cnVlLCJpc3MiOiJodHRwczovL2NvZ25pdG8taWRwLnVzLWVhc3QtMS5hbWF6b25hd3MuY29tL3VzLWVhc3QtMV9RR2hSTkpOY3MiLCJjb2duaXRvOnVzZXJuYW1lIjoiZmluYW5jaWVyby0yMTkiLCJvcmlnaW5fanRpIjoiZDdiZTkwNjUtMzEzMC00MTM3LWIzNjItMzFjM2I2NGE2ZGE0IiwiYXVkIjoiN2VxNWY0NmdtdDRjaGtwYWJncHVwMTdjZTYiLCJldmVudF9pZCI6Ijk5YjdhZTNiLTA5MmMtNDc0Ny05ODQwLTYwZWI3OTA1MDQyYyIsInRva2VuX3VzZSI6ImlkIiwiYXV0aF90aW1lIjoxNzc5OTg1Nzg2LCJleHAiOjE3Nzk5ODkzODYsImlhdCI6MTc3OTk4NTc4NiwianRpIjoiNDA4MThkMjctODg1Ny00MGRkLTgyNmQtYmIxY2JhYmQ2NjU3IiwiZW1haWwiOiJmaW5hbmNpZXJvLTIxOUBiaXRlY28uY29tIn0.RQ4B35kjygHAnLfEWEtQgm-Lr6h0nbn1wNZZxKMXpfLumsG1Q5s2s0Wa_2YdZfUnyh3bCD0tq4ifDNAujfcAuQ_j4SIC2Dbcti4bfj5r7d1u7DZRImFmnXvS0S0CA088o0u9I4CBUpcZLel5Z01y4fRBkC2z2PMTuHCppY2UZp9vN2sP8xMSjF5EQdC9V6hvx3-FsoMCas4jo6IL1AwdTPARhIzBz9Adsu2obkqB4TxP-feZACREn0b5VaHABQk92l12AdfeDccNQPQ07ooawPgjy_9e_L9KovkfB9WAVWJgZnnkjI1NtsdSZDM6aIU42Lypu6NoeeTPzjy8cMMEEg
financiero-220,financiero,1,2026,1,eyJraWQiOiJEZ0VqOWg3UkwxeE1mcTV6dm1XcnlhWHdPZTZ3eW9WRDFNMDBVeENYaUUwPSIsImFsZyI6IlJTMjU2In0.eyJzdWIiOiI2NDI4NDRlOC03MDUxLTcwZjYtM2MwYi0wMGZkYmQ2YTMyY2YiLCJjb2duaXRvOmdyb3VwcyI6WyJmaW5hbmNpZXJvIl0sImVtYWlsX3ZlcmlmaWVkIjp0cnVlLCJpc3MiOiJodHRwczovL2NvZ25pdG8taWRwLnVzLWVhc3QtMS5hbWF6b25hd3MuY29tL3VzLWVhc3QtMV9RR2hSTkpOY3MiLCJjb2duaXRvOnVzZXJuYW1lIjoiZmluYW5jaWVyby0yMjAiLCJvcmlnaW5fanRpIjoiYjJjZDQxZGItMzU0OC00YTU4LWEyOWItMmViM2VkMjFlYmM3IiwiYXVkIjoiN2VxNWY0NmdtdDRjaGtwYWJncHVwMTdjZTYiLCJldmVudF9pZCI6ImQwOTdmY2NlLWVjMjAtNGI1OC1hOGM0LWQyMTQ5ZGY1ZDMyNyIsInRva2VuX3VzZSI6ImlkIiwiYXV0aF90aW1lIjoxNzc5OTg1Nzg2LCJleHAiOjE3Nzk5ODkzODYsImlhdCI6MTc3OTk4NTc4NiwianRpIjoiYTdiMjRjYTAtNmUyNi00NDliLWE2MWMtZWIyNDE5YmIwMTk3IiwiZW1haWwiOiJmaW5hbmNpZXJvLTIyMEBiaXRlY28uY29tIn0.m5FG2ne7Mt6yQMzIGs6xV-q5CEWJqXwabCXu3pyX0INS_SEI4b-xvLrd74ctXttCF7yWTjjTL101GbPbxE-b3N96-Fi8BHrReYTlXXmXPghOaZEmcn3NqyRWatyLw7nuMoT14wBdiGvr_HKJhvzVaOQ0qncEdqOMxdqVl4-tdTM7ib6U92PaOoerqMmqHypSc_Gd0JrIuaT9an5mllph59OAFAstT7yPLgYnC82Wb2Es_Ma76RufXMTWOE2wtoUMHqSONIB7ZEniMp6Uk9AZOUc4V48E83q8TISorakmkgTc4agpnZeBgIaIIlTEZ10gQHHwKLzkq9IYWpkAkbDgzw
financiero-221,financiero,2,2026,2,eyJraWQiOiJEZ0VqOWg3UkwxeE1mcTV6dm1XcnlhWHdPZTZ3eW9WRDFNMDBVeENYaUUwPSIsImFsZyI6IlJTMjU2In0.eyJzdWIiOiJjNGU4YjQyOC1lMDExLTcwOTEtYTc3Ni1jNTc4OGExYzhmZWQiLCJjb2duaXRvOmdyb3VwcyI6WyJmaW5hbmNpZXJvIl0sImVtYWlsX3ZlcmlmaWVkIjp0cnVlLCJpc3MiOiJodHRwczovL2NvZ25pdG8taWRwLnVzLWVhc3QtMS5hbWF6b25hd3MuY29tL3VzLWVhc3QtMV9RR2hSTkpOY3MiLCJjb2duaXRvOnVzZXJuYW1lIjoiZmluYW5jaWVyby0yMjEiLCJvcmlnaW5fanRpIjoiY2VlZGIzZjktYTA3ZC00NDI2LWI1ZDAtYzZlNmI1NzE2MDA5IiwiYXVkIjoiN2VxNWY0NmdtdDRjaGtwYWJncHVwMTdjZTYiLCJldmVudF9pZCI6ImVkNGUzYWYxLTcwMTctNDMxOS1iMzZhLTIyZTIzYTU3M2U5MiIsInRva2VuX3VzZSI6ImlkIiwiYXV0aF90aW1lIjoxNzc5OTg1Nzg2LCJleHAiOjE3Nzk5ODkzODYsImlhdCI6MTc3OTk4NTc4NiwianRpIjoiNzdkN2I4MDItOTI0ZS00ZTJmLWI5YzUtMDczNjZhZGM3YTA0IiwiZW1haWwiOiJmaW5hbmNpZXJvLTIyMUBiaXRlY28uY29tIn0.sI1HD9s58RqS8RvJEprtwrl_fKmrGnZ4AyWTGezbA7XAMONJUdBZ4ZByUJoHnDb9HCEdySUBK1uUtU0Q3jSTpGLMNYnIl5bf_GmF_BSynfc29mobimAb5DvBFR5GuE2RcmzI7MjMsPwUMqkX3lR6Ncn9fID7K9VUyGCdsoRFFQg98zSEqUFxwOdAqcTfCZggAFljR6fpD0HnMfep5pQsIDm7VWOEAWEwXjntrqdNYiYZktqXODyXwiKo-3xQotfQnW5HiUXSTNapWh2kaakIjaD15RvxRRjg16hmoEDmyxQ1sVhWQy-311br3O_OtEs6J5bGr35ScaP1rOnXwqGaqA
financiero-222,financiero,3,2026,3,eyJraWQiOiJEZ0VqOWg3UkwxeE1mcTV6dm1XcnlhWHdPZTZ3eW9WRDFNMDBVeENYaUUwPSIsImFsZyI6IlJTMjU2In0.eyJzdWIiOiJmNDA4NjQ0OC1kMGExLTcwNTUtZTlhMC0xN2NhODc5NDVmMmYiLCJjb2duaXRvOmdyb3VwcyI6WyJmaW5hbmNpZXJvIl0sImVtYWlsX3ZlcmlmaWVkIjp0cnVlLCJpc3MiOiJodHRwczovL2NvZ25pdG8taWRwLnVzLWVhc3QtMS5hbWF6b25hd3MuY29tL3VzLWVhc3QtMV9RR2hSTkpOY3MiLCJjb2duaXRvOnVzZXJuYW1lIjoiZmluYW5jaWVyby0yMjIiLCJvcmlnaW5fanRpIjoiOTMwNmMzZmMtMTZkNS00NWY2LWJmZTAtODQwYWQ2N2I0ZGMxIiwiYXVkIjoiN2VxNWY0NmdtdDRjaGtwYWJncHVwMTdjZTYiLCJldmVudF9pZCI6ImQzZTg0YzJkLTU1NzktNGY1ZC05ZTVkLWE4NTUyMTM1ZWIzMCIsInRva2VuX3VzZSI6ImlkIiwiYXV0aF90aW1lIjoxNzc5OTg1Nzg3LCJleHAiOjE3Nzk5ODkzODcsImlhdCI6MTc3OTk4NTc4NywianRpIjoiNDEzOTI1MjQtNjE4OS00ZjRhLTlkNTMtYzcwMzRjMmE5MzI5IiwiZW1haWwiOiJmaW5hbmNpZXJvLTIyMkBiaXRlY28uY29tIn0.d5V7krPyyFs-xykFrU-aM4N9okMkPe56qrykXzPhBGmtFsZiZ7Y8sGKxE6WkzOTYaasirZXhUIlGz_-UUIaDffnpoQHj-8oYLbn-5HE0jAG92SZnzQkOt53_RVyMrexNWjbj3URv_WE22s5QodrHY1Wo9-0Lm4gtQyCH1ekqfo3aAOSSl-ccjA188euNZicr9frvGgu5ZBDR7pbDyx4dUutT4RmeQItkbgBMoKFuZIZP4icthxH4Jnc8ppdE5axWSH6tdlePPxNMbD-D5ZClpDR2o1mu8FtdI08Mb6629hYxiB8rpjVGMgWbbpoURSmfjNKZwYGRh9CQyfp2Y9ugUw
financiero-223,financiero,4,2026,4,eyJraWQiOiJEZ0VqOWg3UkwxeE1mcTV6dm1XcnlhWHdPZTZ3eW9WRDFNMDBVeENYaUUwPSIsImFsZyI6IlJTMjU2In0.eyJzdWIiOiJhNDM4OTRkOC1hMGExLTcwMjAtNTE5MS00YjhlMTUyNDZkZDkiLCJjb2duaXRvOmdyb3VwcyI6WyJmaW5hbmNpZXJvIl0sImVtYWlsX3ZlcmlmaWVkIjp0cnVlLCJpc3MiOiJodHRwczovL2NvZ25pdG8taWRwLnVzLWVhc3QtMS5hbWF6b25hd3MuY29tL3VzLWVhc3QtMV9RR2hSTkpOY3MiLCJjb2duaXRvOnVzZXJuYW1lIjoiZmluYW5jaWVyby0yMjMiLCJvcmlnaW5fanRpIjoiYmZjYzQxZGMtMTAwMC00YjdjLWJjYzMtMTg3ZTdhYWFmYmExIiwiYXVkIjoiN2VxNWY0NmdtdDRjaGtwYWJncHVwMTdjZTYiLCJldmVudF9pZCI6ImYyODZkNDQ3LTIzZTUtNGRhOS05NzdlLTFiNjRkNDU0NzBkOCIsInRva2VuX3VzZSI6ImlkIiwiYXV0aF90aW1lIjoxNzc5OTg1Nzg3LCJleHAiOjE3Nzk5ODkzODcsImlhdCI6MTc3OTk4NTc4NywianRpIjoiYTViN2Q2YTctNDFhZS00NDA1LTliNDEtZDAwNDEyZjAxZDkyIiwiZW1haWwiOiJmaW5hbmNpZXJvLTIyM0BiaXRlY28uY29tIn0.d-97dhRNEQe2mAJLVJc7PLvLjb-P0otw7wJ_3xSP_E5hTskh6kQsaFVMWrcypgKokby4C42EBUrJxggxYZ4_dzVt0A9yMSHdwKLcWUsv1F8ev3nrL941u6pzh5Jc3YUkEJT3dW5FsCYr_0Txx_z7yz5bRoMi3WLshNjnekP_g3WaUtrwo-8V9Pb027KObBYNW_JOeTL6OOn-OqL4dDlq4Ga3lUjWzDk9nSOhcL-XGE_bV4lmdimgHpO_HBxTtcDapkotXGBO5fQsihI0lUQmiNor-Voi1Lmknq4jr-jxK5cbTSYyizV8u-j-c3WYhHOViULBXtePk7-LHmneFtuw1Q
financiero-224,financiero,5,2026,1,eyJraWQiOiJEZ0VqOWg3UkwxeE1mcTV6dm1XcnlhWHdPZTZ3eW9WRDFNMDBVeENYaUUwPSIsImFsZyI6IlJTMjU2In0.eyJzdWIiOiI4NGY4YTQ5OC05MGMxLTcwNjctYTBiMy00NGQ0MmFhZGYxNDgiLCJjb2duaXRvOmdyb3VwcyI6WyJmaW5hbmNpZXJvIl0sImVtYWlsX3ZlcmlmaWVkIjp0cnVlLCJpc3MiOiJodHRwczovL2NvZ25pdG8taWRwLnVzLWVhc3QtMS5hbWF6b25hd3MuY29tL3VzLWVhc3QtMV9RR2hSTkpOY3MiLCJjb2duaXRvOnVzZXJuYW1lIjoiZmluYW5jaWVyby0yMjQiLCJvcmlnaW5fanRpIjoiNDlkNjlhNzgtNDQ1Yi00M2E5LWJiOWQtMGEyYzJjMmQxZjdjIiwiYXVkIjoiN2VxNWY0NmdtdDRjaGtwYWJncHVwMTdjZTYiLCJldmVudF9pZCI6Ijg4NTg0YzA3LTZmMjEtNDcwYy04ZjdkLTc2NzBmOTRiOGI1NSIsInRva2VuX3VzZSI6ImlkIiwiYXV0aF90aW1lIjoxNzc5OTg1Nzg3LCJleHAiOjE3Nzk5ODkzODcsImlhdCI6MTc3OTk4NTc4NywianRpIjoiNGI4MmZkMGYtN2U3Ny00Yjg3LTk4MjMtYWYzMTE0NjYyOTI4IiwiZW1haWwiOiJmaW5hbmNpZXJvLTIyNEBiaXRlY28uY29tIn0.k1aH-WJ4v2v_cc79eIfPVJHLKbTVHJc50z_P9Ax5zf_KwZcQaZYjaBZ_EF47L377hPTNVRWMNRZIf8cVkzYHkauCULq-HT65O96QY-eXKDQvE6dK-o6l_UiGNrygGJRwc5xTTjd0mq-4KdKefL0dtIQOZqJGlnk_QwQh4PH9nXtcXuQB1vGE2VA2xC17EJGg3aGClBActv1R4PnvOjSmePzMVBKIyF24mt8jK4FEBU3MAdnknJHhG4ogi2yTHG56U3X3ye0W13jsL8m-q7CSr-zvNWkyvpjHiO8STz7B6MBauIQNQ7opoWEQ6ss03ZeaOy5BpOSfgS7bMbP1jZ7X5Q
financiero-225,financiero,6,2026,2,eyJraWQiOiJEZ0VqOWg3UkwxeE1mcTV6dm1XcnlhWHdPZTZ3eW9WRDFNMDBVeENYaUUwPSIsImFsZyI6IlJTMjU2In0.eyJzdWIiOiJiNDc4YjQ5OC03MGMxLTcwMmMtM2EzZi1jNDFiMWQzMTMzMDUiLCJjb2duaXRvOmdyb3VwcyI6WyJmaW5hbmNpZXJvIl0sImVtYWlsX3ZlcmlmaWVkIjp0cnVlLCJpc3MiOiJodHRwczovL2NvZ25pdG8taWRwLnVzLWVhc3QtMS5hbWF6b25hd3MuY29tL3VzLWVhc3QtMV9RR2hSTkpOY3MiLCJjb2duaXRvOnVzZXJuYW1lIjoiZmluYW5jaWVyby0yMjUiLCJvcmlnaW5fanRpIjoiZGFjNTUyYTYtNGZhYi00ZjQ3LWFjOWEtMDdkMDhjMzUyOTI4IiwiYXVkIjoiN2VxNWY0NmdtdDRjaGtwYWJncHVwMTdjZTYiLCJldmVudF9pZCI6ImIyMTAwYjYxLWUwMTAtNDhjZC1hODIxLTQ0NmQ5OWQ5MTljZiIsInRva2VuX3VzZSI6ImlkIiwiYXV0aF90aW1lIjoxNzc5OTg1Nzg3LCJleHAiOjE3Nzk5ODkzODcsImlhdCI6MTc3OTk4NTc4NywianRpIjoiN2U3N2FjZjAtZDY3MC00OGU1LTk3YzItZmYxNDYzMTNiMjNhIiwiZW1haWwiOiJmaW5hbmNpZXJvLTIyNUBiaXRlY28uY29tIn0.G8oyD8KwL5y4lDLyWYCaNU2zlrZqShA5lmptHNAa-lPGWpIZqSnMqCvErcrYKC7B0rFiojD2XoFW0n1aW8ZbebdXiT-6w55FAPyJIkobtOUVixEhnOv0NkLoSN5HdMVZk8ZepFbbzwfE8Y1VUWaRQPtrabyBdIUwiRyOkp4LzzO_xx-nYneFfK1JU7iNZuQoXi0R3F-bt5jUH_oMqZn7DoIJjJ6aeevJneuCSCuZrx-T0YmMOFid6WYghRcFk9mCRwUBMaTohE78H0WxaeivitazrHYsh9lFy2iv7T34yGKUHLRLw9jnWCG5x4m3tpaEpipjUK1w-c5CIJC-2OGpwA
financiero-226,financiero,7,2026,3,eyJraWQiOiJEZ0VqOWg3UkwxeE1mcTV6dm1XcnlhWHdPZTZ3eW9WRDFNMDBVeENYaUUwPSIsImFsZyI6IlJTMjU2In0.eyJzdWIiOiI2NDA4ZjRlOC0yMGUxLTcwN2ItZjYwMy0yNTdiNmM4MDYwNjciLCJjb2duaXRvOmdyb3VwcyI6WyJmaW5hbmNpZXJvIl0sImVtYWlsX3ZlcmlmaWVkIjp0cnVlLCJpc3MiOiJodHRwczovL2NvZ25pdG8taWRwLnVzLWVhc3QtMS5hbWF6b25hd3MuY29tL3VzLWVhc3QtMV9RR2hSTkpOY3MiLCJjb2duaXRvOnVzZXJuYW1lIjoiZmluYW5jaWVyby0yMjYiLCJvcmlnaW5fanRpIjoiNTEyYjU0OTctMjg0ZS00ZDMwLTk3MmEtNzgzNGEzM2U4ZWM2IiwiYXVkIjoiN2VxNWY0NmdtdDRjaGtwYWJncHVwMTdjZTYiLCJldmVudF9pZCI6ImExYWI3ODQ0LWU0MzAtNGZhMS1iOGM3LTAxMDk0NDc3ZDdlYiIsInRva2VuX3VzZSI6ImlkIiwiYXV0aF90aW1lIjoxNzc5OTg1Nzg4LCJleHAiOjE3Nzk5ODkzODgsImlhdCI6MTc3OTk4NTc4OCwianRpIjoiZWI3YWUyOWQtMzQzNy00ZDAxLTllY2ItMDA4YzUzODA2N2ExIiwiZW1haWwiOiJmaW5hbmNpZXJvLTIyNkBiaXRlY28uY29tIn0.SBd3cHeLoEDf3YF1Fc9zFK4S4OvVpKjm_thOIH9IK6OUaBcsGWmFslHUYUKR_qR3FlKg4kvpJIcmxjz7Fiz7R2PVjtmuCX22uvJh1SBaKrES2k6-472i5eGOoIHhcGb14dcTr7MqW5zTsoIW1zmRwEv9rbR0MKeTwu_cibFpTKPNL_a-J1hVim-3dX4SymY-9w9pUGdX28ZVPGIl6GbcP0IIdNatzi3XZBiycJEiMmLPLzKBaKMtu3H4XvddUwHlDVETdj8OjBtcoULJzo6-HKWqY1JgFsdo11OltbR11uzAhO4fWHy7kUjxYY4Vpa7Ln45c3sb_wz4z5iyvI0Va2A
financiero-227,financiero,8,2026,4,eyJraWQiOiJEZ0VqOWg3UkwxeE1mcTV6dm1XcnlhWHdPZTZ3eW9WRDFNMDBVeENYaUUwPSIsImFsZyI6IlJTMjU2In0.eyJzdWIiOiIyNDE4MDQ1OC0zMDUxLTcwZTMtYjk5YS0zYzYzOWMyMjRjZGUiLCJjb2duaXRvOmdyb3VwcyI6WyJmaW5hbmNpZXJvIl0sImVtYWlsX3ZlcmlmaWVkIjp0cnVlLCJpc3MiOiJodHRwczovL2NvZ25pdG8taWRwLnVzLWVhc3QtMS5hbWF6b25hd3MuY29tL3VzLWVhc3QtMV9RR2hSTkpOY3MiLCJjb2duaXRvOnVzZXJuYW1lIjoiZmluYW5jaWVyby0yMjciLCJvcmlnaW5fanRpIjoiOGM5N2VkZmItNjA0Mi00MzI5LTk0N2YtMWY0NWU1NTc3NWEyIiwiYXVkIjoiN2VxNWY0NmdtdDRjaGtwYWJncHVwMTdjZTYiLCJldmVudF9pZCI6IjM3NjA1YWMwLTVlOTEtNDRiMy04Y2UxLTZhNTg4Y2VkMzhhMiIsInRva2VuX3VzZSI6ImlkIiwiYXV0aF90aW1lIjoxNzc5OTg1Nzg4LCJleHAiOjE3Nzk5ODkzODgsImlhdCI6MTc3OTk4NTc4OCwianRpIjoiZTA0NzFiZTgtNzZkZi00YWI5LWEwZmEtNTc5OGZlZGUyNWFjIiwiZW1haWwiOiJmaW5hbmNpZXJvLTIyN0BiaXRlY28uY29tIn0.0ZQmMN70HQJQyL4o25p0x1i0LUKOv_giP8QtTX204AAIkd8UmLHzE7Eq4UBG3ipxZqi50v3C3dYioSg-JXKQwfEcuSVqw2o5suK4z1A8MLfc4sAecRWybMYRFB7fyV83NwggqU6M2x1PSRzVsUtiP7m_Y76G-s0G1Q2mDNz_ooZ7iHJxnYrZzjX1sW9aM2BAuKMwlq1rNGVq6kifWz1FhaM0Mw9lXiVSk2N29Ul3-IE44ABq8eDssTGUThOPRGzYaxW4gxehnK9Znbfge-dm53EQPsYY9xIaEtwpeLcquzizMN0be_6URcgb-I8INM9vV1lUcEavAzLa4TqStDoT1Q
financiero-228,financiero,9,2026,1,eyJraWQiOiJEZ0VqOWg3UkwxeE1mcTV6dm1XcnlhWHdPZTZ3eW9WRDFNMDBVeENYaUUwPSIsImFsZyI6IlJTMjU2In0.eyJzdWIiOiIyNDU4NzQwOC03MDkxLTcwNjgtYzgwMy1iMmNjMDJiMzU5YTMiLCJjb2duaXRvOmdyb3VwcyI6WyJmaW5hbmNpZXJvIl0sImVtYWlsX3ZlcmlmaWVkIjp0cnVlLCJpc3MiOiJodHRwczovL2NvZ25pdG8taWRwLnVzLWVhc3QtMS5hbWF6b25hd3MuY29tL3VzLWVhc3QtMV9RR2hSTkpOY3MiLCJjb2duaXRvOnVzZXJuYW1lIjoiZmluYW5jaWVyby0yMjgiLCJvcmlnaW5fanRpIjoiMWRiN2NlY2MtZWJjMy00NDg0LWFjYjAtM2E2YTYxZTVjNTVhIiwiYXVkIjoiN2VxNWY0NmdtdDRjaGtwYWJncHVwMTdjZTYiLCJldmVudF9pZCI6IjY4MWNmZWY1LWY0ZjUtNDhlNi1iNjcwLTIxMzRhZDc4Nzg5YiIsInRva2VuX3VzZSI6ImlkIiwiYXV0aF90aW1lIjoxNzc5OTg1Nzg4LCJleHAiOjE3Nzk5ODkzODgsImlhdCI6MTc3OTk4NTc4OCwianRpIjoiM2Y5MmRiN2UtNjM4ZC00NGNiLTk3NzUtM2JjN2JlMTg0N2YwIiwiZW1haWwiOiJmaW5hbmNpZXJvLTIyOEBiaXRlY28uY29tIn0.3FraqIH7yljbU2EIs9QqPggeveHPFjux8kqfM2Q9EbIpl8T2S39TWXUHB1GwR2CTV9Lyv_3GyD0LtQehUMT0Dp0ZWGi7n4JPAY8vdbCGqEdt5XAbggdB1p8RUuAKkRXBn0sWEHD4srBz9ogW7Yv7xvPrcmEWAXY67wr6zieel5NPavm740JTrUcpjFSJ07kJS73xRyAQf0jrmNwrz9AK7TKcrrg6r0IXFMH51pwSpQtfjrPSoissKamwZWTjMDJqaZsA6X4IHShCzKAalFzqotspmMx_gkGSkdjJoYnNeJ-yyOrT7iB_Hg962rAJ3WdNZSBdev7ci913GKpqc-EDGg
financiero-229,financiero,10,2026,2,eyJraWQiOiJEZ0VqOWg3UkwxeE1mcTV6dm1XcnlhWHdPZTZ3eW9WRDFNMDBVeENYaUUwPSIsImFsZyI6IlJTMjU2In0.eyJzdWIiOiJjNGQ4NzRmOC02MDQxLTcwNzYtOTI1ZS02NWJkMzhmNTgyMWQiLCJjb2duaXRvOmdyb3VwcyI6WyJmaW5hbmNpZXJvIl0sImVtYWlsX3ZlcmlmaWVkIjp0cnVlLCJpc3MiOiJodHRwczovL2NvZ25pdG8taWRwLnVzLWVhc3QtMS5hbWF6b25hd3MuY29tL3VzLWVhc3QtMV9RR2hSTkpOY3MiLCJjb2duaXRvOnVzZXJuYW1lIjoiZmluYW5jaWVyby0yMjkiLCJvcmlnaW5fanRpIjoiYzgxMmFlNGYtMTA3Yi00ZmJlLWJkNWQtZDBiMjBlMWE3YWZkIiwiYXVkIjoiN2VxNWY0NmdtdDRjaGtwYWJncHVwMTdjZTYiLCJldmVudF9pZCI6ImNhZWYwMTZkLWJiMjktNDI1Yy05NDg1LTllMWI3NDkxMDljNCIsInRva2VuX3VzZSI6ImlkIiwiYXV0aF90aW1lIjoxNzc5OTg1Nzg4LCJleHAiOjE3Nzk5ODkzODgsImlhdCI6MTc3OTk4NTc4OCwianRpIjoiODk0MmVmNDEtMDBiZC00Yzc0LWIzYjQtZGNhZTI0NTI1Y2RiIiwiZW1haWwiOiJmaW5hbmNpZXJvLTIyOUBiaXRlY28uY29tIn0.rfpdlBfo2MlMeUC84WmBJlFIuq7j0JXG-xPeO9BzrzIv6kwL3w3Vp_NouLn9CEDLmdidNikF6SV9qszZViM9e8hjJ8YCB_H12vf-JsQa3929FIn4gn9IbWIi_md5IPvIvzILIYMAlhVIQQOruBBjZonaQNsUzsK6hmi15QymEy-apjMTJTn2-RqAS_8MC4iaIx46zkuXU25fWcpp89mpIfV0dlcAODPwKLvDyr0u1YuYJtSWflr8bIZxoiyXQdef75DpUl-Zwh9Y7rDeaOr0n4hARvsYnYy29sj44bymO4tSPwOcdwMxJqqRtra6EY7cf4KqpOXukkKVrGjpuKTBaA
financiero-230,financiero,1,2026,3,eyJraWQiOiJEZ0VqOWg3UkwxeE1mcTV6dm1XcnlhWHdPZTZ3eW9WRDFNMDBVeENYaUUwPSIsImFsZyI6IlJTMjU2In0.eyJzdWIiOiI0NDE4YTQ0OC00MGQxLTcwNGItMzQ4ZS1iZTc2YzMwNWQ4ODQiLCJjb2duaXRvOmdyb3VwcyI6WyJmaW5hbmNpZXJvIl0sImVtYWlsX3ZlcmlmaWVkIjp0cnVlLCJpc3MiOiJodHRwczovL2NvZ25pdG8taWRwLnVzLWVhc3QtMS5hbWF6b25hd3MuY29tL3VzLWVhc3QtMV9RR2hSTkpOY3MiLCJjb2duaXRvOnVzZXJuYW1lIjoiZmluYW5jaWVyby0yMzAiLCJvcmlnaW5fanRpIjoiZGU0MGUwNjEtOGRlYy00ZTFiLTk5ZDYtZTRjMDNlODY5OTk0IiwiYXVkIjoiN2VxNWY0NmdtdDRjaGtwYWJncHVwMTdjZTYiLCJldmVudF9pZCI6IjM1NTFiYTlhLWQ5YjYtNGE5Ny1hMDBkLWUwNWJiZmMxZDdjYSIsInRva2VuX3VzZSI6ImlkIiwiYXV0aF90aW1lIjoxNzc5OTg1Nzg5LCJleHAiOjE3Nzk5ODkzODksImlhdCI6MTc3OTk4NTc4OSwianRpIjoiZDcyMzc1ZjgtM2QxOS00MmZiLWFkMmItZmUxMDYxNjIwODdkIiwiZW1haWwiOiJmaW5hbmNpZXJvLTIzMEBiaXRlY28uY29tIn0.Uny7NvDCnHnDRyllAo2H9Cvzw_FqX21f399RelLP8BagpDb8xEoWnbvWrBdBSBAZksUSdjSq7N-ZALezyIDCn_aIzG-UEhCyr3L7v7yPBjSISKf9hzDYqik8c69Atd4IMEQ_hC7ja8VJqnxkN3nCzmyByutm43iqb_0O70eu7wu518L8rtNIlZ1WEElV5gvOtjt4Ev42oZJNzqwBhbiU_b3o0qmAS6V7gOjvqKlG3hXv5FoRonDCnBN3dmVVGkZl2oZnRpsk5B64ZqjaADbCvwBc00uPBYGJx9buJ5pyGeBlb2zgUJi_SFw37d8kSSRhzk54LreGJIpRkGVF-udA9Q
financiero-231,financiero,2,2026,4,eyJraWQiOiJEZ0VqOWg3UkwxeE1mcTV6dm1XcnlhWHdPZTZ3eW9WRDFNMDBVeENYaUUwPSIsImFsZyI6IlJTMjU2In0.eyJzdWIiOiI4NDM4MjQzOC1hMDAxLTcwZGEtYmM0Zi0zNGMxZWVmZGI3NDIiLCJjb2duaXRvOmdyb3VwcyI6WyJmaW5hbmNpZXJvIl0sImVtYWlsX3ZlcmlmaWVkIjp0cnVlLCJpc3MiOiJodHRwczovL2NvZ25pdG8taWRwLnVzLWVhc3QtMS5hbWF6b25hd3MuY29tL3VzLWVhc3QtMV9RR2hSTkpOY3MiLCJjb2duaXRvOnVzZXJuYW1lIjoiZmluYW5jaWVyby0yMzEiLCJvcmlnaW5fanRpIjoiNDE3ZmRkYjQtYWYyMi00OGM3LWJhN2MtODlmNjBkZGE3NTlhIiwiYXVkIjoiN2VxNWY0NmdtdDRjaGtwYWJncHVwMTdjZTYiLCJldmVudF9pZCI6ImVmNzRlNjY4LTM2YTItNGQ5OC05MDBmLWJkYWNjNDMxYTMzNSIsInRva2VuX3VzZSI6ImlkIiwiYXV0aF90aW1lIjoxNzc5OTg1Nzg5LCJleHAiOjE3Nzk5ODkzODksImlhdCI6MTc3OTk4NTc4OSwianRpIjoiMTQ5YWM0ZTgtZmE4NS00ZjllLWEwNTYtZTljNjY0NGMzMjI1IiwiZW1haWwiOiJmaW5hbmNpZXJvLTIzMUBiaXRlY28uY29tIn0.3WlADdO5fmywM23XPyQ619d4UbZcwUBoj3spX2ObZhtFlPl7_C3p5qXr3o_Vptl177sqN7wjT6tJzrcrAzwaNL18RnYkm7YL8syI_OS0St9ijMjAex4rpMcwouZvydDaSyD-_ylSDXYgvl-c1EVWxSflDKIdJSs42q8AovulC979aPOO2XHFXy4StIq6g_iuZzMcCvfEnoHfm_GmF3UOX-BWlMs52tqijz2SUuPjlEceGdtbrTm6PXxdF7TCoXRQ0ZXhaVgAZVuC63wdIJZ50cxgIhRT0M1rXT4MkFTbaXKERySUGlgaPozx1v3d5_QzKXloQzSEw2R4k4GeQDg-Vw
financiero-232,financiero,3,2026,1,eyJraWQiOiJEZ0VqOWg3UkwxeE1mcTV6dm1XcnlhWHdPZTZ3eW9WRDFNMDBVeENYaUUwPSIsImFsZyI6IlJTMjU2In0.eyJzdWIiOiIwNGY4MDQyOC0yMGExLTcwZDEtMWFmOC0wNzFkOWM0MWFkODciLCJjb2duaXRvOmdyb3VwcyI6WyJmaW5hbmNpZXJvIl0sImVtYWlsX3ZlcmlmaWVkIjp0cnVlLCJpc3MiOiJodHRwczovL2NvZ25pdG8taWRwLnVzLWVhc3QtMS5hbWF6b25hd3MuY29tL3VzLWVhc3QtMV9RR2hSTkpOY3MiLCJjb2duaXRvOnVzZXJuYW1lIjoiZmluYW5jaWVyby0yMzIiLCJvcmlnaW5fanRpIjoiZDZiMjRkZDMtZWNmYy00Nzk2LWE4OTMtMThkMmMxMWVhOTBlIiwiYXVkIjoiN2VxNWY0NmdtdDRjaGtwYWJncHVwMTdjZTYiLCJldmVudF9pZCI6ImYzNjI4MjgwLWY4NDQtNGY5Zi04YmNlLWJiYmM4YWIyMzdhYSIsInRva2VuX3VzZSI6ImlkIiwiYXV0aF90aW1lIjoxNzc5OTg1Nzg5LCJleHAiOjE3Nzk5ODkzODksImlhdCI6MTc3OTk4NTc4OSwianRpIjoiNGI2ZDQ0ZTItNzBhZC00YzM4LWIwZjYtODc1ZGI5ZTdhZGY2IiwiZW1haWwiOiJmaW5hbmNpZXJvLTIzMkBiaXRlY28uY29tIn0.ohhaGJSPSTfrVO_CcneuUFQvT_sj6NtfeQaX45nzz3-hifThINJ_taTpg5Y3QOzoR1ylpZrI9jQewl_Ak1HTiZCE_NNVqPEsrtXiKHavWtgYdUzC3dlXUYFytptNEqt19XmBTWeGlM-L6AKlseOWXLQxc0twQYtCfRWIKY3Vb8_rH458odu98az5U2qaeoyaqbpBwcHd9xXaqnl9NMZXBCX_3fP4Fnu3XKq9edsztGjd6-mbEs2w1wN4wAILcZWQKRGP26yMqV9QOEILgO-j5TCXuG9bzeclbdMiI1xbVIiBR2JF1tzesXnEif-xWayFovy3SLoQ4c2S1-cW4MUnFw
financiero-233,financiero,4,2026,2,eyJraWQiOiJEZ0VqOWg3UkwxeE1mcTV6dm1XcnlhWHdPZTZ3eW9WRDFNMDBVeENYaUUwPSIsImFsZyI6IlJTMjU2In0.eyJzdWIiOiJmNDU4MzQ4OC0yMDkxLTcwNGItM2QxMS1iNzgxZWRkZGY3MDYiLCJjb2duaXRvOmdyb3VwcyI6WyJmaW5hbmNpZXJvIl0sImVtYWlsX3ZlcmlmaWVkIjp0cnVlLCJpc3MiOiJodHRwczovL2NvZ25pdG8taWRwLnVzLWVhc3QtMS5hbWF6b25hd3MuY29tL3VzLWVhc3QtMV9RR2hSTkpOY3MiLCJjb2duaXRvOnVzZXJuYW1lIjoiZmluYW5jaWVyby0yMzMiLCJvcmlnaW5fanRpIjoiMDY0NDM1NjgtODQ2ZC00ZmMyLWFhYWMtYjhjOWU5MDZiYzIzIiwiYXVkIjoiN2VxNWY0NmdtdDRjaGtwYWJncHVwMTdjZTYiLCJldmVudF9pZCI6IjBjYjEwNDAzLTM4OGYtNGNjNC05MWQ2LWRlYzcwMWExYTE3YyIsInRva2VuX3VzZSI6ImlkIiwiYXV0aF90aW1lIjoxNzc5OTg1Nzg5LCJleHAiOjE3Nzk5ODkzODksImlhdCI6MTc3OTk4NTc4OSwianRpIjoiZjNiNTE5NDMtYmRkMi00YWJlLWE4YjUtZjJhMzVmY2Q2MWFiIiwiZW1haWwiOiJmaW5hbmNpZXJvLTIzM0BiaXRlY28uY29tIn0.GB59um2Eg2dLFyzVqvEuQo69bwvq1gGPNKrf1GvspKTUrEAUriWrJakySUs4FcCVMqKhTqs6jizaTDGg7aYW9U4EZs-9rO4S6w0FM5WaWN9nx5Ido_IUxIgCvwNOjvfj4ULtCvorCEmm8kfXo8XJQkOAgPhhDoZsEt4SI_D5cYeSDdGyICBqtGDrWLKpLfknvNSlLv_uo_4jbVGTzyLSutlka_SjqIGOXCUnmt2KC-mpdbfNnTcH2v0lgTjCK-K2-9I8Y12POur0Z1HEVoxiiCOhP75ftOmTS4QGmCKIzcShyA72zMzfMY1Iwuf-0jfn-3YyiROzAL78bwcP0vRQ8Q
financiero-234,financiero,5,2026,3,eyJraWQiOiJEZ0VqOWg3UkwxeE1mcTV6dm1XcnlhWHdPZTZ3eW9WRDFNMDBVeENYaUUwPSIsImFsZyI6IlJTMjU2In0.eyJzdWIiOiI3NGM4MTQ3OC1iMGIxLTcwMmEtMWMxZi01YjM4MmMxMjc4OTkiLCJjb2duaXRvOmdyb3VwcyI6WyJmaW5hbmNpZXJvIl0sImVtYWlsX3ZlcmlmaWVkIjp0cnVlLCJpc3MiOiJodHRwczovL2NvZ25pdG8taWRwLnVzLWVhc3QtMS5hbWF6b25hd3MuY29tL3VzLWVhc3QtMV9RR2hSTkpOY3MiLCJjb2duaXRvOnVzZXJuYW1lIjoiZmluYW5jaWVyby0yMzQiLCJvcmlnaW5fanRpIjoiNzZiMzY3MmUtODQyMy00MjFjLTk4ZjktNDMwMzA4NmI3ZTk4IiwiYXVkIjoiN2VxNWY0NmdtdDRjaGtwYWJncHVwMTdjZTYiLCJldmVudF9pZCI6IjQ0MDhiMjEzLWQ2YjAtNDlkMi04ZjcwLWY5NWJiYTYwNDRkYiIsInRva2VuX3VzZSI6ImlkIiwiYXV0aF90aW1lIjoxNzc5OTg1NzkwLCJleHAiOjE3Nzk5ODkzOTAsImlhdCI6MTc3OTk4NTc5MCwianRpIjoiNmNlMDc4NjAtODNhMS00MWY2LThkMzgtODNiM2UyZDJmZWM4IiwiZW1haWwiOiJmaW5hbmNpZXJvLTIzNEBiaXRlY28uY29tIn0.ho8CTtwzeP0RvNOfx_sGaUr8-c0XB6TNMbf2ZU90sryoDHO0_S7f8Y25-PKwd3TAxX97VfqpQ_WMnaR_F-I61dzkS6FGJrSZ--ywVtHzZG25qoHsAnUUJNWatZfnoZR7P-qX7WK5mrI-lpBZDyzOsqvq9HAdBkf_02BbNWBUrVqawM__T8ZAaMs4AFYk1amuGKMv5dmGfOHzgdXyTUJmwv2TzTzIPxW9B55pAktbl27nWNPu2hQjCTDj3goK1DsKmhc-h8zUkJMfVUOzcWX3_xF2a3v0amWAZYoYXv3g9GAOYT2_8ZWOyEgjNnSVrniiYVTtkmd9A5oI6ZSV4bI0-w
financiero-235,financiero,6,2026,4,eyJraWQiOiJEZ0VqOWg3UkwxeE1mcTV6dm1XcnlhWHdPZTZ3eW9WRDFNMDBVeENYaUUwPSIsImFsZyI6IlJTMjU2In0.eyJzdWIiOiIzNDI4ZDQ0OC0wMDExLTcwZjktMDY1My1hYzIzYzNlNmU2MGUiLCJjb2duaXRvOmdyb3VwcyI6WyJmaW5hbmNpZXJvIl0sImVtYWlsX3ZlcmlmaWVkIjp0cnVlLCJpc3MiOiJodHRwczovL2NvZ25pdG8taWRwLnVzLWVhc3QtMS5hbWF6b25hd3MuY29tL3VzLWVhc3QtMV9RR2hSTkpOY3MiLCJjb2duaXRvOnVzZXJuYW1lIjoiZmluYW5jaWVyby0yMzUiLCJvcmlnaW5fanRpIjoiNmMwNTY5MzQtMjk1Yy00ZWU5LWEzYmYtZTQzYzUyOTM2ODY4IiwiYXVkIjoiN2VxNWY0NmdtdDRjaGtwYWJncHVwMTdjZTYiLCJldmVudF9pZCI6IjdiMWYwNWJlLTZjYWItNDRhMS1hMjVmLTIyZTY4NTNkZmUxYSIsInRva2VuX3VzZSI6ImlkIiwiYXV0aF90aW1lIjoxNzc5OTg1NzkwLCJleHAiOjE3Nzk5ODkzOTAsImlhdCI6MTc3OTk4NTc5MCwianRpIjoiNDQwMmY0ZmEtMDlkMC00ODAyLTkxN2ItNzJlZThlMDcxOGEyIiwiZW1haWwiOiJmaW5hbmNpZXJvLTIzNUBiaXRlY28uY29tIn0.ArazZZ0mbRHKb9dXrqUzU30kpt13NOqVLFTM_ATKl1ZTENXMVHlrw2tTjydkbO7r2a3YnRbSjcNLKrK5plSLjwN1ui_mm_TV_nba_jGMUVcDmPi5aTJTL9riD7oFKfNibc47kJhYHuxUM9R6g7POEhtZdgpHYTNczybM7-V5C9YOE-X5CIlNDpJLO9kORRLLecYaafytEQJWqUiF6GKO4clzNJk3HDOpCuMXIO6ckFd6wOgr_wczZaPstyuamURytC58SpXjTQIEp2FVofWsJ0g_hLkTf4I_o8ZhrDCjpIpgvO7ftuzEkO19IJEA9NKj6wLWUxHJhFepgHF_F_-yAA
financiero-236,financiero,7,2026,1,eyJraWQiOiJEZ0VqOWg3UkwxeE1mcTV6dm1XcnlhWHdPZTZ3eW9WRDFNMDBVeENYaUUwPSIsImFsZyI6IlJTMjU2In0.eyJzdWIiOiJiNDE4YzQ3OC1mMGQxLTcwODgtMTQ2YS1jNDBiN2U1NTcwYjUiLCJjb2duaXRvOmdyb3VwcyI6WyJmaW5hbmNpZXJvIl0sImVtYWlsX3ZlcmlmaWVkIjp0cnVlLCJpc3MiOiJodHRwczovL2NvZ25pdG8taWRwLnVzLWVhc3QtMS5hbWF6b25hd3MuY29tL3VzLWVhc3QtMV9RR2hSTkpOY3MiLCJjb2duaXRvOnVzZXJuYW1lIjoiZmluYW5jaWVyby0yMzYiLCJvcmlnaW5fanRpIjoiMWM5ZDJjMTMtNjcwYy00NTczLTlkMzAtZDlhZTc0YzBiMWRjIiwiYXVkIjoiN2VxNWY0NmdtdDRjaGtwYWJncHVwMTdjZTYiLCJldmVudF9pZCI6IjUzMDk1ZjM5LTQ2Y2MtNGM1YS1iYjZlLTI1Y2U1NjMzMWRhNyIsInRva2VuX3VzZSI6ImlkIiwiYXV0aF90aW1lIjoxNzc5OTg1NzkwLCJleHAiOjE3Nzk5ODkzOTAsImlhdCI6MTc3OTk4NTc5MCwianRpIjoiOGNkMmZmNzYtZDQ4ZS00NzQ5LWI4MjYtMmFkMDU1OWY4YmRjIiwiZW1haWwiOiJmaW5hbmNpZXJvLTIzNkBiaXRlY28uY29tIn0.gX8fRAjTPL1iGQW3sdhiKARON1gY6Y9N0QJX28qcpT0IFal6NrDZ_GY-MSFmN8lcYgLHKEYVjKtwSR-x2PWEkSK1KImJtbI66V1x0VZUVwMVD4x8HYk1E6vk1LVizNw1Y9MkrRanyz2ZrZzr2HS6-rfNisttW5HTqTYiozhgOjmCQptcasKK_5P2wzr9ufhH6uBDvsk8rO8vEQYpw3eR-nWP6chwqpwLVuAvDh29iyB1fpSciG5VfuxMKF9HcsN_l-HiDLbrCZxe8YFNE5BBTi2XMoLTttG8T-Jtzy1wQuPnEHzJIDdHCtW75tob3PGLP9LBeGT3aPIBwp6PLmR9sQ
financiero-237,financiero,8,2026,2,eyJraWQiOiJEZ0VqOWg3UkwxeE1mcTV6dm1XcnlhWHdPZTZ3eW9WRDFNMDBVeENYaUUwPSIsImFsZyI6IlJTMjU2In0.eyJzdWIiOiI5NDE4NDQ2OC0wMGQxLTcwMGUtNDU4Mi00MTEwOGI1Y2M0YWMiLCJjb2duaXRvOmdyb3VwcyI6WyJmaW5hbmNpZXJvIl0sImVtYWlsX3ZlcmlmaWVkIjp0cnVlLCJpc3MiOiJodHRwczovL2NvZ25pdG8taWRwLnVzLWVhc3QtMS5hbWF6b25hd3MuY29tL3VzLWVhc3QtMV9RR2hSTkpOY3MiLCJjb2duaXRvOnVzZXJuYW1lIjoiZmluYW5jaWVyby0yMzciLCJvcmlnaW5fanRpIjoiNzA0MDAxNmEtNTU0Mi00NDhjLTlkMGItYjc5OGNlNjJkY2Y1IiwiYXVkIjoiN2VxNWY0NmdtdDRjaGtwYWJncHVwMTdjZTYiLCJldmVudF9pZCI6IjM2MGZjN2M2LTVhZDYtNGYwMC05YjU3LWZlZTE1ZjAwMzBjMSIsInRva2VuX3VzZSI6ImlkIiwiYXV0aF90aW1lIjoxNzc5OTg1NzkwLCJleHAiOjE3Nzk5ODkzOTAsImlhdCI6MTc3OTk4NTc5MCwianRpIjoiMzQ0MDk2MjEtYTI0OC00ZGQzLWI4Y2EtMDgzMzE3ZmFkOWIxIiwiZW1haWwiOiJmaW5hbmNpZXJvLTIzN0BiaXRlY28uY29tIn0.XqpfAJE3fzUN0kKwK4qdHoyOJchbLFgFbkIgkmoghG5R2p4LrMMqaYHRbciPZOUKi1zsDhitBGaWQnrzPEw8EJmeBT98M-S8W42fnxENa5ZxdVdXBnUn-VKi7tJx1kuvUNBOt9iahCkwVI2iUVaz_CbUpiMxWBHEtxdgZ7eZoG-JWlToz3Qes4zrU_nKXalSjruvKHnhZ1mQr3rrszxPiVmu7mbaU7tpTbq3u8lBRfOq8YcE9b_YgMQwkiiOOm51qtve8BxGiPWPpOzY6CY09rZGg8L5iruPWBXvlQmXiRct5cMiVG09g3FSJe4fS6N7CsmVUDcAY_zVP4T2Xye_SQ
financiero-238,financiero,9,2026,3,eyJraWQiOiJEZ0VqOWg3UkwxeE1mcTV6dm1XcnlhWHdPZTZ3eW9WRDFNMDBVeENYaUUwPSIsImFsZyI6IlJTMjU2In0.eyJzdWIiOiIwNDY4YTQ0OC05MDYxLTcwNmItYTk0OS1lYzBiYzVlZWQ3ZTMiLCJjb2duaXRvOmdyb3VwcyI6WyJmaW5hbmNpZXJvIl0sImVtYWlsX3ZlcmlmaWVkIjp0cnVlLCJpc3MiOiJodHRwczovL2NvZ25pdG8taWRwLnVzLWVhc3QtMS5hbWF6b25hd3MuY29tL3VzLWVhc3QtMV9RR2hSTkpOY3MiLCJjb2duaXRvOnVzZXJuYW1lIjoiZmluYW5jaWVyby0yMzgiLCJvcmlnaW5fanRpIjoiZjdlNDlmNjQtYWZlNy00Yzc3LWJlNzYtN2NlZjZiN2Y3MjIyIiwiYXVkIjoiN2VxNWY0NmdtdDRjaGtwYWJncHVwMTdjZTYiLCJldmVudF9pZCI6IjRhNWYzYjdiLWRhMDAtNDUyNC05MWJlLWM3ZjJiOWE5NDBmNyIsInRva2VuX3VzZSI6ImlkIiwiYXV0aF90aW1lIjoxNzc5OTg1NzkxLCJleHAiOjE3Nzk5ODkzOTEsImlhdCI6MTc3OTk4NTc5MSwianRpIjoiZmI1YmU1NzItNDZiOC00YzMyLWEwZjUtMzFiN2U4NTdmNTdlIiwiZW1haWwiOiJmaW5hbmNpZXJvLTIzOEBiaXRlY28uY29tIn0.E9T6AVm8PWD3IJErzw7l_g_XmnJqK3W4QfG1El4WUQebV9MFSU823WLKKUMxrn9zns5ir86_597Be2rat8t4CbiY0CirYELoOvYF0FQWA1pbRTljz3a6-O9gjGxFd2ROm1TC2trXqqjzNKaeIAlCYzhxlf2EI5g4_IdNc4P7EoMFdcyDeMOhvWMH5YT1KFjOGTnmtNYgVb55BkuFPKB3GNVE_fwLaKalipnU0okfza5Q-w13RbRqu5usVN08slpR4wWAm1QQuYDdFSpCyzpJjP4Ct6XqxAzbXPrGfcmPnFmR5NOfXKarUwe-o4Fluci4xlM5UfhP2O-zyWiDh3pM9g
financiero-239,financiero,10,2026,4,eyJraWQiOiJEZ0VqOWg3UkwxeE1mcTV6dm1XcnlhWHdPZTZ3eW9WRDFNMDBVeENYaUUwPSIsImFsZyI6IlJTMjU2In0.eyJzdWIiOiJjNDg4YzQzOC0xMDQxLTcwOTMtNTE3YS0wZDdmNTkzOTRkMGIiLCJjb2duaXRvOmdyb3VwcyI6WyJmaW5hbmNpZXJvIl0sImVtYWlsX3ZlcmlmaWVkIjp0cnVlLCJpc3MiOiJodHRwczovL2NvZ25pdG8taWRwLnVzLWVhc3QtMS5hbWF6b25hd3MuY29tL3VzLWVhc3QtMV9RR2hSTkpOY3MiLCJjb2duaXRvOnVzZXJuYW1lIjoiZmluYW5jaWVyby0yMzkiLCJvcmlnaW5fanRpIjoiMTQxOWYyN2EtZjkyNi00NTAxLTgwNDItYTA0MWJiZDZmNDhiIiwiYXVkIjoiN2VxNWY0NmdtdDRjaGtwYWJncHVwMTdjZTYiLCJldmVudF9pZCI6IjIyNWY3N2M2LWM2MDUtNDhjZC05YmYyLTQ5MGI0Y2ViODBhNiIsInRva2VuX3VzZSI6ImlkIiwiYXV0aF90aW1lIjoxNzc5OTg1NzkxLCJleHAiOjE3Nzk5ODkzOTEsImlhdCI6MTc3OTk4NTc5MSwianRpIjoiNWJmNmJkYzYtYTkyYy00MGZkLWE4ZTEtZGY1N2JiNmI1NGVkIiwiZW1haWwiOiJmaW5hbmNpZXJvLTIzOUBiaXRlY28uY29tIn0.xVtaoBzPAS8SX2g-4K8qT2D6oYd78OoCVdKBezdREjvYq6TICe6vV6gAe9rBPc7ElwfMu9830bH5zxamZm_KZgmoFsbamCAAbwHnzo2vZ3nobjClAY1DSfKgqyKZw3JM886VDelcH3yr1aYlzw2yR1rx1pl-aXlPSWoKJWROzkAsCg57CLeuwYjGA0B4Dg41TCMwJFSNQ4oaD3XpvQKjXdaH1UiUYoNq2Hh7JUWFKjorgVvM0Qh5R46XWS3nsdLMBna1hiwCnPE4S6nSRiLmS6AE00y9t-MF1q0z-lUOiGeklMX_77VjBO8zFPhfJXdGV-Pmqyd9UiPMmlQp7Nlpxw
financiero-240,financiero,1,2026,1,eyJraWQiOiJEZ0VqOWg3UkwxeE1mcTV6dm1XcnlhWHdPZTZ3eW9WRDFNMDBVeENYaUUwPSIsImFsZyI6IlJTMjU2In0.eyJzdWIiOiI1NDE4NjRkOC1kMDUxLTcwMzEtOGJjZS04MGFiNmZkMmY3NWEiLCJjb2duaXRvOmdyb3VwcyI6WyJmaW5hbmNpZXJvIl0sImVtYWlsX3ZlcmlmaWVkIjp0cnVlLCJpc3MiOiJodHRwczovL2NvZ25pdG8taWRwLnVzLWVhc3QtMS5hbWF6b25hd3MuY29tL3VzLWVhc3QtMV9RR2hSTkpOY3MiLCJjb2duaXRvOnVzZXJuYW1lIjoiZmluYW5jaWVyby0yNDAiLCJvcmlnaW5fanRpIjoiYmI1MGQ2YWYtZmIwNi00YTQwLTlkYzYtYjdiY2U2Y2JmMzI5IiwiYXVkIjoiN2VxNWY0NmdtdDRjaGtwYWJncHVwMTdjZTYiLCJldmVudF9pZCI6ImUxZWNhOWZiLWNjOGUtNDhjMS1hYjI3LWVmNjJkY2E4OGZjMyIsInRva2VuX3VzZSI6ImlkIiwiYXV0aF90aW1lIjoxNzc5OTg1NzkxLCJleHAiOjE3Nzk5ODkzOTEsImlhdCI6MTc3OTk4NTc5MSwianRpIjoiNDNhNjQxNWUtZGE3My00NWI5LTgxOGEtZGFjYjFmM2FiNjFhIiwiZW1haWwiOiJmaW5hbmNpZXJvLTI0MEBiaXRlY28uY29tIn0.Ge0w7WucS8oFO9gRdKqw50LMZPbfhS8HAJwYrvHa_hhp28ritMax5B11dyM5bw9hA2CgPFC1zFeTKwbenCNY0qMvzqVSvy2O4tNiTNHiMSEzMOaHcqEwHv2QhIpFI-cgeDLHtSCX-zXbDe5pE-9ItncXvIhinf2Yc_OLbo4ctezMD0IVZJlYiauouOe0erL81iGGTKchjdS5e1I01Tver390xVdkjFCEK6sq4VB0ac8IwhfchTr9hMoH-vqyvjQpO3IA4tsbS5DSuFgwiFCfu99N75_qUZdXIlE0SWzeHL2awmuCK0nqcdlMS6I97k4dvA6VBbnD8uF-eCf_D_aJJg
financiero-241,financiero,2,2026,2,eyJraWQiOiJEZ0VqOWg3UkwxeE1mcTV6dm1XcnlhWHdPZTZ3eW9WRDFNMDBVeENYaUUwPSIsImFsZyI6IlJTMjU2In0.eyJzdWIiOiI2NDE4YTQ0OC01MGQxLTcwYjItOThiOS1mNzNkYmZhOTk1NjkiLCJjb2duaXRvOmdyb3VwcyI6WyJmaW5hbmNpZXJvIl0sImVtYWlsX3ZlcmlmaWVkIjp0cnVlLCJpc3MiOiJodHRwczovL2NvZ25pdG8taWRwLnVzLWVhc3QtMS5hbWF6b25hd3MuY29tL3VzLWVhc3QtMV9RR2hSTkpOY3MiLCJjb2duaXRvOnVzZXJuYW1lIjoiZmluYW5jaWVyby0yNDEiLCJvcmlnaW5fanRpIjoiODZlMDRlN2QtNWFmMi00OGFlLTg1ZjEtMGM5YTcwOWE0ZDhlIiwiYXVkIjoiN2VxNWY0NmdtdDRjaGtwYWJncHVwMTdjZTYiLCJldmVudF9pZCI6IjJjZjdjZjM1LTc4ZDYtNDAxNi1hMTczLWI5ZThkZTgwZDQ0NCIsInRva2VuX3VzZSI6ImlkIiwiYXV0aF90aW1lIjoxNzc5OTg1NzkxLCJleHAiOjE3Nzk5ODkzOTEsImlhdCI6MTc3OTk4NTc5MSwianRpIjoiMTUxNDYxZGEtMDk5NS00MmI1LTgxZTEtMDFhNGRlN2E3ZmI3IiwiZW1haWwiOiJmaW5hbmNpZXJvLTI0MUBiaXRlY28uY29tIn0.cXSAonKYMpCyJahg0RuGtqMEDLTJ2n4Ch3joVMIHB6ZDukEzZVjpRGI0GF7gkfCc6xz0DU7jN22VaAE2iRzKgf68kjtHvCp0EfSU3Cy8gr5p9qjOvOsvMKa9ugedk8RPn4MYnfPAb7uBXNyBksCWZu0ueCMg6I01mSPofA4Mye-hSKFFVgxvmX3FN1zqVbus39rnif0CGHj2g_QbKENcv9DQb9as523biGRCNmDu-DDwSZ9q3XqVMHWkD4dxFNyKIcG98c-50QM1OV4gbNpK96CzXKYYB0yXGUD9XLQp9rQQYG98_2hTgWwxVSQGG8mObCQHIPCTnLyMp4hEy2zIoA
financiero-242,financiero,3,2026,3,eyJraWQiOiJEZ0VqOWg3UkwxeE1mcTV6dm1XcnlhWHdPZTZ3eW9WRDFNMDBVeENYaUUwPSIsImFsZyI6IlJTMjU2In0.eyJzdWIiOiJmNDc4ZjRjOC04MDMxLTcwYTctZjUxZC1mYTlkMGI5OTQ1YWIiLCJjb2duaXRvOmdyb3VwcyI6WyJmaW5hbmNpZXJvIl0sImVtYWlsX3ZlcmlmaWVkIjp0cnVlLCJpc3MiOiJodHRwczovL2NvZ25pdG8taWRwLnVzLWVhc3QtMS5hbWF6b25hd3MuY29tL3VzLWVhc3QtMV9RR2hSTkpOY3MiLCJjb2duaXRvOnVzZXJuYW1lIjoiZmluYW5jaWVyby0yNDIiLCJvcmlnaW5fanRpIjoiNzU4MjcwMzEtZWIwZS00ZDk2LWFkMTItNzcxOWViNzNmNjlhIiwiYXVkIjoiN2VxNWY0NmdtdDRjaGtwYWJncHVwMTdjZTYiLCJldmVudF9pZCI6ImMwZTZiMDc0LTVmNWItNGJkMy1hMzVmLWRlMDA5ZDkxY2I1YSIsInRva2VuX3VzZSI6ImlkIiwiYXV0aF90aW1lIjoxNzc5OTg1NzkyLCJleHAiOjE3Nzk5ODkzOTIsImlhdCI6MTc3OTk4NTc5MiwianRpIjoiN2ZiYTk0NmUtOTU1Zi00YmNhLWExZmItYzk3MzhjMzg0Y2YyIiwiZW1haWwiOiJmaW5hbmNpZXJvLTI0MkBiaXRlY28uY29tIn0.bKFCOLK_n5L3kTQ8YYyWPkYaLmnf4rRKN__15NxAmbuYSJdw7Fae54jLtMlIotngCUj6mY-GjywUm906QO0Bq56YGWYIQI4KMG-16XugRObeJphGMNJNK5dw65xvMpLAwXlHc9VrSlIdqbGVbJmOq5FOL3bQsAeU4QP9IGajI1DsIzZ2iD4XH1w9KVepDfv0qkvWiGKjohUDeikEvBaSRH4gAAm3Si_Q_23Su1XaI0zSAzdNv3PMfPUe2xC3iXUp24oE6_BoAC9Nr86xq8I3HwPg5v2gbO9g2gGSsUUMKjcKhzFSGI2ck2IoVK8LFJODLxD0zjylk7y1EgXD1NmnqQ
financiero-243,financiero,4,2026,4,eyJraWQiOiJEZ0VqOWg3UkwxeE1mcTV6dm1XcnlhWHdPZTZ3eW9WRDFNMDBVeENYaUUwPSIsImFsZyI6IlJTMjU2In0.eyJzdWIiOiI4NDg4MDQ1OC03MGIxLTcwZTEtNzRhMy1jNWYzNjhmYTFlNjEiLCJjb2duaXRvOmdyb3VwcyI6WyJmaW5hbmNpZXJvIl0sImVtYWlsX3ZlcmlmaWVkIjp0cnVlLCJpc3MiOiJodHRwczovL2NvZ25pdG8taWRwLnVzLWVhc3QtMS5hbWF6b25hd3MuY29tL3VzLWVhc3QtMV9RR2hSTkpOY3MiLCJjb2duaXRvOnVzZXJuYW1lIjoiZmluYW5jaWVyby0yNDMiLCJvcmlnaW5fanRpIjoiMDlkN2FiZWYtMDVjOC00N2EzLWIxZDAtNjBiMTNiNDA4NWJlIiwiYXVkIjoiN2VxNWY0NmdtdDRjaGtwYWJncHVwMTdjZTYiLCJldmVudF9pZCI6ImJlZGVmMjAyLTdlMzYtNDkwMi1iZGNmLWJkMzMwYTYyMGUwYiIsInRva2VuX3VzZSI6ImlkIiwiYXV0aF90aW1lIjoxNzc5OTg1NzkyLCJleHAiOjE3Nzk5ODkzOTIsImlhdCI6MTc3OTk4NTc5MiwianRpIjoiYTExODM0MTctYjZhOS00NWIyLTk1ZDktMDlmOGZhNTkxZGNhIiwiZW1haWwiOiJmaW5hbmNpZXJvLTI0M0BiaXRlY28uY29tIn0.J_28VqFLxK8rshcQN1Q1FeiH5izeYxDVDmggpPzc7lEXL7fn13_iafuiRhz00r2pv-EKlVwrSqSVTJSOKR-b5yQvDWb43KDmHzEUhyQkDHxm2Pc-SPT8zxGwlCSTvPRSpduPulwKNNR2iTxM0pk9iCaU8FDJKhzk_BM0Vk5eg5AmLG7E5jsMdM5WDHhWpT-fUmg8lrDPuzo1NYpb6AMwr6CiV0qxMPUSSybQQa8i02CtFowF70N-t2ZYtSb8LH4PxDluVBsiG0JQbXQpdJV1OFK-Hg2m30qSmr1-1CSBLCoAD8pINPZFucQDp_SqPVYgAI705alQg-q52gMN99ByDA
financiero-244,financiero,5,2026,1,eyJraWQiOiJEZ0VqOWg3UkwxeE1mcTV6dm1XcnlhWHdPZTZ3eW9WRDFNMDBVeENYaUUwPSIsImFsZyI6IlJTMjU2In0.eyJzdWIiOiJkNGE4YzQ5OC1mMDUxLTcwMjYtNTYxNS1lNDE5OWRhYzljNDQiLCJjb2duaXRvOmdyb3VwcyI6WyJmaW5hbmNpZXJvIl0sImVtYWlsX3ZlcmlmaWVkIjp0cnVlLCJpc3MiOiJodHRwczovL2NvZ25pdG8taWRwLnVzLWVhc3QtMS5hbWF6b25hd3MuY29tL3VzLWVhc3QtMV9RR2hSTkpOY3MiLCJjb2duaXRvOnVzZXJuYW1lIjoiZmluYW5jaWVyby0yNDQiLCJvcmlnaW5fanRpIjoiMTk1OTNlODgtM2ZiZS00ZmZhLTk4ODktMDRiZWEzOTlkYjZhIiwiYXVkIjoiN2VxNWY0NmdtdDRjaGtwYWJncHVwMTdjZTYiLCJldmVudF9pZCI6IjljZjQ2OTRkLTE5NDEtNGUwMi1iNmZiLTQ5ZTNhZTNkN2NkZCIsInRva2VuX3VzZSI6ImlkIiwiYXV0aF90aW1lIjoxNzc5OTg1NzkyLCJleHAiOjE3Nzk5ODkzOTIsImlhdCI6MTc3OTk4NTc5MiwianRpIjoiZjQwMTRjM2EtOWVmZS00MWU0LWJiNjYtY2EzM2M1YmVjYzQzIiwiZW1haWwiOiJmaW5hbmNpZXJvLTI0NEBiaXRlY28uY29tIn0.PXLD658_0wlx5UMh7NcFhUl47LtAo8YDhYbAmazv3p9IqyANBRK2fZu4W48sqw1fGUkUSjqfTAca1UB2_-sLNwjCk1XzWv4GkHh4hEzLV9bbLWAsKPVS-2DL5DgBlNSSuzI8l1J-jCGSEEG2raMZiKQM2HeUgtQlQZja_dDAiBnZgC-TsgCAS-VWzaqp6H4Tm2juoMDzMk2McnI4Cv9l9E-6141K9ovB5WMy7uXFNsQFbinoHcrWRa_ZzhHonceqDDoxkNKjYI6GWWRy6GHkXwNxikhgb2qJuYNX5Nspf772ZURy_pxaSVerMqDTVOJNUVeVytKI1ni32CDNuAgFhw
financiero-245,financiero,6,2026,2,eyJraWQiOiJEZ0VqOWg3UkwxeE1mcTV6dm1XcnlhWHdPZTZ3eW9WRDFNMDBVeENYaUUwPSIsImFsZyI6IlJTMjU2In0.eyJzdWIiOiIxNDg4NTQwOC1hMGQxLTcwNjAtNzE4ZC1lOGYxMTc2OTI4OWIiLCJjb2duaXRvOmdyb3VwcyI6WyJmaW5hbmNpZXJvIl0sImVtYWlsX3ZlcmlmaWVkIjp0cnVlLCJpc3MiOiJodHRwczovL2NvZ25pdG8taWRwLnVzLWVhc3QtMS5hbWF6b25hd3MuY29tL3VzLWVhc3QtMV9RR2hSTkpOY3MiLCJjb2duaXRvOnVzZXJuYW1lIjoiZmluYW5jaWVyby0yNDUiLCJvcmlnaW5fanRpIjoiZWMzMjc5OWYtMDVkMS00YzRmLTk5NjQtZWFjZmU4YWIyNzAyIiwiYXVkIjoiN2VxNWY0NmdtdDRjaGtwYWJncHVwMTdjZTYiLCJldmVudF9pZCI6IjIxYzM0YmFmLWQyM2YtNGQ4ZS04NTZlLWZlMTcxZWJkYzgzNSIsInRva2VuX3VzZSI6ImlkIiwiYXV0aF90aW1lIjoxNzc5OTg1NzkyLCJleHAiOjE3Nzk5ODkzOTIsImlhdCI6MTc3OTk4NTc5MiwianRpIjoiMDI5MTc1YzYtYjE4NS00ZDNjLWJiMTgtOWFkMDJiNzExMGQ4IiwiZW1haWwiOiJmaW5hbmNpZXJvLTI0NUBiaXRlY28uY29tIn0.Q0BspJL1tIhxkIOKPOez4b_AjTYItpt6BDYC_IZ-TsW8tbGYNfkqEbH67kvHdM2l6JnZyclqaAy41vqNEGSK9OHg7nEQmsCjczsIE53h3NPkfFntZtZeU_SvqD4UgC_Dm41bEVc0G_Mm3zNc0WYI-nWUBZby3_Ej0O9VW9LhftHU1vU9OHUXFWEBSmajaPpZ2bUI4mX6Qgn6-Nhi8R6fM0QYUBQijMz0BqZhkOuDZ_wcBWKeO7kN1P03NdzI3eBxMk4sZr8kDSgboGOznFE8SREhs7eB9aS-RGbBAa580kJ5von2SSLaPTWIeNJsBM6jzs3_7pLO3iMAfTA4U5YbIQ
financiero-246,financiero,7,2026,3,eyJraWQiOiJEZ0VqOWg3UkwxeE1mcTV6dm1XcnlhWHdPZTZ3eW9WRDFNMDBVeENYaUUwPSIsImFsZyI6IlJTMjU2In0.eyJzdWIiOiI3NDc4MDRjOC1lMGMxLTcwODItY2EwNi04ZmQ2NGE1OTZjYjkiLCJjb2duaXRvOmdyb3VwcyI6WyJmaW5hbmNpZXJvIl0sImVtYWlsX3ZlcmlmaWVkIjp0cnVlLCJpc3MiOiJodHRwczovL2NvZ25pdG8taWRwLnVzLWVhc3QtMS5hbWF6b25hd3MuY29tL3VzLWVhc3QtMV9RR2hSTkpOY3MiLCJjb2duaXRvOnVzZXJuYW1lIjoiZmluYW5jaWVyby0yNDYiLCJvcmlnaW5fanRpIjoiZjBmMTVlM2QtZWI5Ni00NmIyLTkyYWMtMDZjYTIxYzc2NjRjIiwiYXVkIjoiN2VxNWY0NmdtdDRjaGtwYWJncHVwMTdjZTYiLCJldmVudF9pZCI6IjY2NjM4Y2UzLTI2ZjAtNGNlNS1hY2RiLWJhYTZmMGE5ZjQ0NSIsInRva2VuX3VzZSI6ImlkIiwiYXV0aF90aW1lIjoxNzc5OTg1NzkzLCJleHAiOjE3Nzk5ODkzOTMsImlhdCI6MTc3OTk4NTc5MywianRpIjoiZjFjM2IzN2UtMGZjMy00M2Q3LWI0YmMtYjIyMmI1MGYzNTNjIiwiZW1haWwiOiJmaW5hbmNpZXJvLTI0NkBiaXRlY28uY29tIn0.zNpbKk6OMsoPSrlQOCPHQiVbPOIe-Aw09DsA72eQUy0NQ49GPl4sVmQ6iDrSkLgJDXaED3NR6P1oLQ3VVYeKLjb0a_0enCazJD-hidC2T7rQqZUV4ET-j38a9ObhCnj4ZgUkKgVQAao1dGE8UHMeTcD8T_3EeDuJA-N23i9WafWiAWWUc2wN5vrKDEO1F6hDEQDD6IDrs1WFFbJbtdHweMu19M2nIvX-rE5xdCqE31iR4ymjL30YZUd07kSY9R61RXLWJGbXK7DkrR7BoUlg65Pw7fu_IU1iy3q57V8B0lbtXxUNCSdmFnl7AG2_UJdp8_zB-2OdGNHV-nnxSdX2gQ
financiero-247,financiero,8,2026,4,eyJraWQiOiJEZ0VqOWg3UkwxeE1mcTV6dm1XcnlhWHdPZTZ3eW9WRDFNMDBVeENYaUUwPSIsImFsZyI6IlJTMjU2In0.eyJzdWIiOiI0NDc4NjRmOC02MDAxLTcwNWQtZTY0My0wMTM5MzQ4MmMwZjgiLCJjb2duaXRvOmdyb3VwcyI6WyJmaW5hbmNpZXJvIl0sImVtYWlsX3ZlcmlmaWVkIjp0cnVlLCJpc3MiOiJodHRwczovL2NvZ25pdG8taWRwLnVzLWVhc3QtMS5hbWF6b25hd3MuY29tL3VzLWVhc3QtMV9RR2hSTkpOY3MiLCJjb2duaXRvOnVzZXJuYW1lIjoiZmluYW5jaWVyby0yNDciLCJvcmlnaW5fanRpIjoiNjg3ZjkwYTItY2Y4Yi00ZDg0LWFkYWEtZTY1OWQyOGJmMGU4IiwiYXVkIjoiN2VxNWY0NmdtdDRjaGtwYWJncHVwMTdjZTYiLCJldmVudF9pZCI6Ijk3NjcwMGQ2LWE4MGEtNGY0OS1iYjUyLWM5ZWMxMGZlMWE4YiIsInRva2VuX3VzZSI6ImlkIiwiYXV0aF90aW1lIjoxNzc5OTg1NzkzLCJleHAiOjE3Nzk5ODkzOTMsImlhdCI6MTc3OTk4NTc5MywianRpIjoiMGQxNzA2ZDktMDNlOS00NTdlLWFjZTMtM2ZlMTQwZTk4YzZkIiwiZW1haWwiOiJmaW5hbmNpZXJvLTI0N0BiaXRlY28uY29tIn0.Sh-ZfapSHdAG4BBZ0vmbgObSaTeog5-0WpcmwWjcE0hqtwexVIhOVXa_3Kwejtn-afrGlGNmSmMpEUQUsVSlB-TQKZhhvk2V29qcVORYa05LZUNONv4fe-YK4w7SynwLK-l4rgDO1D_btRRo3rAnZSX5HpD768FiVv840rH1SYGOAPV23xJoJ9eMiEjoRNFxs4xGqUB3rVvl5MV3tuQBiaUhQsMgXE1GK8u_oq20uhzO4ky-e6-aIWqG3jVGm17xTp_pcJnx-nKNM5NpQ0BTcTa7gCiDk-hfa0AWFkqx2Pa1oy8s1xDTNxHekuXaYJnpSveHjep2FvzieK7Eur9J1A
financiero-248,financiero,9,2026,1,eyJraWQiOiJEZ0VqOWg3UkwxeE1mcTV6dm1XcnlhWHdPZTZ3eW9WRDFNMDBVeENYaUUwPSIsImFsZyI6IlJTMjU2In0.eyJzdWIiOiI5NGQ4NTQ1OC1jMGIxLTcwZGItODA0Ni1hZTYxZDEzMzA3MTciLCJjb2duaXRvOmdyb3VwcyI6WyJmaW5hbmNpZXJvIl0sImVtYWlsX3ZlcmlmaWVkIjp0cnVlLCJpc3MiOiJodHRwczovL2NvZ25pdG8taWRwLnVzLWVhc3QtMS5hbWF6b25hd3MuY29tL3VzLWVhc3QtMV9RR2hSTkpOY3MiLCJjb2duaXRvOnVzZXJuYW1lIjoiZmluYW5jaWVyby0yNDgiLCJvcmlnaW5fanRpIjoiNDdjZDBmYjEtNjdiZC00MzNjLTg4ZTEtOGZmNDg1MjUwYmUxIiwiYXVkIjoiN2VxNWY0NmdtdDRjaGtwYWJncHVwMTdjZTYiLCJldmVudF9pZCI6IjQ4YTM2Mjc0LTM4ZDYtNDQzMy04Y2Q1LWQ5NTNiZmNmNzE4YyIsInRva2VuX3VzZSI6ImlkIiwiYXV0aF90aW1lIjoxNzc5OTg1NzkzLCJleHAiOjE3Nzk5ODkzOTMsImlhdCI6MTc3OTk4NTc5MywianRpIjoiNWQ1ZTc0MzYtZGJlNy00YjZhLWFjOTQtZjkzMTczODQxY2MwIiwiZW1haWwiOiJmaW5hbmNpZXJvLTI0OEBiaXRlY28uY29tIn0.0jaXcPn_gaGtJuflH8_I9wtNueFY6mnHYWjUFxQLPh9LBO6wWqgF0RwpWKHr9Vpd3DM6llRDjaNoVmnj_mZ6-xEEKwP1EQpdAeXiy2dKpR74ILwaUcAnJkcNReFfw67MlC8nZjeTZCZdu0S5qsk4TgA7YxT9O0UzDTW2FBA8M4Aa8ZSUte6KzzYDHo4OLRPOeD04DDs_oFk_Xx6t-zT2cjv61SZX2bHkzjX8aPijsLyMfQVVWEO0IGK-g52cm1yObQ2uCQUOEbImtaB1kRhZvqGsy-0DGUjdesq0itbOI6xo5wu0wuQ18-q_3fh_XV2ssONwcMqVGIs74N0gK2j52g
financiero-249,financiero,10,2026,2,eyJraWQiOiJEZ0VqOWg3UkwxeE1mcTV6dm1XcnlhWHdPZTZ3eW9WRDFNMDBVeENYaUUwPSIsImFsZyI6IlJTMjU2In0.eyJzdWIiOiJkNDI4ZjQ3OC1hMDExLTcwM2QtMjVlYi01ZDdmMjE4MjI2YzEiLCJjb2duaXRvOmdyb3VwcyI6WyJmaW5hbmNpZXJvIl0sImVtYWlsX3ZlcmlmaWVkIjp0cnVlLCJpc3MiOiJodHRwczovL2NvZ25pdG8taWRwLnVzLWVhc3QtMS5hbWF6b25hd3MuY29tL3VzLWVhc3QtMV9RR2hSTkpOY3MiLCJjb2duaXRvOnVzZXJuYW1lIjoiZmluYW5jaWVyby0yNDkiLCJvcmlnaW5fanRpIjoiMzA2MWY0ZGUtNzhkNi00OGEzLWE5N2QtMDZjYWM3NGI1Y2VmIiwiYXVkIjoiN2VxNWY0NmdtdDRjaGtwYWJncHVwMTdjZTYiLCJldmVudF9pZCI6ImI5ZTBiNGZiLTkzZTgtNDQ3Zi05MGI5LTYxYjVmOGNkN2EyYiIsInRva2VuX3VzZSI6ImlkIiwiYXV0aF90aW1lIjoxNzc5OTg1NzkzLCJleHAiOjE3Nzk5ODkzOTMsImlhdCI6MTc3OTk4NTc5MywianRpIjoiZjI3N2QzNDAtYWI1OC00YTVhLThjNGMtNGYzYWZiM2MwZGU5IiwiZW1haWwiOiJmaW5hbmNpZXJvLTI0OUBiaXRlY28uY29tIn0.XCFsmhSrKpUVwsBmwvTY5w1B4VID4qaTKWmrIuJhDOjV_Lx3F6zqwFeT_aMtHgH-sMkbhyuzAuO3IrPDK3mNkdSRhUBW6z1ahoaufcbK2K4gKTi2NvtCJssjqUuIoULJ3alI6isA3aPsmP3-SsZPCXHCqIu5l0l-FUR0l4M5fouV1ubfb9XncKJoaF2DgnZBscHi9mdH_f8675cqyM77EMCg6MJ7iPiExCLhUCW_4XBN6mf_ihK9_MYHKcz8qNpjktMMxCothWKiULY2zAcAiolnXgkK5lP0_RD2oAwvNX6Qbz2Bz9NIrvvkQVGZW49AUhLuRsxcO9ytMMeLgafNkw
