tipo,id_proyecto,anio,mes,user_id,empresa_id
autorizado,1,2026,1,user-emp1-0,1
autorizado,2,2026,2,user-emp1-1,1
autorizado,3,2026,3,user-emp1-2,1
autorizado,4,2026,4,user-emp1-3,1
autorizado,5,2026,1,user-emp1-4,1
autorizado,6,2026,2,user-emp1-5,1
autorizado,7,2026,3,user-emp1-6,1
autorizado,8,2026,4,user-emp1-7,1
autorizado,9,2026,1,user-emp1-8,1
autorizado,10,2026,2,user-emp1-9,1
autorizado,11,2026,3,user-emp1-10,1
autorizado,12,2026,4,user-emp1-11,1
autorizado,13,2026,1,user-emp1-12,1
autorizado,14,2026,2,user-emp1-13,1
autorizado,15,2026,3,user-emp1-14,1
autorizado,1,2026,4,user-emp1-15,1
autorizado,2,2026,1,user-emp1-16,1
autorizado,3,2026,2,user-emp1-17,1
autorizado,4,2026,3,user-emp1-18,1
autorizado,5,2026,4,user-emp1-19,1
autorizado,6,2026,1,user-emp1-20,1
autorizado,7,2026,2,user-emp1-21,1
autorizado,8,2026,3,user-emp1-22,1
autorizado,9,2026,4,user-emp1-23,1
autorizado,10,2026,1,user-emp1-24,1
autorizado,11,2026,2,user-emp1-25,1
autorizado,12,2026,3,user-emp1-26,1
autorizado,13,2026,4,user-emp1-27,1
autorizado,14,2026,1,user-emp1-28,1
autorizado,15,2026,2,user-emp1-29,1
autorizado,1,2026,3,user-emp1-30,1
autorizado,2,2026,4,user-emp1-31,1
autorizado,3,2026,1,user-emp1-32,1
autorizado,4,2026,2,user-emp1-33,1
autorizado,5,2026,3,user-emp1-34,1
autorizado,6,2026,4,user-emp1-35,1
autorizado,7,2026,1,user-emp1-36,1
autorizado,8,2026,2,user-emp1-37,1
autorizado,9,2026,3,user-emp1-38,1
autorizado,10,2026,4,user-emp1-39,1
autorizado,11,2026,1,user-emp1-40,1
autorizado,12,2026,2,user-emp1-41,1
autorizado,13,2026,3,user-emp1-42,1
autorizado,14,2026,4,user-emp1-43,1
autorizado,15,2026,1,user-emp1-44,1
autorizado,1,2026,2,user-emp1-45,1
autorizado,2,2026,3,user-emp1-46,1
autorizado,3,2026,4,user-emp1-47,1
autorizado,4,2026,1,user-emp1-48,1
autorizado,5,2026,2,user-emp1-49,1
autorizado,6,2026,3,user-emp1-50,1
autorizado,7,2026,4,user-emp1-51,1
autorizado,8,2026,1,user-emp1-52,1
autorizado,9,2026,2,user-emp1-53,1
autorizado,10,2026,3,user-emp1-54,1
autorizado,11,2026,4,user-emp1-55,1
autorizado,12,2026,1,user-emp1-56,1
autorizado,13,2026,2,user-emp1-57,1
autorizado,14,2026,3,user-emp1-58,1
autorizado,15,2026,4,user-emp1-59,1
autorizado,1,2026,1,user-emp1-60,1
autorizado,2,2026,2,user-emp1-61,1
autorizado,3,2026,3,user-emp1-62,1
autorizado,4,2026,4,user-emp1-63,1
autorizado,5,2026,1,user-emp1-64,1
autorizado,6,2026,2,user-emp1-65,1
autorizado,7,2026,3,user-emp1-66,1
autorizado,8,2026,4,user-emp1-67,1
autorizado,9,2026,1,user-emp1-68,1
autorizado,10,2026,2,user-emp1-69,1
autorizado,11,2026,3,user-emp1-70,1
autorizado,12,2026,4,user-emp1-71,1
autorizado,13,2026,1,user-emp1-72,1
autorizado,14,2026,2,user-emp1-73,1
autorizado,15,2026,3,user-emp1-74,1
autorizado,1,2026,4,user-emp1-75,1
autorizado,2,2026,1,user-emp1-76,1
autorizado,3,2026,2,user-emp1-77,1
autorizado,4,2026,3,user-emp1-78,1
autorizado,5,2026,4,user-emp1-79,1
autorizado,6,2026,1,user-emp1-80,1
autorizado,7,2026,2,user-emp1-81,1
autorizado,8,2026,3,user-emp1-82,1
autorizado,9,2026,4,user-emp1-83,1
autorizado,10,2026,1,user-emp1-84,1
autorizado,11,2026,2,user-emp1-85,1
autorizado,12,2026,3,user-emp1-86,1
autorizado,13,2026,4,user-emp1-87,1
autorizado,14,2026,1,user-emp1-88,1
autorizado,15,2026,2,user-emp1-89,1
autorizado,1,2026,3,user-emp1-90,1
autorizado,2,2026,4,user-emp1-91,1
autorizado,3,2026,1,user-emp1-92,1
autorizado,4,2026,2,user-emp1-93,1
autorizado,5,2026,3,user-emp1-94,1
autorizado,6,2026,4,user-emp1-95,1
autorizado,7,2026,1,user-emp1-96,1
autorizado,8,2026,2,user-emp1-97,1
autorizado,9,2026,3,user-emp1-98,1
autorizado,10,2026,4,user-emp1-99,1
autorizado,11,2026,1,user-emp1-100,1
autorizado,12,2026,2,user-emp1-101,1
autorizado,13,2026,3,user-emp1-102,1
autorizado,14,2026,4,user-emp1-103,1
autorizado,15,2026,1,user-emp1-104,1
autorizado,1,2026,2,user-emp1-105,1
autorizado,2,2026,3,user-emp1-106,1
autorizado,3,2026,4,user-emp1-107,1
autorizado,4,2026,1,user-emp1-108,1
autorizado,5,2026,2,user-emp1-109,1
autorizado,6,2026,3,user-emp1-110,1
autorizado,7,2026,4,user-emp1-111,1
autorizado,8,2026,1,user-emp1-112,1
autorizado,9,2026,2,user-emp1-113,1
autorizado,10,2026,3,user-emp1-114,1
autorizado,11,2026,4,user-emp1-115,1
autorizado,12,2026,1,user-emp1-116,1
autorizado,13,2026,2,user-emp1-117,1
autorizado,14,2026,3,user-emp1-118,1
autorizado,15,2026,4,user-emp1-119,1
autorizado,1,2026,1,user-emp1-120,1
autorizado,2,2026,2,user-emp1-121,1
autorizado,3,2026,3,user-emp1-122,1
autorizado,4,2026,4,user-emp1-123,1
autorizado,5,2026,1,user-emp1-124,1
autorizado,6,2026,2,user-emp1-125,1
autorizado,7,2026,3,user-emp1-126,1
autorizado,8,2026,4,user-emp1-127,1
autorizado,9,2026,1,user-emp1-128,1
autorizado,10,2026,2,user-emp1-129,1
autorizado,11,2026,3,user-emp1-130,1
autorizado,12,2026,4,user-emp1-131,1
autorizado,13,2026,1,user-emp1-132,1
autorizado,14,2026,2,user-emp1-133,1
autorizado,15,2026,3,user-emp1-134,1
autorizado,1,2026,4,user-emp1-135,1
autorizado,2,2026,1,user-emp1-136,1
autorizado,3,2026,2,user-emp1-137,1
autorizado,4,2026,3,user-emp1-138,1
autorizado,5,2026,4,user-emp1-139,1
autorizado,6,2026,1,user-emp1-140,1
autorizado,7,2026,2,user-emp1-141,1
autorizado,8,2026,3,user-emp1-142,1
autorizado,9,2026,4,user-emp1-143,1
autorizado,10,2026,1,user-emp1-144,1
autorizado,11,2026,2,user-emp1-145,1
autorizado,12,2026,3,user-emp1-146,1
autorizado,13,2026,4,user-emp1-147,1
autorizado,14,2026,1,user-emp1-148,1
autorizado,15,2026,2,user-emp1-149,1
autorizado,1,2026,3,user-emp1-150,1
autorizado,2,2026,4,user-emp1-151,1
autorizado,3,2026,1,user-emp1-152,1
autorizado,4,2026,2,user-emp1-153,1
autorizado,5,2026,3,user-emp1-154,1
autorizado,6,2026,4,user-emp1-155,1
autorizado,7,2026,1,user-emp1-156,1
autorizado,8,2026,2,user-emp1-157,1
autorizado,9,2026,3,user-emp1-158,1
autorizado,10,2026,4,user-emp1-159,1
autorizado,11,2026,1,user-emp1-160,1
autorizado,12,2026,2,user-emp1-161,1
autorizado,13,2026,3,user-emp1-162,1
autorizado,14,2026,4,user-emp1-163,1
autorizado,15,2026,1,user-emp1-164,1
autorizado,1,2026,2,user-emp1-165,1
autorizado,2,2026,3,user-emp1-166,1
autorizado,3,2026,4,user-emp1-167,1
autorizado,4,2026,1,user-emp1-168,1
autorizado,5,2026,2,user-emp1-169,1
autorizado,6,2026,3,user-emp1-170,1
autorizado,7,2026,4,user-emp1-171,1
autorizado,8,2026,1,user-emp1-172,1
autorizado,9,2026,2,user-emp1-173,1
autorizado,10,2026,3,user-emp1-174,1
autorizado,11,2026,4,user-emp1-175,1
autorizado,12,2026,1,user-emp1-176,1
autorizado,13,2026,2,user-emp1-177,1
autorizado,14,2026,3,user-emp1-178,1
autorizado,15,2026,4,user-emp1-179,1
autorizado,1,2026,1,user-emp1-180,1
autorizado,2,2026,2,user-emp1-181,1
autorizado,3,2026,3,user-emp1-182,1
autorizado,4,2026,4,user-emp1-183,1
autorizado,5,2026,1,user-emp1-184,1
autorizado,6,2026,2,user-emp1-185,1
autorizado,7,2026,3,user-emp1-186,1
autorizado,8,2026,4,user-emp1-187,1
autorizado,9,2026,1,user-emp1-188,1
autorizado,10,2026,2,user-emp1-189,1
autorizado,11,2026,3,user-emp1-190,1
autorizado,12,2026,4,user-emp1-191,1
autorizado,13,2026,1,user-emp1-192,1
autorizado,14,2026,2,user-emp1-193,1
autorizado,15,2026,3,user-emp1-194,1
autorizado,1,2026,4,user-emp1-195,1
autorizado,2,2026,1,user-emp1-196,1
autorizado,3,2026,2,user-emp1-197,1
autorizado,4,2026,3,user-emp1-198,1
autorizado,5,2026,4,user-emp1-199,1
autorizado,6,2026,1,user-emp1-200,1
autorizado,7,2026,2,user-emp1-201,1
autorizado,8,2026,3,user-emp1-202,1
autorizado,9,2026,4,user-emp1-203,1
autorizado,10,2026,1,user-emp1-204,1
autorizado,11,2026,2,user-emp1-205,1
autorizado,12,2026,3,user-emp1-206,1
autorizado,13,2026,4,user-emp1-207,1
autorizado,14,2026,1,user-emp1-208,1
autorizado,15,2026,2,user-emp1-209,1
autorizado,1,2026,3,user-emp1-210,1
autorizado,2,2026,4,user-emp1-211,1
autorizado,3,2026,1,user-emp1-212,1
autorizado,4,2026,2,user-emp1-213,1
autorizado,5,2026,3,user-emp1-214,1
autorizado,6,2026,4,user-emp1-215,1
autorizado,7,2026,1,user-emp1-216,1
autorizado,8,2026,2,user-emp1-217,1
autorizado,9,2026,3,user-emp1-218,1
autorizado,10,2026,4,user-emp1-219,1
autorizado,11,2026,1,user-emp1-220,1
autorizado,12,2026,2,user-emp1-221,1
autorizado,13,2026,3,user-emp1-222,1
autorizado,14,2026,4,user-emp1-223,1
autorizado,15,2026,1,user-emp1-224,1
autorizado,1,2026,2,user-emp1-225,1
autorizado,2,2026,3,user-emp1-226,1
autorizado,3,2026,4,user-emp1-227,1
autorizado,4,2026,1,user-emp1-228,1
autorizado,5,2026,2,user-emp1-229,1
autorizado,6,2026,3,user-emp1-230,1
autorizado,7,2026,4,user-emp1-231,1
autorizado,8,2026,1,user-emp1-232,1
autorizado,9,2026,2,user-emp1-233,1
autorizado,10,2026,3,user-emp1-234,1
autorizado,11,2026,4,user-emp1-235,1
autorizado,12,2026,1,user-emp1-236,1
autorizado,13,2026,2,user-emp1-237,1
autorizado,14,2026,3,user-emp1-238,1
autorizado,15,2026,4,user-emp1-239,1
autorizado,1,2026,1,user-emp1-240,1
autorizado,2,2026,2,user-emp1-241,1
autorizado,3,2026,3,user-emp1-242,1
autorizado,4,2026,4,user-emp1-243,1
autorizado,5,2026,1,user-emp1-244,1
autorizado,6,2026,2,user-emp1-245,1
autorizado,7,2026,3,user-emp1-246,1
autorizado,8,2026,4,user-emp1-247,1
autorizado,9,2026,1,user-emp1-248,1
autorizado,10,2026,2,user-emp1-249,1
autorizado,11,2026,3,user-emp1-250,1
autorizado,12,2026,4,user-emp1-251,1
autorizado,13,2026,1,user-emp1-252,1
autorizado,14,2026,2,user-emp1-253,1
autorizado,15,2026,3,user-emp1-254,1
autorizado,1,2026,4,user-emp1-255,1
autorizado,2,2026,1,user-emp1-256,1
autorizado,3,2026,2,user-emp1-257,1
autorizado,4,2026,3,user-emp1-258,1
autorizado,5,2026,4,user-emp1-259,1
autorizado,6,2026,1,user-emp1-260,1
autorizado,7,2026,2,user-emp1-261,1
autorizado,8,2026,3,user-emp1-262,1
autorizado,9,2026,4,user-emp1-263,1
autorizado,10,2026,1,user-emp1-264,1
autorizado,11,2026,2,user-emp1-265,1
autorizado,12,2026,3,user-emp1-266,1
autorizado,13,2026,4,user-emp1-267,1
autorizado,14,2026,1,user-emp1-268,1
autorizado,15,2026,2,user-emp1-269,1
autorizado,1,2026,3,user-emp1-270,1
autorizado,2,2026,4,user-emp1-271,1
autorizado,3,2026,1,user-emp1-272,1
autorizado,4,2026,2,user-emp1-273,1
autorizado,5,2026,3,user-emp1-274,1
autorizado,6,2026,4,user-emp1-275,1
autorizado,7,2026,1,user-emp1-276,1
autorizado,8,2026,2,user-emp1-277,1
autorizado,9,2026,3,user-emp1-278,1
autorizado,10,2026,4,user-emp1-279,1
autorizado,11,2026,1,user-emp1-280,1
autorizado,12,2026,2,user-emp1-281,1
autorizado,13,2026,3,user-emp1-282,1
autorizado,14,2026,4,user-emp1-283,1
autorizado,15,2026,1,user-emp1-284,1
autorizado,1,2026,2,user-emp1-285,1
autorizado,2,2026,3,user-emp1-286,1
autorizado,3,2026,4,user-emp1-287,1
autorizado,4,2026,1,user-emp1-288,1
autorizado,5,2026,2,user-emp1-289,1
autorizado,6,2026,3,user-emp1-290,1
autorizado,7,2026,4,user-emp1-291,1
autorizado,8,2026,1,user-emp1-292,1
autorizado,9,2026,2,user-emp1-293,1
autorizado,10,2026,3,user-emp1-294,1
autorizado,11,2026,4,user-emp1-295,1
autorizado,12,2026,1,user-emp1-296,1
autorizado,13,2026,2,user-emp1-297,1
autorizado,14,2026,3,user-emp1-298,1
autorizado,15,2026,4,user-emp1-299,1
autorizado,1,2026,1,user-emp1-300,1
autorizado,2,2026,2,user-emp1-301,1
autorizado,3,2026,3,user-emp1-302,1
autorizado,4,2026,4,user-emp1-303,1
autorizado,5,2026,1,user-emp1-304,1
autorizado,6,2026,2,user-emp1-305,1
autorizado,7,2026,3,user-emp1-306,1
autorizado,8,2026,4,user-emp1-307,1
autorizado,9,2026,1,user-emp1-308,1
autorizado,10,2026,2,user-emp1-309,1
autorizado,11,2026,3,user-emp1-310,1
autorizado,12,2026,4,user-emp1-311,1
autorizado,13,2026,1,user-emp1-312,1
autorizado,14,2026,2,user-emp1-313,1
autorizado,15,2026,3,user-emp1-314,1
autorizado,1,2026,4,user-emp1-315,1
autorizado,2,2026,1,user-emp1-316,1
autorizado,3,2026,2,user-emp1-317,1
autorizado,4,2026,3,user-emp1-318,1
autorizado,5,2026,4,user-emp1-319,1
autorizado,6,2026,1,user-emp1-320,1
autorizado,7,2026,2,user-emp1-321,1
autorizado,8,2026,3,user-emp1-322,1
autorizado,9,2026,4,user-emp1-323,1
autorizado,10,2026,1,user-emp1-324,1
autorizado,11,2026,2,user-emp1-325,1
autorizado,12,2026,3,user-emp1-326,1
autorizado,13,2026,4,user-emp1-327,1
autorizado,14,2026,1,user-emp1-328,1
autorizado,15,2026,2,user-emp1-329,1
autorizado,1,2026,3,user-emp1-330,1
autorizado,2,2026,4,user-emp1-331,1
autorizado,3,2026,1,user-emp1-332,1
autorizado,4,2026,2,user-emp1-333,1
autorizado,5,2026,3,user-emp1-334,1
autorizado,6,2026,4,user-emp1-335,1
autorizado,7,2026,1,user-emp1-336,1
autorizado,8,2026,2,user-emp1-337,1
autorizado,9,2026,3,user-emp1-338,1
autorizado,10,2026,4,user-emp1-339,1
autorizado,11,2026,1,user-emp1-340,1
autorizado,12,2026,2,user-emp1-341,1
autorizado,13,2026,3,user-emp1-342,1
autorizado,14,2026,4,user-emp1-343,1
autorizado,15,2026,1,user-emp1-344,1
autorizado,1,2026,2,user-emp1-345,1
autorizado,2,2026,3,user-emp1-346,1
autorizado,3,2026,4,user-emp1-347,1
autorizado,4,2026,1,user-emp1-348,1
autorizado,5,2026,2,user-emp1-349,1
autorizado,6,2026,3,user-emp1-350,1
autorizado,7,2026,4,user-emp1-351,1
autorizado,8,2026,1,user-emp1-352,1
autorizado,9,2026,2,user-emp1-353,1
autorizado,10,2026,3,user-emp1-354,1
autorizado,11,2026,4,user-emp1-355,1
autorizado,12,2026,1,user-emp1-356,1
autorizado,13,2026,2,user-emp1-357,1
autorizado,14,2026,3,user-emp1-358,1
autorizado,15,2026,4,user-emp1-359,1
autorizado,1,2026,1,user-emp1-360,1
autorizado,2,2026,2,user-emp1-361,1
autorizado,3,2026,3,user-emp1-362,1
autorizado,4,2026,4,user-emp1-363,1
autorizado,5,2026,1,user-emp1-364,1
autorizado,6,2026,2,user-emp1-365,1
autorizado,7,2026,3,user-emp1-366,1
autorizado,8,2026,4,user-emp1-367,1
autorizado,9,2026,1,user-emp1-368,1
autorizado,10,2026,2,user-emp1-369,1
autorizado,11,2026,3,user-emp1-370,1
autorizado,12,2026,4,user-emp1-371,1
autorizado,13,2026,1,user-emp1-372,1
autorizado,14,2026,2,user-emp1-373,1
autorizado,15,2026,3,user-emp1-374,1
autorizado,1,2026,4,user-emp1-375,1
autorizado,2,2026,1,user-emp1-376,1
autorizado,3,2026,2,user-emp1-377,1
autorizado,4,2026,3,user-emp1-378,1
autorizado,5,2026,4,user-emp1-379,1
autorizado,6,2026,1,user-emp1-380,1
autorizado,7,2026,2,user-emp1-381,1
autorizado,8,2026,3,user-emp1-382,1
autorizado,9,2026,4,user-emp1-383,1
autorizado,10,2026,1,user-emp1-384,1
autorizado,11,2026,2,user-emp1-385,1
autorizado,12,2026,3,user-emp1-386,1
autorizado,13,2026,4,user-emp1-387,1
autorizado,14,2026,1,user-emp1-388,1
autorizado,15,2026,2,user-emp1-389,1
autorizado,1,2026,3,user-emp1-390,1
autorizado,2,2026,4,user-emp1-391,1
autorizado,3,2026,1,user-emp1-392,1
autorizado,4,2026,2,user-emp1-393,1
autorizado,5,2026,3,user-emp1-394,1
autorizado,6,2026,4,user-emp1-395,1
autorizado,7,2026,1,user-emp1-396,1
autorizado,8,2026,2,user-emp1-397,1
autorizado,9,2026,3,user-emp1-398,1
autorizado,10,2026,4,user-emp1-399,1
autorizado,11,2026,1,user-emp1-400,1
autorizado,12,2026,2,user-emp1-401,1
autorizado,13,2026,3,user-emp1-402,1
autorizado,14,2026,4,user-emp1-403,1
autorizado,15,2026,1,user-emp1-404,1
autorizado,1,2026,2,user-emp1-405,1
autorizado,2,2026,3,user-emp1-406,1
autorizado,3,2026,4,user-emp1-407,1
autorizado,4,2026,1,user-emp1-408,1
autorizado,5,2026,2,user-emp1-409,1
autorizado,6,2026,3,user-emp1-410,1
autorizado,7,2026,4,user-emp1-411,1
autorizado,8,2026,1,user-emp1-412,1
autorizado,9,2026,2,user-emp1-413,1
autorizado,10,2026,3,user-emp1-414,1
autorizado,11,2026,4,user-emp1-415,1
autorizado,12,2026,1,user-emp1-416,1
autorizado,13,2026,2,user-emp1-417,1
autorizado,14,2026,3,user-emp1-418,1
autorizado,15,2026,4,user-emp1-419,1
autorizado,1,2026,1,user-emp1-420,1
autorizado,2,2026,2,user-emp1-421,1
autorizado,3,2026,3,user-emp1-422,1
autorizado,4,2026,4,user-emp1-423,1
autorizado,5,2026,1,user-emp1-424,1
autorizado,6,2026,2,user-emp1-425,1
autorizado,7,2026,3,user-emp1-426,1
autorizado,8,2026,4,user-emp1-427,1
autorizado,9,2026,1,user-emp1-428,1
autorizado,10,2026,2,user-emp1-429,1
autorizado,11,2026,3,user-emp1-430,1
autorizado,12,2026,4,user-emp1-431,1
autorizado,13,2026,1,user-emp1-432,1
autorizado,14,2026,2,user-emp1-433,1
autorizado,15,2026,3,user-emp1-434,1
autorizado,1,2026,4,user-emp1-435,1
autorizado,2,2026,1,user-emp1-436,1
autorizado,3,2026,2,user-emp1-437,1
autorizado,4,2026,3,user-emp1-438,1
autorizado,5,2026,4,user-emp1-439,1
autorizado,6,2026,1,user-emp1-440,1
autorizado,7,2026,2,user-emp1-441,1
autorizado,8,2026,3,user-emp1-442,1
autorizado,9,2026,4,user-emp1-443,1
autorizado,10,2026,1,user-emp1-444,1
autorizado,11,2026,2,user-emp1-445,1
autorizado,12,2026,3,user-emp1-446,1
autorizado,13,2026,4,user-emp1-447,1
autorizado,14,2026,1,user-emp1-448,1
autorizado,15,2026,2,user-emp1-449,1
autorizado,1,2026,3,user-emp1-450,1
autorizado,2,2026,4,user-emp1-451,1
autorizado,3,2026,1,user-emp1-452,1
autorizado,4,2026,2,user-emp1-453,1
autorizado,5,2026,3,user-emp1-454,1
autorizado,6,2026,4,user-emp1-455,1
autorizado,7,2026,1,user-emp1-456,1
autorizado,8,2026,2,user-emp1-457,1
autorizado,9,2026,3,user-emp1-458,1
autorizado,10,2026,4,user-emp1-459,1
autorizado,11,2026,1,user-emp1-460,1
autorizado,12,2026,2,user-emp1-461,1
autorizado,13,2026,3,user-emp1-462,1
autorizado,14,2026,4,user-emp1-463,1
autorizado,15,2026,1,user-emp1-464,1
autorizado,1,2026,2,user-emp1-465,1
autorizado,2,2026,3,user-emp1-466,1
autorizado,3,2026,4,user-emp1-467,1
autorizado,4,2026,1,user-emp1-468,1
autorizado,5,2026,2,user-emp1-469,1
autorizado,6,2026,3,user-emp1-470,1
autorizado,7,2026,4,user-emp1-471,1
autorizado,8,2026,1,user-emp1-472,1
autorizado,9,2026,2,user-emp1-473,1
autorizado,10,2026,3,user-emp1-474,1
autorizado,11,2026,4,user-emp1-475,1
autorizado,12,2026,1,user-emp1-476,1
autorizado,13,2026,2,user-emp1-477,1
autorizado,14,2026,3,user-emp1-478,1
autorizado,15,2026,4,user-emp1-479,1
autorizado,1,2026,1,user-emp1-480,1
autorizado,2,2026,2,user-emp1-481,1
autorizado,3,2026,3,user-emp1-482,1
autorizado,4,2026,4,user-emp1-483,1
autorizado,5,2026,1,user-emp1-484,1
autorizado,6,2026,2,user-emp1-485,1
autorizado,7,2026,3,user-emp1-486,1
autorizado,8,2026,4,user-emp1-487,1
autorizado,9,2026,1,user-emp1-488,1
autorizado,10,2026,2,user-emp1-489,1
autorizado,11,2026,3,user-emp1-490,1
autorizado,12,2026,4,user-emp1-491,1
autorizado,13,2026,1,user-emp1-492,1
autorizado,14,2026,2,user-emp1-493,1
autorizado,15,2026,3,user-emp1-494,1
autorizado,1,2026,4,user-emp1-495,1
autorizado,2,2026,1,user-emp1-496,1
autorizado,3,2026,2,user-emp1-497,1
autorizado,4,2026,3,user-emp1-498,1
autorizado,5,2026,4,user-emp1-499,1
autorizado,6,2026,1,user-emp1-500,1
autorizado,7,2026,2,user-emp1-501,1
autorizado,8,2026,3,user-emp1-502,1
autorizado,9,2026,4,user-emp1-503,1
autorizado,10,2026,1,user-emp1-504,1
autorizado,11,2026,2,user-emp1-505,1
autorizado,12,2026,3,user-emp1-506,1
autorizado,13,2026,4,user-emp1-507,1
autorizado,14,2026,1,user-emp1-508,1
autorizado,15,2026,2,user-emp1-509,1
autorizado,1,2026,3,user-emp1-510,1
autorizado,2,2026,4,user-emp1-511,1
autorizado,3,2026,1,user-emp1-512,1
autorizado,4,2026,2,user-emp1-513,1
autorizado,5,2026,3,user-emp1-514,1
autorizado,6,2026,4,user-emp1-515,1
autorizado,7,2026,1,user-emp1-516,1
autorizado,8,2026,2,user-emp1-517,1
autorizado,9,2026,3,user-emp1-518,1
autorizado,10,2026,4,user-emp1-519,1
autorizado,11,2026,1,user-emp1-520,1
autorizado,12,2026,2,user-emp1-521,1
autorizado,13,2026,3,user-emp1-522,1
autorizado,14,2026,4,user-emp1-523,1
autorizado,15,2026,1,user-emp1-524,1
autorizado,1,2026,2,user-emp1-525,1
autorizado,2,2026,3,user-emp1-526,1
autorizado,3,2026,4,user-emp1-527,1
autorizado,4,2026,1,user-emp1-528,1
autorizado,5,2026,2,user-emp1-529,1
autorizado,6,2026,3,user-emp1-530,1
autorizado,7,2026,4,user-emp1-531,1
autorizado,8,2026,1,user-emp1-532,1
autorizado,9,2026,2,user-emp1-533,1
autorizado,10,2026,3,user-emp1-534,1
autorizado,11,2026,4,user-emp1-535,1
autorizado,12,2026,1,user-emp1-536,1
autorizado,13,2026,2,user-emp1-537,1
autorizado,14,2026,3,user-emp1-538,1
autorizado,15,2026,4,user-emp1-539,1
autorizado,1,2026,1,user-emp1-540,1
autorizado,2,2026,2,user-emp1-541,1
autorizado,3,2026,3,user-emp1-542,1
autorizado,4,2026,4,user-emp1-543,1
autorizado,5,2026,1,user-emp1-544,1
autorizado,6,2026,2,user-emp1-545,1
autorizado,7,2026,3,user-emp1-546,1
autorizado,8,2026,4,user-emp1-547,1
autorizado,9,2026,1,user-emp1-548,1
autorizado,10,2026,2,user-emp1-549,1
autorizado,11,2026,3,user-emp1-550,1
autorizado,12,2026,4,user-emp1-551,1
autorizado,13,2026,1,user-emp1-552,1
autorizado,14,2026,2,user-emp1-553,1
autorizado,15,2026,3,user-emp1-554,1
autorizado,1,2026,4,user-emp1-555,1
autorizado,2,2026,1,user-emp1-556,1
autorizado,3,2026,2,user-emp1-557,1
autorizado,4,2026,3,user-emp1-558,1
autorizado,5,2026,4,user-emp1-559,1
autorizado,6,2026,1,user-emp1-560,1
autorizado,7,2026,2,user-emp1-561,1
autorizado,8,2026,3,user-emp1-562,1
autorizado,9,2026,4,user-emp1-563,1
autorizado,10,2026,1,user-emp1-564,1
autorizado,11,2026,2,user-emp1-565,1
autorizado,12,2026,3,user-emp1-566,1
autorizado,13,2026,4,user-emp1-567,1
autorizado,14,2026,1,user-emp1-568,1
autorizado,15,2026,2,user-emp1-569,1
autorizado,1,2026,3,user-emp1-570,1
autorizado,2,2026,4,user-emp1-571,1
autorizado,3,2026,1,user-emp1-572,1
autorizado,4,2026,2,user-emp1-573,1
autorizado,5,2026,3,user-emp1-574,1
autorizado,6,2026,4,user-emp1-575,1
autorizado,7,2026,1,user-emp1-576,1
autorizado,8,2026,2,user-emp1-577,1
autorizado,9,2026,3,user-emp1-578,1
autorizado,10,2026,4,user-emp1-579,1
autorizado,11,2026,1,user-emp1-580,1
autorizado,12,2026,2,user-emp1-581,1
autorizado,13,2026,3,user-emp1-582,1
autorizado,14,2026,4,user-emp1-583,1
autorizado,15,2026,1,user-emp1-584,1
autorizado,1,2026,2,user-emp1-585,1
autorizado,2,2026,3,user-emp1-586,1
autorizado,3,2026,4,user-emp1-587,1
autorizado,4,2026,1,user-emp1-588,1
autorizado,5,2026,2,user-emp1-589,1
autorizado,6,2026,3,user-emp1-590,1
autorizado,7,2026,4,user-emp1-591,1
autorizado,8,2026,1,user-emp1-592,1
autorizado,9,2026,2,user-emp1-593,1
autorizado,10,2026,3,user-emp1-594,1
autorizado,11,2026,4,user-emp1-595,1
autorizado,12,2026,1,user-emp1-596,1
autorizado,13,2026,2,user-emp1-597,1
autorizado,14,2026,3,user-emp1-598,1
autorizado,15,2026,4,user-emp1-599,1
autorizado,1,2026,1,user-emp1-600,1
autorizado,2,2026,2,user-emp1-601,1
autorizado,3,2026,3,user-emp1-602,1
autorizado,4,2026,4,user-emp1-603,1
autorizado,5,2026,1,user-emp1-604,1
autorizado,6,2026,2,user-emp1-605,1
autorizado,7,2026,3,user-emp1-606,1
autorizado,8,2026,4,user-emp1-607,1
autorizado,9,2026,1,user-emp1-608,1
autorizado,10,2026,2,user-emp1-609,1
autorizado,11,2026,3,user-emp1-610,1
autorizado,12,2026,4,user-emp1-611,1
autorizado,13,2026,1,user-emp1-612,1
autorizado,14,2026,2,user-emp1-613,1
autorizado,15,2026,3,user-emp1-614,1
autorizado,1,2026,4,user-emp1-615,1
autorizado,2,2026,1,user-emp1-616,1
autorizado,3,2026,2,user-emp1-617,1
autorizado,4,2026,3,user-emp1-618,1
autorizado,5,2026,4,user-emp1-619,1
autorizado,6,2026,1,user-emp1-620,1
autorizado,7,2026,2,user-emp1-621,1
autorizado,8,2026,3,user-emp1-622,1
autorizado,9,2026,4,user-emp1-623,1
autorizado,10,2026,1,user-emp1-624,1
autorizado,11,2026,2,user-emp1-625,1
autorizado,12,2026,3,user-emp1-626,1
autorizado,13,2026,4,user-emp1-627,1
autorizado,14,2026,1,user-emp1-628,1
autorizado,15,2026,2,user-emp1-629,1
autorizado,1,2026,3,user-emp1-630,1
autorizado,2,2026,4,user-emp1-631,1
autorizado,3,2026,1,user-emp1-632,1
autorizado,4,2026,2,user-emp1-633,1
autorizado,5,2026,3,user-emp1-634,1
autorizado,6,2026,4,user-emp1-635,1
autorizado,7,2026,1,user-emp1-636,1
autorizado,8,2026,2,user-emp1-637,1
autorizado,9,2026,3,user-emp1-638,1
autorizado,10,2026,4,user-emp1-639,1
autorizado,11,2026,1,user-emp1-640,1
autorizado,12,2026,2,user-emp1-641,1
autorizado,13,2026,3,user-emp1-642,1
autorizado,14,2026,4,user-emp1-643,1
autorizado,15,2026,1,user-emp1-644,1
autorizado,1,2026,2,user-emp1-645,1
autorizado,2,2026,3,user-emp1-646,1
autorizado,3,2026,4,user-emp1-647,1
autorizado,4,2026,1,user-emp1-648,1
autorizado,5,2026,2,user-emp1-649,1
autorizado,6,2026,3,user-emp1-650,1
autorizado,7,2026,4,user-emp1-651,1
autorizado,8,2026,1,user-emp1-652,1
autorizado,9,2026,2,user-emp1-653,1
autorizado,10,2026,3,user-emp1-654,1
autorizado,11,2026,4,user-emp1-655,1
autorizado,12,2026,1,user-emp1-656,1
autorizado,13,2026,2,user-emp1-657,1
autorizado,14,2026,3,user-emp1-658,1
autorizado,15,2026,4,user-emp1-659,1
autorizado,1,2026,1,user-emp1-660,1
autorizado,2,2026,2,user-emp1-661,1
autorizado,3,2026,3,user-emp1-662,1
autorizado,4,2026,4,user-emp1-663,1
autorizado,5,2026,1,user-emp1-664,1
autorizado,6,2026,2,user-emp1-665,1
autorizado,7,2026,3,user-emp1-666,1
autorizado,8,2026,4,user-emp1-667,1
autorizado,9,2026,1,user-emp1-668,1
autorizado,10,2026,2,user-emp1-669,1
autorizado,11,2026,3,user-emp1-670,1
autorizado,12,2026,4,user-emp1-671,1
autorizado,13,2026,1,user-emp1-672,1
autorizado,14,2026,2,user-emp1-673,1
autorizado,15,2026,3,user-emp1-674,1
autorizado,1,2026,4,user-emp1-675,1
autorizado,2,2026,1,user-emp1-676,1
autorizado,3,2026,2,user-emp1-677,1
autorizado,4,2026,3,user-emp1-678,1
autorizado,5,2026,4,user-emp1-679,1
autorizado,6,2026,1,user-emp1-680,1
autorizado,7,2026,2,user-emp1-681,1
autorizado,8,2026,3,user-emp1-682,1
autorizado,9,2026,4,user-emp1-683,1
autorizado,10,2026,1,user-emp1-684,1
autorizado,11,2026,2,user-emp1-685,1
autorizado,12,2026,3,user-emp1-686,1
autorizado,13,2026,4,user-emp1-687,1
autorizado,14,2026,1,user-emp1-688,1
autorizado,15,2026,2,user-emp1-689,1
autorizado,1,2026,3,user-emp1-690,1
autorizado,2,2026,4,user-emp1-691,1
autorizado,3,2026,1,user-emp1-692,1
autorizado,4,2026,2,user-emp1-693,1
autorizado,5,2026,3,user-emp1-694,1
autorizado,6,2026,4,user-emp1-695,1
autorizado,7,2026,1,user-emp1-696,1
autorizado,8,2026,2,user-emp1-697,1
autorizado,9,2026,3,user-emp1-698,1
autorizado,10,2026,4,user-emp1-699,1
autorizado,11,2026,1,user-emp1-700,1
autorizado,12,2026,2,user-emp1-701,1
autorizado,13,2026,3,user-emp1-702,1
autorizado,14,2026,4,user-emp1-703,1
autorizado,15,2026,1,user-emp1-704,1
autorizado,1,2026,2,user-emp1-705,1
autorizado,2,2026,3,user-emp1-706,1
autorizado,3,2026,4,user-emp1-707,1
autorizado,4,2026,1,user-emp1-708,1
autorizado,5,2026,2,user-emp1-709,1
autorizado,6,2026,3,user-emp1-710,1
autorizado,7,2026,4,user-emp1-711,1
autorizado,8,2026,1,user-emp1-712,1
autorizado,9,2026,2,user-emp1-713,1
autorizado,10,2026,3,user-emp1-714,1
autorizado,11,2026,4,user-emp1-715,1
autorizado,12,2026,1,user-emp1-716,1
autorizado,13,2026,2,user-emp1-717,1
autorizado,14,2026,3,user-emp1-718,1
autorizado,15,2026,4,user-emp1-719,1
autorizado,1,2026,1,user-emp1-720,1
autorizado,2,2026,2,user-emp1-721,1
autorizado,3,2026,3,user-emp1-722,1
autorizado,4,2026,4,user-emp1-723,1
autorizado,5,2026,1,user-emp1-724,1
autorizado,6,2026,2,user-emp1-725,1
autorizado,7,2026,3,user-emp1-726,1
autorizado,8,2026,4,user-emp1-727,1
autorizado,9,2026,1,user-emp1-728,1
autorizado,10,2026,2,user-emp1-729,1
autorizado,11,2026,3,user-emp1-730,1
autorizado,12,2026,4,user-emp1-731,1
autorizado,13,2026,1,user-emp1-732,1
autorizado,14,2026,2,user-emp1-733,1
autorizado,15,2026,3,user-emp1-734,1
autorizado,1,2026,4,user-emp1-735,1
autorizado,2,2026,1,user-emp1-736,1
autorizado,3,2026,2,user-emp1-737,1
autorizado,4,2026,3,user-emp1-738,1
autorizado,5,2026,4,user-emp1-739,1
autorizado,6,2026,1,user-emp1-740,1
autorizado,7,2026,2,user-emp1-741,1
autorizado,8,2026,3,user-emp1-742,1
autorizado,9,2026,4,user-emp1-743,1
autorizado,10,2026,1,user-emp1-744,1
autorizado,11,2026,2,user-emp1-745,1
autorizado,12,2026,3,user-emp1-746,1
autorizado,13,2026,4,user-emp1-747,1
autorizado,14,2026,1,user-emp1-748,1
autorizado,15,2026,2,user-emp1-749,1
autorizado,1,2026,3,user-emp1-750,1
autorizado,2,2026,4,user-emp1-751,1
autorizado,3,2026,1,user-emp1-752,1
autorizado,4,2026,2,user-emp1-753,1
autorizado,5,2026,3,user-emp1-754,1
autorizado,6,2026,4,user-emp1-755,1
autorizado,7,2026,1,user-emp1-756,1
autorizado,8,2026,2,user-emp1-757,1
autorizado,9,2026,3,user-emp1-758,1
autorizado,10,2026,4,user-emp1-759,1
autorizado,11,2026,1,user-emp1-760,1
autorizado,12,2026,2,user-emp1-761,1
autorizado,13,2026,3,user-emp1-762,1
autorizado,14,2026,4,user-emp1-763,1
autorizado,15,2026,1,user-emp1-764,1
autorizado,1,2026,2,user-emp1-765,1
autorizado,2,2026,3,user-emp1-766,1
autorizado,3,2026,4,user-emp1-767,1
autorizado,4,2026,1,user-emp1-768,1
autorizado,5,2026,2,user-emp1-769,1
autorizado,6,2026,3,user-emp1-770,1
autorizado,7,2026,4,user-emp1-771,1
autorizado,8,2026,1,user-emp1-772,1
autorizado,9,2026,2,user-emp1-773,1
autorizado,10,2026,3,user-emp1-774,1
autorizado,11,2026,4,user-emp1-775,1
autorizado,12,2026,1,user-emp1-776,1
autorizado,13,2026,2,user-emp1-777,1
autorizado,14,2026,3,user-emp1-778,1
autorizado,15,2026,4,user-emp1-779,1
autorizado,1,2026,1,user-emp1-780,1
autorizado,2,2026,2,user-emp1-781,1
autorizado,3,2026,3,user-emp1-782,1
autorizado,4,2026,4,user-emp1-783,1
autorizado,5,2026,1,user-emp1-784,1
autorizado,6,2026,2,user-emp1-785,1
autorizado,7,2026,3,user-emp1-786,1
autorizado,8,2026,4,user-emp1-787,1
autorizado,9,2026,1,user-emp1-788,1
autorizado,10,2026,2,user-emp1-789,1
autorizado,11,2026,3,user-emp1-790,1
autorizado,12,2026,4,user-emp1-791,1
autorizado,13,2026,1,user-emp1-792,1
autorizado,14,2026,2,user-emp1-793,1
autorizado,15,2026,3,user-emp1-794,1
autorizado,1,2026,4,user-emp1-795,1
autorizado,2,2026,1,user-emp1-796,1
autorizado,3,2026,2,user-emp1-797,1
autorizado,4,2026,3,user-emp1-798,1
autorizado,5,2026,4,user-emp1-799,1
autorizado,6,2026,1,user-emp1-800,1
autorizado,7,2026,2,user-emp1-801,1
autorizado,8,2026,3,user-emp1-802,1
autorizado,9,2026,4,user-emp1-803,1
autorizado,10,2026,1,user-emp1-804,1
autorizado,11,2026,2,user-emp1-805,1
autorizado,12,2026,3,user-emp1-806,1
autorizado,13,2026,4,user-emp1-807,1
autorizado,14,2026,1,user-emp1-808,1
autorizado,15,2026,2,user-emp1-809,1
autorizado,1,2026,3,user-emp1-810,1
autorizado,2,2026,4,user-emp1-811,1
autorizado,3,2026,1,user-emp1-812,1
autorizado,4,2026,2,user-emp1-813,1
autorizado,5,2026,3,user-emp1-814,1
autorizado,6,2026,4,user-emp1-815,1
autorizado,7,2026,1,user-emp1-816,1
autorizado,8,2026,2,user-emp1-817,1
autorizado,9,2026,3,user-emp1-818,1
autorizado,10,2026,4,user-emp1-819,1
autorizado,11,2026,1,user-emp1-820,1
autorizado,12,2026,2,user-emp1-821,1
autorizado,13,2026,3,user-emp1-822,1
autorizado,14,2026,4,user-emp1-823,1
autorizado,15,2026,1,user-emp1-824,1
autorizado,1,2026,2,user-emp1-825,1
autorizado,2,2026,3,user-emp1-826,1
autorizado,3,2026,4,user-emp1-827,1
autorizado,4,2026,1,user-emp1-828,1
autorizado,5,2026,2,user-emp1-829,1
autorizado,6,2026,3,user-emp1-830,1
autorizado,7,2026,4,user-emp1-831,1
autorizado,8,2026,1,user-emp1-832,1
autorizado,9,2026,2,user-emp1-833,1
autorizado,10,2026,3,user-emp1-834,1
autorizado,11,2026,4,user-emp1-835,1
autorizado,12,2026,1,user-emp1-836,1
autorizado,13,2026,2,user-emp1-837,1
autorizado,14,2026,3,user-emp1-838,1
autorizado,15,2026,4,user-emp1-839,1
autorizado,1,2026,1,user-emp1-840,1
autorizado,2,2026,2,user-emp1-841,1
autorizado,3,2026,3,user-emp1-842,1
autorizado,4,2026,4,user-emp1-843,1
autorizado,5,2026,1,user-emp1-844,1
autorizado,6,2026,2,user-emp1-845,1
autorizado,7,2026,3,user-emp1-846,1
autorizado,8,2026,4,user-emp1-847,1
autorizado,9,2026,1,user-emp1-848,1
autorizado,10,2026,2,user-emp1-849,1
autorizado,11,2026,3,user-emp1-850,1
autorizado,12,2026,4,user-emp1-851,1
autorizado,13,2026,1,user-emp1-852,1
autorizado,14,2026,2,user-emp1-853,1
autorizado,15,2026,3,user-emp1-854,1
autorizado,1,2026,4,user-emp1-855,1
autorizado,2,2026,1,user-emp1-856,1
autorizado,3,2026,2,user-emp1-857,1
autorizado,4,2026,3,user-emp1-858,1
autorizado,5,2026,4,user-emp1-859,1
autorizado,6,2026,1,user-emp1-860,1
autorizado,7,2026,2,user-emp1-861,1
autorizado,8,2026,3,user-emp1-862,1
autorizado,9,2026,4,user-emp1-863,1
autorizado,10,2026,1,user-emp1-864,1
autorizado,11,2026,2,user-emp1-865,1
autorizado,12,2026,3,user-emp1-866,1
autorizado,13,2026,4,user-emp1-867,1
autorizado,14,2026,1,user-emp1-868,1
autorizado,15,2026,2,user-emp1-869,1
autorizado,1,2026,3,user-emp1-870,1
autorizado,2,2026,4,user-emp1-871,1
autorizado,3,2026,1,user-emp1-872,1
autorizado,4,2026,2,user-emp1-873,1
autorizado,5,2026,3,user-emp1-874,1
autorizado,6,2026,4,user-emp1-875,1
autorizado,7,2026,1,user-emp1-876,1
autorizado,8,2026,2,user-emp1-877,1
autorizado,9,2026,3,user-emp1-878,1
autorizado,10,2026,4,user-emp1-879,1
autorizado,11,2026,1,user-emp1-880,1
autorizado,12,2026,2,user-emp1-881,1
autorizado,13,2026,3,user-emp1-882,1
autorizado,14,2026,4,user-emp1-883,1
autorizado,15,2026,1,user-emp1-884,1
autorizado,1,2026,2,user-emp1-885,1
autorizado,2,2026,3,user-emp1-886,1
autorizado,3,2026,4,user-emp1-887,1
autorizado,4,2026,1,user-emp1-888,1
autorizado,5,2026,2,user-emp1-889,1
autorizado,6,2026,3,user-emp1-890,1
autorizado,7,2026,4,user-emp1-891,1
autorizado,8,2026,1,user-emp1-892,1
autorizado,9,2026,2,user-emp1-893,1
autorizado,10,2026,3,user-emp1-894,1
autorizado,11,2026,4,user-emp1-895,1
autorizado,12,2026,1,user-emp1-896,1
autorizado,13,2026,2,user-emp1-897,1
autorizado,14,2026,3,user-emp1-898,1
autorizado,15,2026,4,user-emp1-899,1
autorizado,1,2026,1,user-emp1-900,1
autorizado,2,2026,2,user-emp1-901,1
autorizado,3,2026,3,user-emp1-902,1
autorizado,4,2026,4,user-emp1-903,1
autorizado,5,2026,1,user-emp1-904,1
autorizado,6,2026,2,user-emp1-905,1
autorizado,7,2026,3,user-emp1-906,1
autorizado,8,2026,4,user-emp1-907,1
autorizado,9,2026,1,user-emp1-908,1
autorizado,10,2026,2,user-emp1-909,1
autorizado,11,2026,3,user-emp1-910,1
autorizado,12,2026,4,user-emp1-911,1
autorizado,13,2026,1,user-emp1-912,1
autorizado,14,2026,2,user-emp1-913,1
autorizado,15,2026,3,user-emp1-914,1
autorizado,1,2026,4,user-emp1-915,1
autorizado,2,2026,1,user-emp1-916,1
autorizado,3,2026,2,user-emp1-917,1
autorizado,4,2026,3,user-emp1-918,1
autorizado,5,2026,4,user-emp1-919,1
autorizado,6,2026,1,user-emp1-920,1
autorizado,7,2026,2,user-emp1-921,1
autorizado,8,2026,3,user-emp1-922,1
autorizado,9,2026,4,user-emp1-923,1
autorizado,10,2026,1,user-emp1-924,1
autorizado,11,2026,2,user-emp1-925,1
autorizado,12,2026,3,user-emp1-926,1
autorizado,13,2026,4,user-emp1-927,1
autorizado,14,2026,1,user-emp1-928,1
autorizado,15,2026,2,user-emp1-929,1
autorizado,1,2026,3,user-emp1-930,1
autorizado,2,2026,4,user-emp1-931,1
autorizado,3,2026,1,user-emp1-932,1
autorizado,4,2026,2,user-emp1-933,1
autorizado,5,2026,3,user-emp1-934,1
autorizado,6,2026,4,user-emp1-935,1
autorizado,7,2026,1,user-emp1-936,1
autorizado,8,2026,2,user-emp1-937,1
autorizado,9,2026,3,user-emp1-938,1
autorizado,10,2026,4,user-emp1-939,1
autorizado,11,2026,1,user-emp1-940,1
autorizado,12,2026,2,user-emp1-941,1
autorizado,13,2026,3,user-emp1-942,1
autorizado,14,2026,4,user-emp1-943,1
autorizado,15,2026,1,user-emp1-944,1
autorizado,1,2026,2,user-emp1-945,1
autorizado,2,2026,3,user-emp1-946,1
autorizado,3,2026,4,user-emp1-947,1
autorizado,4,2026,1,user-emp1-948,1
autorizado,5,2026,2,user-emp1-949,1
autorizado,6,2026,3,user-emp1-950,1
autorizado,7,2026,4,user-emp1-951,1
autorizado,8,2026,1,user-emp1-952,1
autorizado,9,2026,2,user-emp1-953,1
autorizado,10,2026,3,user-emp1-954,1
autorizado,11,2026,4,user-emp1-955,1
autorizado,12,2026,1,user-emp1-956,1
autorizado,13,2026,2,user-emp1-957,1
autorizado,14,2026,3,user-emp1-958,1
autorizado,15,2026,4,user-emp1-959,1
autorizado,1,2026,1,user-emp1-960,1
autorizado,2,2026,2,user-emp1-961,1
autorizado,3,2026,3,user-emp1-962,1
autorizado,4,2026,4,user-emp1-963,1
autorizado,5,2026,1,user-emp1-964,1
autorizado,6,2026,2,user-emp1-965,1
autorizado,7,2026,3,user-emp1-966,1
autorizado,8,2026,4,user-emp1-967,1
autorizado,9,2026,1,user-emp1-968,1
autorizado,10,2026,2,user-emp1-969,1
autorizado,11,2026,3,user-emp1-970,1
autorizado,12,2026,4,user-emp1-971,1
autorizado,13,2026,1,user-emp1-972,1
autorizado,14,2026,2,user-emp1-973,1
autorizado,15,2026,3,user-emp1-974,1
autorizado,1,2026,4,user-emp1-975,1
autorizado,2,2026,1,user-emp1-976,1
autorizado,3,2026,2,user-emp1-977,1
autorizado,4,2026,3,user-emp1-978,1
autorizado,5,2026,4,user-emp1-979,1
autorizado,6,2026,1,user-emp1-980,1
autorizado,7,2026,2,user-emp1-981,1
autorizado,8,2026,3,user-emp1-982,1
autorizado,9,2026,4,user-emp1-983,1
autorizado,10,2026,1,user-emp1-984,1
autorizado,11,2026,2,user-emp1-985,1
autorizado,12,2026,3,user-emp1-986,1
autorizado,13,2026,4,user-emp1-987,1
autorizado,14,2026,1,user-emp1-988,1
autorizado,15,2026,2,user-emp1-989,1
autorizado,1,2026,3,user-emp1-990,1
autorizado,2,2026,4,user-emp1-991,1
autorizado,3,2026,1,user-emp1-992,1
autorizado,4,2026,2,user-emp1-993,1
autorizado,5,2026,3,user-emp1-994,1
autorizado,6,2026,4,user-emp1-995,1
autorizado,7,2026,1,user-emp1-996,1
autorizado,8,2026,2,user-emp1-997,1
autorizado,9,2026,3,user-emp1-998,1
autorizado,10,2026,4,user-emp1-999,1
autorizado,11,2026,1,user-emp1-1000,1
autorizado,12,2026,2,user-emp1-1001,1
autorizado,13,2026,3,user-emp1-1002,1
autorizado,14,2026,4,user-emp1-1003,1
autorizado,15,2026,1,user-emp1-1004,1
autorizado,1,2026,2,user-emp1-1005,1
autorizado,2,2026,3,user-emp1-1006,1
autorizado,3,2026,4,user-emp1-1007,1
autorizado,4,2026,1,user-emp1-1008,1
autorizado,5,2026,2,user-emp1-1009,1
autorizado,6,2026,3,user-emp1-1010,1
autorizado,7,2026,4,user-emp1-1011,1
autorizado,8,2026,1,user-emp1-1012,1
autorizado,9,2026,2,user-emp1-1013,1
autorizado,10,2026,3,user-emp1-1014,1
autorizado,11,2026,4,user-emp1-1015,1
autorizado,12,2026,1,user-emp1-1016,1
autorizado,13,2026,2,user-emp1-1017,1
autorizado,14,2026,3,user-emp1-1018,1
autorizado,15,2026,4,user-emp1-1019,1
autorizado,1,2026,1,user-emp1-1020,1
autorizado,2,2026,2,user-emp1-1021,1
autorizado,3,2026,3,user-emp1-1022,1
autorizado,4,2026,4,user-emp1-1023,1
autorizado,5,2026,1,user-emp1-1024,1
autorizado,6,2026,2,user-emp1-1025,1
autorizado,7,2026,3,user-emp1-1026,1
autorizado,8,2026,4,user-emp1-1027,1
autorizado,9,2026,1,user-emp1-1028,1
autorizado,10,2026,2,user-emp1-1029,1
autorizado,11,2026,3,user-emp1-1030,1
autorizado,12,2026,4,user-emp1-1031,1
autorizado,13,2026,1,user-emp1-1032,1
autorizado,14,2026,2,user-emp1-1033,1
autorizado,15,2026,3,user-emp1-1034,1
autorizado,1,2026,4,user-emp1-1035,1
autorizado,2,2026,1,user-emp1-1036,1
autorizado,3,2026,2,user-emp1-1037,1
autorizado,4,2026,3,user-emp1-1038,1
autorizado,5,2026,4,user-emp1-1039,1
autorizado,6,2026,1,user-emp1-1040,1
autorizado,7,2026,2,user-emp1-1041,1
autorizado,8,2026,3,user-emp1-1042,1
autorizado,9,2026,4,user-emp1-1043,1
autorizado,10,2026,1,user-emp1-1044,1
autorizado,11,2026,2,user-emp1-1045,1
autorizado,12,2026,3,user-emp1-1046,1
autorizado,13,2026,4,user-emp1-1047,1
autorizado,14,2026,1,user-emp1-1048,1
autorizado,15,2026,2,user-emp1-1049,1
autorizado,1,2026,3,user-emp1-1050,1
autorizado,2,2026,4,user-emp1-1051,1
autorizado,3,2026,1,user-emp1-1052,1
autorizado,4,2026,2,user-emp1-1053,1
autorizado,5,2026,3,user-emp1-1054,1
autorizado,6,2026,4,user-emp1-1055,1
autorizado,7,2026,1,user-emp1-1056,1
autorizado,8,2026,2,user-emp1-1057,1
autorizado,9,2026,3,user-emp1-1058,1
autorizado,10,2026,4,user-emp1-1059,1
autorizado,11,2026,1,user-emp1-1060,1
autorizado,12,2026,2,user-emp1-1061,1
autorizado,13,2026,3,user-emp1-1062,1
autorizado,14,2026,4,user-emp1-1063,1
autorizado,15,2026,1,user-emp1-1064,1
autorizado,1,2026,2,user-emp1-1065,1
autorizado,2,2026,3,user-emp1-1066,1
autorizado,3,2026,4,user-emp1-1067,1
autorizado,4,2026,1,user-emp1-1068,1
autorizado,5,2026,2,user-emp1-1069,1
autorizado,6,2026,3,user-emp1-1070,1
autorizado,7,2026,4,user-emp1-1071,1
autorizado,8,2026,1,user-emp1-1072,1
autorizado,9,2026,2,user-emp1-1073,1
autorizado,10,2026,3,user-emp1-1074,1
autorizado,11,2026,4,user-emp1-1075,1
autorizado,12,2026,1,user-emp1-1076,1
autorizado,13,2026,2,user-emp1-1077,1
autorizado,14,2026,3,user-emp1-1078,1
autorizado,15,2026,4,user-emp1-1079,1
autorizado,1,2026,1,user-emp1-1080,1
autorizado,2,2026,2,user-emp1-1081,1
autorizado,3,2026,3,user-emp1-1082,1
autorizado,4,2026,4,user-emp1-1083,1
autorizado,5,2026,1,user-emp1-1084,1
autorizado,6,2026,2,user-emp1-1085,1
autorizado,7,2026,3,user-emp1-1086,1
autorizado,8,2026,4,user-emp1-1087,1
autorizado,9,2026,1,user-emp1-1088,1
autorizado,10,2026,2,user-emp1-1089,1
autorizado,11,2026,3,user-emp1-1090,1
autorizado,12,2026,4,user-emp1-1091,1
autorizado,13,2026,1,user-emp1-1092,1
autorizado,14,2026,2,user-emp1-1093,1
autorizado,15,2026,3,user-emp1-1094,1
autorizado,1,2026,4,user-emp1-1095,1
autorizado,2,2026,1,user-emp1-1096,1
autorizado,3,2026,2,user-emp1-1097,1
autorizado,4,2026,3,user-emp1-1098,1
autorizado,5,2026,4,user-emp1-1099,1
autorizado,6,2026,1,user-emp1-1100,1
autorizado,7,2026,2,user-emp1-1101,1
autorizado,8,2026,3,user-emp1-1102,1
autorizado,9,2026,4,user-emp1-1103,1
autorizado,10,2026,1,user-emp1-1104,1
autorizado,11,2026,2,user-emp1-1105,1
autorizado,12,2026,3,user-emp1-1106,1
autorizado,13,2026,4,user-emp1-1107,1
autorizado,14,2026,1,user-emp1-1108,1
autorizado,15,2026,2,user-emp1-1109,1
autorizado,1,2026,3,user-emp1-1110,1
autorizado,2,2026,4,user-emp1-1111,1
autorizado,3,2026,1,user-emp1-1112,1
autorizado,4,2026,2,user-emp1-1113,1
autorizado,5,2026,3,user-emp1-1114,1
autorizado,6,2026,4,user-emp1-1115,1
autorizado,7,2026,1,user-emp1-1116,1
autorizado,8,2026,2,user-emp1-1117,1
autorizado,9,2026,3,user-emp1-1118,1
autorizado,10,2026,4,user-emp1-1119,1
autorizado,11,2026,1,user-emp1-1120,1
autorizado,12,2026,2,user-emp1-1121,1
autorizado,13,2026,3,user-emp1-1122,1
autorizado,14,2026,4,user-emp1-1123,1
autorizado,15,2026,1,user-emp1-1124,1
autorizado,1,2026,2,user-emp1-1125,1
autorizado,2,2026,3,user-emp1-1126,1
autorizado,3,2026,4,user-emp1-1127,1
autorizado,4,2026,1,user-emp1-1128,1
autorizado,5,2026,2,user-emp1-1129,1
autorizado,6,2026,3,user-emp1-1130,1
autorizado,7,2026,4,user-emp1-1131,1
autorizado,8,2026,1,user-emp1-1132,1
autorizado,9,2026,2,user-emp1-1133,1
autorizado,10,2026,3,user-emp1-1134,1
autorizado,11,2026,4,user-emp1-1135,1
autorizado,12,2026,1,user-emp1-1136,1
autorizado,13,2026,2,user-emp1-1137,1
autorizado,14,2026,3,user-emp1-1138,1
autorizado,15,2026,4,user-emp1-1139,1
autorizado,1,2026,1,user-emp1-1140,1
autorizado,2,2026,2,user-emp1-1141,1
autorizado,3,2026,3,user-emp1-1142,1
autorizado,4,2026,4,user-emp1-1143,1
autorizado,5,2026,1,user-emp1-1144,1
autorizado,6,2026,2,user-emp1-1145,1
autorizado,7,2026,3,user-emp1-1146,1
autorizado,8,2026,4,user-emp1-1147,1
autorizado,9,2026,1,user-emp1-1148,1
autorizado,10,2026,2,user-emp1-1149,1
autorizado,11,2026,3,user-emp1-1150,1
autorizado,12,2026,4,user-emp1-1151,1
autorizado,13,2026,1,user-emp1-1152,1
autorizado,14,2026,2,user-emp1-1153,1
autorizado,15,2026,3,user-emp1-1154,1
autorizado,1,2026,4,user-emp1-1155,1
autorizado,2,2026,1,user-emp1-1156,1
autorizado,3,2026,2,user-emp1-1157,1
autorizado,4,2026,3,user-emp1-1158,1
autorizado,5,2026,4,user-emp1-1159,1
autorizado,6,2026,1,user-emp1-1160,1
autorizado,7,2026,2,user-emp1-1161,1
autorizado,8,2026,3,user-emp1-1162,1
autorizado,9,2026,4,user-emp1-1163,1
autorizado,10,2026,1,user-emp1-1164,1
autorizado,11,2026,2,user-emp1-1165,1
autorizado,12,2026,3,user-emp1-1166,1
autorizado,13,2026,4,user-emp1-1167,1
autorizado,14,2026,1,user-emp1-1168,1
autorizado,15,2026,2,user-emp1-1169,1
autorizado,1,2026,3,user-emp1-1170,1
autorizado,2,2026,4,user-emp1-1171,1
autorizado,3,2026,1,user-emp1-1172,1
autorizado,4,2026,2,user-emp1-1173,1
autorizado,5,2026,3,user-emp1-1174,1
autorizado,6,2026,4,user-emp1-1175,1
autorizado,7,2026,1,user-emp1-1176,1
autorizado,8,2026,2,user-emp1-1177,1
autorizado,9,2026,3,user-emp1-1178,1
autorizado,10,2026,4,user-emp1-1179,1
autorizado,11,2026,1,user-emp1-1180,1
autorizado,12,2026,2,user-emp1-1181,1
autorizado,13,2026,3,user-emp1-1182,1
autorizado,14,2026,4,user-emp1-1183,1
autorizado,15,2026,1,user-emp1-1184,1
autorizado,1,2026,2,user-emp1-1185,1
autorizado,2,2026,3,user-emp1-1186,1
autorizado,3,2026,4,user-emp1-1187,1
autorizado,4,2026,1,user-emp1-1188,1
autorizado,5,2026,2,user-emp1-1189,1
autorizado,6,2026,3,user-emp1-1190,1
autorizado,7,2026,4,user-emp1-1191,1
autorizado,8,2026,1,user-emp1-1192,1
autorizado,9,2026,2,user-emp1-1193,1
autorizado,10,2026,3,user-emp1-1194,1
autorizado,11,2026,4,user-emp1-1195,1
autorizado,12,2026,1,user-emp1-1196,1
autorizado,13,2026,2,user-emp1-1197,1
autorizado,14,2026,3,user-emp1-1198,1
autorizado,15,2026,4,user-emp1-1199,1
autorizado,1,2026,1,user-emp1-1200,1
autorizado,2,2026,2,user-emp1-1201,1
autorizado,3,2026,3,user-emp1-1202,1
autorizado,4,2026,4,user-emp1-1203,1
autorizado,5,2026,1,user-emp1-1204,1
autorizado,6,2026,2,user-emp1-1205,1
autorizado,7,2026,3,user-emp1-1206,1
autorizado,8,2026,4,user-emp1-1207,1
autorizado,9,2026,1,user-emp1-1208,1
autorizado,10,2026,2,user-emp1-1209,1
autorizado,11,2026,3,user-emp1-1210,1
autorizado,12,2026,4,user-emp1-1211,1
autorizado,13,2026,1,user-emp1-1212,1
autorizado,14,2026,2,user-emp1-1213,1
autorizado,15,2026,3,user-emp1-1214,1
autorizado,1,2026,4,user-emp1-1215,1
autorizado,2,2026,1,user-emp1-1216,1
autorizado,3,2026,2,user-emp1-1217,1
autorizado,4,2026,3,user-emp1-1218,1
autorizado,5,2026,4,user-emp1-1219,1
autorizado,6,2026,1,user-emp1-1220,1
autorizado,7,2026,2,user-emp1-1221,1
autorizado,8,2026,3,user-emp1-1222,1
autorizado,9,2026,4,user-emp1-1223,1
autorizado,10,2026,1,user-emp1-1224,1
autorizado,11,2026,2,user-emp1-1225,1
autorizado,12,2026,3,user-emp1-1226,1
autorizado,13,2026,4,user-emp1-1227,1
autorizado,14,2026,1,user-emp1-1228,1
autorizado,15,2026,2,user-emp1-1229,1
autorizado,1,2026,3,user-emp1-1230,1
autorizado,2,2026,4,user-emp1-1231,1
autorizado,3,2026,1,user-emp1-1232,1
autorizado,4,2026,2,user-emp1-1233,1
autorizado,5,2026,3,user-emp1-1234,1
autorizado,6,2026,4,user-emp1-1235,1
autorizado,7,2026,1,user-emp1-1236,1
autorizado,8,2026,2,user-emp1-1237,1
autorizado,9,2026,3,user-emp1-1238,1
autorizado,10,2026,4,user-emp1-1239,1
autorizado,11,2026,1,user-emp1-1240,1
autorizado,12,2026,2,user-emp1-1241,1
autorizado,13,2026,3,user-emp1-1242,1
autorizado,14,2026,4,user-emp1-1243,1
autorizado,15,2026,1,user-emp1-1244,1
autorizado,1,2026,2,user-emp1-1245,1
autorizado,2,2026,3,user-emp1-1246,1
autorizado,3,2026,4,user-emp1-1247,1
autorizado,4,2026,1,user-emp1-1248,1
autorizado,5,2026,2,user-emp1-1249,1
autorizado,6,2026,3,user-emp1-1250,1
autorizado,7,2026,4,user-emp1-1251,1
autorizado,8,2026,1,user-emp1-1252,1
autorizado,9,2026,2,user-emp1-1253,1
autorizado,10,2026,3,user-emp1-1254,1
autorizado,11,2026,4,user-emp1-1255,1
autorizado,12,2026,1,user-emp1-1256,1
autorizado,13,2026,2,user-emp1-1257,1
autorizado,14,2026,3,user-emp1-1258,1
autorizado,15,2026,4,user-emp1-1259,1
autorizado,1,2026,1,user-emp1-1260,1
autorizado,2,2026,2,user-emp1-1261,1
autorizado,3,2026,3,user-emp1-1262,1
autorizado,4,2026,4,user-emp1-1263,1
autorizado,5,2026,1,user-emp1-1264,1
autorizado,6,2026,2,user-emp1-1265,1
autorizado,7,2026,3,user-emp1-1266,1
autorizado,8,2026,4,user-emp1-1267,1
autorizado,9,2026,1,user-emp1-1268,1
autorizado,10,2026,2,user-emp1-1269,1
autorizado,11,2026,3,user-emp1-1270,1
autorizado,12,2026,4,user-emp1-1271,1
autorizado,13,2026,1,user-emp1-1272,1
autorizado,14,2026,2,user-emp1-1273,1
autorizado,15,2026,3,user-emp1-1274,1
autorizado,1,2026,4,user-emp1-1275,1
autorizado,2,2026,1,user-emp1-1276,1
autorizado,3,2026,2,user-emp1-1277,1
autorizado,4,2026,3,user-emp1-1278,1
autorizado,5,2026,4,user-emp1-1279,1
autorizado,6,2026,1,user-emp1-1280,1
autorizado,7,2026,2,user-emp1-1281,1
autorizado,8,2026,3,user-emp1-1282,1
autorizado,9,2026,4,user-emp1-1283,1
autorizado,10,2026,1,user-emp1-1284,1
autorizado,11,2026,2,user-emp1-1285,1
autorizado,12,2026,3,user-emp1-1286,1
autorizado,13,2026,4,user-emp1-1287,1
autorizado,14,2026,1,user-emp1-1288,1
autorizado,15,2026,2,user-emp1-1289,1
autorizado,1,2026,3,user-emp1-1290,1
autorizado,2,2026,4,user-emp1-1291,1
autorizado,3,2026,1,user-emp1-1292,1
autorizado,4,2026,2,user-emp1-1293,1
autorizado,5,2026,3,user-emp1-1294,1
autorizado,6,2026,4,user-emp1-1295,1
autorizado,7,2026,1,user-emp1-1296,1
autorizado,8,2026,2,user-emp1-1297,1
autorizado,9,2026,3,user-emp1-1298,1
autorizado,10,2026,4,user-emp1-1299,1
autorizado,11,2026,1,user-emp1-1300,1
autorizado,12,2026,2,user-emp1-1301,1
autorizado,13,2026,3,user-emp1-1302,1
autorizado,14,2026,4,user-emp1-1303,1
autorizado,15,2026,1,user-emp1-1304,1
autorizado,1,2026,2,user-emp1-1305,1
autorizado,2,2026,3,user-emp1-1306,1
autorizado,3,2026,4,user-emp1-1307,1
autorizado,4,2026,1,user-emp1-1308,1
autorizado,5,2026,2,user-emp1-1309,1
autorizado,6,2026,3,user-emp1-1310,1
autorizado,7,2026,4,user-emp1-1311,1
autorizado,8,2026,1,user-emp1-1312,1
autorizado,9,2026,2,user-emp1-1313,1
autorizado,10,2026,3,user-emp1-1314,1
autorizado,11,2026,4,user-emp1-1315,1
autorizado,12,2026,1,user-emp1-1316,1
autorizado,13,2026,2,user-emp1-1317,1
autorizado,14,2026,3,user-emp1-1318,1
autorizado,15,2026,4,user-emp1-1319,1
autorizado,1,2026,1,user-emp1-1320,1
autorizado,2,2026,2,user-emp1-1321,1
autorizado,3,2026,3,user-emp1-1322,1
autorizado,4,2026,4,user-emp1-1323,1
autorizado,5,2026,1,user-emp1-1324,1
autorizado,6,2026,2,user-emp1-1325,1
autorizado,7,2026,3,user-emp1-1326,1
autorizado,8,2026,4,user-emp1-1327,1
autorizado,9,2026,1,user-emp1-1328,1
autorizado,10,2026,2,user-emp1-1329,1
autorizado,11,2026,3,user-emp1-1330,1
autorizado,12,2026,4,user-emp1-1331,1
autorizado,13,2026,1,user-emp1-1332,1
autorizado,14,2026,2,user-emp1-1333,1
autorizado,15,2026,3,user-emp1-1334,1
autorizado,1,2026,4,user-emp1-1335,1
autorizado,2,2026,1,user-emp1-1336,1
autorizado,3,2026,2,user-emp1-1337,1
autorizado,4,2026,3,user-emp1-1338,1
autorizado,5,2026,4,user-emp1-1339,1
autorizado,6,2026,1,user-emp1-1340,1
autorizado,7,2026,2,user-emp1-1341,1
autorizado,8,2026,3,user-emp1-1342,1
autorizado,9,2026,4,user-emp1-1343,1
autorizado,10,2026,1,user-emp1-1344,1
autorizado,11,2026,2,user-emp1-1345,1
autorizado,12,2026,3,user-emp1-1346,1
autorizado,13,2026,4,user-emp1-1347,1
autorizado,14,2026,1,user-emp1-1348,1
autorizado,15,2026,2,user-emp1-1349,1
autorizado,1,2026,3,user-emp1-1350,1
autorizado,2,2026,4,user-emp1-1351,1
autorizado,3,2026,1,user-emp1-1352,1
autorizado,4,2026,2,user-emp1-1353,1
autorizado,5,2026,3,user-emp1-1354,1
autorizado,6,2026,4,user-emp1-1355,1
autorizado,7,2026,1,user-emp1-1356,1
autorizado,8,2026,2,user-emp1-1357,1
autorizado,9,2026,3,user-emp1-1358,1
autorizado,10,2026,4,user-emp1-1359,1
autorizado,11,2026,1,user-emp1-1360,1
autorizado,12,2026,2,user-emp1-1361,1
autorizado,13,2026,3,user-emp1-1362,1
autorizado,14,2026,4,user-emp1-1363,1
autorizado,15,2026,1,user-emp1-1364,1
autorizado,1,2026,2,user-emp1-1365,1
autorizado,2,2026,3,user-emp1-1366,1
autorizado,3,2026,4,user-emp1-1367,1
autorizado,4,2026,1,user-emp1-1368,1
autorizado,5,2026,2,user-emp1-1369,1
autorizado,6,2026,3,user-emp1-1370,1
autorizado,7,2026,4,user-emp1-1371,1
autorizado,8,2026,1,user-emp1-1372,1
autorizado,9,2026,2,user-emp1-1373,1
autorizado,10,2026,3,user-emp1-1374,1
autorizado,11,2026,4,user-emp1-1375,1
autorizado,12,2026,1,user-emp1-1376,1
autorizado,13,2026,2,user-emp1-1377,1
autorizado,14,2026,3,user-emp1-1378,1
autorizado,15,2026,4,user-emp1-1379,1
autorizado,1,2026,1,user-emp1-1380,1
autorizado,2,2026,2,user-emp1-1381,1
autorizado,3,2026,3,user-emp1-1382,1
autorizado,4,2026,4,user-emp1-1383,1
autorizado,5,2026,1,user-emp1-1384,1
autorizado,6,2026,2,user-emp1-1385,1
autorizado,7,2026,3,user-emp1-1386,1
autorizado,8,2026,4,user-emp1-1387,1
autorizado,9,2026,1,user-emp1-1388,1
autorizado,10,2026,2,user-emp1-1389,1
autorizado,11,2026,3,user-emp1-1390,1
autorizado,12,2026,4,user-emp1-1391,1
autorizado,13,2026,1,user-emp1-1392,1
autorizado,14,2026,2,user-emp1-1393,1
autorizado,15,2026,3,user-emp1-1394,1
autorizado,1,2026,4,user-emp1-1395,1
autorizado,2,2026,1,user-emp1-1396,1
autorizado,3,2026,2,user-emp1-1397,1
autorizado,4,2026,3,user-emp1-1398,1
autorizado,5,2026,4,user-emp1-1399,1
autorizado,6,2026,1,user-emp1-1400,1
autorizado,7,2026,2,user-emp1-1401,1
autorizado,8,2026,3,user-emp1-1402,1
autorizado,9,2026,4,user-emp1-1403,1
autorizado,10,2026,1,user-emp1-1404,1
autorizado,11,2026,2,user-emp1-1405,1
autorizado,12,2026,3,user-emp1-1406,1
autorizado,13,2026,4,user-emp1-1407,1
autorizado,14,2026,1,user-emp1-1408,1
autorizado,15,2026,2,user-emp1-1409,1
autorizado,1,2026,3,user-emp1-1410,1
autorizado,2,2026,4,user-emp1-1411,1
autorizado,3,2026,1,user-emp1-1412,1
autorizado,4,2026,2,user-emp1-1413,1
autorizado,5,2026,3,user-emp1-1414,1
autorizado,6,2026,4,user-emp1-1415,1
autorizado,7,2026,1,user-emp1-1416,1
autorizado,8,2026,2,user-emp1-1417,1
autorizado,9,2026,3,user-emp1-1418,1
autorizado,10,2026,4,user-emp1-1419,1
autorizado,11,2026,1,user-emp1-1420,1
autorizado,12,2026,2,user-emp1-1421,1
autorizado,13,2026,3,user-emp1-1422,1
autorizado,14,2026,4,user-emp1-1423,1
autorizado,15,2026,1,user-emp1-1424,1
autorizado,1,2026,2,user-emp1-1425,1
autorizado,2,2026,3,user-emp1-1426,1
autorizado,3,2026,4,user-emp1-1427,1
autorizado,4,2026,1,user-emp1-1428,1
autorizado,5,2026,2,user-emp1-1429,1
autorizado,6,2026,3,user-emp1-1430,1
autorizado,7,2026,4,user-emp1-1431,1
autorizado,8,2026,1,user-emp1-1432,1
autorizado,9,2026,2,user-emp1-1433,1
autorizado,10,2026,3,user-emp1-1434,1
autorizado,11,2026,4,user-emp1-1435,1
autorizado,12,2026,1,user-emp1-1436,1
autorizado,13,2026,2,user-emp1-1437,1
autorizado,14,2026,3,user-emp1-1438,1
autorizado,15,2026,4,user-emp1-1439,1
autorizado,1,2026,1,user-emp1-1440,1
autorizado,2,2026,2,user-emp1-1441,1
autorizado,3,2026,3,user-emp1-1442,1
autorizado,4,2026,4,user-emp1-1443,1
autorizado,5,2026,1,user-emp1-1444,1
autorizado,6,2026,2,user-emp1-1445,1
autorizado,7,2026,3,user-emp1-1446,1
autorizado,8,2026,4,user-emp1-1447,1
autorizado,9,2026,1,user-emp1-1448,1
autorizado,10,2026,2,user-emp1-1449,1
autorizado,11,2026,3,user-emp1-1450,1
autorizado,12,2026,4,user-emp1-1451,1
autorizado,13,2026,1,user-emp1-1452,1
autorizado,14,2026,2,user-emp1-1453,1
autorizado,15,2026,3,user-emp1-1454,1
autorizado,1,2026,4,user-emp1-1455,1
autorizado,2,2026,1,user-emp1-1456,1
autorizado,3,2026,2,user-emp1-1457,1
autorizado,4,2026,3,user-emp1-1458,1
autorizado,5,2026,4,user-emp1-1459,1
autorizado,6,2026,1,user-emp1-1460,1
autorizado,7,2026,2,user-emp1-1461,1
autorizado,8,2026,3,user-emp1-1462,1
autorizado,9,2026,4,user-emp1-1463,1
autorizado,10,2026,1,user-emp1-1464,1
autorizado,11,2026,2,user-emp1-1465,1
autorizado,12,2026,3,user-emp1-1466,1
autorizado,13,2026,4,user-emp1-1467,1
autorizado,14,2026,1,user-emp1-1468,1
autorizado,15,2026,2,user-emp1-1469,1
autorizado,1,2026,3,user-emp1-1470,1
autorizado,2,2026,4,user-emp1-1471,1
autorizado,3,2026,1,user-emp1-1472,1
autorizado,4,2026,2,user-emp1-1473,1
autorizado,5,2026,3,user-emp1-1474,1
autorizado,6,2026,4,user-emp1-1475,1
autorizado,7,2026,1,user-emp1-1476,1
autorizado,8,2026,2,user-emp1-1477,1
autorizado,9,2026,3,user-emp1-1478,1
autorizado,10,2026,4,user-emp1-1479,1
autorizado,11,2026,1,user-emp1-1480,1
autorizado,12,2026,2,user-emp1-1481,1
autorizado,13,2026,3,user-emp1-1482,1
autorizado,14,2026,4,user-emp1-1483,1
autorizado,15,2026,1,user-emp1-1484,1
autorizado,1,2026,2,user-emp1-1485,1
autorizado,2,2026,3,user-emp1-1486,1
autorizado,3,2026,4,user-emp1-1487,1
autorizado,4,2026,1,user-emp1-1488,1
autorizado,5,2026,2,user-emp1-1489,1
autorizado,6,2026,3,user-emp1-1490,1
autorizado,7,2026,4,user-emp1-1491,1
autorizado,8,2026,1,user-emp1-1492,1
autorizado,9,2026,2,user-emp1-1493,1
autorizado,10,2026,3,user-emp1-1494,1
autorizado,11,2026,4,user-emp1-1495,1
autorizado,12,2026,1,user-emp1-1496,1
autorizado,13,2026,2,user-emp1-1497,1
autorizado,14,2026,3,user-emp1-1498,1
autorizado,15,2026,4,user-emp1-1499,1
autorizado,1,2026,1,user-emp1-1500,1
autorizado,2,2026,2,user-emp1-1501,1
autorizado,3,2026,3,user-emp1-1502,1
autorizado,4,2026,4,user-emp1-1503,1
autorizado,5,2026,1,user-emp1-1504,1
autorizado,6,2026,2,user-emp1-1505,1
autorizado,7,2026,3,user-emp1-1506,1
autorizado,8,2026,4,user-emp1-1507,1
autorizado,9,2026,1,user-emp1-1508,1
autorizado,10,2026,2,user-emp1-1509,1
autorizado,11,2026,3,user-emp1-1510,1
autorizado,12,2026,4,user-emp1-1511,1
autorizado,13,2026,1,user-emp1-1512,1
autorizado,14,2026,2,user-emp1-1513,1
autorizado,15,2026,3,user-emp1-1514,1
autorizado,1,2026,4,user-emp1-1515,1
autorizado,2,2026,1,user-emp1-1516,1
autorizado,3,2026,2,user-emp1-1517,1
autorizado,4,2026,3,user-emp1-1518,1
autorizado,5,2026,4,user-emp1-1519,1
autorizado,6,2026,1,user-emp1-1520,1
autorizado,7,2026,2,user-emp1-1521,1
autorizado,8,2026,3,user-emp1-1522,1
autorizado,9,2026,4,user-emp1-1523,1
autorizado,10,2026,1,user-emp1-1524,1
autorizado,11,2026,2,user-emp1-1525,1
autorizado,12,2026,3,user-emp1-1526,1
autorizado,13,2026,4,user-emp1-1527,1
autorizado,14,2026,1,user-emp1-1528,1
autorizado,15,2026,2,user-emp1-1529,1
autorizado,1,2026,3,user-emp1-1530,1
autorizado,2,2026,4,user-emp1-1531,1
autorizado,3,2026,1,user-emp1-1532,1
autorizado,4,2026,2,user-emp1-1533,1
autorizado,5,2026,3,user-emp1-1534,1
autorizado,6,2026,4,user-emp1-1535,1
autorizado,7,2026,1,user-emp1-1536,1
autorizado,8,2026,2,user-emp1-1537,1
autorizado,9,2026,3,user-emp1-1538,1
autorizado,10,2026,4,user-emp1-1539,1
autorizado,11,2026,1,user-emp1-1540,1
autorizado,12,2026,2,user-emp1-1541,1
autorizado,13,2026,3,user-emp1-1542,1
autorizado,14,2026,4,user-emp1-1543,1
autorizado,15,2026,1,user-emp1-1544,1
autorizado,1,2026,2,user-emp1-1545,1
autorizado,2,2026,3,user-emp1-1546,1
autorizado,3,2026,4,user-emp1-1547,1
autorizado,4,2026,1,user-emp1-1548,1
autorizado,5,2026,2,user-emp1-1549,1
autorizado,6,2026,3,user-emp1-1550,1
autorizado,7,2026,4,user-emp1-1551,1
autorizado,8,2026,1,user-emp1-1552,1
autorizado,9,2026,2,user-emp1-1553,1
autorizado,10,2026,3,user-emp1-1554,1
autorizado,11,2026,4,user-emp1-1555,1
autorizado,12,2026,1,user-emp1-1556,1
autorizado,13,2026,2,user-emp1-1557,1
autorizado,14,2026,3,user-emp1-1558,1
autorizado,15,2026,4,user-emp1-1559,1
autorizado,1,2026,1,user-emp1-1560,1
autorizado,2,2026,2,user-emp1-1561,1
autorizado,3,2026,3,user-emp1-1562,1
autorizado,4,2026,4,user-emp1-1563,1
autorizado,5,2026,1,user-emp1-1564,1
autorizado,6,2026,2,user-emp1-1565,1
autorizado,7,2026,3,user-emp1-1566,1
autorizado,8,2026,4,user-emp1-1567,1
autorizado,9,2026,1,user-emp1-1568,1
autorizado,10,2026,2,user-emp1-1569,1
autorizado,11,2026,3,user-emp1-1570,1
autorizado,12,2026,4,user-emp1-1571,1
autorizado,13,2026,1,user-emp1-1572,1
autorizado,14,2026,2,user-emp1-1573,1
autorizado,15,2026,3,user-emp1-1574,1
autorizado,1,2026,4,user-emp1-1575,1
autorizado,2,2026,1,user-emp1-1576,1
autorizado,3,2026,2,user-emp1-1577,1
autorizado,4,2026,3,user-emp1-1578,1
autorizado,5,2026,4,user-emp1-1579,1
autorizado,6,2026,1,user-emp1-1580,1
autorizado,7,2026,2,user-emp1-1581,1
autorizado,8,2026,3,user-emp1-1582,1
autorizado,9,2026,4,user-emp1-1583,1
autorizado,10,2026,1,user-emp1-1584,1
autorizado,11,2026,2,user-emp1-1585,1
autorizado,12,2026,3,user-emp1-1586,1
autorizado,13,2026,4,user-emp1-1587,1
autorizado,14,2026,1,user-emp1-1588,1
autorizado,15,2026,2,user-emp1-1589,1
autorizado,1,2026,3,user-emp1-1590,1
autorizado,2,2026,4,user-emp1-1591,1
autorizado,3,2026,1,user-emp1-1592,1
autorizado,4,2026,2,user-emp1-1593,1
autorizado,5,2026,3,user-emp1-1594,1
autorizado,6,2026,4,user-emp1-1595,1
autorizado,7,2026,1,user-emp1-1596,1
autorizado,8,2026,2,user-emp1-1597,1
autorizado,9,2026,3,user-emp1-1598,1
autorizado,10,2026,4,user-emp1-1599,1
autorizado,11,2026,1,user-emp1-1600,1
autorizado,12,2026,2,user-emp1-1601,1
autorizado,13,2026,3,user-emp1-1602,1
autorizado,14,2026,4,user-emp1-1603,1
autorizado,15,2026,1,user-emp1-1604,1
autorizado,1,2026,2,user-emp1-1605,1
autorizado,2,2026,3,user-emp1-1606,1
autorizado,3,2026,4,user-emp1-1607,1
autorizado,4,2026,1,user-emp1-1608,1
autorizado,5,2026,2,user-emp1-1609,1
autorizado,6,2026,3,user-emp1-1610,1
autorizado,7,2026,4,user-emp1-1611,1
autorizado,8,2026,1,user-emp1-1612,1
autorizado,9,2026,2,user-emp1-1613,1
autorizado,10,2026,3,user-emp1-1614,1
autorizado,11,2026,4,user-emp1-1615,1
autorizado,12,2026,1,user-emp1-1616,1
autorizado,13,2026,2,user-emp1-1617,1
autorizado,14,2026,3,user-emp1-1618,1
autorizado,15,2026,4,user-emp1-1619,1
autorizado,1,2026,1,user-emp1-1620,1
autorizado,2,2026,2,user-emp1-1621,1
autorizado,3,2026,3,user-emp1-1622,1
autorizado,4,2026,4,user-emp1-1623,1
autorizado,5,2026,1,user-emp1-1624,1
autorizado,6,2026,2,user-emp1-1625,1
autorizado,7,2026,3,user-emp1-1626,1
autorizado,8,2026,4,user-emp1-1627,1
autorizado,9,2026,1,user-emp1-1628,1
autorizado,10,2026,2,user-emp1-1629,1
autorizado,11,2026,3,user-emp1-1630,1
autorizado,12,2026,4,user-emp1-1631,1
autorizado,13,2026,1,user-emp1-1632,1
autorizado,14,2026,2,user-emp1-1633,1
autorizado,15,2026,3,user-emp1-1634,1
autorizado,1,2026,4,user-emp1-1635,1
autorizado,2,2026,1,user-emp1-1636,1
autorizado,3,2026,2,user-emp1-1637,1
autorizado,4,2026,3,user-emp1-1638,1
autorizado,5,2026,4,user-emp1-1639,1
autorizado,6,2026,1,user-emp1-1640,1
autorizado,7,2026,2,user-emp1-1641,1
autorizado,8,2026,3,user-emp1-1642,1
autorizado,9,2026,4,user-emp1-1643,1
autorizado,10,2026,1,user-emp1-1644,1
autorizado,11,2026,2,user-emp1-1645,1
autorizado,12,2026,3,user-emp1-1646,1
autorizado,13,2026,4,user-emp1-1647,1
autorizado,14,2026,1,user-emp1-1648,1
autorizado,15,2026,2,user-emp1-1649,1
autorizado,1,2026,3,user-emp1-1650,1
autorizado,2,2026,4,user-emp1-1651,1
autorizado,3,2026,1,user-emp1-1652,1
autorizado,4,2026,2,user-emp1-1653,1
autorizado,5,2026,3,user-emp1-1654,1
autorizado,6,2026,4,user-emp1-1655,1
autorizado,7,2026,1,user-emp1-1656,1
autorizado,8,2026,2,user-emp1-1657,1
autorizado,9,2026,3,user-emp1-1658,1
autorizado,10,2026,4,user-emp1-1659,1
autorizado,11,2026,1,user-emp1-1660,1
autorizado,12,2026,2,user-emp1-1661,1
autorizado,13,2026,3,user-emp1-1662,1
autorizado,14,2026,4,user-emp1-1663,1
autorizado,15,2026,1,user-emp1-1664,1
autorizado,1,2026,2,user-emp1-1665,1
autorizado,2,2026,3,user-emp1-1666,1
autorizado,3,2026,4,user-emp1-1667,1
autorizado,4,2026,1,user-emp1-1668,1
autorizado,5,2026,2,user-emp1-1669,1
autorizado,6,2026,3,user-emp1-1670,1
autorizado,7,2026,4,user-emp1-1671,1
autorizado,8,2026,1,user-emp1-1672,1
autorizado,9,2026,2,user-emp1-1673,1
autorizado,10,2026,3,user-emp1-1674,1
autorizado,11,2026,4,user-emp1-1675,1
autorizado,12,2026,1,user-emp1-1676,1
autorizado,13,2026,2,user-emp1-1677,1
autorizado,14,2026,3,user-emp1-1678,1
autorizado,15,2026,4,user-emp1-1679,1
autorizado,1,2026,1,user-emp1-1680,1
autorizado,2,2026,2,user-emp1-1681,1
autorizado,3,2026,3,user-emp1-1682,1
autorizado,4,2026,4,user-emp1-1683,1
autorizado,5,2026,1,user-emp1-1684,1
autorizado,6,2026,2,user-emp1-1685,1
autorizado,7,2026,3,user-emp1-1686,1
autorizado,8,2026,4,user-emp1-1687,1
autorizado,9,2026,1,user-emp1-1688,1
autorizado,10,2026,2,user-emp1-1689,1
autorizado,11,2026,3,user-emp1-1690,1
autorizado,12,2026,4,user-emp1-1691,1
autorizado,13,2026,1,user-emp1-1692,1
autorizado,14,2026,2,user-emp1-1693,1
autorizado,15,2026,3,user-emp1-1694,1
autorizado,1,2026,4,user-emp1-1695,1
autorizado,2,2026,1,user-emp1-1696,1
autorizado,3,2026,2,user-emp1-1697,1
autorizado,4,2026,3,user-emp1-1698,1
autorizado,5,2026,4,user-emp1-1699,1
autorizado,6,2026,1,user-emp1-1700,1
autorizado,7,2026,2,user-emp1-1701,1
autorizado,8,2026,3,user-emp1-1702,1
autorizado,9,2026,4,user-emp1-1703,1
autorizado,10,2026,1,user-emp1-1704,1
autorizado,11,2026,2,user-emp1-1705,1
autorizado,12,2026,3,user-emp1-1706,1
autorizado,13,2026,4,user-emp1-1707,1
autorizado,14,2026,1,user-emp1-1708,1
autorizado,15,2026,2,user-emp1-1709,1
autorizado,1,2026,3,user-emp1-1710,1
autorizado,2,2026,4,user-emp1-1711,1
autorizado,3,2026,1,user-emp1-1712,1
autorizado,4,2026,2,user-emp1-1713,1
autorizado,5,2026,3,user-emp1-1714,1
autorizado,6,2026,4,user-emp1-1715,1
autorizado,7,2026,1,user-emp1-1716,1
autorizado,8,2026,2,user-emp1-1717,1
autorizado,9,2026,3,user-emp1-1718,1
autorizado,10,2026,4,user-emp1-1719,1
autorizado,11,2026,1,user-emp1-1720,1
autorizado,12,2026,2,user-emp1-1721,1
autorizado,13,2026,3,user-emp1-1722,1
autorizado,14,2026,4,user-emp1-1723,1
autorizado,15,2026,1,user-emp1-1724,1
autorizado,1,2026,2,user-emp1-1725,1
autorizado,2,2026,3,user-emp1-1726,1
autorizado,3,2026,4,user-emp1-1727,1
autorizado,4,2026,1,user-emp1-1728,1
autorizado,5,2026,2,user-emp1-1729,1
autorizado,6,2026,3,user-emp1-1730,1
autorizado,7,2026,4,user-emp1-1731,1
autorizado,8,2026,1,user-emp1-1732,1
autorizado,9,2026,2,user-emp1-1733,1
autorizado,10,2026,3,user-emp1-1734,1
autorizado,11,2026,4,user-emp1-1735,1
autorizado,12,2026,1,user-emp1-1736,1
autorizado,13,2026,2,user-emp1-1737,1
autorizado,14,2026,3,user-emp1-1738,1
autorizado,15,2026,4,user-emp1-1739,1
autorizado,1,2026,1,user-emp1-1740,1
autorizado,2,2026,2,user-emp1-1741,1
autorizado,3,2026,3,user-emp1-1742,1
autorizado,4,2026,4,user-emp1-1743,1
autorizado,5,2026,1,user-emp1-1744,1
autorizado,6,2026,2,user-emp1-1745,1
autorizado,7,2026,3,user-emp1-1746,1
autorizado,8,2026,4,user-emp1-1747,1
autorizado,9,2026,1,user-emp1-1748,1
autorizado,10,2026,2,user-emp1-1749,1
autorizado,11,2026,3,user-emp1-1750,1
autorizado,12,2026,4,user-emp1-1751,1
autorizado,13,2026,1,user-emp1-1752,1
autorizado,14,2026,2,user-emp1-1753,1
autorizado,15,2026,3,user-emp1-1754,1
autorizado,1,2026,4,user-emp1-1755,1
autorizado,2,2026,1,user-emp1-1756,1
autorizado,3,2026,2,user-emp1-1757,1
autorizado,4,2026,3,user-emp1-1758,1
autorizado,5,2026,4,user-emp1-1759,1
autorizado,6,2026,1,user-emp1-1760,1
autorizado,7,2026,2,user-emp1-1761,1
autorizado,8,2026,3,user-emp1-1762,1
autorizado,9,2026,4,user-emp1-1763,1
autorizado,10,2026,1,user-emp1-1764,1
autorizado,11,2026,2,user-emp1-1765,1
autorizado,12,2026,3,user-emp1-1766,1
autorizado,13,2026,4,user-emp1-1767,1
autorizado,14,2026,1,user-emp1-1768,1
autorizado,15,2026,2,user-emp1-1769,1
autorizado,1,2026,3,user-emp1-1770,1
autorizado,2,2026,4,user-emp1-1771,1
autorizado,3,2026,1,user-emp1-1772,1
autorizado,4,2026,2,user-emp1-1773,1
autorizado,5,2026,3,user-emp1-1774,1
autorizado,6,2026,4,user-emp1-1775,1
autorizado,7,2026,1,user-emp1-1776,1
autorizado,8,2026,2,user-emp1-1777,1
autorizado,9,2026,3,user-emp1-1778,1
autorizado,10,2026,4,user-emp1-1779,1
autorizado,11,2026,1,user-emp1-1780,1
autorizado,12,2026,2,user-emp1-1781,1
autorizado,13,2026,3,user-emp1-1782,1
autorizado,14,2026,4,user-emp1-1783,1
autorizado,15,2026,1,user-emp1-1784,1
autorizado,1,2026,2,user-emp1-1785,1
autorizado,2,2026,3,user-emp1-1786,1
autorizado,3,2026,4,user-emp1-1787,1
autorizado,4,2026,1,user-emp1-1788,1
autorizado,5,2026,2,user-emp1-1789,1
autorizado,6,2026,3,user-emp1-1790,1
autorizado,7,2026,4,user-emp1-1791,1
autorizado,8,2026,1,user-emp1-1792,1
autorizado,9,2026,2,user-emp1-1793,1
autorizado,10,2026,3,user-emp1-1794,1
autorizado,11,2026,4,user-emp1-1795,1
autorizado,12,2026,1,user-emp1-1796,1
autorizado,13,2026,2,user-emp1-1797,1
autorizado,14,2026,3,user-emp1-1798,1
autorizado,15,2026,4,user-emp1-1799,1
autorizado,1,2026,1,user-emp1-1800,1
autorizado,2,2026,2,user-emp1-1801,1
autorizado,3,2026,3,user-emp1-1802,1
autorizado,4,2026,4,user-emp1-1803,1
autorizado,5,2026,1,user-emp1-1804,1
autorizado,6,2026,2,user-emp1-1805,1
autorizado,7,2026,3,user-emp1-1806,1
autorizado,8,2026,4,user-emp1-1807,1
autorizado,9,2026,1,user-emp1-1808,1
autorizado,10,2026,2,user-emp1-1809,1
autorizado,11,2026,3,user-emp1-1810,1
autorizado,12,2026,4,user-emp1-1811,1
autorizado,13,2026,1,user-emp1-1812,1
autorizado,14,2026,2,user-emp1-1813,1
autorizado,15,2026,3,user-emp1-1814,1
autorizado,1,2026,4,user-emp1-1815,1
autorizado,2,2026,1,user-emp1-1816,1
autorizado,3,2026,2,user-emp1-1817,1
autorizado,4,2026,3,user-emp1-1818,1
autorizado,5,2026,4,user-emp1-1819,1
autorizado,6,2026,1,user-emp1-1820,1
autorizado,7,2026,2,user-emp1-1821,1
autorizado,8,2026,3,user-emp1-1822,1
autorizado,9,2026,4,user-emp1-1823,1
autorizado,10,2026,1,user-emp1-1824,1
autorizado,11,2026,2,user-emp1-1825,1
autorizado,12,2026,3,user-emp1-1826,1
autorizado,13,2026,4,user-emp1-1827,1
autorizado,14,2026,1,user-emp1-1828,1
autorizado,15,2026,2,user-emp1-1829,1
autorizado,1,2026,3,user-emp1-1830,1
autorizado,2,2026,4,user-emp1-1831,1
autorizado,3,2026,1,user-emp1-1832,1
autorizado,4,2026,2,user-emp1-1833,1
autorizado,5,2026,3,user-emp1-1834,1
autorizado,6,2026,4,user-emp1-1835,1
autorizado,7,2026,1,user-emp1-1836,1
autorizado,8,2026,2,user-emp1-1837,1
autorizado,9,2026,3,user-emp1-1838,1
autorizado,10,2026,4,user-emp1-1839,1
autorizado,11,2026,1,user-emp1-1840,1
autorizado,12,2026,2,user-emp1-1841,1
autorizado,13,2026,3,user-emp1-1842,1
autorizado,14,2026,4,user-emp1-1843,1
autorizado,15,2026,1,user-emp1-1844,1
autorizado,1,2026,2,user-emp1-1845,1
autorizado,2,2026,3,user-emp1-1846,1
autorizado,3,2026,4,user-emp1-1847,1
autorizado,4,2026,1,user-emp1-1848,1
autorizado,5,2026,2,user-emp1-1849,1
autorizado,6,2026,3,user-emp1-1850,1
autorizado,7,2026,4,user-emp1-1851,1
autorizado,8,2026,1,user-emp1-1852,1
autorizado,9,2026,2,user-emp1-1853,1
autorizado,10,2026,3,user-emp1-1854,1
autorizado,11,2026,4,user-emp1-1855,1
autorizado,12,2026,1,user-emp1-1856,1
autorizado,13,2026,2,user-emp1-1857,1
autorizado,14,2026,3,user-emp1-1858,1
autorizado,15,2026,4,user-emp1-1859,1
autorizado,1,2026,1,user-emp1-1860,1
autorizado,2,2026,2,user-emp1-1861,1
autorizado,3,2026,3,user-emp1-1862,1
autorizado,4,2026,4,user-emp1-1863,1
autorizado,5,2026,1,user-emp1-1864,1
autorizado,6,2026,2,user-emp1-1865,1
autorizado,7,2026,3,user-emp1-1866,1
autorizado,8,2026,4,user-emp1-1867,1
autorizado,9,2026,1,user-emp1-1868,1
autorizado,10,2026,2,user-emp1-1869,1
autorizado,11,2026,3,user-emp1-1870,1
autorizado,12,2026,4,user-emp1-1871,1
autorizado,13,2026,1,user-emp1-1872,1
autorizado,14,2026,2,user-emp1-1873,1
autorizado,15,2026,3,user-emp1-1874,1
autorizado,1,2026,4,user-emp1-1875,1
autorizado,2,2026,1,user-emp1-1876,1
autorizado,3,2026,2,user-emp1-1877,1
autorizado,4,2026,3,user-emp1-1878,1
autorizado,5,2026,4,user-emp1-1879,1
autorizado,6,2026,1,user-emp1-1880,1
autorizado,7,2026,2,user-emp1-1881,1
autorizado,8,2026,3,user-emp1-1882,1
autorizado,9,2026,4,user-emp1-1883,1
autorizado,10,2026,1,user-emp1-1884,1
autorizado,11,2026,2,user-emp1-1885,1
autorizado,12,2026,3,user-emp1-1886,1
autorizado,13,2026,4,user-emp1-1887,1
autorizado,14,2026,1,user-emp1-1888,1
autorizado,15,2026,2,user-emp1-1889,1
autorizado,1,2026,3,user-emp1-1890,1
autorizado,2,2026,4,user-emp1-1891,1
autorizado,3,2026,1,user-emp1-1892,1
autorizado,4,2026,2,user-emp1-1893,1
autorizado,5,2026,3,user-emp1-1894,1
autorizado,6,2026,4,user-emp1-1895,1
autorizado,7,2026,1,user-emp1-1896,1
autorizado,8,2026,2,user-emp1-1897,1
autorizado,9,2026,3,user-emp1-1898,1
autorizado,10,2026,4,user-emp1-1899,1
autorizado,11,2026,1,user-emp1-1900,1
autorizado,12,2026,2,user-emp1-1901,1
autorizado,13,2026,3,user-emp1-1902,1
autorizado,14,2026,4,user-emp1-1903,1
autorizado,15,2026,1,user-emp1-1904,1
autorizado,1,2026,2,user-emp1-1905,1
autorizado,2,2026,3,user-emp1-1906,1
autorizado,3,2026,4,user-emp1-1907,1
autorizado,4,2026,1,user-emp1-1908,1
autorizado,5,2026,2,user-emp1-1909,1
autorizado,6,2026,3,user-emp1-1910,1
autorizado,7,2026,4,user-emp1-1911,1
autorizado,8,2026,1,user-emp1-1912,1
autorizado,9,2026,2,user-emp1-1913,1
autorizado,10,2026,3,user-emp1-1914,1
autorizado,11,2026,4,user-emp1-1915,1
autorizado,12,2026,1,user-emp1-1916,1
autorizado,13,2026,2,user-emp1-1917,1
autorizado,14,2026,3,user-emp1-1918,1
autorizado,15,2026,4,user-emp1-1919,1
autorizado,1,2026,1,user-emp1-1920,1
autorizado,2,2026,2,user-emp1-1921,1
autorizado,3,2026,3,user-emp1-1922,1
autorizado,4,2026,4,user-emp1-1923,1
autorizado,5,2026,1,user-emp1-1924,1
autorizado,6,2026,2,user-emp1-1925,1
autorizado,7,2026,3,user-emp1-1926,1
autorizado,8,2026,4,user-emp1-1927,1
autorizado,9,2026,1,user-emp1-1928,1
autorizado,10,2026,2,user-emp1-1929,1
autorizado,11,2026,3,user-emp1-1930,1
autorizado,12,2026,4,user-emp1-1931,1
autorizado,13,2026,1,user-emp1-1932,1
autorizado,14,2026,2,user-emp1-1933,1
autorizado,15,2026,3,user-emp1-1934,1
autorizado,1,2026,4,user-emp1-1935,1
autorizado,2,2026,1,user-emp1-1936,1
autorizado,3,2026,2,user-emp1-1937,1
autorizado,4,2026,3,user-emp1-1938,1
autorizado,5,2026,4,user-emp1-1939,1
autorizado,6,2026,1,user-emp1-1940,1
autorizado,7,2026,2,user-emp1-1941,1
autorizado,8,2026,3,user-emp1-1942,1
autorizado,9,2026,4,user-emp1-1943,1
autorizado,10,2026,1,user-emp1-1944,1
autorizado,11,2026,2,user-emp1-1945,1
autorizado,12,2026,3,user-emp1-1946,1
autorizado,13,2026,4,user-emp1-1947,1
autorizado,14,2026,1,user-emp1-1948,1
autorizado,15,2026,2,user-emp1-1949,1
autorizado,1,2026,3,user-emp1-1950,1
autorizado,2,2026,4,user-emp1-1951,1
autorizado,3,2026,1,user-emp1-1952,1
autorizado,4,2026,2,user-emp1-1953,1
autorizado,5,2026,3,user-emp1-1954,1
autorizado,6,2026,4,user-emp1-1955,1
autorizado,7,2026,1,user-emp1-1956,1
autorizado,8,2026,2,user-emp1-1957,1
autorizado,9,2026,3,user-emp1-1958,1
autorizado,10,2026,4,user-emp1-1959,1
autorizado,11,2026,1,user-emp1-1960,1
autorizado,12,2026,2,user-emp1-1961,1
autorizado,13,2026,3,user-emp1-1962,1
autorizado,14,2026,4,user-emp1-1963,1
autorizado,15,2026,1,user-emp1-1964,1
autorizado,1,2026,2,user-emp1-1965,1
autorizado,2,2026,3,user-emp1-1966,1
autorizado,3,2026,4,user-emp1-1967,1
autorizado,4,2026,1,user-emp1-1968,1
autorizado,5,2026,2,user-emp1-1969,1
autorizado,6,2026,3,user-emp1-1970,1
autorizado,7,2026,4,user-emp1-1971,1
autorizado,8,2026,1,user-emp1-1972,1
autorizado,9,2026,2,user-emp1-1973,1
autorizado,10,2026,3,user-emp1-1974,1
autorizado,11,2026,4,user-emp1-1975,1
autorizado,12,2026,1,user-emp1-1976,1
autorizado,13,2026,2,user-emp1-1977,1
autorizado,14,2026,3,user-emp1-1978,1
autorizado,15,2026,4,user-emp1-1979,1
autorizado,1,2026,1,user-emp1-1980,1
autorizado,2,2026,2,user-emp1-1981,1
autorizado,3,2026,3,user-emp1-1982,1
autorizado,4,2026,4,user-emp1-1983,1
autorizado,5,2026,1,user-emp1-1984,1
autorizado,6,2026,2,user-emp1-1985,1
autorizado,7,2026,3,user-emp1-1986,1
autorizado,8,2026,4,user-emp1-1987,1
autorizado,9,2026,1,user-emp1-1988,1
autorizado,10,2026,2,user-emp1-1989,1
autorizado,11,2026,3,user-emp1-1990,1
autorizado,12,2026,4,user-emp1-1991,1
autorizado,13,2026,1,user-emp1-1992,1
autorizado,14,2026,2,user-emp1-1993,1
autorizado,15,2026,3,user-emp1-1994,1
autorizado,1,2026,4,user-emp1-1995,1
autorizado,2,2026,1,user-emp1-1996,1
autorizado,3,2026,2,user-emp1-1997,1
autorizado,4,2026,3,user-emp1-1998,1
autorizado,5,2026,4,user-emp1-1999,1
autorizado,6,2026,1,user-emp1-2000,1
autorizado,7,2026,2,user-emp1-2001,1
autorizado,8,2026,3,user-emp1-2002,1
autorizado,9,2026,4,user-emp1-2003,1
autorizado,10,2026,1,user-emp1-2004,1
autorizado,11,2026,2,user-emp1-2005,1
autorizado,12,2026,3,user-emp1-2006,1
autorizado,13,2026,4,user-emp1-2007,1
autorizado,14,2026,1,user-emp1-2008,1
autorizado,15,2026,2,user-emp1-2009,1
autorizado,1,2026,3,user-emp1-2010,1
autorizado,2,2026,4,user-emp1-2011,1
autorizado,3,2026,1,user-emp1-2012,1
autorizado,4,2026,2,user-emp1-2013,1
autorizado,5,2026,3,user-emp1-2014,1
autorizado,6,2026,4,user-emp1-2015,1
autorizado,7,2026,1,user-emp1-2016,1
autorizado,8,2026,2,user-emp1-2017,1
autorizado,9,2026,3,user-emp1-2018,1
autorizado,10,2026,4,user-emp1-2019,1
autorizado,11,2026,1,user-emp1-2020,1
autorizado,12,2026,2,user-emp1-2021,1
autorizado,13,2026,3,user-emp1-2022,1
autorizado,14,2026,4,user-emp1-2023,1
autorizado,15,2026,1,user-emp1-2024,1
autorizado,1,2026,2,user-emp1-2025,1
autorizado,2,2026,3,user-emp1-2026,1
autorizado,3,2026,4,user-emp1-2027,1
autorizado,4,2026,1,user-emp1-2028,1
autorizado,5,2026,2,user-emp1-2029,1
autorizado,6,2026,3,user-emp1-2030,1
autorizado,7,2026,4,user-emp1-2031,1
autorizado,8,2026,1,user-emp1-2032,1
autorizado,9,2026,2,user-emp1-2033,1
autorizado,10,2026,3,user-emp1-2034,1
autorizado,11,2026,4,user-emp1-2035,1
autorizado,12,2026,1,user-emp1-2036,1
autorizado,13,2026,2,user-emp1-2037,1
autorizado,14,2026,3,user-emp1-2038,1
autorizado,15,2026,4,user-emp1-2039,1
autorizado,1,2026,1,user-emp1-2040,1
autorizado,2,2026,2,user-emp1-2041,1
autorizado,3,2026,3,user-emp1-2042,1
autorizado,4,2026,4,user-emp1-2043,1
autorizado,5,2026,1,user-emp1-2044,1
autorizado,6,2026,2,user-emp1-2045,1
autorizado,7,2026,3,user-emp1-2046,1
autorizado,8,2026,4,user-emp1-2047,1
autorizado,9,2026,1,user-emp1-2048,1
autorizado,10,2026,2,user-emp1-2049,1
autorizado,11,2026,3,user-emp1-2050,1
autorizado,12,2026,4,user-emp1-2051,1
autorizado,13,2026,1,user-emp1-2052,1
autorizado,14,2026,2,user-emp1-2053,1
autorizado,15,2026,3,user-emp1-2054,1
autorizado,1,2026,4,user-emp1-2055,1
autorizado,2,2026,1,user-emp1-2056,1
autorizado,3,2026,2,user-emp1-2057,1
autorizado,4,2026,3,user-emp1-2058,1
autorizado,5,2026,4,user-emp1-2059,1
autorizado,6,2026,1,user-emp1-2060,1
autorizado,7,2026,2,user-emp1-2061,1
autorizado,8,2026,3,user-emp1-2062,1
autorizado,9,2026,4,user-emp1-2063,1
autorizado,10,2026,1,user-emp1-2064,1
autorizado,11,2026,2,user-emp1-2065,1
autorizado,12,2026,3,user-emp1-2066,1
autorizado,13,2026,4,user-emp1-2067,1
autorizado,14,2026,1,user-emp1-2068,1
autorizado,15,2026,2,user-emp1-2069,1
autorizado,1,2026,3,user-emp1-2070,1
autorizado,2,2026,4,user-emp1-2071,1
autorizado,3,2026,1,user-emp1-2072,1
autorizado,4,2026,2,user-emp1-2073,1
autorizado,5,2026,3,user-emp1-2074,1
autorizado,6,2026,4,user-emp1-2075,1
autorizado,7,2026,1,user-emp1-2076,1
autorizado,8,2026,2,user-emp1-2077,1
autorizado,9,2026,3,user-emp1-2078,1
autorizado,10,2026,4,user-emp1-2079,1
autorizado,11,2026,1,user-emp1-2080,1
autorizado,12,2026,2,user-emp1-2081,1
autorizado,13,2026,3,user-emp1-2082,1
autorizado,14,2026,4,user-emp1-2083,1
autorizado,15,2026,1,user-emp1-2084,1
autorizado,1,2026,2,user-emp1-2085,1
autorizado,2,2026,3,user-emp1-2086,1
autorizado,3,2026,4,user-emp1-2087,1
autorizado,4,2026,1,user-emp1-2088,1
autorizado,5,2026,2,user-emp1-2089,1
autorizado,6,2026,3,user-emp1-2090,1
autorizado,7,2026,4,user-emp1-2091,1
autorizado,8,2026,1,user-emp1-2092,1
autorizado,9,2026,2,user-emp1-2093,1
autorizado,10,2026,3,user-emp1-2094,1
autorizado,11,2026,4,user-emp1-2095,1
autorizado,12,2026,1,user-emp1-2096,1
autorizado,13,2026,2,user-emp1-2097,1
autorizado,14,2026,3,user-emp1-2098,1
autorizado,15,2026,4,user-emp1-2099,1
autorizado,1,2026,1,user-emp1-2100,1
autorizado,2,2026,2,user-emp1-2101,1
autorizado,3,2026,3,user-emp1-2102,1
autorizado,4,2026,4,user-emp1-2103,1
autorizado,5,2026,1,user-emp1-2104,1
autorizado,6,2026,2,user-emp1-2105,1
autorizado,7,2026,3,user-emp1-2106,1
autorizado,8,2026,4,user-emp1-2107,1
autorizado,9,2026,1,user-emp1-2108,1
autorizado,10,2026,2,user-emp1-2109,1
autorizado,11,2026,3,user-emp1-2110,1
autorizado,12,2026,4,user-emp1-2111,1
autorizado,13,2026,1,user-emp1-2112,1
autorizado,14,2026,2,user-emp1-2113,1
autorizado,15,2026,3,user-emp1-2114,1
autorizado,1,2026,4,user-emp1-2115,1
autorizado,2,2026,1,user-emp1-2116,1
autorizado,3,2026,2,user-emp1-2117,1
autorizado,4,2026,3,user-emp1-2118,1
autorizado,5,2026,4,user-emp1-2119,1
autorizado,6,2026,1,user-emp1-2120,1
autorizado,7,2026,2,user-emp1-2121,1
autorizado,8,2026,3,user-emp1-2122,1
autorizado,9,2026,4,user-emp1-2123,1
autorizado,10,2026,1,user-emp1-2124,1
autorizado,11,2026,2,user-emp1-2125,1
autorizado,12,2026,3,user-emp1-2126,1
autorizado,13,2026,4,user-emp1-2127,1
autorizado,14,2026,1,user-emp1-2128,1
autorizado,15,2026,2,user-emp1-2129,1
autorizado,1,2026,3,user-emp1-2130,1
autorizado,2,2026,4,user-emp1-2131,1
autorizado,3,2026,1,user-emp1-2132,1
autorizado,4,2026,2,user-emp1-2133,1
autorizado,5,2026,3,user-emp1-2134,1
autorizado,6,2026,4,user-emp1-2135,1
autorizado,7,2026,1,user-emp1-2136,1
autorizado,8,2026,2,user-emp1-2137,1
autorizado,9,2026,3,user-emp1-2138,1
autorizado,10,2026,4,user-emp1-2139,1
autorizado,11,2026,1,user-emp1-2140,1
autorizado,12,2026,2,user-emp1-2141,1
autorizado,13,2026,3,user-emp1-2142,1
autorizado,14,2026,4,user-emp1-2143,1
autorizado,15,2026,1,user-emp1-2144,1
autorizado,1,2026,2,user-emp1-2145,1
autorizado,2,2026,3,user-emp1-2146,1
autorizado,3,2026,4,user-emp1-2147,1
autorizado,4,2026,1,user-emp1-2148,1
autorizado,5,2026,2,user-emp1-2149,1
autorizado,6,2026,3,user-emp1-2150,1
autorizado,7,2026,4,user-emp1-2151,1
autorizado,8,2026,1,user-emp1-2152,1
autorizado,9,2026,2,user-emp1-2153,1
autorizado,10,2026,3,user-emp1-2154,1
autorizado,11,2026,4,user-emp1-2155,1
autorizado,12,2026,1,user-emp1-2156,1
autorizado,13,2026,2,user-emp1-2157,1
autorizado,14,2026,3,user-emp1-2158,1
autorizado,15,2026,4,user-emp1-2159,1
autorizado,1,2026,1,user-emp1-2160,1
autorizado,2,2026,2,user-emp1-2161,1
autorizado,3,2026,3,user-emp1-2162,1
autorizado,4,2026,4,user-emp1-2163,1
autorizado,5,2026,1,user-emp1-2164,1
autorizado,6,2026,2,user-emp1-2165,1
autorizado,7,2026,3,user-emp1-2166,1
autorizado,8,2026,4,user-emp1-2167,1
autorizado,9,2026,1,user-emp1-2168,1
autorizado,10,2026,2,user-emp1-2169,1
autorizado,11,2026,3,user-emp1-2170,1
autorizado,12,2026,4,user-emp1-2171,1
autorizado,13,2026,1,user-emp1-2172,1
autorizado,14,2026,2,user-emp1-2173,1
autorizado,15,2026,3,user-emp1-2174,1
autorizado,1,2026,4,user-emp1-2175,1
autorizado,2,2026,1,user-emp1-2176,1
autorizado,3,2026,2,user-emp1-2177,1
autorizado,4,2026,3,user-emp1-2178,1
autorizado,5,2026,4,user-emp1-2179,1
autorizado,6,2026,1,user-emp1-2180,1
autorizado,7,2026,2,user-emp1-2181,1
autorizado,8,2026,3,user-emp1-2182,1
autorizado,9,2026,4,user-emp1-2183,1
autorizado,10,2026,1,user-emp1-2184,1
autorizado,11,2026,2,user-emp1-2185,1
autorizado,12,2026,3,user-emp1-2186,1
autorizado,13,2026,4,user-emp1-2187,1
autorizado,14,2026,1,user-emp1-2188,1
autorizado,15,2026,2,user-emp1-2189,1
autorizado,1,2026,3,user-emp1-2190,1
autorizado,2,2026,4,user-emp1-2191,1
autorizado,3,2026,1,user-emp1-2192,1
autorizado,4,2026,2,user-emp1-2193,1
autorizado,5,2026,3,user-emp1-2194,1
autorizado,6,2026,4,user-emp1-2195,1
autorizado,7,2026,1,user-emp1-2196,1
autorizado,8,2026,2,user-emp1-2197,1
autorizado,9,2026,3,user-emp1-2198,1
autorizado,10,2026,4,user-emp1-2199,1
autorizado,11,2026,1,user-emp1-2200,1
autorizado,12,2026,2,user-emp1-2201,1
autorizado,13,2026,3,user-emp1-2202,1
autorizado,14,2026,4,user-emp1-2203,1
autorizado,15,2026,1,user-emp1-2204,1
autorizado,1,2026,2,user-emp1-2205,1
autorizado,2,2026,3,user-emp1-2206,1
autorizado,3,2026,4,user-emp1-2207,1
autorizado,4,2026,1,user-emp1-2208,1
autorizado,5,2026,2,user-emp1-2209,1
autorizado,6,2026,3,user-emp1-2210,1
autorizado,7,2026,4,user-emp1-2211,1
autorizado,8,2026,1,user-emp1-2212,1
autorizado,9,2026,2,user-emp1-2213,1
autorizado,10,2026,3,user-emp1-2214,1
autorizado,11,2026,4,user-emp1-2215,1
autorizado,12,2026,1,user-emp1-2216,1
autorizado,13,2026,2,user-emp1-2217,1
autorizado,14,2026,3,user-emp1-2218,1
autorizado,15,2026,4,user-emp1-2219,1
autorizado,1,2026,1,user-emp1-2220,1
autorizado,2,2026,2,user-emp1-2221,1
autorizado,3,2026,3,user-emp1-2222,1
autorizado,4,2026,4,user-emp1-2223,1
autorizado,5,2026,1,user-emp1-2224,1
autorizado,6,2026,2,user-emp1-2225,1
autorizado,7,2026,3,user-emp1-2226,1
autorizado,8,2026,4,user-emp1-2227,1
autorizado,9,2026,1,user-emp1-2228,1
autorizado,10,2026,2,user-emp1-2229,1
autorizado,11,2026,3,user-emp1-2230,1
autorizado,12,2026,4,user-emp1-2231,1
autorizado,13,2026,1,user-emp1-2232,1
autorizado,14,2026,2,user-emp1-2233,1
autorizado,15,2026,3,user-emp1-2234,1
autorizado,1,2026,4,user-emp1-2235,1
autorizado,2,2026,1,user-emp1-2236,1
autorizado,3,2026,2,user-emp1-2237,1
autorizado,4,2026,3,user-emp1-2238,1
autorizado,5,2026,4,user-emp1-2239,1
autorizado,6,2026,1,user-emp1-2240,1
autorizado,7,2026,2,user-emp1-2241,1
autorizado,8,2026,3,user-emp1-2242,1
autorizado,9,2026,4,user-emp1-2243,1
autorizado,10,2026,1,user-emp1-2244,1
autorizado,11,2026,2,user-emp1-2245,1
autorizado,12,2026,3,user-emp1-2246,1
autorizado,13,2026,4,user-emp1-2247,1
autorizado,14,2026,1,user-emp1-2248,1
autorizado,15,2026,2,user-emp1-2249,1
autorizado,1,2026,3,user-emp1-2250,1
autorizado,2,2026,4,user-emp1-2251,1
autorizado,3,2026,1,user-emp1-2252,1
autorizado,4,2026,2,user-emp1-2253,1
autorizado,5,2026,3,user-emp1-2254,1
autorizado,6,2026,4,user-emp1-2255,1
autorizado,7,2026,1,user-emp1-2256,1
autorizado,8,2026,2,user-emp1-2257,1
autorizado,9,2026,3,user-emp1-2258,1
autorizado,10,2026,4,user-emp1-2259,1
autorizado,11,2026,1,user-emp1-2260,1
autorizado,12,2026,2,user-emp1-2261,1
autorizado,13,2026,3,user-emp1-2262,1
autorizado,14,2026,4,user-emp1-2263,1
autorizado,15,2026,1,user-emp1-2264,1
autorizado,1,2026,2,user-emp1-2265,1
autorizado,2,2026,3,user-emp1-2266,1
autorizado,3,2026,4,user-emp1-2267,1
autorizado,4,2026,1,user-emp1-2268,1
autorizado,5,2026,2,user-emp1-2269,1
autorizado,6,2026,3,user-emp1-2270,1
autorizado,7,2026,4,user-emp1-2271,1
autorizado,8,2026,1,user-emp1-2272,1
autorizado,9,2026,2,user-emp1-2273,1
autorizado,10,2026,3,user-emp1-2274,1
autorizado,11,2026,4,user-emp1-2275,1
autorizado,12,2026,1,user-emp1-2276,1
autorizado,13,2026,2,user-emp1-2277,1
autorizado,14,2026,3,user-emp1-2278,1
autorizado,15,2026,4,user-emp1-2279,1
autorizado,1,2026,1,user-emp1-2280,1
autorizado,2,2026,2,user-emp1-2281,1
autorizado,3,2026,3,user-emp1-2282,1
autorizado,4,2026,4,user-emp1-2283,1
autorizado,5,2026,1,user-emp1-2284,1
autorizado,6,2026,2,user-emp1-2285,1
autorizado,7,2026,3,user-emp1-2286,1
autorizado,8,2026,4,user-emp1-2287,1
autorizado,9,2026,1,user-emp1-2288,1
autorizado,10,2026,2,user-emp1-2289,1
autorizado,11,2026,3,user-emp1-2290,1
autorizado,12,2026,4,user-emp1-2291,1
autorizado,13,2026,1,user-emp1-2292,1
autorizado,14,2026,2,user-emp1-2293,1
autorizado,15,2026,3,user-emp1-2294,1
autorizado,1,2026,4,user-emp1-2295,1
autorizado,2,2026,1,user-emp1-2296,1
autorizado,3,2026,2,user-emp1-2297,1
autorizado,4,2026,3,user-emp1-2298,1
autorizado,5,2026,4,user-emp1-2299,1
autorizado,6,2026,1,user-emp1-2300,1
autorizado,7,2026,2,user-emp1-2301,1
autorizado,8,2026,3,user-emp1-2302,1
autorizado,9,2026,4,user-emp1-2303,1
autorizado,10,2026,1,user-emp1-2304,1
autorizado,11,2026,2,user-emp1-2305,1
autorizado,12,2026,3,user-emp1-2306,1
autorizado,13,2026,4,user-emp1-2307,1
autorizado,14,2026,1,user-emp1-2308,1
autorizado,15,2026,2,user-emp1-2309,1
autorizado,1,2026,3,user-emp1-2310,1
autorizado,2,2026,4,user-emp1-2311,1
autorizado,3,2026,1,user-emp1-2312,1
autorizado,4,2026,2,user-emp1-2313,1
autorizado,5,2026,3,user-emp1-2314,1
autorizado,6,2026,4,user-emp1-2315,1
autorizado,7,2026,1,user-emp1-2316,1
autorizado,8,2026,2,user-emp1-2317,1
autorizado,9,2026,3,user-emp1-2318,1
autorizado,10,2026,4,user-emp1-2319,1
autorizado,11,2026,1,user-emp1-2320,1
autorizado,12,2026,2,user-emp1-2321,1
autorizado,13,2026,3,user-emp1-2322,1
autorizado,14,2026,4,user-emp1-2323,1
autorizado,15,2026,1,user-emp1-2324,1
autorizado,1,2026,2,user-emp1-2325,1
autorizado,2,2026,3,user-emp1-2326,1
autorizado,3,2026,4,user-emp1-2327,1
autorizado,4,2026,1,user-emp1-2328,1
autorizado,5,2026,2,user-emp1-2329,1
autorizado,6,2026,3,user-emp1-2330,1
autorizado,7,2026,4,user-emp1-2331,1
autorizado,8,2026,1,user-emp1-2332,1
autorizado,9,2026,2,user-emp1-2333,1
autorizado,10,2026,3,user-emp1-2334,1
autorizado,11,2026,4,user-emp1-2335,1
autorizado,12,2026,1,user-emp1-2336,1
autorizado,13,2026,2,user-emp1-2337,1
autorizado,14,2026,3,user-emp1-2338,1
autorizado,15,2026,4,user-emp1-2339,1
autorizado,1,2026,1,user-emp1-2340,1
autorizado,2,2026,2,user-emp1-2341,1
autorizado,3,2026,3,user-emp1-2342,1
autorizado,4,2026,4,user-emp1-2343,1
autorizado,5,2026,1,user-emp1-2344,1
autorizado,6,2026,2,user-emp1-2345,1
autorizado,7,2026,3,user-emp1-2346,1
autorizado,8,2026,4,user-emp1-2347,1
autorizado,9,2026,1,user-emp1-2348,1
autorizado,10,2026,2,user-emp1-2349,1
autorizado,11,2026,3,user-emp1-2350,1
autorizado,12,2026,4,user-emp1-2351,1
autorizado,13,2026,1,user-emp1-2352,1
autorizado,14,2026,2,user-emp1-2353,1
autorizado,15,2026,3,user-emp1-2354,1
autorizado,1,2026,4,user-emp1-2355,1
autorizado,2,2026,1,user-emp1-2356,1
autorizado,3,2026,2,user-emp1-2357,1
autorizado,4,2026,3,user-emp1-2358,1
autorizado,5,2026,4,user-emp1-2359,1
autorizado,6,2026,1,user-emp1-2360,1
autorizado,7,2026,2,user-emp1-2361,1
autorizado,8,2026,3,user-emp1-2362,1
autorizado,9,2026,4,user-emp1-2363,1
autorizado,10,2026,1,user-emp1-2364,1
autorizado,11,2026,2,user-emp1-2365,1
autorizado,12,2026,3,user-emp1-2366,1
autorizado,13,2026,4,user-emp1-2367,1
autorizado,14,2026,1,user-emp1-2368,1
autorizado,15,2026,2,user-emp1-2369,1
autorizado,1,2026,3,user-emp1-2370,1
autorizado,2,2026,4,user-emp1-2371,1
autorizado,3,2026,1,user-emp1-2372,1
autorizado,4,2026,2,user-emp1-2373,1
autorizado,5,2026,3,user-emp1-2374,1
autorizado,6,2026,4,user-emp1-2375,1
autorizado,7,2026,1,user-emp1-2376,1
autorizado,8,2026,2,user-emp1-2377,1
autorizado,9,2026,3,user-emp1-2378,1
autorizado,10,2026,4,user-emp1-2379,1
autorizado,11,2026,1,user-emp1-2380,1
autorizado,12,2026,2,user-emp1-2381,1
autorizado,13,2026,3,user-emp1-2382,1
autorizado,14,2026,4,user-emp1-2383,1
autorizado,15,2026,1,user-emp1-2384,1
autorizado,1,2026,2,user-emp1-2385,1
autorizado,2,2026,3,user-emp1-2386,1
autorizado,3,2026,4,user-emp1-2387,1
autorizado,4,2026,1,user-emp1-2388,1
autorizado,5,2026,2,user-emp1-2389,1
autorizado,6,2026,3,user-emp1-2390,1
autorizado,7,2026,4,user-emp1-2391,1
autorizado,8,2026,1,user-emp1-2392,1
autorizado,9,2026,2,user-emp1-2393,1
autorizado,10,2026,3,user-emp1-2394,1
autorizado,11,2026,4,user-emp1-2395,1
autorizado,12,2026,1,user-emp1-2396,1
autorizado,13,2026,2,user-emp1-2397,1
autorizado,14,2026,3,user-emp1-2398,1
autorizado,15,2026,4,user-emp1-2399,1
autorizado,1,2026,1,user-emp1-2400,1
autorizado,2,2026,2,user-emp1-2401,1
autorizado,3,2026,3,user-emp1-2402,1
autorizado,4,2026,4,user-emp1-2403,1
autorizado,5,2026,1,user-emp1-2404,1
autorizado,6,2026,2,user-emp1-2405,1
autorizado,7,2026,3,user-emp1-2406,1
autorizado,8,2026,4,user-emp1-2407,1
autorizado,9,2026,1,user-emp1-2408,1
autorizado,10,2026,2,user-emp1-2409,1
autorizado,11,2026,3,user-emp1-2410,1
autorizado,12,2026,4,user-emp1-2411,1
autorizado,13,2026,1,user-emp1-2412,1
autorizado,14,2026,2,user-emp1-2413,1
autorizado,15,2026,3,user-emp1-2414,1
autorizado,1,2026,4,user-emp1-2415,1
autorizado,2,2026,1,user-emp1-2416,1
autorizado,3,2026,2,user-emp1-2417,1
autorizado,4,2026,3,user-emp1-2418,1
autorizado,5,2026,4,user-emp1-2419,1
autorizado,6,2026,1,user-emp1-2420,1
autorizado,7,2026,2,user-emp1-2421,1
autorizado,8,2026,3,user-emp1-2422,1
autorizado,9,2026,4,user-emp1-2423,1
autorizado,10,2026,1,user-emp1-2424,1
autorizado,11,2026,2,user-emp1-2425,1
autorizado,12,2026,3,user-emp1-2426,1
autorizado,13,2026,4,user-emp1-2427,1
autorizado,14,2026,1,user-emp1-2428,1
autorizado,15,2026,2,user-emp1-2429,1
autorizado,1,2026,3,user-emp1-2430,1
autorizado,2,2026,4,user-emp1-2431,1
autorizado,3,2026,1,user-emp1-2432,1
autorizado,4,2026,2,user-emp1-2433,1
autorizado,5,2026,3,user-emp1-2434,1
autorizado,6,2026,4,user-emp1-2435,1
autorizado,7,2026,1,user-emp1-2436,1
autorizado,8,2026,2,user-emp1-2437,1
autorizado,9,2026,3,user-emp1-2438,1
autorizado,10,2026,4,user-emp1-2439,1
autorizado,11,2026,1,user-emp1-2440,1
autorizado,12,2026,2,user-emp1-2441,1
autorizado,13,2026,3,user-emp1-2442,1
autorizado,14,2026,4,user-emp1-2443,1
autorizado,15,2026,1,user-emp1-2444,1
autorizado,1,2026,2,user-emp1-2445,1
autorizado,2,2026,3,user-emp1-2446,1
autorizado,3,2026,4,user-emp1-2447,1
autorizado,4,2026,1,user-emp1-2448,1
autorizado,5,2026,2,user-emp1-2449,1
autorizado,6,2026,3,user-emp1-2450,1
autorizado,7,2026,4,user-emp1-2451,1
autorizado,8,2026,1,user-emp1-2452,1
autorizado,9,2026,2,user-emp1-2453,1
autorizado,10,2026,3,user-emp1-2454,1
autorizado,11,2026,4,user-emp1-2455,1
autorizado,12,2026,1,user-emp1-2456,1
autorizado,13,2026,2,user-emp1-2457,1
autorizado,14,2026,3,user-emp1-2458,1
autorizado,15,2026,4,user-emp1-2459,1
autorizado,1,2026,1,user-emp1-2460,1
autorizado,2,2026,2,user-emp1-2461,1
autorizado,3,2026,3,user-emp1-2462,1
autorizado,4,2026,4,user-emp1-2463,1
autorizado,5,2026,1,user-emp1-2464,1
autorizado,6,2026,2,user-emp1-2465,1
autorizado,7,2026,3,user-emp1-2466,1
autorizado,8,2026,4,user-emp1-2467,1
autorizado,9,2026,1,user-emp1-2468,1
autorizado,10,2026,2,user-emp1-2469,1
autorizado,11,2026,3,user-emp1-2470,1
autorizado,12,2026,4,user-emp1-2471,1
autorizado,13,2026,1,user-emp1-2472,1
autorizado,14,2026,2,user-emp1-2473,1
autorizado,15,2026,3,user-emp1-2474,1
autorizado,1,2026,4,user-emp1-2475,1
autorizado,2,2026,1,user-emp1-2476,1
autorizado,3,2026,2,user-emp1-2477,1
autorizado,4,2026,3,user-emp1-2478,1
autorizado,5,2026,4,user-emp1-2479,1
autorizado,6,2026,1,user-emp1-2480,1
autorizado,7,2026,2,user-emp1-2481,1
autorizado,8,2026,3,user-emp1-2482,1
autorizado,9,2026,4,user-emp1-2483,1
autorizado,10,2026,1,user-emp1-2484,1
autorizado,11,2026,2,user-emp1-2485,1
autorizado,12,2026,3,user-emp1-2486,1
autorizado,13,2026,4,user-emp1-2487,1
autorizado,14,2026,1,user-emp1-2488,1
autorizado,15,2026,2,user-emp1-2489,1
autorizado,1,2026,3,user-emp1-2490,1
autorizado,2,2026,4,user-emp1-2491,1
autorizado,3,2026,1,user-emp1-2492,1
autorizado,4,2026,2,user-emp1-2493,1
autorizado,5,2026,3,user-emp1-2494,1
autorizado,6,2026,4,user-emp1-2495,1
autorizado,7,2026,1,user-emp1-2496,1
autorizado,8,2026,2,user-emp1-2497,1
autorizado,9,2026,3,user-emp1-2498,1
autorizado,10,2026,4,user-emp1-2499,1
autorizado,11,2026,1,user-emp1-2500,1
autorizado,12,2026,2,user-emp1-2501,1
autorizado,13,2026,3,user-emp1-2502,1
autorizado,14,2026,4,user-emp1-2503,1
autorizado,15,2026,1,user-emp1-2504,1
autorizado,1,2026,2,user-emp1-2505,1
autorizado,2,2026,3,user-emp1-2506,1
autorizado,3,2026,4,user-emp1-2507,1
autorizado,4,2026,1,user-emp1-2508,1
autorizado,5,2026,2,user-emp1-2509,1
autorizado,6,2026,3,user-emp1-2510,1
autorizado,7,2026,4,user-emp1-2511,1
autorizado,8,2026,1,user-emp1-2512,1
autorizado,9,2026,2,user-emp1-2513,1
autorizado,10,2026,3,user-emp1-2514,1
autorizado,11,2026,4,user-emp1-2515,1
autorizado,12,2026,1,user-emp1-2516,1
autorizado,13,2026,2,user-emp1-2517,1
autorizado,14,2026,3,user-emp1-2518,1
autorizado,15,2026,4,user-emp1-2519,1
autorizado,1,2026,1,user-emp1-2520,1
autorizado,2,2026,2,user-emp1-2521,1
autorizado,3,2026,3,user-emp1-2522,1
autorizado,4,2026,4,user-emp1-2523,1
autorizado,5,2026,1,user-emp1-2524,1
autorizado,6,2026,2,user-emp1-2525,1
autorizado,7,2026,3,user-emp1-2526,1
autorizado,8,2026,4,user-emp1-2527,1
autorizado,9,2026,1,user-emp1-2528,1
autorizado,10,2026,2,user-emp1-2529,1
autorizado,11,2026,3,user-emp1-2530,1
autorizado,12,2026,4,user-emp1-2531,1
autorizado,13,2026,1,user-emp1-2532,1
autorizado,14,2026,2,user-emp1-2533,1
autorizado,15,2026,3,user-emp1-2534,1
autorizado,1,2026,4,user-emp1-2535,1
autorizado,2,2026,1,user-emp1-2536,1
autorizado,3,2026,2,user-emp1-2537,1
autorizado,4,2026,3,user-emp1-2538,1
autorizado,5,2026,4,user-emp1-2539,1
autorizado,6,2026,1,user-emp1-2540,1
autorizado,7,2026,2,user-emp1-2541,1
autorizado,8,2026,3,user-emp1-2542,1
autorizado,9,2026,4,user-emp1-2543,1
autorizado,10,2026,1,user-emp1-2544,1
autorizado,11,2026,2,user-emp1-2545,1
autorizado,12,2026,3,user-emp1-2546,1
autorizado,13,2026,4,user-emp1-2547,1
autorizado,14,2026,1,user-emp1-2548,1
autorizado,15,2026,2,user-emp1-2549,1
autorizado,1,2026,3,user-emp1-2550,1
autorizado,2,2026,4,user-emp1-2551,1
autorizado,3,2026,1,user-emp1-2552,1
autorizado,4,2026,2,user-emp1-2553,1
autorizado,5,2026,3,user-emp1-2554,1
autorizado,6,2026,4,user-emp1-2555,1
autorizado,7,2026,1,user-emp1-2556,1
autorizado,8,2026,2,user-emp1-2557,1
autorizado,9,2026,3,user-emp1-2558,1
autorizado,10,2026,4,user-emp1-2559,1
autorizado,11,2026,1,user-emp1-2560,1
autorizado,12,2026,2,user-emp1-2561,1
autorizado,13,2026,3,user-emp1-2562,1
autorizado,14,2026,4,user-emp1-2563,1
autorizado,15,2026,1,user-emp1-2564,1
autorizado,1,2026,2,user-emp1-2565,1
autorizado,2,2026,3,user-emp1-2566,1
autorizado,3,2026,4,user-emp1-2567,1
autorizado,4,2026,1,user-emp1-2568,1
autorizado,5,2026,2,user-emp1-2569,1
autorizado,6,2026,3,user-emp1-2570,1
autorizado,7,2026,4,user-emp1-2571,1
autorizado,8,2026,1,user-emp1-2572,1
autorizado,9,2026,2,user-emp1-2573,1
autorizado,10,2026,3,user-emp1-2574,1
autorizado,11,2026,4,user-emp1-2575,1
autorizado,12,2026,1,user-emp1-2576,1
autorizado,13,2026,2,user-emp1-2577,1
autorizado,14,2026,3,user-emp1-2578,1
autorizado,15,2026,4,user-emp1-2579,1
autorizado,1,2026,1,user-emp1-2580,1
autorizado,2,2026,2,user-emp1-2581,1
autorizado,3,2026,3,user-emp1-2582,1
autorizado,4,2026,4,user-emp1-2583,1
autorizado,5,2026,1,user-emp1-2584,1
autorizado,6,2026,2,user-emp1-2585,1
autorizado,7,2026,3,user-emp1-2586,1
autorizado,8,2026,4,user-emp1-2587,1
autorizado,9,2026,1,user-emp1-2588,1
autorizado,10,2026,2,user-emp1-2589,1
autorizado,11,2026,3,user-emp1-2590,1
autorizado,12,2026,4,user-emp1-2591,1
autorizado,13,2026,1,user-emp1-2592,1
autorizado,14,2026,2,user-emp1-2593,1
autorizado,15,2026,3,user-emp1-2594,1
autorizado,1,2026,4,user-emp1-2595,1
autorizado,2,2026,1,user-emp1-2596,1
autorizado,3,2026,2,user-emp1-2597,1
autorizado,4,2026,3,user-emp1-2598,1
autorizado,5,2026,4,user-emp1-2599,1
autorizado,6,2026,1,user-emp1-2600,1
autorizado,7,2026,2,user-emp1-2601,1
autorizado,8,2026,3,user-emp1-2602,1
autorizado,9,2026,4,user-emp1-2603,1
autorizado,10,2026,1,user-emp1-2604,1
autorizado,11,2026,2,user-emp1-2605,1
autorizado,12,2026,3,user-emp1-2606,1
autorizado,13,2026,4,user-emp1-2607,1
autorizado,14,2026,1,user-emp1-2608,1
autorizado,15,2026,2,user-emp1-2609,1
autorizado,1,2026,3,user-emp1-2610,1
autorizado,2,2026,4,user-emp1-2611,1
autorizado,3,2026,1,user-emp1-2612,1
autorizado,4,2026,2,user-emp1-2613,1
autorizado,5,2026,3,user-emp1-2614,1
autorizado,6,2026,4,user-emp1-2615,1
autorizado,7,2026,1,user-emp1-2616,1
autorizado,8,2026,2,user-emp1-2617,1
autorizado,9,2026,3,user-emp1-2618,1
autorizado,10,2026,4,user-emp1-2619,1
autorizado,11,2026,1,user-emp1-2620,1
autorizado,12,2026,2,user-emp1-2621,1
autorizado,13,2026,3,user-emp1-2622,1
autorizado,14,2026,4,user-emp1-2623,1
autorizado,15,2026,1,user-emp1-2624,1
autorizado,1,2026,2,user-emp1-2625,1
autorizado,2,2026,3,user-emp1-2626,1
autorizado,3,2026,4,user-emp1-2627,1
autorizado,4,2026,1,user-emp1-2628,1
autorizado,5,2026,2,user-emp1-2629,1
autorizado,6,2026,3,user-emp1-2630,1
autorizado,7,2026,4,user-emp1-2631,1
autorizado,8,2026,1,user-emp1-2632,1
autorizado,9,2026,2,user-emp1-2633,1
autorizado,10,2026,3,user-emp1-2634,1
autorizado,11,2026,4,user-emp1-2635,1
autorizado,12,2026,1,user-emp1-2636,1
autorizado,13,2026,2,user-emp1-2637,1
autorizado,14,2026,3,user-emp1-2638,1
autorizado,15,2026,4,user-emp1-2639,1
autorizado,1,2026,1,user-emp1-2640,1
autorizado,2,2026,2,user-emp1-2641,1
autorizado,3,2026,3,user-emp1-2642,1
autorizado,4,2026,4,user-emp1-2643,1
autorizado,5,2026,1,user-emp1-2644,1
autorizado,6,2026,2,user-emp1-2645,1
autorizado,7,2026,3,user-emp1-2646,1
autorizado,8,2026,4,user-emp1-2647,1
autorizado,9,2026,1,user-emp1-2648,1
autorizado,10,2026,2,user-emp1-2649,1
autorizado,11,2026,3,user-emp1-2650,1
autorizado,12,2026,4,user-emp1-2651,1
autorizado,13,2026,1,user-emp1-2652,1
autorizado,14,2026,2,user-emp1-2653,1
autorizado,15,2026,3,user-emp1-2654,1
autorizado,1,2026,4,user-emp1-2655,1
autorizado,2,2026,1,user-emp1-2656,1
autorizado,3,2026,2,user-emp1-2657,1
autorizado,4,2026,3,user-emp1-2658,1
autorizado,5,2026,4,user-emp1-2659,1
autorizado,6,2026,1,user-emp1-2660,1
autorizado,7,2026,2,user-emp1-2661,1
autorizado,8,2026,3,user-emp1-2662,1
autorizado,9,2026,4,user-emp1-2663,1
autorizado,10,2026,1,user-emp1-2664,1
autorizado,11,2026,2,user-emp1-2665,1
autorizado,12,2026,3,user-emp1-2666,1
autorizado,13,2026,4,user-emp1-2667,1
autorizado,14,2026,1,user-emp1-2668,1
autorizado,15,2026,2,user-emp1-2669,1
autorizado,1,2026,3,user-emp1-2670,1
autorizado,2,2026,4,user-emp1-2671,1
autorizado,3,2026,1,user-emp1-2672,1
autorizado,4,2026,2,user-emp1-2673,1
autorizado,5,2026,3,user-emp1-2674,1
autorizado,6,2026,4,user-emp1-2675,1
autorizado,7,2026,1,user-emp1-2676,1
autorizado,8,2026,2,user-emp1-2677,1
autorizado,9,2026,3,user-emp1-2678,1
autorizado,10,2026,4,user-emp1-2679,1
autorizado,11,2026,1,user-emp1-2680,1
autorizado,12,2026,2,user-emp1-2681,1
autorizado,13,2026,3,user-emp1-2682,1
autorizado,14,2026,4,user-emp1-2683,1
autorizado,15,2026,1,user-emp1-2684,1
autorizado,1,2026,2,user-emp1-2685,1
autorizado,2,2026,3,user-emp1-2686,1
autorizado,3,2026,4,user-emp1-2687,1
autorizado,4,2026,1,user-emp1-2688,1
autorizado,5,2026,2,user-emp1-2689,1
autorizado,6,2026,3,user-emp1-2690,1
autorizado,7,2026,4,user-emp1-2691,1
autorizado,8,2026,1,user-emp1-2692,1
autorizado,9,2026,2,user-emp1-2693,1
autorizado,10,2026,3,user-emp1-2694,1
autorizado,11,2026,4,user-emp1-2695,1
autorizado,12,2026,1,user-emp1-2696,1
autorizado,13,2026,2,user-emp1-2697,1
autorizado,14,2026,3,user-emp1-2698,1
autorizado,15,2026,4,user-emp1-2699,1
autorizado,1,2026,1,user-emp1-2700,1
autorizado,2,2026,2,user-emp1-2701,1
autorizado,3,2026,3,user-emp1-2702,1
autorizado,4,2026,4,user-emp1-2703,1
autorizado,5,2026,1,user-emp1-2704,1
autorizado,6,2026,2,user-emp1-2705,1
autorizado,7,2026,3,user-emp1-2706,1
autorizado,8,2026,4,user-emp1-2707,1
autorizado,9,2026,1,user-emp1-2708,1
autorizado,10,2026,2,user-emp1-2709,1
autorizado,11,2026,3,user-emp1-2710,1
autorizado,12,2026,4,user-emp1-2711,1
autorizado,13,2026,1,user-emp1-2712,1
autorizado,14,2026,2,user-emp1-2713,1
autorizado,15,2026,3,user-emp1-2714,1
autorizado,1,2026,4,user-emp1-2715,1
autorizado,2,2026,1,user-emp1-2716,1
autorizado,3,2026,2,user-emp1-2717,1
autorizado,4,2026,3,user-emp1-2718,1
autorizado,5,2026,4,user-emp1-2719,1
autorizado,6,2026,1,user-emp1-2720,1
autorizado,7,2026,2,user-emp1-2721,1
autorizado,8,2026,3,user-emp1-2722,1
autorizado,9,2026,4,user-emp1-2723,1
autorizado,10,2026,1,user-emp1-2724,1
autorizado,11,2026,2,user-emp1-2725,1
autorizado,12,2026,3,user-emp1-2726,1
autorizado,13,2026,4,user-emp1-2727,1
autorizado,14,2026,1,user-emp1-2728,1
autorizado,15,2026,2,user-emp1-2729,1
autorizado,1,2026,3,user-emp1-2730,1
autorizado,2,2026,4,user-emp1-2731,1
autorizado,3,2026,1,user-emp1-2732,1
autorizado,4,2026,2,user-emp1-2733,1
autorizado,5,2026,3,user-emp1-2734,1
autorizado,6,2026,4,user-emp1-2735,1
autorizado,7,2026,1,user-emp1-2736,1
autorizado,8,2026,2,user-emp1-2737,1
autorizado,9,2026,3,user-emp1-2738,1
autorizado,10,2026,4,user-emp1-2739,1
autorizado,11,2026,1,user-emp1-2740,1
autorizado,12,2026,2,user-emp1-2741,1
autorizado,13,2026,3,user-emp1-2742,1
autorizado,14,2026,4,user-emp1-2743,1
autorizado,15,2026,1,user-emp1-2744,1
autorizado,1,2026,2,user-emp1-2745,1
autorizado,2,2026,3,user-emp1-2746,1
autorizado,3,2026,4,user-emp1-2747,1
autorizado,4,2026,1,user-emp1-2748,1
autorizado,5,2026,2,user-emp1-2749,1
autorizado,6,2026,3,user-emp1-2750,1
autorizado,7,2026,4,user-emp1-2751,1
autorizado,8,2026,1,user-emp1-2752,1
autorizado,9,2026,2,user-emp1-2753,1
autorizado,10,2026,3,user-emp1-2754,1
autorizado,11,2026,4,user-emp1-2755,1
autorizado,12,2026,1,user-emp1-2756,1
autorizado,13,2026,2,user-emp1-2757,1
autorizado,14,2026,3,user-emp1-2758,1
autorizado,15,2026,4,user-emp1-2759,1
autorizado,1,2026,1,user-emp1-2760,1
autorizado,2,2026,2,user-emp1-2761,1
autorizado,3,2026,3,user-emp1-2762,1
autorizado,4,2026,4,user-emp1-2763,1
autorizado,5,2026,1,user-emp1-2764,1
autorizado,6,2026,2,user-emp1-2765,1
autorizado,7,2026,3,user-emp1-2766,1
autorizado,8,2026,4,user-emp1-2767,1
autorizado,9,2026,1,user-emp1-2768,1
autorizado,10,2026,2,user-emp1-2769,1
autorizado,11,2026,3,user-emp1-2770,1
autorizado,12,2026,4,user-emp1-2771,1
autorizado,13,2026,1,user-emp1-2772,1
autorizado,14,2026,2,user-emp1-2773,1
autorizado,15,2026,3,user-emp1-2774,1
autorizado,1,2026,4,user-emp1-2775,1
autorizado,2,2026,1,user-emp1-2776,1
autorizado,3,2026,2,user-emp1-2777,1
autorizado,4,2026,3,user-emp1-2778,1
autorizado,5,2026,4,user-emp1-2779,1
autorizado,6,2026,1,user-emp1-2780,1
autorizado,7,2026,2,user-emp1-2781,1
autorizado,8,2026,3,user-emp1-2782,1
autorizado,9,2026,4,user-emp1-2783,1
autorizado,10,2026,1,user-emp1-2784,1
autorizado,11,2026,2,user-emp1-2785,1
autorizado,12,2026,3,user-emp1-2786,1
autorizado,13,2026,4,user-emp1-2787,1
autorizado,14,2026,1,user-emp1-2788,1
autorizado,15,2026,2,user-emp1-2789,1
autorizado,1,2026,3,user-emp1-2790,1
autorizado,2,2026,4,user-emp1-2791,1
autorizado,3,2026,1,user-emp1-2792,1
autorizado,4,2026,2,user-emp1-2793,1
autorizado,5,2026,3,user-emp1-2794,1
autorizado,6,2026,4,user-emp1-2795,1
autorizado,7,2026,1,user-emp1-2796,1
autorizado,8,2026,2,user-emp1-2797,1
autorizado,9,2026,3,user-emp1-2798,1
autorizado,10,2026,4,user-emp1-2799,1
autorizado,11,2026,1,user-emp1-2800,1
autorizado,12,2026,2,user-emp1-2801,1
autorizado,13,2026,3,user-emp1-2802,1
autorizado,14,2026,4,user-emp1-2803,1
autorizado,15,2026,1,user-emp1-2804,1
autorizado,1,2026,2,user-emp1-2805,1
autorizado,2,2026,3,user-emp1-2806,1
autorizado,3,2026,4,user-emp1-2807,1
autorizado,4,2026,1,user-emp1-2808,1
autorizado,5,2026,2,user-emp1-2809,1
autorizado,6,2026,3,user-emp1-2810,1
autorizado,7,2026,4,user-emp1-2811,1
autorizado,8,2026,1,user-emp1-2812,1
autorizado,9,2026,2,user-emp1-2813,1
autorizado,10,2026,3,user-emp1-2814,1
autorizado,11,2026,4,user-emp1-2815,1
autorizado,12,2026,1,user-emp1-2816,1
autorizado,13,2026,2,user-emp1-2817,1
autorizado,14,2026,3,user-emp1-2818,1
autorizado,15,2026,4,user-emp1-2819,1
autorizado,1,2026,1,user-emp1-2820,1
autorizado,2,2026,2,user-emp1-2821,1
autorizado,3,2026,3,user-emp1-2822,1
autorizado,4,2026,4,user-emp1-2823,1
autorizado,5,2026,1,user-emp1-2824,1
autorizado,6,2026,2,user-emp1-2825,1
autorizado,7,2026,3,user-emp1-2826,1
autorizado,8,2026,4,user-emp1-2827,1
autorizado,9,2026,1,user-emp1-2828,1
autorizado,10,2026,2,user-emp1-2829,1
autorizado,11,2026,3,user-emp1-2830,1
autorizado,12,2026,4,user-emp1-2831,1
autorizado,13,2026,1,user-emp1-2832,1
autorizado,14,2026,2,user-emp1-2833,1
autorizado,15,2026,3,user-emp1-2834,1
autorizado,1,2026,4,user-emp1-2835,1
autorizado,2,2026,1,user-emp1-2836,1
autorizado,3,2026,2,user-emp1-2837,1
autorizado,4,2026,3,user-emp1-2838,1
autorizado,5,2026,4,user-emp1-2839,1
autorizado,6,2026,1,user-emp1-2840,1
autorizado,7,2026,2,user-emp1-2841,1
autorizado,8,2026,3,user-emp1-2842,1
autorizado,9,2026,4,user-emp1-2843,1
autorizado,10,2026,1,user-emp1-2844,1
autorizado,11,2026,2,user-emp1-2845,1
autorizado,12,2026,3,user-emp1-2846,1
autorizado,13,2026,4,user-emp1-2847,1
autorizado,14,2026,1,user-emp1-2848,1
autorizado,15,2026,2,user-emp1-2849,1
autorizado,1,2026,3,user-emp1-2850,1
autorizado,2,2026,4,user-emp1-2851,1
autorizado,3,2026,1,user-emp1-2852,1
autorizado,4,2026,2,user-emp1-2853,1
autorizado,5,2026,3,user-emp1-2854,1
autorizado,6,2026,4,user-emp1-2855,1
autorizado,7,2026,1,user-emp1-2856,1
autorizado,8,2026,2,user-emp1-2857,1
autorizado,9,2026,3,user-emp1-2858,1
autorizado,10,2026,4,user-emp1-2859,1
autorizado,11,2026,1,user-emp1-2860,1
autorizado,12,2026,2,user-emp1-2861,1
autorizado,13,2026,3,user-emp1-2862,1
autorizado,14,2026,4,user-emp1-2863,1
autorizado,15,2026,1,user-emp1-2864,1
autorizado,1,2026,2,user-emp1-2865,1
autorizado,2,2026,3,user-emp1-2866,1
autorizado,3,2026,4,user-emp1-2867,1
autorizado,4,2026,1,user-emp1-2868,1
autorizado,5,2026,2,user-emp1-2869,1
autorizado,6,2026,3,user-emp1-2870,1
autorizado,7,2026,4,user-emp1-2871,1
autorizado,8,2026,1,user-emp1-2872,1
autorizado,9,2026,2,user-emp1-2873,1
autorizado,10,2026,3,user-emp1-2874,1
autorizado,11,2026,4,user-emp1-2875,1
autorizado,12,2026,1,user-emp1-2876,1
autorizado,13,2026,2,user-emp1-2877,1
autorizado,14,2026,3,user-emp1-2878,1
autorizado,15,2026,4,user-emp1-2879,1
autorizado,1,2026,1,user-emp1-2880,1
autorizado,2,2026,2,user-emp1-2881,1
autorizado,3,2026,3,user-emp1-2882,1
autorizado,4,2026,4,user-emp1-2883,1
autorizado,5,2026,1,user-emp1-2884,1
autorizado,6,2026,2,user-emp1-2885,1
autorizado,7,2026,3,user-emp1-2886,1
autorizado,8,2026,4,user-emp1-2887,1
autorizado,9,2026,1,user-emp1-2888,1
autorizado,10,2026,2,user-emp1-2889,1
autorizado,11,2026,3,user-emp1-2890,1
autorizado,12,2026,4,user-emp1-2891,1
autorizado,13,2026,1,user-emp1-2892,1
autorizado,14,2026,2,user-emp1-2893,1
autorizado,15,2026,3,user-emp1-2894,1
autorizado,1,2026,4,user-emp1-2895,1
autorizado,2,2026,1,user-emp1-2896,1
autorizado,3,2026,2,user-emp1-2897,1
autorizado,4,2026,3,user-emp1-2898,1
autorizado,5,2026,4,user-emp1-2899,1
autorizado,6,2026,1,user-emp1-2900,1
autorizado,7,2026,2,user-emp1-2901,1
autorizado,8,2026,3,user-emp1-2902,1
autorizado,9,2026,4,user-emp1-2903,1
autorizado,10,2026,1,user-emp1-2904,1
autorizado,11,2026,2,user-emp1-2905,1
autorizado,12,2026,3,user-emp1-2906,1
autorizado,13,2026,4,user-emp1-2907,1
autorizado,14,2026,1,user-emp1-2908,1
autorizado,15,2026,2,user-emp1-2909,1
autorizado,1,2026,3,user-emp1-2910,1
autorizado,2,2026,4,user-emp1-2911,1
autorizado,3,2026,1,user-emp1-2912,1
autorizado,4,2026,2,user-emp1-2913,1
autorizado,5,2026,3,user-emp1-2914,1
autorizado,6,2026,4,user-emp1-2915,1
autorizado,7,2026,1,user-emp1-2916,1
autorizado,8,2026,2,user-emp1-2917,1
autorizado,9,2026,3,user-emp1-2918,1
autorizado,10,2026,4,user-emp1-2919,1
autorizado,11,2026,1,user-emp1-2920,1
autorizado,12,2026,2,user-emp1-2921,1
autorizado,13,2026,3,user-emp1-2922,1
autorizado,14,2026,4,user-emp1-2923,1
autorizado,15,2026,1,user-emp1-2924,1
autorizado,1,2026,2,user-emp1-2925,1
autorizado,2,2026,3,user-emp1-2926,1
autorizado,3,2026,4,user-emp1-2927,1
autorizado,4,2026,1,user-emp1-2928,1
autorizado,5,2026,2,user-emp1-2929,1
autorizado,6,2026,3,user-emp1-2930,1
autorizado,7,2026,4,user-emp1-2931,1
autorizado,8,2026,1,user-emp1-2932,1
autorizado,9,2026,2,user-emp1-2933,1
autorizado,10,2026,3,user-emp1-2934,1
autorizado,11,2026,4,user-emp1-2935,1
autorizado,12,2026,1,user-emp1-2936,1
autorizado,13,2026,2,user-emp1-2937,1
autorizado,14,2026,3,user-emp1-2938,1
autorizado,15,2026,4,user-emp1-2939,1
autorizado,1,2026,1,user-emp1-2940,1
autorizado,2,2026,2,user-emp1-2941,1
autorizado,3,2026,3,user-emp1-2942,1
autorizado,4,2026,4,user-emp1-2943,1
autorizado,5,2026,1,user-emp1-2944,1
autorizado,6,2026,2,user-emp1-2945,1
autorizado,7,2026,3,user-emp1-2946,1
autorizado,8,2026,4,user-emp1-2947,1
autorizado,9,2026,1,user-emp1-2948,1
autorizado,10,2026,2,user-emp1-2949,1
autorizado,11,2026,3,user-emp1-2950,1
autorizado,12,2026,4,user-emp1-2951,1
autorizado,13,2026,1,user-emp1-2952,1
autorizado,14,2026,2,user-emp1-2953,1
autorizado,15,2026,3,user-emp1-2954,1
autorizado,1,2026,4,user-emp1-2955,1
autorizado,2,2026,1,user-emp1-2956,1
autorizado,3,2026,2,user-emp1-2957,1
autorizado,4,2026,3,user-emp1-2958,1
autorizado,5,2026,4,user-emp1-2959,1
autorizado,6,2026,1,user-emp1-2960,1
autorizado,7,2026,2,user-emp1-2961,1
autorizado,8,2026,3,user-emp1-2962,1
autorizado,9,2026,4,user-emp1-2963,1
autorizado,10,2026,1,user-emp1-2964,1
autorizado,11,2026,2,user-emp1-2965,1
autorizado,12,2026,3,user-emp1-2966,1
autorizado,13,2026,4,user-emp1-2967,1
autorizado,14,2026,1,user-emp1-2968,1
autorizado,15,2026,2,user-emp1-2969,1
autorizado,1,2026,3,user-emp1-2970,1
autorizado,2,2026,4,user-emp1-2971,1
autorizado,3,2026,1,user-emp1-2972,1
autorizado,4,2026,2,user-emp1-2973,1
autorizado,5,2026,3,user-emp1-2974,1
autorizado,6,2026,4,user-emp1-2975,1
autorizado,7,2026,1,user-emp1-2976,1
autorizado,8,2026,2,user-emp1-2977,1
autorizado,9,2026,3,user-emp1-2978,1
autorizado,10,2026,4,user-emp1-2979,1
autorizado,11,2026,1,user-emp1-2980,1
autorizado,12,2026,2,user-emp1-2981,1
autorizado,13,2026,3,user-emp1-2982,1
autorizado,14,2026,4,user-emp1-2983,1
autorizado,15,2026,1,user-emp1-2984,1
autorizado,1,2026,2,user-emp1-2985,1
autorizado,2,2026,3,user-emp1-2986,1
autorizado,3,2026,4,user-emp1-2987,1
autorizado,4,2026,1,user-emp1-2988,1
autorizado,5,2026,2,user-emp1-2989,1
autorizado,6,2026,3,user-emp1-2990,1
autorizado,7,2026,4,user-emp1-2991,1
autorizado,8,2026,1,user-emp1-2992,1
autorizado,9,2026,2,user-emp1-2993,1
autorizado,10,2026,3,user-emp1-2994,1
autorizado,11,2026,4,user-emp1-2995,1
autorizado,12,2026,1,user-emp1-2996,1
autorizado,13,2026,2,user-emp1-2997,1
autorizado,14,2026,3,user-emp1-2998,1
autorizado,15,2026,4,user-emp1-2999,1
autorizado,1,2026,1,user-emp1-3000,1
autorizado,2,2026,2,user-emp1-3001,1
autorizado,3,2026,3,user-emp1-3002,1
autorizado,4,2026,4,user-emp1-3003,1
autorizado,5,2026,1,user-emp1-3004,1
autorizado,6,2026,2,user-emp1-3005,1
autorizado,7,2026,3,user-emp1-3006,1
autorizado,8,2026,4,user-emp1-3007,1
autorizado,9,2026,1,user-emp1-3008,1
autorizado,10,2026,2,user-emp1-3009,1
autorizado,11,2026,3,user-emp1-3010,1
autorizado,12,2026,4,user-emp1-3011,1
autorizado,13,2026,1,user-emp1-3012,1
autorizado,14,2026,2,user-emp1-3013,1
autorizado,15,2026,3,user-emp1-3014,1
autorizado,1,2026,4,user-emp1-3015,1
autorizado,2,2026,1,user-emp1-3016,1
autorizado,3,2026,2,user-emp1-3017,1
autorizado,4,2026,3,user-emp1-3018,1
autorizado,5,2026,4,user-emp1-3019,1
autorizado,6,2026,1,user-emp1-3020,1
autorizado,7,2026,2,user-emp1-3021,1
autorizado,8,2026,3,user-emp1-3022,1
autorizado,9,2026,4,user-emp1-3023,1
autorizado,10,2026,1,user-emp1-3024,1
autorizado,11,2026,2,user-emp1-3025,1
autorizado,12,2026,3,user-emp1-3026,1
autorizado,13,2026,4,user-emp1-3027,1
autorizado,14,2026,1,user-emp1-3028,1
autorizado,15,2026,2,user-emp1-3029,1
autorizado,1,2026,3,user-emp1-3030,1
autorizado,2,2026,4,user-emp1-3031,1
autorizado,3,2026,1,user-emp1-3032,1
autorizado,4,2026,2,user-emp1-3033,1
autorizado,5,2026,3,user-emp1-3034,1
autorizado,6,2026,4,user-emp1-3035,1
autorizado,7,2026,1,user-emp1-3036,1
autorizado,8,2026,2,user-emp1-3037,1
autorizado,9,2026,3,user-emp1-3038,1
autorizado,10,2026,4,user-emp1-3039,1
autorizado,11,2026,1,user-emp1-3040,1
autorizado,12,2026,2,user-emp1-3041,1
autorizado,13,2026,3,user-emp1-3042,1
autorizado,14,2026,4,user-emp1-3043,1
autorizado,15,2026,1,user-emp1-3044,1
autorizado,1,2026,2,user-emp1-3045,1
autorizado,2,2026,3,user-emp1-3046,1
autorizado,3,2026,4,user-emp1-3047,1
autorizado,4,2026,1,user-emp1-3048,1
autorizado,5,2026,2,user-emp1-3049,1
autorizado,6,2026,3,user-emp1-3050,1
autorizado,7,2026,4,user-emp1-3051,1
autorizado,8,2026,1,user-emp1-3052,1
autorizado,9,2026,2,user-emp1-3053,1
autorizado,10,2026,3,user-emp1-3054,1
autorizado,11,2026,4,user-emp1-3055,1
autorizado,12,2026,1,user-emp1-3056,1
autorizado,13,2026,2,user-emp1-3057,1
autorizado,14,2026,3,user-emp1-3058,1
autorizado,15,2026,4,user-emp1-3059,1
autorizado,1,2026,1,user-emp1-3060,1
autorizado,2,2026,2,user-emp1-3061,1
autorizado,3,2026,3,user-emp1-3062,1
autorizado,4,2026,4,user-emp1-3063,1
autorizado,5,2026,1,user-emp1-3064,1
autorizado,6,2026,2,user-emp1-3065,1
autorizado,7,2026,3,user-emp1-3066,1
autorizado,8,2026,4,user-emp1-3067,1
autorizado,9,2026,1,user-emp1-3068,1
autorizado,10,2026,2,user-emp1-3069,1
autorizado,11,2026,3,user-emp1-3070,1
autorizado,12,2026,4,user-emp1-3071,1
autorizado,13,2026,1,user-emp1-3072,1
autorizado,14,2026,2,user-emp1-3073,1
autorizado,15,2026,3,user-emp1-3074,1
autorizado,1,2026,4,user-emp1-3075,1
autorizado,2,2026,1,user-emp1-3076,1
autorizado,3,2026,2,user-emp1-3077,1
autorizado,4,2026,3,user-emp1-3078,1
autorizado,5,2026,4,user-emp1-3079,1
autorizado,6,2026,1,user-emp1-3080,1
autorizado,7,2026,2,user-emp1-3081,1
autorizado,8,2026,3,user-emp1-3082,1
autorizado,9,2026,4,user-emp1-3083,1
autorizado,10,2026,1,user-emp1-3084,1
autorizado,11,2026,2,user-emp1-3085,1
autorizado,12,2026,3,user-emp1-3086,1
autorizado,13,2026,4,user-emp1-3087,1
autorizado,14,2026,1,user-emp1-3088,1
autorizado,15,2026,2,user-emp1-3089,1
autorizado,1,2026,3,user-emp1-3090,1
autorizado,2,2026,4,user-emp1-3091,1
autorizado,3,2026,1,user-emp1-3092,1
autorizado,4,2026,2,user-emp1-3093,1
autorizado,5,2026,3,user-emp1-3094,1
autorizado,6,2026,4,user-emp1-3095,1
autorizado,7,2026,1,user-emp1-3096,1
autorizado,8,2026,2,user-emp1-3097,1
autorizado,9,2026,3,user-emp1-3098,1
autorizado,10,2026,4,user-emp1-3099,1
autorizado,11,2026,1,user-emp1-3100,1
autorizado,12,2026,2,user-emp1-3101,1
autorizado,13,2026,3,user-emp1-3102,1
autorizado,14,2026,4,user-emp1-3103,1
autorizado,15,2026,1,user-emp1-3104,1
autorizado,1,2026,2,user-emp1-3105,1
autorizado,2,2026,3,user-emp1-3106,1
autorizado,3,2026,4,user-emp1-3107,1
autorizado,4,2026,1,user-emp1-3108,1
autorizado,5,2026,2,user-emp1-3109,1
autorizado,6,2026,3,user-emp1-3110,1
autorizado,7,2026,4,user-emp1-3111,1
autorizado,8,2026,1,user-emp1-3112,1
autorizado,9,2026,2,user-emp1-3113,1
autorizado,10,2026,3,user-emp1-3114,1
autorizado,11,2026,4,user-emp1-3115,1
autorizado,12,2026,1,user-emp1-3116,1
autorizado,13,2026,2,user-emp1-3117,1
autorizado,14,2026,3,user-emp1-3118,1
autorizado,15,2026,4,user-emp1-3119,1
autorizado,1,2026,1,user-emp1-3120,1
autorizado,2,2026,2,user-emp1-3121,1
autorizado,3,2026,3,user-emp1-3122,1
autorizado,4,2026,4,user-emp1-3123,1
autorizado,5,2026,1,user-emp1-3124,1
autorizado,6,2026,2,user-emp1-3125,1
autorizado,7,2026,3,user-emp1-3126,1
autorizado,8,2026,4,user-emp1-3127,1
autorizado,9,2026,1,user-emp1-3128,1
autorizado,10,2026,2,user-emp1-3129,1
autorizado,11,2026,3,user-emp1-3130,1
autorizado,12,2026,4,user-emp1-3131,1
autorizado,13,2026,1,user-emp1-3132,1
autorizado,14,2026,2,user-emp1-3133,1
autorizado,15,2026,3,user-emp1-3134,1
autorizado,1,2026,4,user-emp1-3135,1
autorizado,2,2026,1,user-emp1-3136,1
autorizado,3,2026,2,user-emp1-3137,1
autorizado,4,2026,3,user-emp1-3138,1
autorizado,5,2026,4,user-emp1-3139,1
autorizado,6,2026,1,user-emp1-3140,1
autorizado,7,2026,2,user-emp1-3141,1
autorizado,8,2026,3,user-emp1-3142,1
autorizado,9,2026,4,user-emp1-3143,1
autorizado,10,2026,1,user-emp1-3144,1
autorizado,11,2026,2,user-emp1-3145,1
autorizado,12,2026,3,user-emp1-3146,1
autorizado,13,2026,4,user-emp1-3147,1
autorizado,14,2026,1,user-emp1-3148,1
autorizado,15,2026,2,user-emp1-3149,1
autorizado,1,2026,3,user-emp1-3150,1
autorizado,2,2026,4,user-emp1-3151,1
autorizado,3,2026,1,user-emp1-3152,1
autorizado,4,2026,2,user-emp1-3153,1
autorizado,5,2026,3,user-emp1-3154,1
autorizado,6,2026,4,user-emp1-3155,1
autorizado,7,2026,1,user-emp1-3156,1
autorizado,8,2026,2,user-emp1-3157,1
autorizado,9,2026,3,user-emp1-3158,1
autorizado,10,2026,4,user-emp1-3159,1
autorizado,11,2026,1,user-emp1-3160,1
autorizado,12,2026,2,user-emp1-3161,1
autorizado,13,2026,3,user-emp1-3162,1
autorizado,14,2026,4,user-emp1-3163,1
autorizado,15,2026,1,user-emp1-3164,1
autorizado,1,2026,2,user-emp1-3165,1
autorizado,2,2026,3,user-emp1-3166,1
autorizado,3,2026,4,user-emp1-3167,1
autorizado,4,2026,1,user-emp1-3168,1
autorizado,5,2026,2,user-emp1-3169,1
autorizado,6,2026,3,user-emp1-3170,1
autorizado,7,2026,4,user-emp1-3171,1
autorizado,8,2026,1,user-emp1-3172,1
autorizado,9,2026,2,user-emp1-3173,1
autorizado,10,2026,3,user-emp1-3174,1
autorizado,11,2026,4,user-emp1-3175,1
autorizado,12,2026,1,user-emp1-3176,1
autorizado,13,2026,2,user-emp1-3177,1
autorizado,14,2026,3,user-emp1-3178,1
autorizado,15,2026,4,user-emp1-3179,1
autorizado,1,2026,1,user-emp1-3180,1
autorizado,2,2026,2,user-emp1-3181,1
autorizado,3,2026,3,user-emp1-3182,1
autorizado,4,2026,4,user-emp1-3183,1
autorizado,5,2026,1,user-emp1-3184,1
autorizado,6,2026,2,user-emp1-3185,1
autorizado,7,2026,3,user-emp1-3186,1
autorizado,8,2026,4,user-emp1-3187,1
autorizado,9,2026,1,user-emp1-3188,1
autorizado,10,2026,2,user-emp1-3189,1
autorizado,11,2026,3,user-emp1-3190,1
autorizado,12,2026,4,user-emp1-3191,1
autorizado,13,2026,1,user-emp1-3192,1
autorizado,14,2026,2,user-emp1-3193,1
autorizado,15,2026,3,user-emp1-3194,1
autorizado,1,2026,4,user-emp1-3195,1
autorizado,2,2026,1,user-emp1-3196,1
autorizado,3,2026,2,user-emp1-3197,1
autorizado,4,2026,3,user-emp1-3198,1
autorizado,5,2026,4,user-emp1-3199,1
autorizado,6,2026,1,user-emp1-3200,1
autorizado,7,2026,2,user-emp1-3201,1
autorizado,8,2026,3,user-emp1-3202,1
autorizado,9,2026,4,user-emp1-3203,1
autorizado,10,2026,1,user-emp1-3204,1
autorizado,11,2026,2,user-emp1-3205,1
autorizado,12,2026,3,user-emp1-3206,1
autorizado,13,2026,4,user-emp1-3207,1
autorizado,14,2026,1,user-emp1-3208,1
autorizado,15,2026,2,user-emp1-3209,1
autorizado,1,2026,3,user-emp1-3210,1
autorizado,2,2026,4,user-emp1-3211,1
autorizado,3,2026,1,user-emp1-3212,1
autorizado,4,2026,2,user-emp1-3213,1
autorizado,5,2026,3,user-emp1-3214,1
autorizado,6,2026,4,user-emp1-3215,1
autorizado,7,2026,1,user-emp1-3216,1
autorizado,8,2026,2,user-emp1-3217,1
autorizado,9,2026,3,user-emp1-3218,1
autorizado,10,2026,4,user-emp1-3219,1
autorizado,11,2026,1,user-emp1-3220,1
autorizado,12,2026,2,user-emp1-3221,1
autorizado,13,2026,3,user-emp1-3222,1
autorizado,14,2026,4,user-emp1-3223,1
autorizado,15,2026,1,user-emp1-3224,1
autorizado,1,2026,2,user-emp1-3225,1
autorizado,2,2026,3,user-emp1-3226,1
autorizado,3,2026,4,user-emp1-3227,1
autorizado,4,2026,1,user-emp1-3228,1
autorizado,5,2026,2,user-emp1-3229,1
autorizado,6,2026,3,user-emp1-3230,1
autorizado,7,2026,4,user-emp1-3231,1
autorizado,8,2026,1,user-emp1-3232,1
autorizado,9,2026,2,user-emp1-3233,1
autorizado,10,2026,3,user-emp1-3234,1
autorizado,11,2026,4,user-emp1-3235,1
autorizado,12,2026,1,user-emp1-3236,1
autorizado,13,2026,2,user-emp1-3237,1
autorizado,14,2026,3,user-emp1-3238,1
autorizado,15,2026,4,user-emp1-3239,1
autorizado,1,2026,1,user-emp1-3240,1
autorizado,2,2026,2,user-emp1-3241,1
autorizado,3,2026,3,user-emp1-3242,1
autorizado,4,2026,4,user-emp1-3243,1
autorizado,5,2026,1,user-emp1-3244,1
autorizado,6,2026,2,user-emp1-3245,1
autorizado,7,2026,3,user-emp1-3246,1
autorizado,8,2026,4,user-emp1-3247,1
autorizado,9,2026,1,user-emp1-3248,1
autorizado,10,2026,2,user-emp1-3249,1
autorizado,11,2026,3,user-emp1-3250,1
autorizado,12,2026,4,user-emp1-3251,1
autorizado,13,2026,1,user-emp1-3252,1
autorizado,14,2026,2,user-emp1-3253,1
autorizado,15,2026,3,user-emp1-3254,1
autorizado,1,2026,4,user-emp1-3255,1
autorizado,2,2026,1,user-emp1-3256,1
autorizado,3,2026,2,user-emp1-3257,1
autorizado,4,2026,3,user-emp1-3258,1
autorizado,5,2026,4,user-emp1-3259,1
autorizado,6,2026,1,user-emp1-3260,1
autorizado,7,2026,2,user-emp1-3261,1
autorizado,8,2026,3,user-emp1-3262,1
autorizado,9,2026,4,user-emp1-3263,1
autorizado,10,2026,1,user-emp1-3264,1
autorizado,11,2026,2,user-emp1-3265,1
autorizado,12,2026,3,user-emp1-3266,1
autorizado,13,2026,4,user-emp1-3267,1
autorizado,14,2026,1,user-emp1-3268,1
autorizado,15,2026,2,user-emp1-3269,1
autorizado,1,2026,3,user-emp1-3270,1
autorizado,2,2026,4,user-emp1-3271,1
autorizado,3,2026,1,user-emp1-3272,1
autorizado,4,2026,2,user-emp1-3273,1
autorizado,5,2026,3,user-emp1-3274,1
autorizado,6,2026,4,user-emp1-3275,1
autorizado,7,2026,1,user-emp1-3276,1
autorizado,8,2026,2,user-emp1-3277,1
autorizado,9,2026,3,user-emp1-3278,1
autorizado,10,2026,4,user-emp1-3279,1
autorizado,11,2026,1,user-emp1-3280,1
autorizado,12,2026,2,user-emp1-3281,1
autorizado,13,2026,3,user-emp1-3282,1
autorizado,14,2026,4,user-emp1-3283,1
autorizado,15,2026,1,user-emp1-3284,1
autorizado,1,2026,2,user-emp1-3285,1
autorizado,2,2026,3,user-emp1-3286,1
autorizado,3,2026,4,user-emp1-3287,1
autorizado,4,2026,1,user-emp1-3288,1
autorizado,5,2026,2,user-emp1-3289,1
autorizado,6,2026,3,user-emp1-3290,1
autorizado,7,2026,4,user-emp1-3291,1
autorizado,8,2026,1,user-emp1-3292,1
autorizado,9,2026,2,user-emp1-3293,1
autorizado,10,2026,3,user-emp1-3294,1
autorizado,11,2026,4,user-emp1-3295,1
autorizado,12,2026,1,user-emp1-3296,1
autorizado,13,2026,2,user-emp1-3297,1
autorizado,14,2026,3,user-emp1-3298,1
autorizado,15,2026,4,user-emp1-3299,1
autorizado,1,2026,1,user-emp1-3300,1
autorizado,2,2026,2,user-emp1-3301,1
autorizado,3,2026,3,user-emp1-3302,1
autorizado,4,2026,4,user-emp1-3303,1
autorizado,5,2026,1,user-emp1-3304,1
autorizado,6,2026,2,user-emp1-3305,1
autorizado,7,2026,3,user-emp1-3306,1
autorizado,8,2026,4,user-emp1-3307,1
autorizado,9,2026,1,user-emp1-3308,1
autorizado,10,2026,2,user-emp1-3309,1
autorizado,11,2026,3,user-emp1-3310,1
autorizado,12,2026,4,user-emp1-3311,1
autorizado,13,2026,1,user-emp1-3312,1
autorizado,14,2026,2,user-emp1-3313,1
autorizado,15,2026,3,user-emp1-3314,1
autorizado,1,2026,4,user-emp1-3315,1
autorizado,2,2026,1,user-emp1-3316,1
autorizado,3,2026,2,user-emp1-3317,1
autorizado,4,2026,3,user-emp1-3318,1
autorizado,5,2026,4,user-emp1-3319,1
autorizado,6,2026,1,user-emp1-3320,1
autorizado,7,2026,2,user-emp1-3321,1
autorizado,8,2026,3,user-emp1-3322,1
autorizado,9,2026,4,user-emp1-3323,1
autorizado,10,2026,1,user-emp1-3324,1
autorizado,11,2026,2,user-emp1-3325,1
autorizado,12,2026,3,user-emp1-3326,1
autorizado,13,2026,4,user-emp1-3327,1
autorizado,14,2026,1,user-emp1-3328,1
autorizado,15,2026,2,user-emp1-3329,1
autorizado,1,2026,3,user-emp1-3330,1
autorizado,2,2026,4,user-emp1-3331,1
autorizado,3,2026,1,user-emp1-3332,1
autorizado,4,2026,2,user-emp1-3333,1
autorizado,5,2026,3,user-emp1-3334,1
autorizado,6,2026,4,user-emp1-3335,1
autorizado,7,2026,1,user-emp1-3336,1
autorizado,8,2026,2,user-emp1-3337,1
autorizado,9,2026,3,user-emp1-3338,1
autorizado,10,2026,4,user-emp1-3339,1
autorizado,11,2026,1,user-emp1-3340,1
autorizado,12,2026,2,user-emp1-3341,1
autorizado,13,2026,3,user-emp1-3342,1
autorizado,14,2026,4,user-emp1-3343,1
autorizado,15,2026,1,user-emp1-3344,1
autorizado,1,2026,2,user-emp1-3345,1
autorizado,2,2026,3,user-emp1-3346,1
autorizado,3,2026,4,user-emp1-3347,1
autorizado,4,2026,1,user-emp1-3348,1
autorizado,5,2026,2,user-emp1-3349,1
autorizado,6,2026,3,user-emp1-3350,1
autorizado,7,2026,4,user-emp1-3351,1
autorizado,8,2026,1,user-emp1-3352,1
autorizado,9,2026,2,user-emp1-3353,1
autorizado,10,2026,3,user-emp1-3354,1
autorizado,11,2026,4,user-emp1-3355,1
autorizado,12,2026,1,user-emp1-3356,1
autorizado,13,2026,2,user-emp1-3357,1
autorizado,14,2026,3,user-emp1-3358,1
autorizado,15,2026,4,user-emp1-3359,1
autorizado,1,2026,1,user-emp1-3360,1
autorizado,2,2026,2,user-emp1-3361,1
autorizado,3,2026,3,user-emp1-3362,1
autorizado,4,2026,4,user-emp1-3363,1
autorizado,5,2026,1,user-emp1-3364,1
autorizado,6,2026,2,user-emp1-3365,1
autorizado,7,2026,3,user-emp1-3366,1
autorizado,8,2026,4,user-emp1-3367,1
autorizado,9,2026,1,user-emp1-3368,1
autorizado,10,2026,2,user-emp1-3369,1
autorizado,11,2026,3,user-emp1-3370,1
autorizado,12,2026,4,user-emp1-3371,1
autorizado,13,2026,1,user-emp1-3372,1
autorizado,14,2026,2,user-emp1-3373,1
autorizado,15,2026,3,user-emp1-3374,1
autorizado,1,2026,4,user-emp1-3375,1
autorizado,2,2026,1,user-emp1-3376,1
autorizado,3,2026,2,user-emp1-3377,1
autorizado,4,2026,3,user-emp1-3378,1
autorizado,5,2026,4,user-emp1-3379,1
autorizado,6,2026,1,user-emp1-3380,1
autorizado,7,2026,2,user-emp1-3381,1
autorizado,8,2026,3,user-emp1-3382,1
autorizado,9,2026,4,user-emp1-3383,1
autorizado,10,2026,1,user-emp1-3384,1
autorizado,11,2026,2,user-emp1-3385,1
autorizado,12,2026,3,user-emp1-3386,1
autorizado,13,2026,4,user-emp1-3387,1
autorizado,14,2026,1,user-emp1-3388,1
autorizado,15,2026,2,user-emp1-3389,1
autorizado,1,2026,3,user-emp1-3390,1
autorizado,2,2026,4,user-emp1-3391,1
autorizado,3,2026,1,user-emp1-3392,1
autorizado,4,2026,2,user-emp1-3393,1
autorizado,5,2026,3,user-emp1-3394,1
autorizado,6,2026,4,user-emp1-3395,1
autorizado,7,2026,1,user-emp1-3396,1
autorizado,8,2026,2,user-emp1-3397,1
autorizado,9,2026,3,user-emp1-3398,1
autorizado,10,2026,4,user-emp1-3399,1
autorizado,11,2026,1,user-emp1-3400,1
autorizado,12,2026,2,user-emp1-3401,1
autorizado,13,2026,3,user-emp1-3402,1
autorizado,14,2026,4,user-emp1-3403,1
autorizado,15,2026,1,user-emp1-3404,1
autorizado,1,2026,2,user-emp1-3405,1
autorizado,2,2026,3,user-emp1-3406,1
autorizado,3,2026,4,user-emp1-3407,1
autorizado,4,2026,1,user-emp1-3408,1
autorizado,5,2026,2,user-emp1-3409,1
autorizado,6,2026,3,user-emp1-3410,1
autorizado,7,2026,4,user-emp1-3411,1
autorizado,8,2026,1,user-emp1-3412,1
autorizado,9,2026,2,user-emp1-3413,1
autorizado,10,2026,3,user-emp1-3414,1
autorizado,11,2026,4,user-emp1-3415,1
autorizado,12,2026,1,user-emp1-3416,1
autorizado,13,2026,2,user-emp1-3417,1
autorizado,14,2026,3,user-emp1-3418,1
autorizado,15,2026,4,user-emp1-3419,1
autorizado,1,2026,1,user-emp1-3420,1
autorizado,2,2026,2,user-emp1-3421,1
autorizado,3,2026,3,user-emp1-3422,1
autorizado,4,2026,4,user-emp1-3423,1
autorizado,5,2026,1,user-emp1-3424,1
autorizado,6,2026,2,user-emp1-3425,1
autorizado,7,2026,3,user-emp1-3426,1
autorizado,8,2026,4,user-emp1-3427,1
autorizado,9,2026,1,user-emp1-3428,1
autorizado,10,2026,2,user-emp1-3429,1
autorizado,11,2026,3,user-emp1-3430,1
autorizado,12,2026,4,user-emp1-3431,1
autorizado,13,2026,1,user-emp1-3432,1
autorizado,14,2026,2,user-emp1-3433,1
autorizado,15,2026,3,user-emp1-3434,1
autorizado,1,2026,4,user-emp1-3435,1
autorizado,2,2026,1,user-emp1-3436,1
autorizado,3,2026,2,user-emp1-3437,1
autorizado,4,2026,3,user-emp1-3438,1
autorizado,5,2026,4,user-emp1-3439,1
autorizado,6,2026,1,user-emp1-3440,1
autorizado,7,2026,2,user-emp1-3441,1
autorizado,8,2026,3,user-emp1-3442,1
autorizado,9,2026,4,user-emp1-3443,1
autorizado,10,2026,1,user-emp1-3444,1
autorizado,11,2026,2,user-emp1-3445,1
autorizado,12,2026,3,user-emp1-3446,1
autorizado,13,2026,4,user-emp1-3447,1
autorizado,14,2026,1,user-emp1-3448,1
autorizado,15,2026,2,user-emp1-3449,1
autorizado,1,2026,3,user-emp1-3450,1
autorizado,2,2026,4,user-emp1-3451,1
autorizado,3,2026,1,user-emp1-3452,1
autorizado,4,2026,2,user-emp1-3453,1
autorizado,5,2026,3,user-emp1-3454,1
autorizado,6,2026,4,user-emp1-3455,1
autorizado,7,2026,1,user-emp1-3456,1
autorizado,8,2026,2,user-emp1-3457,1
autorizado,9,2026,3,user-emp1-3458,1
autorizado,10,2026,4,user-emp1-3459,1
autorizado,11,2026,1,user-emp1-3460,1
autorizado,12,2026,2,user-emp1-3461,1
autorizado,13,2026,3,user-emp1-3462,1
autorizado,14,2026,4,user-emp1-3463,1
autorizado,15,2026,1,user-emp1-3464,1
autorizado,1,2026,2,user-emp1-3465,1
autorizado,2,2026,3,user-emp1-3466,1
autorizado,3,2026,4,user-emp1-3467,1
autorizado,4,2026,1,user-emp1-3468,1
autorizado,5,2026,2,user-emp1-3469,1
autorizado,6,2026,3,user-emp1-3470,1
autorizado,7,2026,4,user-emp1-3471,1
autorizado,8,2026,1,user-emp1-3472,1
autorizado,9,2026,2,user-emp1-3473,1
autorizado,10,2026,3,user-emp1-3474,1
autorizado,11,2026,4,user-emp1-3475,1
autorizado,12,2026,1,user-emp1-3476,1
autorizado,13,2026,2,user-emp1-3477,1
autorizado,14,2026,3,user-emp1-3478,1
autorizado,15,2026,4,user-emp1-3479,1
autorizado,1,2026,1,user-emp1-3480,1
autorizado,2,2026,2,user-emp1-3481,1
autorizado,3,2026,3,user-emp1-3482,1
autorizado,4,2026,4,user-emp1-3483,1
autorizado,5,2026,1,user-emp1-3484,1
autorizado,6,2026,2,user-emp1-3485,1
autorizado,7,2026,3,user-emp1-3486,1
autorizado,8,2026,4,user-emp1-3487,1
autorizado,9,2026,1,user-emp1-3488,1
autorizado,10,2026,2,user-emp1-3489,1
autorizado,11,2026,3,user-emp1-3490,1
autorizado,12,2026,4,user-emp1-3491,1
autorizado,13,2026,1,user-emp1-3492,1
autorizado,14,2026,2,user-emp1-3493,1
autorizado,15,2026,3,user-emp1-3494,1
autorizado,1,2026,4,user-emp1-3495,1
autorizado,2,2026,1,user-emp1-3496,1
autorizado,3,2026,2,user-emp1-3497,1
autorizado,4,2026,3,user-emp1-3498,1
autorizado,5,2026,4,user-emp1-3499,1
autorizado,6,2026,1,user-emp1-3500,1
autorizado,7,2026,2,user-emp1-3501,1
autorizado,8,2026,3,user-emp1-3502,1
autorizado,9,2026,4,user-emp1-3503,1
autorizado,10,2026,1,user-emp1-3504,1
autorizado,11,2026,2,user-emp1-3505,1
autorizado,12,2026,3,user-emp1-3506,1
autorizado,13,2026,4,user-emp1-3507,1
autorizado,14,2026,1,user-emp1-3508,1
autorizado,15,2026,2,user-emp1-3509,1
autorizado,1,2026,3,user-emp1-3510,1
autorizado,2,2026,4,user-emp1-3511,1
autorizado,3,2026,1,user-emp1-3512,1
autorizado,4,2026,2,user-emp1-3513,1
autorizado,5,2026,3,user-emp1-3514,1
autorizado,6,2026,4,user-emp1-3515,1
autorizado,7,2026,1,user-emp1-3516,1
autorizado,8,2026,2,user-emp1-3517,1
autorizado,9,2026,3,user-emp1-3518,1
autorizado,10,2026,4,user-emp1-3519,1
autorizado,11,2026,1,user-emp1-3520,1
autorizado,12,2026,2,user-emp1-3521,1
autorizado,13,2026,3,user-emp1-3522,1
autorizado,14,2026,4,user-emp1-3523,1
autorizado,15,2026,1,user-emp1-3524,1
autorizado,1,2026,2,user-emp1-3525,1
autorizado,2,2026,3,user-emp1-3526,1
autorizado,3,2026,4,user-emp1-3527,1
autorizado,4,2026,1,user-emp1-3528,1
autorizado,5,2026,2,user-emp1-3529,1
autorizado,6,2026,3,user-emp1-3530,1
autorizado,7,2026,4,user-emp1-3531,1
autorizado,8,2026,1,user-emp1-3532,1
autorizado,9,2026,2,user-emp1-3533,1
autorizado,10,2026,3,user-emp1-3534,1
autorizado,11,2026,4,user-emp1-3535,1
autorizado,12,2026,1,user-emp1-3536,1
autorizado,13,2026,2,user-emp1-3537,1
autorizado,14,2026,3,user-emp1-3538,1
autorizado,15,2026,4,user-emp1-3539,1
autorizado,1,2026,1,user-emp1-3540,1
autorizado,2,2026,2,user-emp1-3541,1
autorizado,3,2026,3,user-emp1-3542,1
autorizado,4,2026,4,user-emp1-3543,1
autorizado,5,2026,1,user-emp1-3544,1
autorizado,6,2026,2,user-emp1-3545,1
autorizado,7,2026,3,user-emp1-3546,1
autorizado,8,2026,4,user-emp1-3547,1
autorizado,9,2026,1,user-emp1-3548,1
autorizado,10,2026,2,user-emp1-3549,1
autorizado,11,2026,3,user-emp1-3550,1
autorizado,12,2026,4,user-emp1-3551,1
autorizado,13,2026,1,user-emp1-3552,1
autorizado,14,2026,2,user-emp1-3553,1
autorizado,15,2026,3,user-emp1-3554,1
autorizado,1,2026,4,user-emp1-3555,1
autorizado,2,2026,1,user-emp1-3556,1
autorizado,3,2026,2,user-emp1-3557,1
autorizado,4,2026,3,user-emp1-3558,1
autorizado,5,2026,4,user-emp1-3559,1
autorizado,6,2026,1,user-emp1-3560,1
autorizado,7,2026,2,user-emp1-3561,1
autorizado,8,2026,3,user-emp1-3562,1
autorizado,9,2026,4,user-emp1-3563,1
autorizado,10,2026,1,user-emp1-3564,1
autorizado,11,2026,2,user-emp1-3565,1
autorizado,12,2026,3,user-emp1-3566,1
autorizado,13,2026,4,user-emp1-3567,1
autorizado,14,2026,1,user-emp1-3568,1
autorizado,15,2026,2,user-emp1-3569,1
autorizado,1,2026,3,user-emp1-3570,1
autorizado,2,2026,4,user-emp1-3571,1
autorizado,3,2026,1,user-emp1-3572,1
autorizado,4,2026,2,user-emp1-3573,1
autorizado,5,2026,3,user-emp1-3574,1
autorizado,6,2026,4,user-emp1-3575,1
autorizado,7,2026,1,user-emp1-3576,1
autorizado,8,2026,2,user-emp1-3577,1
autorizado,9,2026,3,user-emp1-3578,1
autorizado,10,2026,4,user-emp1-3579,1
autorizado,11,2026,1,user-emp1-3580,1
autorizado,12,2026,2,user-emp1-3581,1
autorizado,13,2026,3,user-emp1-3582,1
autorizado,14,2026,4,user-emp1-3583,1
autorizado,15,2026,1,user-emp1-3584,1
autorizado,1,2026,2,user-emp1-3585,1
autorizado,2,2026,3,user-emp1-3586,1
autorizado,3,2026,4,user-emp1-3587,1
autorizado,4,2026,1,user-emp1-3588,1
autorizado,5,2026,2,user-emp1-3589,1
autorizado,6,2026,3,user-emp1-3590,1
autorizado,7,2026,4,user-emp1-3591,1
autorizado,8,2026,1,user-emp1-3592,1
autorizado,9,2026,2,user-emp1-3593,1
autorizado,10,2026,3,user-emp1-3594,1
autorizado,11,2026,4,user-emp1-3595,1
autorizado,12,2026,1,user-emp1-3596,1
autorizado,13,2026,2,user-emp1-3597,1
autorizado,14,2026,3,user-emp1-3598,1
autorizado,15,2026,4,user-emp1-3599,1
autorizado,1,2026,1,user-emp1-3600,1
autorizado,2,2026,2,user-emp1-3601,1
autorizado,3,2026,3,user-emp1-3602,1
autorizado,4,2026,4,user-emp1-3603,1
autorizado,5,2026,1,user-emp1-3604,1
autorizado,6,2026,2,user-emp1-3605,1
autorizado,7,2026,3,user-emp1-3606,1
autorizado,8,2026,4,user-emp1-3607,1
autorizado,9,2026,1,user-emp1-3608,1
autorizado,10,2026,2,user-emp1-3609,1
autorizado,11,2026,3,user-emp1-3610,1
autorizado,12,2026,4,user-emp1-3611,1
autorizado,13,2026,1,user-emp1-3612,1
autorizado,14,2026,2,user-emp1-3613,1
autorizado,15,2026,3,user-emp1-3614,1
autorizado,1,2026,4,user-emp1-3615,1
autorizado,2,2026,1,user-emp1-3616,1
autorizado,3,2026,2,user-emp1-3617,1
autorizado,4,2026,3,user-emp1-3618,1
autorizado,5,2026,4,user-emp1-3619,1
autorizado,6,2026,1,user-emp1-3620,1
autorizado,7,2026,2,user-emp1-3621,1
autorizado,8,2026,3,user-emp1-3622,1
autorizado,9,2026,4,user-emp1-3623,1
autorizado,10,2026,1,user-emp1-3624,1
autorizado,11,2026,2,user-emp1-3625,1
autorizado,12,2026,3,user-emp1-3626,1
autorizado,13,2026,4,user-emp1-3627,1
autorizado,14,2026,1,user-emp1-3628,1
autorizado,15,2026,2,user-emp1-3629,1
autorizado,1,2026,3,user-emp1-3630,1
autorizado,2,2026,4,user-emp1-3631,1
autorizado,3,2026,1,user-emp1-3632,1
autorizado,4,2026,2,user-emp1-3633,1
autorizado,5,2026,3,user-emp1-3634,1
autorizado,6,2026,4,user-emp1-3635,1
autorizado,7,2026,1,user-emp1-3636,1
autorizado,8,2026,2,user-emp1-3637,1
autorizado,9,2026,3,user-emp1-3638,1
autorizado,10,2026,4,user-emp1-3639,1
autorizado,11,2026,1,user-emp1-3640,1
autorizado,12,2026,2,user-emp1-3641,1
autorizado,13,2026,3,user-emp1-3642,1
autorizado,14,2026,4,user-emp1-3643,1
autorizado,15,2026,1,user-emp1-3644,1
autorizado,1,2026,2,user-emp1-3645,1
autorizado,2,2026,3,user-emp1-3646,1
autorizado,3,2026,4,user-emp1-3647,1
autorizado,4,2026,1,user-emp1-3648,1
autorizado,5,2026,2,user-emp1-3649,1
autorizado,6,2026,3,user-emp1-3650,1
autorizado,7,2026,4,user-emp1-3651,1
autorizado,8,2026,1,user-emp1-3652,1
autorizado,9,2026,2,user-emp1-3653,1
autorizado,10,2026,3,user-emp1-3654,1
autorizado,11,2026,4,user-emp1-3655,1
autorizado,12,2026,1,user-emp1-3656,1
autorizado,13,2026,2,user-emp1-3657,1
autorizado,14,2026,3,user-emp1-3658,1
autorizado,15,2026,4,user-emp1-3659,1
autorizado,1,2026,1,user-emp1-3660,1
autorizado,2,2026,2,user-emp1-3661,1
autorizado,3,2026,3,user-emp1-3662,1
autorizado,4,2026,4,user-emp1-3663,1
autorizado,5,2026,1,user-emp1-3664,1
autorizado,6,2026,2,user-emp1-3665,1
autorizado,7,2026,3,user-emp1-3666,1
autorizado,8,2026,4,user-emp1-3667,1
autorizado,9,2026,1,user-emp1-3668,1
autorizado,10,2026,2,user-emp1-3669,1
autorizado,11,2026,3,user-emp1-3670,1
autorizado,12,2026,4,user-emp1-3671,1
autorizado,13,2026,1,user-emp1-3672,1
autorizado,14,2026,2,user-emp1-3673,1
autorizado,15,2026,3,user-emp1-3674,1
autorizado,1,2026,4,user-emp1-3675,1
autorizado,2,2026,1,user-emp1-3676,1
autorizado,3,2026,2,user-emp1-3677,1
autorizado,4,2026,3,user-emp1-3678,1
autorizado,5,2026,4,user-emp1-3679,1
autorizado,6,2026,1,user-emp1-3680,1
autorizado,7,2026,2,user-emp1-3681,1
autorizado,8,2026,3,user-emp1-3682,1
autorizado,9,2026,4,user-emp1-3683,1
autorizado,10,2026,1,user-emp1-3684,1
autorizado,11,2026,2,user-emp1-3685,1
autorizado,12,2026,3,user-emp1-3686,1
autorizado,13,2026,4,user-emp1-3687,1
autorizado,14,2026,1,user-emp1-3688,1
autorizado,15,2026,2,user-emp1-3689,1
autorizado,1,2026,3,user-emp1-3690,1
autorizado,2,2026,4,user-emp1-3691,1
autorizado,3,2026,1,user-emp1-3692,1
autorizado,4,2026,2,user-emp1-3693,1
autorizado,5,2026,3,user-emp1-3694,1
autorizado,6,2026,4,user-emp1-3695,1
autorizado,7,2026,1,user-emp1-3696,1
autorizado,8,2026,2,user-emp1-3697,1
autorizado,9,2026,3,user-emp1-3698,1
autorizado,10,2026,4,user-emp1-3699,1
autorizado,11,2026,1,user-emp1-3700,1
autorizado,12,2026,2,user-emp1-3701,1
autorizado,13,2026,3,user-emp1-3702,1
autorizado,14,2026,4,user-emp1-3703,1
autorizado,15,2026,1,user-emp1-3704,1
autorizado,1,2026,2,user-emp1-3705,1
autorizado,2,2026,3,user-emp1-3706,1
autorizado,3,2026,4,user-emp1-3707,1
autorizado,4,2026,1,user-emp1-3708,1
autorizado,5,2026,2,user-emp1-3709,1
autorizado,6,2026,3,user-emp1-3710,1
autorizado,7,2026,4,user-emp1-3711,1
autorizado,8,2026,1,user-emp1-3712,1
autorizado,9,2026,2,user-emp1-3713,1
autorizado,10,2026,3,user-emp1-3714,1
autorizado,11,2026,4,user-emp1-3715,1
autorizado,12,2026,1,user-emp1-3716,1
autorizado,13,2026,2,user-emp1-3717,1
autorizado,14,2026,3,user-emp1-3718,1
autorizado,15,2026,4,user-emp1-3719,1
autorizado,1,2026,1,user-emp1-3720,1
autorizado,2,2026,2,user-emp1-3721,1
autorizado,3,2026,3,user-emp1-3722,1
autorizado,4,2026,4,user-emp1-3723,1
autorizado,5,2026,1,user-emp1-3724,1
autorizado,6,2026,2,user-emp1-3725,1
autorizado,7,2026,3,user-emp1-3726,1
autorizado,8,2026,4,user-emp1-3727,1
autorizado,9,2026,1,user-emp1-3728,1
autorizado,10,2026,2,user-emp1-3729,1
autorizado,11,2026,3,user-emp1-3730,1
autorizado,12,2026,4,user-emp1-3731,1
autorizado,13,2026,1,user-emp1-3732,1
autorizado,14,2026,2,user-emp1-3733,1
autorizado,15,2026,3,user-emp1-3734,1
autorizado,1,2026,4,user-emp1-3735,1
autorizado,2,2026,1,user-emp1-3736,1
autorizado,3,2026,2,user-emp1-3737,1
autorizado,4,2026,3,user-emp1-3738,1
autorizado,5,2026,4,user-emp1-3739,1
autorizado,6,2026,1,user-emp1-3740,1
autorizado,7,2026,2,user-emp1-3741,1
autorizado,8,2026,3,user-emp1-3742,1
autorizado,9,2026,4,user-emp1-3743,1
autorizado,10,2026,1,user-emp1-3744,1
autorizado,11,2026,2,user-emp1-3745,1
autorizado,12,2026,3,user-emp1-3746,1
autorizado,13,2026,4,user-emp1-3747,1
autorizado,14,2026,1,user-emp1-3748,1
autorizado,15,2026,2,user-emp1-3749,1
autorizado,1,2026,3,user-emp1-3750,1
autorizado,2,2026,4,user-emp1-3751,1
autorizado,3,2026,1,user-emp1-3752,1
autorizado,4,2026,2,user-emp1-3753,1
autorizado,5,2026,3,user-emp1-3754,1
autorizado,6,2026,4,user-emp1-3755,1
autorizado,7,2026,1,user-emp1-3756,1
autorizado,8,2026,2,user-emp1-3757,1
autorizado,9,2026,3,user-emp1-3758,1
autorizado,10,2026,4,user-emp1-3759,1
autorizado,11,2026,1,user-emp1-3760,1
autorizado,12,2026,2,user-emp1-3761,1
autorizado,13,2026,3,user-emp1-3762,1
autorizado,14,2026,4,user-emp1-3763,1
autorizado,15,2026,1,user-emp1-3764,1
autorizado,1,2026,2,user-emp1-3765,1
autorizado,2,2026,3,user-emp1-3766,1
autorizado,3,2026,4,user-emp1-3767,1
autorizado,4,2026,1,user-emp1-3768,1
autorizado,5,2026,2,user-emp1-3769,1
autorizado,6,2026,3,user-emp1-3770,1
autorizado,7,2026,4,user-emp1-3771,1
autorizado,8,2026,1,user-emp1-3772,1
autorizado,9,2026,2,user-emp1-3773,1
autorizado,10,2026,3,user-emp1-3774,1
autorizado,11,2026,4,user-emp1-3775,1
autorizado,12,2026,1,user-emp1-3776,1
autorizado,13,2026,2,user-emp1-3777,1
autorizado,14,2026,3,user-emp1-3778,1
autorizado,15,2026,4,user-emp1-3779,1
autorizado,1,2026,1,user-emp1-3780,1
autorizado,2,2026,2,user-emp1-3781,1
autorizado,3,2026,3,user-emp1-3782,1
autorizado,4,2026,4,user-emp1-3783,1
autorizado,5,2026,1,user-emp1-3784,1
autorizado,6,2026,2,user-emp1-3785,1
autorizado,7,2026,3,user-emp1-3786,1
autorizado,8,2026,4,user-emp1-3787,1
autorizado,9,2026,1,user-emp1-3788,1
autorizado,10,2026,2,user-emp1-3789,1
autorizado,11,2026,3,user-emp1-3790,1
autorizado,12,2026,4,user-emp1-3791,1
autorizado,13,2026,1,user-emp1-3792,1
autorizado,14,2026,2,user-emp1-3793,1
autorizado,15,2026,3,user-emp1-3794,1
autorizado,1,2026,4,user-emp1-3795,1
autorizado,2,2026,1,user-emp1-3796,1
autorizado,3,2026,2,user-emp1-3797,1
autorizado,4,2026,3,user-emp1-3798,1
autorizado,5,2026,4,user-emp1-3799,1
autorizado,6,2026,1,user-emp1-3800,1
autorizado,7,2026,2,user-emp1-3801,1
autorizado,8,2026,3,user-emp1-3802,1
autorizado,9,2026,4,user-emp1-3803,1
autorizado,10,2026,1,user-emp1-3804,1
autorizado,11,2026,2,user-emp1-3805,1
autorizado,12,2026,3,user-emp1-3806,1
autorizado,13,2026,4,user-emp1-3807,1
autorizado,14,2026,1,user-emp1-3808,1
autorizado,15,2026,2,user-emp1-3809,1
autorizado,1,2026,3,user-emp1-3810,1
autorizado,2,2026,4,user-emp1-3811,1
autorizado,3,2026,1,user-emp1-3812,1
autorizado,4,2026,2,user-emp1-3813,1
autorizado,5,2026,3,user-emp1-3814,1
autorizado,6,2026,4,user-emp1-3815,1
autorizado,7,2026,1,user-emp1-3816,1
autorizado,8,2026,2,user-emp1-3817,1
autorizado,9,2026,3,user-emp1-3818,1
autorizado,10,2026,4,user-emp1-3819,1
autorizado,11,2026,1,user-emp1-3820,1
autorizado,12,2026,2,user-emp1-3821,1
autorizado,13,2026,3,user-emp1-3822,1
autorizado,14,2026,4,user-emp1-3823,1
autorizado,15,2026,1,user-emp1-3824,1
autorizado,1,2026,2,user-emp1-3825,1
autorizado,2,2026,3,user-emp1-3826,1
autorizado,3,2026,4,user-emp1-3827,1
autorizado,4,2026,1,user-emp1-3828,1
autorizado,5,2026,2,user-emp1-3829,1
autorizado,6,2026,3,user-emp1-3830,1
autorizado,7,2026,4,user-emp1-3831,1
autorizado,8,2026,1,user-emp1-3832,1
autorizado,9,2026,2,user-emp1-3833,1
autorizado,10,2026,3,user-emp1-3834,1
autorizado,11,2026,4,user-emp1-3835,1
autorizado,12,2026,1,user-emp1-3836,1
autorizado,13,2026,2,user-emp1-3837,1
autorizado,14,2026,3,user-emp1-3838,1
autorizado,15,2026,4,user-emp1-3839,1
autorizado,1,2026,1,user-emp1-3840,1
autorizado,2,2026,2,user-emp1-3841,1
autorizado,3,2026,3,user-emp1-3842,1
autorizado,4,2026,4,user-emp1-3843,1
autorizado,5,2026,1,user-emp1-3844,1
autorizado,6,2026,2,user-emp1-3845,1
autorizado,7,2026,3,user-emp1-3846,1
autorizado,8,2026,4,user-emp1-3847,1
autorizado,9,2026,1,user-emp1-3848,1
autorizado,10,2026,2,user-emp1-3849,1
autorizado,11,2026,3,user-emp1-3850,1
autorizado,12,2026,4,user-emp1-3851,1
autorizado,13,2026,1,user-emp1-3852,1
autorizado,14,2026,2,user-emp1-3853,1
autorizado,15,2026,3,user-emp1-3854,1
autorizado,1,2026,4,user-emp1-3855,1
autorizado,2,2026,1,user-emp1-3856,1
autorizado,3,2026,2,user-emp1-3857,1
autorizado,4,2026,3,user-emp1-3858,1
autorizado,5,2026,4,user-emp1-3859,1
autorizado,6,2026,1,user-emp1-3860,1
autorizado,7,2026,2,user-emp1-3861,1
autorizado,8,2026,3,user-emp1-3862,1
autorizado,9,2026,4,user-emp1-3863,1
autorizado,10,2026,1,user-emp1-3864,1
autorizado,11,2026,2,user-emp1-3865,1
autorizado,12,2026,3,user-emp1-3866,1
autorizado,13,2026,4,user-emp1-3867,1
autorizado,14,2026,1,user-emp1-3868,1
autorizado,15,2026,2,user-emp1-3869,1
autorizado,1,2026,3,user-emp1-3870,1
autorizado,2,2026,4,user-emp1-3871,1
autorizado,3,2026,1,user-emp1-3872,1
autorizado,4,2026,2,user-emp1-3873,1
autorizado,5,2026,3,user-emp1-3874,1
autorizado,6,2026,4,user-emp1-3875,1
autorizado,7,2026,1,user-emp1-3876,1
autorizado,8,2026,2,user-emp1-3877,1
autorizado,9,2026,3,user-emp1-3878,1
autorizado,10,2026,4,user-emp1-3879,1
autorizado,11,2026,1,user-emp1-3880,1
autorizado,12,2026,2,user-emp1-3881,1
autorizado,13,2026,3,user-emp1-3882,1
autorizado,14,2026,4,user-emp1-3883,1
autorizado,15,2026,1,user-emp1-3884,1
autorizado,1,2026,2,user-emp1-3885,1
autorizado,2,2026,3,user-emp1-3886,1
autorizado,3,2026,4,user-emp1-3887,1
autorizado,4,2026,1,user-emp1-3888,1
autorizado,5,2026,2,user-emp1-3889,1
autorizado,6,2026,3,user-emp1-3890,1
autorizado,7,2026,4,user-emp1-3891,1
autorizado,8,2026,1,user-emp1-3892,1
autorizado,9,2026,2,user-emp1-3893,1
autorizado,10,2026,3,user-emp1-3894,1
autorizado,11,2026,4,user-emp1-3895,1
autorizado,12,2026,1,user-emp1-3896,1
autorizado,13,2026,2,user-emp1-3897,1
autorizado,14,2026,3,user-emp1-3898,1
autorizado,15,2026,4,user-emp1-3899,1
autorizado,1,2026,1,user-emp1-3900,1
autorizado,2,2026,2,user-emp1-3901,1
autorizado,3,2026,3,user-emp1-3902,1
autorizado,4,2026,4,user-emp1-3903,1
autorizado,5,2026,1,user-emp1-3904,1
autorizado,6,2026,2,user-emp1-3905,1
autorizado,7,2026,3,user-emp1-3906,1
autorizado,8,2026,4,user-emp1-3907,1
autorizado,9,2026,1,user-emp1-3908,1
autorizado,10,2026,2,user-emp1-3909,1
autorizado,11,2026,3,user-emp1-3910,1
autorizado,12,2026,4,user-emp1-3911,1
autorizado,13,2026,1,user-emp1-3912,1
autorizado,14,2026,2,user-emp1-3913,1
autorizado,15,2026,3,user-emp1-3914,1
autorizado,1,2026,4,user-emp1-3915,1
autorizado,2,2026,1,user-emp1-3916,1
autorizado,3,2026,2,user-emp1-3917,1
autorizado,4,2026,3,user-emp1-3918,1
autorizado,5,2026,4,user-emp1-3919,1
autorizado,6,2026,1,user-emp1-3920,1
autorizado,7,2026,2,user-emp1-3921,1
autorizado,8,2026,3,user-emp1-3922,1
autorizado,9,2026,4,user-emp1-3923,1
autorizado,10,2026,1,user-emp1-3924,1
autorizado,11,2026,2,user-emp1-3925,1
autorizado,12,2026,3,user-emp1-3926,1
autorizado,13,2026,4,user-emp1-3927,1
autorizado,14,2026,1,user-emp1-3928,1
autorizado,15,2026,2,user-emp1-3929,1
autorizado,1,2026,3,user-emp1-3930,1
autorizado,2,2026,4,user-emp1-3931,1
autorizado,3,2026,1,user-emp1-3932,1
autorizado,4,2026,2,user-emp1-3933,1
autorizado,5,2026,3,user-emp1-3934,1
autorizado,6,2026,4,user-emp1-3935,1
autorizado,7,2026,1,user-emp1-3936,1
autorizado,8,2026,2,user-emp1-3937,1
autorizado,9,2026,3,user-emp1-3938,1
autorizado,10,2026,4,user-emp1-3939,1
autorizado,11,2026,1,user-emp1-3940,1
autorizado,12,2026,2,user-emp1-3941,1
autorizado,13,2026,3,user-emp1-3942,1
autorizado,14,2026,4,user-emp1-3943,1
autorizado,15,2026,1,user-emp1-3944,1
autorizado,1,2026,2,user-emp1-3945,1
autorizado,2,2026,3,user-emp1-3946,1
autorizado,3,2026,4,user-emp1-3947,1
autorizado,4,2026,1,user-emp1-3948,1
autorizado,5,2026,2,user-emp1-3949,1
autorizado,6,2026,3,user-emp1-3950,1
autorizado,7,2026,4,user-emp1-3951,1
autorizado,8,2026,1,user-emp1-3952,1
autorizado,9,2026,2,user-emp1-3953,1
autorizado,10,2026,3,user-emp1-3954,1
autorizado,11,2026,4,user-emp1-3955,1
autorizado,12,2026,1,user-emp1-3956,1
autorizado,13,2026,2,user-emp1-3957,1
autorizado,14,2026,3,user-emp1-3958,1
autorizado,15,2026,4,user-emp1-3959,1
autorizado,1,2026,1,user-emp1-3960,1
autorizado,2,2026,2,user-emp1-3961,1
autorizado,3,2026,3,user-emp1-3962,1
autorizado,4,2026,4,user-emp1-3963,1
autorizado,5,2026,1,user-emp1-3964,1
autorizado,6,2026,2,user-emp1-3965,1
autorizado,7,2026,3,user-emp1-3966,1
autorizado,8,2026,4,user-emp1-3967,1
autorizado,9,2026,1,user-emp1-3968,1
autorizado,10,2026,2,user-emp1-3969,1
autorizado,11,2026,3,user-emp1-3970,1
autorizado,12,2026,4,user-emp1-3971,1
autorizado,13,2026,1,user-emp1-3972,1
autorizado,14,2026,2,user-emp1-3973,1
autorizado,15,2026,3,user-emp1-3974,1
autorizado,1,2026,4,user-emp1-3975,1
autorizado,2,2026,1,user-emp1-3976,1
autorizado,3,2026,2,user-emp1-3977,1
autorizado,4,2026,3,user-emp1-3978,1
autorizado,5,2026,4,user-emp1-3979,1
autorizado,6,2026,1,user-emp1-3980,1
autorizado,7,2026,2,user-emp1-3981,1
autorizado,8,2026,3,user-emp1-3982,1
autorizado,9,2026,4,user-emp1-3983,1
autorizado,10,2026,1,user-emp1-3984,1
autorizado,11,2026,2,user-emp1-3985,1
autorizado,12,2026,3,user-emp1-3986,1
autorizado,13,2026,4,user-emp1-3987,1
autorizado,14,2026,1,user-emp1-3988,1
autorizado,15,2026,2,user-emp1-3989,1
autorizado,1,2026,3,user-emp1-3990,1
autorizado,2,2026,4,user-emp1-3991,1
autorizado,3,2026,1,user-emp1-3992,1
autorizado,4,2026,2,user-emp1-3993,1
autorizado,5,2026,3,user-emp1-3994,1
autorizado,6,2026,4,user-emp1-3995,1
autorizado,7,2026,1,user-emp1-3996,1
autorizado,8,2026,2,user-emp1-3997,1
autorizado,9,2026,3,user-emp1-3998,1
autorizado,10,2026,4,user-emp1-3999,1
autorizado,11,2026,1,user-emp1-4000,1
autorizado,12,2026,2,user-emp1-4001,1
autorizado,13,2026,3,user-emp1-4002,1
autorizado,14,2026,4,user-emp1-4003,1
autorizado,15,2026,1,user-emp1-4004,1
autorizado,1,2026,2,user-emp1-4005,1
autorizado,2,2026,3,user-emp1-4006,1
autorizado,3,2026,4,user-emp1-4007,1
autorizado,4,2026,1,user-emp1-4008,1
autorizado,5,2026,2,user-emp1-4009,1
autorizado,6,2026,3,user-emp1-4010,1
autorizado,7,2026,4,user-emp1-4011,1
autorizado,8,2026,1,user-emp1-4012,1
autorizado,9,2026,2,user-emp1-4013,1
autorizado,10,2026,3,user-emp1-4014,1
autorizado,11,2026,4,user-emp1-4015,1
autorizado,12,2026,1,user-emp1-4016,1
autorizado,13,2026,2,user-emp1-4017,1
autorizado,14,2026,3,user-emp1-4018,1
autorizado,15,2026,4,user-emp1-4019,1
autorizado,1,2026,1,user-emp1-4020,1
autorizado,2,2026,2,user-emp1-4021,1
autorizado,3,2026,3,user-emp1-4022,1
autorizado,4,2026,4,user-emp1-4023,1
autorizado,5,2026,1,user-emp1-4024,1
autorizado,6,2026,2,user-emp1-4025,1
autorizado,7,2026,3,user-emp1-4026,1
autorizado,8,2026,4,user-emp1-4027,1
autorizado,9,2026,1,user-emp1-4028,1
autorizado,10,2026,2,user-emp1-4029,1
autorizado,11,2026,3,user-emp1-4030,1
autorizado,12,2026,4,user-emp1-4031,1
autorizado,13,2026,1,user-emp1-4032,1
autorizado,14,2026,2,user-emp1-4033,1
autorizado,15,2026,3,user-emp1-4034,1
autorizado,1,2026,4,user-emp1-4035,1
autorizado,2,2026,1,user-emp1-4036,1
autorizado,3,2026,2,user-emp1-4037,1
autorizado,4,2026,3,user-emp1-4038,1
autorizado,5,2026,4,user-emp1-4039,1
autorizado,6,2026,1,user-emp1-4040,1
autorizado,7,2026,2,user-emp1-4041,1
autorizado,8,2026,3,user-emp1-4042,1
autorizado,9,2026,4,user-emp1-4043,1
autorizado,10,2026,1,user-emp1-4044,1
autorizado,11,2026,2,user-emp1-4045,1
autorizado,12,2026,3,user-emp1-4046,1
autorizado,13,2026,4,user-emp1-4047,1
autorizado,14,2026,1,user-emp1-4048,1
autorizado,15,2026,2,user-emp1-4049,1
autorizado,1,2026,3,user-emp1-4050,1
autorizado,2,2026,4,user-emp1-4051,1
autorizado,3,2026,1,user-emp1-4052,1
autorizado,4,2026,2,user-emp1-4053,1
autorizado,5,2026,3,user-emp1-4054,1
autorizado,6,2026,4,user-emp1-4055,1
autorizado,7,2026,1,user-emp1-4056,1
autorizado,8,2026,2,user-emp1-4057,1
autorizado,9,2026,3,user-emp1-4058,1
autorizado,10,2026,4,user-emp1-4059,1
autorizado,11,2026,1,user-emp1-4060,1
autorizado,12,2026,2,user-emp1-4061,1
autorizado,13,2026,3,user-emp1-4062,1
autorizado,14,2026,4,user-emp1-4063,1
autorizado,15,2026,1,user-emp1-4064,1
autorizado,1,2026,2,user-emp1-4065,1
autorizado,2,2026,3,user-emp1-4066,1
autorizado,3,2026,4,user-emp1-4067,1
autorizado,4,2026,1,user-emp1-4068,1
autorizado,5,2026,2,user-emp1-4069,1
autorizado,6,2026,3,user-emp1-4070,1
autorizado,7,2026,4,user-emp1-4071,1
autorizado,8,2026,1,user-emp1-4072,1
autorizado,9,2026,2,user-emp1-4073,1
autorizado,10,2026,3,user-emp1-4074,1
autorizado,11,2026,4,user-emp1-4075,1
autorizado,12,2026,1,user-emp1-4076,1
autorizado,13,2026,2,user-emp1-4077,1
autorizado,14,2026,3,user-emp1-4078,1
autorizado,15,2026,4,user-emp1-4079,1
autorizado,1,2026,1,user-emp1-4080,1
autorizado,2,2026,2,user-emp1-4081,1
autorizado,3,2026,3,user-emp1-4082,1
autorizado,4,2026,4,user-emp1-4083,1
autorizado,5,2026,1,user-emp1-4084,1
autorizado,6,2026,2,user-emp1-4085,1
autorizado,7,2026,3,user-emp1-4086,1
autorizado,8,2026,4,user-emp1-4087,1
autorizado,9,2026,1,user-emp1-4088,1
autorizado,10,2026,2,user-emp1-4089,1
autorizado,11,2026,3,user-emp1-4090,1
autorizado,12,2026,4,user-emp1-4091,1
autorizado,13,2026,1,user-emp1-4092,1
autorizado,14,2026,2,user-emp1-4093,1
autorizado,15,2026,3,user-emp1-4094,1
autorizado,1,2026,4,user-emp1-4095,1
autorizado,2,2026,1,user-emp1-4096,1
autorizado,3,2026,2,user-emp1-4097,1
autorizado,4,2026,3,user-emp1-4098,1
autorizado,5,2026,4,user-emp1-4099,1
autorizado,6,2026,1,user-emp1-4100,1
autorizado,7,2026,2,user-emp1-4101,1
autorizado,8,2026,3,user-emp1-4102,1
autorizado,9,2026,4,user-emp1-4103,1
autorizado,10,2026,1,user-emp1-4104,1
autorizado,11,2026,2,user-emp1-4105,1
autorizado,12,2026,3,user-emp1-4106,1
autorizado,13,2026,4,user-emp1-4107,1
autorizado,14,2026,1,user-emp1-4108,1
autorizado,15,2026,2,user-emp1-4109,1
autorizado,1,2026,3,user-emp1-4110,1
autorizado,2,2026,4,user-emp1-4111,1
autorizado,3,2026,1,user-emp1-4112,1
autorizado,4,2026,2,user-emp1-4113,1
autorizado,5,2026,3,user-emp1-4114,1
autorizado,6,2026,4,user-emp1-4115,1
autorizado,7,2026,1,user-emp1-4116,1
autorizado,8,2026,2,user-emp1-4117,1
autorizado,9,2026,3,user-emp1-4118,1
autorizado,10,2026,4,user-emp1-4119,1
autorizado,11,2026,1,user-emp1-4120,1
autorizado,12,2026,2,user-emp1-4121,1
autorizado,13,2026,3,user-emp1-4122,1
autorizado,14,2026,4,user-emp1-4123,1
autorizado,15,2026,1,user-emp1-4124,1
autorizado,1,2026,2,user-emp1-4125,1
autorizado,2,2026,3,user-emp1-4126,1
autorizado,3,2026,4,user-emp1-4127,1
autorizado,4,2026,1,user-emp1-4128,1
autorizado,5,2026,2,user-emp1-4129,1
autorizado,6,2026,3,user-emp1-4130,1
autorizado,7,2026,4,user-emp1-4131,1
autorizado,8,2026,1,user-emp1-4132,1
autorizado,9,2026,2,user-emp1-4133,1
autorizado,10,2026,3,user-emp1-4134,1
autorizado,11,2026,4,user-emp1-4135,1
autorizado,12,2026,1,user-emp1-4136,1
autorizado,13,2026,2,user-emp1-4137,1
autorizado,14,2026,3,user-emp1-4138,1
autorizado,15,2026,4,user-emp1-4139,1
autorizado,1,2026,1,user-emp1-4140,1
autorizado,2,2026,2,user-emp1-4141,1
autorizado,3,2026,3,user-emp1-4142,1
autorizado,4,2026,4,user-emp1-4143,1
autorizado,5,2026,1,user-emp1-4144,1
autorizado,6,2026,2,user-emp1-4145,1
autorizado,7,2026,3,user-emp1-4146,1
autorizado,8,2026,4,user-emp1-4147,1
autorizado,9,2026,1,user-emp1-4148,1
autorizado,10,2026,2,user-emp1-4149,1
autorizado,11,2026,3,user-emp1-4150,1
autorizado,12,2026,4,user-emp1-4151,1
autorizado,13,2026,1,user-emp1-4152,1
autorizado,14,2026,2,user-emp1-4153,1
autorizado,15,2026,3,user-emp1-4154,1
autorizado,1,2026,4,user-emp1-4155,1
autorizado,2,2026,1,user-emp1-4156,1
autorizado,3,2026,2,user-emp1-4157,1
autorizado,4,2026,3,user-emp1-4158,1
autorizado,5,2026,4,user-emp1-4159,1
autorizado,6,2026,1,user-emp1-4160,1
autorizado,7,2026,2,user-emp1-4161,1
autorizado,8,2026,3,user-emp1-4162,1
autorizado,9,2026,4,user-emp1-4163,1
autorizado,10,2026,1,user-emp1-4164,1
autorizado,11,2026,2,user-emp1-4165,1
autorizado,12,2026,3,user-emp1-4166,1
autorizado,13,2026,4,user-emp1-4167,1
autorizado,14,2026,1,user-emp1-4168,1
autorizado,15,2026,2,user-emp1-4169,1
autorizado,1,2026,3,user-emp1-4170,1
autorizado,2,2026,4,user-emp1-4171,1
autorizado,3,2026,1,user-emp1-4172,1
autorizado,4,2026,2,user-emp1-4173,1
autorizado,5,2026,3,user-emp1-4174,1
autorizado,6,2026,4,user-emp1-4175,1
autorizado,7,2026,1,user-emp1-4176,1
autorizado,8,2026,2,user-emp1-4177,1
autorizado,9,2026,3,user-emp1-4178,1
autorizado,10,2026,4,user-emp1-4179,1
autorizado,11,2026,1,user-emp1-4180,1
autorizado,12,2026,2,user-emp1-4181,1
autorizado,13,2026,3,user-emp1-4182,1
autorizado,14,2026,4,user-emp1-4183,1
autorizado,15,2026,1,user-emp1-4184,1
autorizado,1,2026,2,user-emp1-4185,1
autorizado,2,2026,3,user-emp1-4186,1
autorizado,3,2026,4,user-emp1-4187,1
autorizado,4,2026,1,user-emp1-4188,1
autorizado,5,2026,2,user-emp1-4189,1
autorizado,6,2026,3,user-emp1-4190,1
autorizado,7,2026,4,user-emp1-4191,1
autorizado,8,2026,1,user-emp1-4192,1
autorizado,9,2026,2,user-emp1-4193,1
autorizado,10,2026,3,user-emp1-4194,1
autorizado,11,2026,4,user-emp1-4195,1
autorizado,12,2026,1,user-emp1-4196,1
autorizado,13,2026,2,user-emp1-4197,1
autorizado,14,2026,3,user-emp1-4198,1
autorizado,15,2026,4,user-emp1-4199,1
autorizado,1,2026,1,user-emp1-4200,1
autorizado,2,2026,2,user-emp1-4201,1
autorizado,3,2026,3,user-emp1-4202,1
autorizado,4,2026,4,user-emp1-4203,1
autorizado,5,2026,1,user-emp1-4204,1
autorizado,6,2026,2,user-emp1-4205,1
autorizado,7,2026,3,user-emp1-4206,1
autorizado,8,2026,4,user-emp1-4207,1
autorizado,9,2026,1,user-emp1-4208,1
autorizado,10,2026,2,user-emp1-4209,1
autorizado,11,2026,3,user-emp1-4210,1
autorizado,12,2026,4,user-emp1-4211,1
autorizado,13,2026,1,user-emp1-4212,1
autorizado,14,2026,2,user-emp1-4213,1
autorizado,15,2026,3,user-emp1-4214,1
autorizado,1,2026,4,user-emp1-4215,1
autorizado,2,2026,1,user-emp1-4216,1
autorizado,3,2026,2,user-emp1-4217,1
autorizado,4,2026,3,user-emp1-4218,1
autorizado,5,2026,4,user-emp1-4219,1
autorizado,6,2026,1,user-emp1-4220,1
autorizado,7,2026,2,user-emp1-4221,1
autorizado,8,2026,3,user-emp1-4222,1
autorizado,9,2026,4,user-emp1-4223,1
autorizado,10,2026,1,user-emp1-4224,1
autorizado,11,2026,2,user-emp1-4225,1
autorizado,12,2026,3,user-emp1-4226,1
autorizado,13,2026,4,user-emp1-4227,1
autorizado,14,2026,1,user-emp1-4228,1
autorizado,15,2026,2,user-emp1-4229,1
autorizado,1,2026,3,user-emp1-4230,1
autorizado,2,2026,4,user-emp1-4231,1
autorizado,3,2026,1,user-emp1-4232,1
autorizado,4,2026,2,user-emp1-4233,1
autorizado,5,2026,3,user-emp1-4234,1
autorizado,6,2026,4,user-emp1-4235,1
autorizado,7,2026,1,user-emp1-4236,1
autorizado,8,2026,2,user-emp1-4237,1
autorizado,9,2026,3,user-emp1-4238,1
autorizado,10,2026,4,user-emp1-4239,1
autorizado,11,2026,1,user-emp1-4240,1
autorizado,12,2026,2,user-emp1-4241,1
autorizado,13,2026,3,user-emp1-4242,1
autorizado,14,2026,4,user-emp1-4243,1
autorizado,15,2026,1,user-emp1-4244,1
autorizado,1,2026,2,user-emp1-4245,1
autorizado,2,2026,3,user-emp1-4246,1
autorizado,3,2026,4,user-emp1-4247,1
autorizado,4,2026,1,user-emp1-4248,1
autorizado,5,2026,2,user-emp1-4249,1
autorizado,6,2026,3,user-emp1-4250,1
autorizado,7,2026,4,user-emp1-4251,1
autorizado,8,2026,1,user-emp1-4252,1
autorizado,9,2026,2,user-emp1-4253,1
autorizado,10,2026,3,user-emp1-4254,1
autorizado,11,2026,4,user-emp1-4255,1
autorizado,12,2026,1,user-emp1-4256,1
autorizado,13,2026,2,user-emp1-4257,1
autorizado,14,2026,3,user-emp1-4258,1
autorizado,15,2026,4,user-emp1-4259,1
autorizado,1,2026,1,user-emp1-4260,1
autorizado,2,2026,2,user-emp1-4261,1
autorizado,3,2026,3,user-emp1-4262,1
autorizado,4,2026,4,user-emp1-4263,1
autorizado,5,2026,1,user-emp1-4264,1
autorizado,6,2026,2,user-emp1-4265,1
autorizado,7,2026,3,user-emp1-4266,1
autorizado,8,2026,4,user-emp1-4267,1
autorizado,9,2026,1,user-emp1-4268,1
autorizado,10,2026,2,user-emp1-4269,1
autorizado,11,2026,3,user-emp1-4270,1
autorizado,12,2026,4,user-emp1-4271,1
autorizado,13,2026,1,user-emp1-4272,1
autorizado,14,2026,2,user-emp1-4273,1
autorizado,15,2026,3,user-emp1-4274,1
autorizado,1,2026,4,user-emp1-4275,1
autorizado,2,2026,1,user-emp1-4276,1
autorizado,3,2026,2,user-emp1-4277,1
autorizado,4,2026,3,user-emp1-4278,1
autorizado,5,2026,4,user-emp1-4279,1
autorizado,6,2026,1,user-emp1-4280,1
autorizado,7,2026,2,user-emp1-4281,1
autorizado,8,2026,3,user-emp1-4282,1
autorizado,9,2026,4,user-emp1-4283,1
autorizado,10,2026,1,user-emp1-4284,1
autorizado,11,2026,2,user-emp1-4285,1
autorizado,12,2026,3,user-emp1-4286,1
autorizado,13,2026,4,user-emp1-4287,1
autorizado,14,2026,1,user-emp1-4288,1
autorizado,15,2026,2,user-emp1-4289,1
autorizado,1,2026,3,user-emp1-4290,1
autorizado,2,2026,4,user-emp1-4291,1
autorizado,3,2026,1,user-emp1-4292,1
autorizado,4,2026,2,user-emp1-4293,1
autorizado,5,2026,3,user-emp1-4294,1
autorizado,6,2026,4,user-emp1-4295,1
autorizado,7,2026,1,user-emp1-4296,1
autorizado,8,2026,2,user-emp1-4297,1
autorizado,9,2026,3,user-emp1-4298,1
autorizado,10,2026,4,user-emp1-4299,1
autorizado,11,2026,1,user-emp1-4300,1
autorizado,12,2026,2,user-emp1-4301,1
autorizado,13,2026,3,user-emp1-4302,1
autorizado,14,2026,4,user-emp1-4303,1
autorizado,15,2026,1,user-emp1-4304,1
autorizado,1,2026,2,user-emp1-4305,1
autorizado,2,2026,3,user-emp1-4306,1
autorizado,3,2026,4,user-emp1-4307,1
autorizado,4,2026,1,user-emp1-4308,1
autorizado,5,2026,2,user-emp1-4309,1
autorizado,6,2026,3,user-emp1-4310,1
autorizado,7,2026,4,user-emp1-4311,1
autorizado,8,2026,1,user-emp1-4312,1
autorizado,9,2026,2,user-emp1-4313,1
autorizado,10,2026,3,user-emp1-4314,1
autorizado,11,2026,4,user-emp1-4315,1
autorizado,12,2026,1,user-emp1-4316,1
autorizado,13,2026,2,user-emp1-4317,1
autorizado,14,2026,3,user-emp1-4318,1
autorizado,15,2026,4,user-emp1-4319,1
autorizado,1,2026,1,user-emp1-4320,1
autorizado,2,2026,2,user-emp1-4321,1
autorizado,3,2026,3,user-emp1-4322,1
autorizado,4,2026,4,user-emp1-4323,1
autorizado,5,2026,1,user-emp1-4324,1
autorizado,6,2026,2,user-emp1-4325,1
autorizado,7,2026,3,user-emp1-4326,1
autorizado,8,2026,4,user-emp1-4327,1
autorizado,9,2026,1,user-emp1-4328,1
autorizado,10,2026,2,user-emp1-4329,1
autorizado,11,2026,3,user-emp1-4330,1
autorizado,12,2026,4,user-emp1-4331,1
autorizado,13,2026,1,user-emp1-4332,1
autorizado,14,2026,2,user-emp1-4333,1
autorizado,15,2026,3,user-emp1-4334,1
autorizado,1,2026,4,user-emp1-4335,1
autorizado,2,2026,1,user-emp1-4336,1
autorizado,3,2026,2,user-emp1-4337,1
autorizado,4,2026,3,user-emp1-4338,1
autorizado,5,2026,4,user-emp1-4339,1
autorizado,6,2026,1,user-emp1-4340,1
autorizado,7,2026,2,user-emp1-4341,1
autorizado,8,2026,3,user-emp1-4342,1
autorizado,9,2026,4,user-emp1-4343,1
autorizado,10,2026,1,user-emp1-4344,1
autorizado,11,2026,2,user-emp1-4345,1
autorizado,12,2026,3,user-emp1-4346,1
autorizado,13,2026,4,user-emp1-4347,1
autorizado,14,2026,1,user-emp1-4348,1
autorizado,15,2026,2,user-emp1-4349,1
autorizado,1,2026,3,user-emp1-4350,1
autorizado,2,2026,4,user-emp1-4351,1
autorizado,3,2026,1,user-emp1-4352,1
autorizado,4,2026,2,user-emp1-4353,1
autorizado,5,2026,3,user-emp1-4354,1
autorizado,6,2026,4,user-emp1-4355,1
autorizado,7,2026,1,user-emp1-4356,1
autorizado,8,2026,2,user-emp1-4357,1
autorizado,9,2026,3,user-emp1-4358,1
autorizado,10,2026,4,user-emp1-4359,1
autorizado,11,2026,1,user-emp1-4360,1
autorizado,12,2026,2,user-emp1-4361,1
autorizado,13,2026,3,user-emp1-4362,1
autorizado,14,2026,4,user-emp1-4363,1
autorizado,15,2026,1,user-emp1-4364,1
autorizado,1,2026,2,user-emp1-4365,1
autorizado,2,2026,3,user-emp1-4366,1
autorizado,3,2026,4,user-emp1-4367,1
autorizado,4,2026,1,user-emp1-4368,1
autorizado,5,2026,2,user-emp1-4369,1
autorizado,6,2026,3,user-emp1-4370,1
autorizado,7,2026,4,user-emp1-4371,1
autorizado,8,2026,1,user-emp1-4372,1
autorizado,9,2026,2,user-emp1-4373,1
autorizado,10,2026,3,user-emp1-4374,1
autorizado,11,2026,4,user-emp1-4375,1
autorizado,12,2026,1,user-emp1-4376,1
autorizado,13,2026,2,user-emp1-4377,1
autorizado,14,2026,3,user-emp1-4378,1
autorizado,15,2026,4,user-emp1-4379,1
autorizado,1,2026,1,user-emp1-4380,1
autorizado,2,2026,2,user-emp1-4381,1
autorizado,3,2026,3,user-emp1-4382,1
autorizado,4,2026,4,user-emp1-4383,1
autorizado,5,2026,1,user-emp1-4384,1
autorizado,6,2026,2,user-emp1-4385,1
autorizado,7,2026,3,user-emp1-4386,1
autorizado,8,2026,4,user-emp1-4387,1
autorizado,9,2026,1,user-emp1-4388,1
autorizado,10,2026,2,user-emp1-4389,1
autorizado,11,2026,3,user-emp1-4390,1
autorizado,12,2026,4,user-emp1-4391,1
autorizado,13,2026,1,user-emp1-4392,1
autorizado,14,2026,2,user-emp1-4393,1
autorizado,15,2026,3,user-emp1-4394,1
autorizado,1,2026,4,user-emp1-4395,1
autorizado,2,2026,1,user-emp1-4396,1
autorizado,3,2026,2,user-emp1-4397,1
autorizado,4,2026,3,user-emp1-4398,1
autorizado,5,2026,4,user-emp1-4399,1
autorizado,6,2026,1,user-emp1-4400,1
autorizado,7,2026,2,user-emp1-4401,1
autorizado,8,2026,3,user-emp1-4402,1
autorizado,9,2026,4,user-emp1-4403,1
autorizado,10,2026,1,user-emp1-4404,1
autorizado,11,2026,2,user-emp1-4405,1
autorizado,12,2026,3,user-emp1-4406,1
autorizado,13,2026,4,user-emp1-4407,1
autorizado,14,2026,1,user-emp1-4408,1
autorizado,15,2026,2,user-emp1-4409,1
autorizado,1,2026,3,user-emp1-4410,1
autorizado,2,2026,4,user-emp1-4411,1
autorizado,3,2026,1,user-emp1-4412,1
autorizado,4,2026,2,user-emp1-4413,1
autorizado,5,2026,3,user-emp1-4414,1
autorizado,6,2026,4,user-emp1-4415,1
autorizado,7,2026,1,user-emp1-4416,1
autorizado,8,2026,2,user-emp1-4417,1
autorizado,9,2026,3,user-emp1-4418,1
autorizado,10,2026,4,user-emp1-4419,1
autorizado,11,2026,1,user-emp1-4420,1
autorizado,12,2026,2,user-emp1-4421,1
autorizado,13,2026,3,user-emp1-4422,1
autorizado,14,2026,4,user-emp1-4423,1
autorizado,15,2026,1,user-emp1-4424,1
autorizado,1,2026,2,user-emp1-4425,1
autorizado,2,2026,3,user-emp1-4426,1
autorizado,3,2026,4,user-emp1-4427,1
autorizado,4,2026,1,user-emp1-4428,1
autorizado,5,2026,2,user-emp1-4429,1
autorizado,6,2026,3,user-emp1-4430,1
autorizado,7,2026,4,user-emp1-4431,1
autorizado,8,2026,1,user-emp1-4432,1
autorizado,9,2026,2,user-emp1-4433,1
autorizado,10,2026,3,user-emp1-4434,1
autorizado,11,2026,4,user-emp1-4435,1
autorizado,12,2026,1,user-emp1-4436,1
autorizado,13,2026,2,user-emp1-4437,1
autorizado,14,2026,3,user-emp1-4438,1
autorizado,15,2026,4,user-emp1-4439,1
autorizado,1,2026,1,user-emp1-4440,1
autorizado,2,2026,2,user-emp1-4441,1
autorizado,3,2026,3,user-emp1-4442,1
autorizado,4,2026,4,user-emp1-4443,1
autorizado,5,2026,1,user-emp1-4444,1
autorizado,6,2026,2,user-emp1-4445,1
autorizado,7,2026,3,user-emp1-4446,1
autorizado,8,2026,4,user-emp1-4447,1
autorizado,9,2026,1,user-emp1-4448,1
autorizado,10,2026,2,user-emp1-4449,1
autorizado,11,2026,3,user-emp1-4450,1
autorizado,12,2026,4,user-emp1-4451,1
autorizado,13,2026,1,user-emp1-4452,1
autorizado,14,2026,2,user-emp1-4453,1
autorizado,15,2026,3,user-emp1-4454,1
autorizado,1,2026,4,user-emp1-4455,1
autorizado,2,2026,1,user-emp1-4456,1
autorizado,3,2026,2,user-emp1-4457,1
autorizado,4,2026,3,user-emp1-4458,1
autorizado,5,2026,4,user-emp1-4459,1
autorizado,6,2026,1,user-emp1-4460,1
autorizado,7,2026,2,user-emp1-4461,1
autorizado,8,2026,3,user-emp1-4462,1
autorizado,9,2026,4,user-emp1-4463,1
autorizado,10,2026,1,user-emp1-4464,1
autorizado,11,2026,2,user-emp1-4465,1
autorizado,12,2026,3,user-emp1-4466,1
autorizado,13,2026,4,user-emp1-4467,1
autorizado,14,2026,1,user-emp1-4468,1
autorizado,15,2026,2,user-emp1-4469,1
autorizado,1,2026,3,user-emp1-4470,1
autorizado,2,2026,4,user-emp1-4471,1
autorizado,3,2026,1,user-emp1-4472,1
autorizado,4,2026,2,user-emp1-4473,1
autorizado,5,2026,3,user-emp1-4474,1
autorizado,6,2026,4,user-emp1-4475,1
autorizado,7,2026,1,user-emp1-4476,1
autorizado,8,2026,2,user-emp1-4477,1
autorizado,9,2026,3,user-emp1-4478,1
autorizado,10,2026,4,user-emp1-4479,1
autorizado,11,2026,1,user-emp1-4480,1
autorizado,12,2026,2,user-emp1-4481,1
autorizado,13,2026,3,user-emp1-4482,1
autorizado,14,2026,4,user-emp1-4483,1
autorizado,15,2026,1,user-emp1-4484,1
autorizado,1,2026,2,user-emp1-4485,1
autorizado,2,2026,3,user-emp1-4486,1
autorizado,3,2026,4,user-emp1-4487,1
autorizado,4,2026,1,user-emp1-4488,1
autorizado,5,2026,2,user-emp1-4489,1
autorizado,6,2026,3,user-emp1-4490,1
autorizado,7,2026,4,user-emp1-4491,1
autorizado,8,2026,1,user-emp1-4492,1
autorizado,9,2026,2,user-emp1-4493,1
autorizado,10,2026,3,user-emp1-4494,1
autorizado,11,2026,4,user-emp1-4495,1
autorizado,12,2026,1,user-emp1-4496,1
autorizado,13,2026,2,user-emp1-4497,1
autorizado,14,2026,3,user-emp1-4498,1
autorizado,15,2026,4,user-emp1-4499,1
autorizado,1,2026,1,user-emp1-4500,1
autorizado,2,2026,2,user-emp1-4501,1
autorizado,3,2026,3,user-emp1-4502,1
autorizado,4,2026,4,user-emp1-4503,1
autorizado,5,2026,1,user-emp1-4504,1
autorizado,6,2026,2,user-emp1-4505,1
autorizado,7,2026,3,user-emp1-4506,1
autorizado,8,2026,4,user-emp1-4507,1
autorizado,9,2026,1,user-emp1-4508,1
autorizado,10,2026,2,user-emp1-4509,1
autorizado,11,2026,3,user-emp1-4510,1
autorizado,12,2026,4,user-emp1-4511,1
autorizado,13,2026,1,user-emp1-4512,1
autorizado,14,2026,2,user-emp1-4513,1
autorizado,15,2026,3,user-emp1-4514,1
autorizado,1,2026,4,user-emp1-4515,1
autorizado,2,2026,1,user-emp1-4516,1
autorizado,3,2026,2,user-emp1-4517,1
autorizado,4,2026,3,user-emp1-4518,1
autorizado,5,2026,4,user-emp1-4519,1
autorizado,6,2026,1,user-emp1-4520,1
autorizado,7,2026,2,user-emp1-4521,1
autorizado,8,2026,3,user-emp1-4522,1
autorizado,9,2026,4,user-emp1-4523,1
autorizado,10,2026,1,user-emp1-4524,1
autorizado,11,2026,2,user-emp1-4525,1
autorizado,12,2026,3,user-emp1-4526,1
autorizado,13,2026,4,user-emp1-4527,1
autorizado,14,2026,1,user-emp1-4528,1
autorizado,15,2026,2,user-emp1-4529,1
autorizado,1,2026,3,user-emp1-4530,1
autorizado,2,2026,4,user-emp1-4531,1
autorizado,3,2026,1,user-emp1-4532,1
autorizado,4,2026,2,user-emp1-4533,1
autorizado,5,2026,3,user-emp1-4534,1
autorizado,6,2026,4,user-emp1-4535,1
autorizado,7,2026,1,user-emp1-4536,1
autorizado,8,2026,2,user-emp1-4537,1
autorizado,9,2026,3,user-emp1-4538,1
autorizado,10,2026,4,user-emp1-4539,1
autorizado,11,2026,1,user-emp1-4540,1
autorizado,12,2026,2,user-emp1-4541,1
autorizado,13,2026,3,user-emp1-4542,1
autorizado,14,2026,4,user-emp1-4543,1
autorizado,15,2026,1,user-emp1-4544,1
autorizado,1,2026,2,user-emp1-4545,1
autorizado,2,2026,3,user-emp1-4546,1
autorizado,3,2026,4,user-emp1-4547,1
autorizado,4,2026,1,user-emp1-4548,1
autorizado,5,2026,2,user-emp1-4549,1
autorizado,6,2026,3,user-emp1-4550,1
autorizado,7,2026,4,user-emp1-4551,1
autorizado,8,2026,1,user-emp1-4552,1
autorizado,9,2026,2,user-emp1-4553,1
autorizado,10,2026,3,user-emp1-4554,1
autorizado,11,2026,4,user-emp1-4555,1
autorizado,12,2026,1,user-emp1-4556,1
autorizado,13,2026,2,user-emp1-4557,1
autorizado,14,2026,3,user-emp1-4558,1
autorizado,15,2026,4,user-emp1-4559,1
autorizado,1,2026,1,user-emp1-4560,1
autorizado,2,2026,2,user-emp1-4561,1
autorizado,3,2026,3,user-emp1-4562,1
autorizado,4,2026,4,user-emp1-4563,1
autorizado,5,2026,1,user-emp1-4564,1
autorizado,6,2026,2,user-emp1-4565,1
autorizado,7,2026,3,user-emp1-4566,1
autorizado,8,2026,4,user-emp1-4567,1
autorizado,9,2026,1,user-emp1-4568,1
autorizado,10,2026,2,user-emp1-4569,1
autorizado,11,2026,3,user-emp1-4570,1
autorizado,12,2026,4,user-emp1-4571,1
autorizado,13,2026,1,user-emp1-4572,1
autorizado,14,2026,2,user-emp1-4573,1
autorizado,15,2026,3,user-emp1-4574,1
autorizado,1,2026,4,user-emp1-4575,1
autorizado,2,2026,1,user-emp1-4576,1
autorizado,3,2026,2,user-emp1-4577,1
autorizado,4,2026,3,user-emp1-4578,1
autorizado,5,2026,4,user-emp1-4579,1
autorizado,6,2026,1,user-emp1-4580,1
autorizado,7,2026,2,user-emp1-4581,1
autorizado,8,2026,3,user-emp1-4582,1
autorizado,9,2026,4,user-emp1-4583,1
autorizado,10,2026,1,user-emp1-4584,1
autorizado,11,2026,2,user-emp1-4585,1
autorizado,12,2026,3,user-emp1-4586,1
autorizado,13,2026,4,user-emp1-4587,1
autorizado,14,2026,1,user-emp1-4588,1
autorizado,15,2026,2,user-emp1-4589,1
autorizado,1,2026,3,user-emp1-4590,1
autorizado,2,2026,4,user-emp1-4591,1
autorizado,3,2026,1,user-emp1-4592,1
autorizado,4,2026,2,user-emp1-4593,1
autorizado,5,2026,3,user-emp1-4594,1
autorizado,6,2026,4,user-emp1-4595,1
autorizado,7,2026,1,user-emp1-4596,1
autorizado,8,2026,2,user-emp1-4597,1
autorizado,9,2026,3,user-emp1-4598,1
autorizado,10,2026,4,user-emp1-4599,1
autorizado,11,2026,1,user-emp1-4600,1
autorizado,12,2026,2,user-emp1-4601,1
autorizado,13,2026,3,user-emp1-4602,1
autorizado,14,2026,4,user-emp1-4603,1
autorizado,15,2026,1,user-emp1-4604,1
autorizado,1,2026,2,user-emp1-4605,1
autorizado,2,2026,3,user-emp1-4606,1
autorizado,3,2026,4,user-emp1-4607,1
autorizado,4,2026,1,user-emp1-4608,1
autorizado,5,2026,2,user-emp1-4609,1
autorizado,6,2026,3,user-emp1-4610,1
autorizado,7,2026,4,user-emp1-4611,1
autorizado,8,2026,1,user-emp1-4612,1
autorizado,9,2026,2,user-emp1-4613,1
autorizado,10,2026,3,user-emp1-4614,1
autorizado,11,2026,4,user-emp1-4615,1
autorizado,12,2026,1,user-emp1-4616,1
autorizado,13,2026,2,user-emp1-4617,1
autorizado,14,2026,3,user-emp1-4618,1
autorizado,15,2026,4,user-emp1-4619,1
autorizado,1,2026,1,user-emp1-4620,1
autorizado,2,2026,2,user-emp1-4621,1
autorizado,3,2026,3,user-emp1-4622,1
autorizado,4,2026,4,user-emp1-4623,1
autorizado,5,2026,1,user-emp1-4624,1
autorizado,6,2026,2,user-emp1-4625,1
autorizado,7,2026,3,user-emp1-4626,1
autorizado,8,2026,4,user-emp1-4627,1
autorizado,9,2026,1,user-emp1-4628,1
autorizado,10,2026,2,user-emp1-4629,1
autorizado,11,2026,3,user-emp1-4630,1
autorizado,12,2026,4,user-emp1-4631,1
autorizado,13,2026,1,user-emp1-4632,1
autorizado,14,2026,2,user-emp1-4633,1
autorizado,15,2026,3,user-emp1-4634,1
autorizado,1,2026,4,user-emp1-4635,1
autorizado,2,2026,1,user-emp1-4636,1
autorizado,3,2026,2,user-emp1-4637,1
autorizado,4,2026,3,user-emp1-4638,1
autorizado,5,2026,4,user-emp1-4639,1
autorizado,6,2026,1,user-emp1-4640,1
autorizado,7,2026,2,user-emp1-4641,1
autorizado,8,2026,3,user-emp1-4642,1
autorizado,9,2026,4,user-emp1-4643,1
autorizado,10,2026,1,user-emp1-4644,1
autorizado,11,2026,2,user-emp1-4645,1
autorizado,12,2026,3,user-emp1-4646,1
autorizado,13,2026,4,user-emp1-4647,1
autorizado,14,2026,1,user-emp1-4648,1
autorizado,15,2026,2,user-emp1-4649,1
autorizado,1,2026,3,user-emp1-4650,1
autorizado,2,2026,4,user-emp1-4651,1
autorizado,3,2026,1,user-emp1-4652,1
autorizado,4,2026,2,user-emp1-4653,1
autorizado,5,2026,3,user-emp1-4654,1
autorizado,6,2026,4,user-emp1-4655,1
autorizado,7,2026,1,user-emp1-4656,1
autorizado,8,2026,2,user-emp1-4657,1
autorizado,9,2026,3,user-emp1-4658,1
autorizado,10,2026,4,user-emp1-4659,1
autorizado,11,2026,1,user-emp1-4660,1
autorizado,12,2026,2,user-emp1-4661,1
autorizado,13,2026,3,user-emp1-4662,1
autorizado,14,2026,4,user-emp1-4663,1
autorizado,15,2026,1,user-emp1-4664,1
autorizado,1,2026,2,user-emp1-4665,1
autorizado,2,2026,3,user-emp1-4666,1
autorizado,3,2026,4,user-emp1-4667,1
autorizado,4,2026,1,user-emp1-4668,1
autorizado,5,2026,2,user-emp1-4669,1
autorizado,6,2026,3,user-emp1-4670,1
autorizado,7,2026,4,user-emp1-4671,1
autorizado,8,2026,1,user-emp1-4672,1
autorizado,9,2026,2,user-emp1-4673,1
autorizado,10,2026,3,user-emp1-4674,1
autorizado,11,2026,4,user-emp1-4675,1
autorizado,12,2026,1,user-emp1-4676,1
autorizado,13,2026,2,user-emp1-4677,1
autorizado,14,2026,3,user-emp1-4678,1
autorizado,15,2026,4,user-emp1-4679,1
autorizado,1,2026,1,user-emp1-4680,1
autorizado,2,2026,2,user-emp1-4681,1
autorizado,3,2026,3,user-emp1-4682,1
autorizado,4,2026,4,user-emp1-4683,1
autorizado,5,2026,1,user-emp1-4684,1
autorizado,6,2026,2,user-emp1-4685,1
autorizado,7,2026,3,user-emp1-4686,1
autorizado,8,2026,4,user-emp1-4687,1
autorizado,9,2026,1,user-emp1-4688,1
autorizado,10,2026,2,user-emp1-4689,1
autorizado,11,2026,3,user-emp1-4690,1
autorizado,12,2026,4,user-emp1-4691,1
autorizado,13,2026,1,user-emp1-4692,1
autorizado,14,2026,2,user-emp1-4693,1
autorizado,15,2026,3,user-emp1-4694,1
autorizado,1,2026,4,user-emp1-4695,1
autorizado,2,2026,1,user-emp1-4696,1
autorizado,3,2026,2,user-emp1-4697,1
autorizado,4,2026,3,user-emp1-4698,1
autorizado,5,2026,4,user-emp1-4699,1
autorizado,6,2026,1,user-emp1-4700,1
autorizado,7,2026,2,user-emp1-4701,1
autorizado,8,2026,3,user-emp1-4702,1
autorizado,9,2026,4,user-emp1-4703,1
autorizado,10,2026,1,user-emp1-4704,1
autorizado,11,2026,2,user-emp1-4705,1
autorizado,12,2026,3,user-emp1-4706,1
autorizado,13,2026,4,user-emp1-4707,1
autorizado,14,2026,1,user-emp1-4708,1
autorizado,15,2026,2,user-emp1-4709,1
autorizado,1,2026,3,user-emp1-4710,1
autorizado,2,2026,4,user-emp1-4711,1
autorizado,3,2026,1,user-emp1-4712,1
autorizado,4,2026,2,user-emp1-4713,1
autorizado,5,2026,3,user-emp1-4714,1
autorizado,6,2026,4,user-emp1-4715,1
autorizado,7,2026,1,user-emp1-4716,1
autorizado,8,2026,2,user-emp1-4717,1
autorizado,9,2026,3,user-emp1-4718,1
autorizado,10,2026,4,user-emp1-4719,1
autorizado,11,2026,1,user-emp1-4720,1
autorizado,12,2026,2,user-emp1-4721,1
autorizado,13,2026,3,user-emp1-4722,1
autorizado,14,2026,4,user-emp1-4723,1
autorizado,15,2026,1,user-emp1-4724,1
autorizado,1,2026,2,user-emp1-4725,1
autorizado,2,2026,3,user-emp1-4726,1
autorizado,3,2026,4,user-emp1-4727,1
autorizado,4,2026,1,user-emp1-4728,1
autorizado,5,2026,2,user-emp1-4729,1
autorizado,6,2026,3,user-emp1-4730,1
autorizado,7,2026,4,user-emp1-4731,1
autorizado,8,2026,1,user-emp1-4732,1
autorizado,9,2026,2,user-emp1-4733,1
autorizado,10,2026,3,user-emp1-4734,1
autorizado,11,2026,4,user-emp1-4735,1
autorizado,12,2026,1,user-emp1-4736,1
autorizado,13,2026,2,user-emp1-4737,1
autorizado,14,2026,3,user-emp1-4738,1
autorizado,15,2026,4,user-emp1-4739,1
autorizado,1,2026,1,user-emp1-4740,1
autorizado,2,2026,2,user-emp1-4741,1
autorizado,3,2026,3,user-emp1-4742,1
autorizado,4,2026,4,user-emp1-4743,1
autorizado,5,2026,1,user-emp1-4744,1
autorizado,6,2026,2,user-emp1-4745,1
autorizado,7,2026,3,user-emp1-4746,1
autorizado,8,2026,4,user-emp1-4747,1
autorizado,9,2026,1,user-emp1-4748,1
autorizado,10,2026,2,user-emp1-4749,1
autorizado,11,2026,3,user-emp1-4750,1
autorizado,12,2026,4,user-emp1-4751,1
autorizado,13,2026,1,user-emp1-4752,1
autorizado,14,2026,2,user-emp1-4753,1
autorizado,15,2026,3,user-emp1-4754,1
autorizado,1,2026,4,user-emp1-4755,1
autorizado,2,2026,1,user-emp1-4756,1
autorizado,3,2026,2,user-emp1-4757,1
autorizado,4,2026,3,user-emp1-4758,1
autorizado,5,2026,4,user-emp1-4759,1
autorizado,6,2026,1,user-emp1-4760,1
autorizado,7,2026,2,user-emp1-4761,1
autorizado,8,2026,3,user-emp1-4762,1
autorizado,9,2026,4,user-emp1-4763,1
autorizado,10,2026,1,user-emp1-4764,1
autorizado,11,2026,2,user-emp1-4765,1
autorizado,12,2026,3,user-emp1-4766,1
autorizado,13,2026,4,user-emp1-4767,1
autorizado,14,2026,1,user-emp1-4768,1
autorizado,15,2026,2,user-emp1-4769,1
autorizado,1,2026,3,user-emp1-4770,1
autorizado,2,2026,4,user-emp1-4771,1
autorizado,3,2026,1,user-emp1-4772,1
autorizado,4,2026,2,user-emp1-4773,1
autorizado,5,2026,3,user-emp1-4774,1
autorizado,6,2026,4,user-emp1-4775,1
autorizado,7,2026,1,user-emp1-4776,1
autorizado,8,2026,2,user-emp1-4777,1
autorizado,9,2026,3,user-emp1-4778,1
autorizado,10,2026,4,user-emp1-4779,1
autorizado,11,2026,1,user-emp1-4780,1
autorizado,12,2026,2,user-emp1-4781,1
autorizado,13,2026,3,user-emp1-4782,1
autorizado,14,2026,4,user-emp1-4783,1
autorizado,15,2026,1,user-emp1-4784,1
autorizado,1,2026,2,user-emp1-4785,1
autorizado,2,2026,3,user-emp1-4786,1
autorizado,3,2026,4,user-emp1-4787,1
autorizado,4,2026,1,user-emp1-4788,1
autorizado,5,2026,2,user-emp1-4789,1
autorizado,6,2026,3,user-emp1-4790,1
autorizado,7,2026,4,user-emp1-4791,1
autorizado,8,2026,1,user-emp1-4792,1
autorizado,9,2026,2,user-emp1-4793,1
autorizado,10,2026,3,user-emp1-4794,1
autorizado,11,2026,4,user-emp1-4795,1
autorizado,12,2026,1,user-emp1-4796,1
autorizado,13,2026,2,user-emp1-4797,1
autorizado,14,2026,3,user-emp1-4798,1
autorizado,15,2026,4,user-emp1-4799,1
autorizado,1,2026,1,user-emp1-4800,1
autorizado,2,2026,2,user-emp1-4801,1
autorizado,3,2026,3,user-emp1-4802,1
autorizado,4,2026,4,user-emp1-4803,1
autorizado,5,2026,1,user-emp1-4804,1
autorizado,6,2026,2,user-emp1-4805,1
autorizado,7,2026,3,user-emp1-4806,1
autorizado,8,2026,4,user-emp1-4807,1
autorizado,9,2026,1,user-emp1-4808,1
autorizado,10,2026,2,user-emp1-4809,1
autorizado,11,2026,3,user-emp1-4810,1
autorizado,12,2026,4,user-emp1-4811,1
autorizado,13,2026,1,user-emp1-4812,1
autorizado,14,2026,2,user-emp1-4813,1
autorizado,15,2026,3,user-emp1-4814,1
autorizado,1,2026,4,user-emp1-4815,1
autorizado,2,2026,1,user-emp1-4816,1
autorizado,3,2026,2,user-emp1-4817,1
autorizado,4,2026,3,user-emp1-4818,1
autorizado,5,2026,4,user-emp1-4819,1
autorizado,6,2026,1,user-emp1-4820,1
autorizado,7,2026,2,user-emp1-4821,1
autorizado,8,2026,3,user-emp1-4822,1
autorizado,9,2026,4,user-emp1-4823,1
autorizado,10,2026,1,user-emp1-4824,1
autorizado,11,2026,2,user-emp1-4825,1
autorizado,12,2026,3,user-emp1-4826,1
autorizado,13,2026,4,user-emp1-4827,1
autorizado,14,2026,1,user-emp1-4828,1
autorizado,15,2026,2,user-emp1-4829,1
autorizado,1,2026,3,user-emp1-4830,1
autorizado,2,2026,4,user-emp1-4831,1
autorizado,3,2026,1,user-emp1-4832,1
autorizado,4,2026,2,user-emp1-4833,1
autorizado,5,2026,3,user-emp1-4834,1
autorizado,6,2026,4,user-emp1-4835,1
autorizado,7,2026,1,user-emp1-4836,1
autorizado,8,2026,2,user-emp1-4837,1
autorizado,9,2026,3,user-emp1-4838,1
autorizado,10,2026,4,user-emp1-4839,1
autorizado,11,2026,1,user-emp1-4840,1
autorizado,12,2026,2,user-emp1-4841,1
autorizado,13,2026,3,user-emp1-4842,1
autorizado,14,2026,4,user-emp1-4843,1
autorizado,15,2026,1,user-emp1-4844,1
autorizado,1,2026,2,user-emp1-4845,1
autorizado,2,2026,3,user-emp1-4846,1
autorizado,3,2026,4,user-emp1-4847,1
autorizado,4,2026,1,user-emp1-4848,1
autorizado,5,2026,2,user-emp1-4849,1
autorizado,6,2026,3,user-emp1-4850,1
autorizado,7,2026,4,user-emp1-4851,1
autorizado,8,2026,1,user-emp1-4852,1
autorizado,9,2026,2,user-emp1-4853,1
autorizado,10,2026,3,user-emp1-4854,1
autorizado,11,2026,4,user-emp1-4855,1
autorizado,12,2026,1,user-emp1-4856,1
autorizado,13,2026,2,user-emp1-4857,1
autorizado,14,2026,3,user-emp1-4858,1
autorizado,15,2026,4,user-emp1-4859,1
autorizado,1,2026,1,user-emp1-4860,1
autorizado,2,2026,2,user-emp1-4861,1
autorizado,3,2026,3,user-emp1-4862,1
autorizado,4,2026,4,user-emp1-4863,1
autorizado,5,2026,1,user-emp1-4864,1
autorizado,6,2026,2,user-emp1-4865,1
autorizado,7,2026,3,user-emp1-4866,1
autorizado,8,2026,4,user-emp1-4867,1
autorizado,9,2026,1,user-emp1-4868,1
autorizado,10,2026,2,user-emp1-4869,1
autorizado,11,2026,3,user-emp1-4870,1
autorizado,12,2026,4,user-emp1-4871,1
autorizado,13,2026,1,user-emp1-4872,1
autorizado,14,2026,2,user-emp1-4873,1
autorizado,15,2026,3,user-emp1-4874,1
autorizado,1,2026,4,user-emp1-4875,1
autorizado,2,2026,1,user-emp1-4876,1
autorizado,3,2026,2,user-emp1-4877,1
autorizado,4,2026,3,user-emp1-4878,1
autorizado,5,2026,4,user-emp1-4879,1
autorizado,6,2026,1,user-emp1-4880,1
autorizado,7,2026,2,user-emp1-4881,1
autorizado,8,2026,3,user-emp1-4882,1
autorizado,9,2026,4,user-emp1-4883,1
autorizado,10,2026,1,user-emp1-4884,1
autorizado,11,2026,2,user-emp1-4885,1
autorizado,12,2026,3,user-emp1-4886,1
autorizado,13,2026,4,user-emp1-4887,1
autorizado,14,2026,1,user-emp1-4888,1
autorizado,15,2026,2,user-emp1-4889,1
autorizado,1,2026,3,user-emp1-4890,1
autorizado,2,2026,4,user-emp1-4891,1
autorizado,3,2026,1,user-emp1-4892,1
autorizado,4,2026,2,user-emp1-4893,1
autorizado,5,2026,3,user-emp1-4894,1
autorizado,6,2026,4,user-emp1-4895,1
autorizado,7,2026,1,user-emp1-4896,1
autorizado,8,2026,2,user-emp1-4897,1
autorizado,9,2026,3,user-emp1-4898,1
autorizado,10,2026,4,user-emp1-4899,1
autorizado,11,2026,1,user-emp1-4900,1
autorizado,12,2026,2,user-emp1-4901,1
autorizado,13,2026,3,user-emp1-4902,1
autorizado,14,2026,4,user-emp1-4903,1
autorizado,15,2026,1,user-emp1-4904,1
autorizado,1,2026,2,user-emp1-4905,1
autorizado,2,2026,3,user-emp1-4906,1
autorizado,3,2026,4,user-emp1-4907,1
autorizado,4,2026,1,user-emp1-4908,1
autorizado,5,2026,2,user-emp1-4909,1
autorizado,6,2026,3,user-emp1-4910,1
autorizado,7,2026,4,user-emp1-4911,1
autorizado,8,2026,1,user-emp1-4912,1
autorizado,9,2026,2,user-emp1-4913,1
autorizado,10,2026,3,user-emp1-4914,1
autorizado,11,2026,4,user-emp1-4915,1
autorizado,12,2026,1,user-emp1-4916,1
autorizado,13,2026,2,user-emp1-4917,1
autorizado,14,2026,3,user-emp1-4918,1
autorizado,15,2026,4,user-emp1-4919,1
autorizado,1,2026,1,user-emp1-4920,1
autorizado,2,2026,2,user-emp1-4921,1
autorizado,3,2026,3,user-emp1-4922,1
autorizado,4,2026,4,user-emp1-4923,1
autorizado,5,2026,1,user-emp1-4924,1
autorizado,6,2026,2,user-emp1-4925,1
autorizado,7,2026,3,user-emp1-4926,1
autorizado,8,2026,4,user-emp1-4927,1
autorizado,9,2026,1,user-emp1-4928,1
autorizado,10,2026,2,user-emp1-4929,1
autorizado,11,2026,3,user-emp1-4930,1
autorizado,12,2026,4,user-emp1-4931,1
autorizado,13,2026,1,user-emp1-4932,1
autorizado,14,2026,2,user-emp1-4933,1
autorizado,15,2026,3,user-emp1-4934,1
autorizado,1,2026,4,user-emp1-4935,1
autorizado,2,2026,1,user-emp1-4936,1
autorizado,3,2026,2,user-emp1-4937,1
autorizado,4,2026,3,user-emp1-4938,1
autorizado,5,2026,4,user-emp1-4939,1
autorizado,6,2026,1,user-emp1-4940,1
autorizado,7,2026,2,user-emp1-4941,1
autorizado,8,2026,3,user-emp1-4942,1
autorizado,9,2026,4,user-emp1-4943,1
autorizado,10,2026,1,user-emp1-4944,1
autorizado,11,2026,2,user-emp1-4945,1
autorizado,12,2026,3,user-emp1-4946,1
autorizado,13,2026,4,user-emp1-4947,1
autorizado,14,2026,1,user-emp1-4948,1
autorizado,15,2026,2,user-emp1-4949,1
autorizado,1,2026,3,user-emp1-4950,1
autorizado,2,2026,4,user-emp1-4951,1
autorizado,3,2026,1,user-emp1-4952,1
autorizado,4,2026,2,user-emp1-4953,1
autorizado,5,2026,3,user-emp1-4954,1
autorizado,6,2026,4,user-emp1-4955,1
autorizado,7,2026,1,user-emp1-4956,1
autorizado,8,2026,2,user-emp1-4957,1
autorizado,9,2026,3,user-emp1-4958,1
autorizado,10,2026,4,user-emp1-4959,1
autorizado,11,2026,1,user-emp1-4960,1
autorizado,12,2026,2,user-emp1-4961,1
autorizado,13,2026,3,user-emp1-4962,1
autorizado,14,2026,4,user-emp1-4963,1
autorizado,15,2026,1,user-emp1-4964,1
autorizado,1,2026,2,user-emp1-4965,1
autorizado,2,2026,3,user-emp1-4966,1
autorizado,3,2026,4,user-emp1-4967,1
autorizado,4,2026,1,user-emp1-4968,1
autorizado,5,2026,2,user-emp1-4969,1
autorizado,6,2026,3,user-emp1-4970,1
autorizado,7,2026,4,user-emp1-4971,1
autorizado,8,2026,1,user-emp1-4972,1
autorizado,9,2026,2,user-emp1-4973,1
autorizado,10,2026,3,user-emp1-4974,1
autorizado,11,2026,4,user-emp1-4975,1
autorizado,12,2026,1,user-emp1-4976,1
autorizado,13,2026,2,user-emp1-4977,1
autorizado,14,2026,3,user-emp1-4978,1
autorizado,15,2026,4,user-emp1-4979,1
autorizado,1,2026,1,user-emp1-4980,1
autorizado,2,2026,2,user-emp1-4981,1
autorizado,3,2026,3,user-emp1-4982,1
autorizado,4,2026,4,user-emp1-4983,1
autorizado,5,2026,1,user-emp1-4984,1
autorizado,6,2026,2,user-emp1-4985,1
autorizado,7,2026,3,user-emp1-4986,1
autorizado,8,2026,4,user-emp1-4987,1
autorizado,9,2026,1,user-emp1-4988,1
autorizado,10,2026,2,user-emp1-4989,1
autorizado,11,2026,3,user-emp1-4990,1
autorizado,12,2026,4,user-emp1-4991,1
autorizado,13,2026,1,user-emp1-4992,1
autorizado,14,2026,2,user-emp1-4993,1
autorizado,15,2026,3,user-emp1-4994,1
autorizado,1,2026,4,user-emp1-4995,1
autorizado,2,2026,1,user-emp1-4996,1
autorizado,3,2026,2,user-emp1-4997,1
autorizado,4,2026,3,user-emp1-4998,1
autorizado,5,2026,4,user-emp1-4999,1
no_autorizado,1,2026,1,user-emp2-0,2
no_autorizado,2,2026,2,user-emp2-1,2
no_autorizado,3,2026,3,user-emp2-2,2
no_autorizado,4,2026,4,user-emp2-3,2
no_autorizado,5,2026,1,user-emp2-4,2
no_autorizado,6,2026,2,user-emp2-5,2
no_autorizado,7,2026,3,user-emp2-6,2
no_autorizado,8,2026,4,user-emp2-7,2
no_autorizado,9,2026,1,user-emp2-8,2
no_autorizado,10,2026,2,user-emp2-9,2
no_autorizado,11,2026,3,user-emp2-10,2
no_autorizado,12,2026,4,user-emp2-11,2
no_autorizado,13,2026,1,user-emp2-12,2
no_autorizado,14,2026,2,user-emp2-13,2
no_autorizado,15,2026,3,user-emp2-14,2
no_autorizado,1,2026,4,user-emp2-15,2
no_autorizado,2,2026,1,user-emp2-16,2
no_autorizado,3,2026,2,user-emp2-17,2
no_autorizado,4,2026,3,user-emp2-18,2
no_autorizado,5,2026,4,user-emp2-19,2
no_autorizado,6,2026,1,user-emp2-20,2
no_autorizado,7,2026,2,user-emp2-21,2
no_autorizado,8,2026,3,user-emp2-22,2
no_autorizado,9,2026,4,user-emp2-23,2
no_autorizado,10,2026,1,user-emp2-24,2
no_autorizado,11,2026,2,user-emp2-25,2
no_autorizado,12,2026,3,user-emp2-26,2
no_autorizado,13,2026,4,user-emp2-27,2
no_autorizado,14,2026,1,user-emp2-28,2
no_autorizado,15,2026,2,user-emp2-29,2
no_autorizado,1,2026,3,user-emp2-30,2
no_autorizado,2,2026,4,user-emp2-31,2
no_autorizado,3,2026,1,user-emp2-32,2
no_autorizado,4,2026,2,user-emp2-33,2
no_autorizado,5,2026,3,user-emp2-34,2
no_autorizado,6,2026,4,user-emp2-35,2
no_autorizado,7,2026,1,user-emp2-36,2
no_autorizado,8,2026,2,user-emp2-37,2
no_autorizado,9,2026,3,user-emp2-38,2
no_autorizado,10,2026,4,user-emp2-39,2
no_autorizado,11,2026,1,user-emp2-40,2
no_autorizado,12,2026,2,user-emp2-41,2
no_autorizado,13,2026,3,user-emp2-42,2
no_autorizado,14,2026,4,user-emp2-43,2
no_autorizado,15,2026,1,user-emp2-44,2
no_autorizado,1,2026,2,user-emp2-45,2
no_autorizado,2,2026,3,user-emp2-46,2
no_autorizado,3,2026,4,user-emp2-47,2
no_autorizado,4,2026,1,user-emp2-48,2
no_autorizado,5,2026,2,user-emp2-49,2
no_autorizado,6,2026,3,user-emp2-50,2
no_autorizado,7,2026,4,user-emp2-51,2
no_autorizado,8,2026,1,user-emp2-52,2
no_autorizado,9,2026,2,user-emp2-53,2
no_autorizado,10,2026,3,user-emp2-54,2
no_autorizado,11,2026,4,user-emp2-55,2
no_autorizado,12,2026,1,user-emp2-56,2
no_autorizado,13,2026,2,user-emp2-57,2
no_autorizado,14,2026,3,user-emp2-58,2
no_autorizado,15,2026,4,user-emp2-59,2
no_autorizado,1,2026,1,user-emp2-60,2
no_autorizado,2,2026,2,user-emp2-61,2
no_autorizado,3,2026,3,user-emp2-62,2
no_autorizado,4,2026,4,user-emp2-63,2
no_autorizado,5,2026,1,user-emp2-64,2
no_autorizado,6,2026,2,user-emp2-65,2
no_autorizado,7,2026,3,user-emp2-66,2
no_autorizado,8,2026,4,user-emp2-67,2
no_autorizado,9,2026,1,user-emp2-68,2
no_autorizado,10,2026,2,user-emp2-69,2
no_autorizado,11,2026,3,user-emp2-70,2
no_autorizado,12,2026,4,user-emp2-71,2
no_autorizado,13,2026,1,user-emp2-72,2
no_autorizado,14,2026,2,user-emp2-73,2
no_autorizado,15,2026,3,user-emp2-74,2
no_autorizado,1,2026,4,user-emp2-75,2
no_autorizado,2,2026,1,user-emp2-76,2
no_autorizado,3,2026,2,user-emp2-77,2
no_autorizado,4,2026,3,user-emp2-78,2
no_autorizado,5,2026,4,user-emp2-79,2
no_autorizado,6,2026,1,user-emp2-80,2
no_autorizado,7,2026,2,user-emp2-81,2
no_autorizado,8,2026,3,user-emp2-82,2
no_autorizado,9,2026,4,user-emp2-83,2
no_autorizado,10,2026,1,user-emp2-84,2
no_autorizado,11,2026,2,user-emp2-85,2
no_autorizado,12,2026,3,user-emp2-86,2
no_autorizado,13,2026,4,user-emp2-87,2
no_autorizado,14,2026,1,user-emp2-88,2
no_autorizado,15,2026,2,user-emp2-89,2
no_autorizado,1,2026,3,user-emp2-90,2
no_autorizado,2,2026,4,user-emp2-91,2
no_autorizado,3,2026,1,user-emp2-92,2
no_autorizado,4,2026,2,user-emp2-93,2
no_autorizado,5,2026,3,user-emp2-94,2
no_autorizado,6,2026,4,user-emp2-95,2
no_autorizado,7,2026,1,user-emp2-96,2
no_autorizado,8,2026,2,user-emp2-97,2
no_autorizado,9,2026,3,user-emp2-98,2
no_autorizado,10,2026,4,user-emp2-99,2
no_autorizado,11,2026,1,user-emp2-100,2
no_autorizado,12,2026,2,user-emp2-101,2
no_autorizado,13,2026,3,user-emp2-102,2
no_autorizado,14,2026,4,user-emp2-103,2
no_autorizado,15,2026,1,user-emp2-104,2
no_autorizado,1,2026,2,user-emp2-105,2
no_autorizado,2,2026,3,user-emp2-106,2
no_autorizado,3,2026,4,user-emp2-107,2
no_autorizado,4,2026,1,user-emp2-108,2
no_autorizado,5,2026,2,user-emp2-109,2
no_autorizado,6,2026,3,user-emp2-110,2
no_autorizado,7,2026,4,user-emp2-111,2
no_autorizado,8,2026,1,user-emp2-112,2
no_autorizado,9,2026,2,user-emp2-113,2
no_autorizado,10,2026,3,user-emp2-114,2
no_autorizado,11,2026,4,user-emp2-115,2
no_autorizado,12,2026,1,user-emp2-116,2
no_autorizado,13,2026,2,user-emp2-117,2
no_autorizado,14,2026,3,user-emp2-118,2
no_autorizado,15,2026,4,user-emp2-119,2
no_autorizado,1,2026,1,user-emp2-120,2
no_autorizado,2,2026,2,user-emp2-121,2
no_autorizado,3,2026,3,user-emp2-122,2
no_autorizado,4,2026,4,user-emp2-123,2
no_autorizado,5,2026,1,user-emp2-124,2
no_autorizado,6,2026,2,user-emp2-125,2
no_autorizado,7,2026,3,user-emp2-126,2
no_autorizado,8,2026,4,user-emp2-127,2
no_autorizado,9,2026,1,user-emp2-128,2
no_autorizado,10,2026,2,user-emp2-129,2
no_autorizado,11,2026,3,user-emp2-130,2
no_autorizado,12,2026,4,user-emp2-131,2
no_autorizado,13,2026,1,user-emp2-132,2
no_autorizado,14,2026,2,user-emp2-133,2
no_autorizado,15,2026,3,user-emp2-134,2
no_autorizado,1,2026,4,user-emp2-135,2
no_autorizado,2,2026,1,user-emp2-136,2
no_autorizado,3,2026,2,user-emp2-137,2
no_autorizado,4,2026,3,user-emp2-138,2
no_autorizado,5,2026,4,user-emp2-139,2
no_autorizado,6,2026,1,user-emp2-140,2
no_autorizado,7,2026,2,user-emp2-141,2
no_autorizado,8,2026,3,user-emp2-142,2
no_autorizado,9,2026,4,user-emp2-143,2
no_autorizado,10,2026,1,user-emp2-144,2
no_autorizado,11,2026,2,user-emp2-145,2
no_autorizado,12,2026,3,user-emp2-146,2
no_autorizado,13,2026,4,user-emp2-147,2
no_autorizado,14,2026,1,user-emp2-148,2
no_autorizado,15,2026,2,user-emp2-149,2
no_autorizado,1,2026,3,user-emp2-150,2
no_autorizado,2,2026,4,user-emp2-151,2
no_autorizado,3,2026,1,user-emp2-152,2
no_autorizado,4,2026,2,user-emp2-153,2
no_autorizado,5,2026,3,user-emp2-154,2
no_autorizado,6,2026,4,user-emp2-155,2
no_autorizado,7,2026,1,user-emp2-156,2
no_autorizado,8,2026,2,user-emp2-157,2
no_autorizado,9,2026,3,user-emp2-158,2
no_autorizado,10,2026,4,user-emp2-159,2
no_autorizado,11,2026,1,user-emp2-160,2
no_autorizado,12,2026,2,user-emp2-161,2
no_autorizado,13,2026,3,user-emp2-162,2
no_autorizado,14,2026,4,user-emp2-163,2
no_autorizado,15,2026,1,user-emp2-164,2
no_autorizado,1,2026,2,user-emp2-165,2
no_autorizado,2,2026,3,user-emp2-166,2
no_autorizado,3,2026,4,user-emp2-167,2
no_autorizado,4,2026,1,user-emp2-168,2
no_autorizado,5,2026,2,user-emp2-169,2
no_autorizado,6,2026,3,user-emp2-170,2
no_autorizado,7,2026,4,user-emp2-171,2
no_autorizado,8,2026,1,user-emp2-172,2
no_autorizado,9,2026,2,user-emp2-173,2
no_autorizado,10,2026,3,user-emp2-174,2
no_autorizado,11,2026,4,user-emp2-175,2
no_autorizado,12,2026,1,user-emp2-176,2
no_autorizado,13,2026,2,user-emp2-177,2
no_autorizado,14,2026,3,user-emp2-178,2
no_autorizado,15,2026,4,user-emp2-179,2
no_autorizado,1,2026,1,user-emp2-180,2
no_autorizado,2,2026,2,user-emp2-181,2
no_autorizado,3,2026,3,user-emp2-182,2
no_autorizado,4,2026,4,user-emp2-183,2
no_autorizado,5,2026,1,user-emp2-184,2
no_autorizado,6,2026,2,user-emp2-185,2
no_autorizado,7,2026,3,user-emp2-186,2
no_autorizado,8,2026,4,user-emp2-187,2
no_autorizado,9,2026,1,user-emp2-188,2
no_autorizado,10,2026,2,user-emp2-189,2
no_autorizado,11,2026,3,user-emp2-190,2
no_autorizado,12,2026,4,user-emp2-191,2
no_autorizado,13,2026,1,user-emp2-192,2
no_autorizado,14,2026,2,user-emp2-193,2
no_autorizado,15,2026,3,user-emp2-194,2
no_autorizado,1,2026,4,user-emp2-195,2
no_autorizado,2,2026,1,user-emp2-196,2
no_autorizado,3,2026,2,user-emp2-197,2
no_autorizado,4,2026,3,user-emp2-198,2
no_autorizado,5,2026,4,user-emp2-199,2
no_autorizado,6,2026,1,user-emp2-200,2
no_autorizado,7,2026,2,user-emp2-201,2
no_autorizado,8,2026,3,user-emp2-202,2
no_autorizado,9,2026,4,user-emp2-203,2
no_autorizado,10,2026,1,user-emp2-204,2
no_autorizado,11,2026,2,user-emp2-205,2
no_autorizado,12,2026,3,user-emp2-206,2
no_autorizado,13,2026,4,user-emp2-207,2
no_autorizado,14,2026,1,user-emp2-208,2
no_autorizado,15,2026,2,user-emp2-209,2
no_autorizado,1,2026,3,user-emp2-210,2
no_autorizado,2,2026,4,user-emp2-211,2
no_autorizado,3,2026,1,user-emp2-212,2
no_autorizado,4,2026,2,user-emp2-213,2
no_autorizado,5,2026,3,user-emp2-214,2
no_autorizado,6,2026,4,user-emp2-215,2
no_autorizado,7,2026,1,user-emp2-216,2
no_autorizado,8,2026,2,user-emp2-217,2
no_autorizado,9,2026,3,user-emp2-218,2
no_autorizado,10,2026,4,user-emp2-219,2
no_autorizado,11,2026,1,user-emp2-220,2
no_autorizado,12,2026,2,user-emp2-221,2
no_autorizado,13,2026,3,user-emp2-222,2
no_autorizado,14,2026,4,user-emp2-223,2
no_autorizado,15,2026,1,user-emp2-224,2
no_autorizado,1,2026,2,user-emp2-225,2
no_autorizado,2,2026,3,user-emp2-226,2
no_autorizado,3,2026,4,user-emp2-227,2
no_autorizado,4,2026,1,user-emp2-228,2
no_autorizado,5,2026,2,user-emp2-229,2
no_autorizado,6,2026,3,user-emp2-230,2
no_autorizado,7,2026,4,user-emp2-231,2
no_autorizado,8,2026,1,user-emp2-232,2
no_autorizado,9,2026,2,user-emp2-233,2
no_autorizado,10,2026,3,user-emp2-234,2
no_autorizado,11,2026,4,user-emp2-235,2
no_autorizado,12,2026,1,user-emp2-236,2
no_autorizado,13,2026,2,user-emp2-237,2
no_autorizado,14,2026,3,user-emp2-238,2
no_autorizado,15,2026,4,user-emp2-239,2
no_autorizado,1,2026,1,user-emp2-240,2
no_autorizado,2,2026,2,user-emp2-241,2
no_autorizado,3,2026,3,user-emp2-242,2
no_autorizado,4,2026,4,user-emp2-243,2
no_autorizado,5,2026,1,user-emp2-244,2
no_autorizado,6,2026,2,user-emp2-245,2
no_autorizado,7,2026,3,user-emp2-246,2
no_autorizado,8,2026,4,user-emp2-247,2
no_autorizado,9,2026,1,user-emp2-248,2
no_autorizado,10,2026,2,user-emp2-249,2
no_autorizado,11,2026,3,user-emp2-250,2
no_autorizado,12,2026,4,user-emp2-251,2
no_autorizado,13,2026,1,user-emp2-252,2
no_autorizado,14,2026,2,user-emp2-253,2
no_autorizado,15,2026,3,user-emp2-254,2
no_autorizado,1,2026,4,user-emp2-255,2
no_autorizado,2,2026,1,user-emp2-256,2
no_autorizado,3,2026,2,user-emp2-257,2
no_autorizado,4,2026,3,user-emp2-258,2
no_autorizado,5,2026,4,user-emp2-259,2
no_autorizado,6,2026,1,user-emp2-260,2
no_autorizado,7,2026,2,user-emp2-261,2
no_autorizado,8,2026,3,user-emp2-262,2
no_autorizado,9,2026,4,user-emp2-263,2
no_autorizado,10,2026,1,user-emp2-264,2
no_autorizado,11,2026,2,user-emp2-265,2
no_autorizado,12,2026,3,user-emp2-266,2
no_autorizado,13,2026,4,user-emp2-267,2
no_autorizado,14,2026,1,user-emp2-268,2
no_autorizado,15,2026,2,user-emp2-269,2
no_autorizado,1,2026,3,user-emp2-270,2
no_autorizado,2,2026,4,user-emp2-271,2
no_autorizado,3,2026,1,user-emp2-272,2
no_autorizado,4,2026,2,user-emp2-273,2
no_autorizado,5,2026,3,user-emp2-274,2
no_autorizado,6,2026,4,user-emp2-275,2
no_autorizado,7,2026,1,user-emp2-276,2
no_autorizado,8,2026,2,user-emp2-277,2
no_autorizado,9,2026,3,user-emp2-278,2
no_autorizado,10,2026,4,user-emp2-279,2
no_autorizado,11,2026,1,user-emp2-280,2
no_autorizado,12,2026,2,user-emp2-281,2
no_autorizado,13,2026,3,user-emp2-282,2
no_autorizado,14,2026,4,user-emp2-283,2
no_autorizado,15,2026,1,user-emp2-284,2
no_autorizado,1,2026,2,user-emp2-285,2
no_autorizado,2,2026,3,user-emp2-286,2
no_autorizado,3,2026,4,user-emp2-287,2
no_autorizado,4,2026,1,user-emp2-288,2
no_autorizado,5,2026,2,user-emp2-289,2
no_autorizado,6,2026,3,user-emp2-290,2
no_autorizado,7,2026,4,user-emp2-291,2
no_autorizado,8,2026,1,user-emp2-292,2
no_autorizado,9,2026,2,user-emp2-293,2
no_autorizado,10,2026,3,user-emp2-294,2
no_autorizado,11,2026,4,user-emp2-295,2
no_autorizado,12,2026,1,user-emp2-296,2
no_autorizado,13,2026,2,user-emp2-297,2
no_autorizado,14,2026,3,user-emp2-298,2
no_autorizado,15,2026,4,user-emp2-299,2
no_autorizado,1,2026,1,user-emp2-300,2
no_autorizado,2,2026,2,user-emp2-301,2
no_autorizado,3,2026,3,user-emp2-302,2
no_autorizado,4,2026,4,user-emp2-303,2
no_autorizado,5,2026,1,user-emp2-304,2
no_autorizado,6,2026,2,user-emp2-305,2
no_autorizado,7,2026,3,user-emp2-306,2
no_autorizado,8,2026,4,user-emp2-307,2
no_autorizado,9,2026,1,user-emp2-308,2
no_autorizado,10,2026,2,user-emp2-309,2
no_autorizado,11,2026,3,user-emp2-310,2
no_autorizado,12,2026,4,user-emp2-311,2
no_autorizado,13,2026,1,user-emp2-312,2
no_autorizado,14,2026,2,user-emp2-313,2
no_autorizado,15,2026,3,user-emp2-314,2
no_autorizado,1,2026,4,user-emp2-315,2
no_autorizado,2,2026,1,user-emp2-316,2
no_autorizado,3,2026,2,user-emp2-317,2
no_autorizado,4,2026,3,user-emp2-318,2
no_autorizado,5,2026,4,user-emp2-319,2
no_autorizado,6,2026,1,user-emp2-320,2
no_autorizado,7,2026,2,user-emp2-321,2
no_autorizado,8,2026,3,user-emp2-322,2
no_autorizado,9,2026,4,user-emp2-323,2
no_autorizado,10,2026,1,user-emp2-324,2
no_autorizado,11,2026,2,user-emp2-325,2
no_autorizado,12,2026,3,user-emp2-326,2
no_autorizado,13,2026,4,user-emp2-327,2
no_autorizado,14,2026,1,user-emp2-328,2
no_autorizado,15,2026,2,user-emp2-329,2
no_autorizado,1,2026,3,user-emp2-330,2
no_autorizado,2,2026,4,user-emp2-331,2
no_autorizado,3,2026,1,user-emp2-332,2
no_autorizado,4,2026,2,user-emp2-333,2
no_autorizado,5,2026,3,user-emp2-334,2
no_autorizado,6,2026,4,user-emp2-335,2
no_autorizado,7,2026,1,user-emp2-336,2
no_autorizado,8,2026,2,user-emp2-337,2
no_autorizado,9,2026,3,user-emp2-338,2
no_autorizado,10,2026,4,user-emp2-339,2
no_autorizado,11,2026,1,user-emp2-340,2
no_autorizado,12,2026,2,user-emp2-341,2
no_autorizado,13,2026,3,user-emp2-342,2
no_autorizado,14,2026,4,user-emp2-343,2
no_autorizado,15,2026,1,user-emp2-344,2
no_autorizado,1,2026,2,user-emp2-345,2
no_autorizado,2,2026,3,user-emp2-346,2
no_autorizado,3,2026,4,user-emp2-347,2
no_autorizado,4,2026,1,user-emp2-348,2
no_autorizado,5,2026,2,user-emp2-349,2
no_autorizado,6,2026,3,user-emp2-350,2
no_autorizado,7,2026,4,user-emp2-351,2
no_autorizado,8,2026,1,user-emp2-352,2
no_autorizado,9,2026,2,user-emp2-353,2
no_autorizado,10,2026,3,user-emp2-354,2
no_autorizado,11,2026,4,user-emp2-355,2
no_autorizado,12,2026,1,user-emp2-356,2
no_autorizado,13,2026,2,user-emp2-357,2
no_autorizado,14,2026,3,user-emp2-358,2
no_autorizado,15,2026,4,user-emp2-359,2
no_autorizado,1,2026,1,user-emp2-360,2
no_autorizado,2,2026,2,user-emp2-361,2
no_autorizado,3,2026,3,user-emp2-362,2
no_autorizado,4,2026,4,user-emp2-363,2
no_autorizado,5,2026,1,user-emp2-364,2
no_autorizado,6,2026,2,user-emp2-365,2
no_autorizado,7,2026,3,user-emp2-366,2
no_autorizado,8,2026,4,user-emp2-367,2
no_autorizado,9,2026,1,user-emp2-368,2
no_autorizado,10,2026,2,user-emp2-369,2
no_autorizado,11,2026,3,user-emp2-370,2
no_autorizado,12,2026,4,user-emp2-371,2
no_autorizado,13,2026,1,user-emp2-372,2
no_autorizado,14,2026,2,user-emp2-373,2
no_autorizado,15,2026,3,user-emp2-374,2
no_autorizado,1,2026,4,user-emp2-375,2
no_autorizado,2,2026,1,user-emp2-376,2
no_autorizado,3,2026,2,user-emp2-377,2
no_autorizado,4,2026,3,user-emp2-378,2
no_autorizado,5,2026,4,user-emp2-379,2
no_autorizado,6,2026,1,user-emp2-380,2
no_autorizado,7,2026,2,user-emp2-381,2
no_autorizado,8,2026,3,user-emp2-382,2
no_autorizado,9,2026,4,user-emp2-383,2
no_autorizado,10,2026,1,user-emp2-384,2
no_autorizado,11,2026,2,user-emp2-385,2
no_autorizado,12,2026,3,user-emp2-386,2
no_autorizado,13,2026,4,user-emp2-387,2
no_autorizado,14,2026,1,user-emp2-388,2
no_autorizado,15,2026,2,user-emp2-389,2
no_autorizado,1,2026,3,user-emp2-390,2
no_autorizado,2,2026,4,user-emp2-391,2
no_autorizado,3,2026,1,user-emp2-392,2
no_autorizado,4,2026,2,user-emp2-393,2
no_autorizado,5,2026,3,user-emp2-394,2
no_autorizado,6,2026,4,user-emp2-395,2
no_autorizado,7,2026,1,user-emp2-396,2
no_autorizado,8,2026,2,user-emp2-397,2
no_autorizado,9,2026,3,user-emp2-398,2
no_autorizado,10,2026,4,user-emp2-399,2
no_autorizado,11,2026,1,user-emp2-400,2
no_autorizado,12,2026,2,user-emp2-401,2
no_autorizado,13,2026,3,user-emp2-402,2
no_autorizado,14,2026,4,user-emp2-403,2
no_autorizado,15,2026,1,user-emp2-404,2
no_autorizado,1,2026,2,user-emp2-405,2
no_autorizado,2,2026,3,user-emp2-406,2
no_autorizado,3,2026,4,user-emp2-407,2
no_autorizado,4,2026,1,user-emp2-408,2
no_autorizado,5,2026,2,user-emp2-409,2
no_autorizado,6,2026,3,user-emp2-410,2
no_autorizado,7,2026,4,user-emp2-411,2
no_autorizado,8,2026,1,user-emp2-412,2
no_autorizado,9,2026,2,user-emp2-413,2
no_autorizado,10,2026,3,user-emp2-414,2
no_autorizado,11,2026,4,user-emp2-415,2
no_autorizado,12,2026,1,user-emp2-416,2
no_autorizado,13,2026,2,user-emp2-417,2
no_autorizado,14,2026,3,user-emp2-418,2
no_autorizado,15,2026,4,user-emp2-419,2
no_autorizado,1,2026,1,user-emp2-420,2
no_autorizado,2,2026,2,user-emp2-421,2
no_autorizado,3,2026,3,user-emp2-422,2
no_autorizado,4,2026,4,user-emp2-423,2
no_autorizado,5,2026,1,user-emp2-424,2
no_autorizado,6,2026,2,user-emp2-425,2
no_autorizado,7,2026,3,user-emp2-426,2
no_autorizado,8,2026,4,user-emp2-427,2
no_autorizado,9,2026,1,user-emp2-428,2
no_autorizado,10,2026,2,user-emp2-429,2
no_autorizado,11,2026,3,user-emp2-430,2
no_autorizado,12,2026,4,user-emp2-431,2
no_autorizado,13,2026,1,user-emp2-432,2
no_autorizado,14,2026,2,user-emp2-433,2
no_autorizado,15,2026,3,user-emp2-434,2
no_autorizado,1,2026,4,user-emp2-435,2
no_autorizado,2,2026,1,user-emp2-436,2
no_autorizado,3,2026,2,user-emp2-437,2
no_autorizado,4,2026,3,user-emp2-438,2
no_autorizado,5,2026,4,user-emp2-439,2
no_autorizado,6,2026,1,user-emp2-440,2
no_autorizado,7,2026,2,user-emp2-441,2
no_autorizado,8,2026,3,user-emp2-442,2
no_autorizado,9,2026,4,user-emp2-443,2
no_autorizado,10,2026,1,user-emp2-444,2
no_autorizado,11,2026,2,user-emp2-445,2
no_autorizado,12,2026,3,user-emp2-446,2
no_autorizado,13,2026,4,user-emp2-447,2
no_autorizado,14,2026,1,user-emp2-448,2
no_autorizado,15,2026,2,user-emp2-449,2
no_autorizado,1,2026,3,user-emp2-450,2
no_autorizado,2,2026,4,user-emp2-451,2
no_autorizado,3,2026,1,user-emp2-452,2
no_autorizado,4,2026,2,user-emp2-453,2
no_autorizado,5,2026,3,user-emp2-454,2
no_autorizado,6,2026,4,user-emp2-455,2
no_autorizado,7,2026,1,user-emp2-456,2
no_autorizado,8,2026,2,user-emp2-457,2
no_autorizado,9,2026,3,user-emp2-458,2
no_autorizado,10,2026,4,user-emp2-459,2
no_autorizado,11,2026,1,user-emp2-460,2
no_autorizado,12,2026,2,user-emp2-461,2
no_autorizado,13,2026,3,user-emp2-462,2
no_autorizado,14,2026,4,user-emp2-463,2
no_autorizado,15,2026,1,user-emp2-464,2
no_autorizado,1,2026,2,user-emp2-465,2
no_autorizado,2,2026,3,user-emp2-466,2
no_autorizado,3,2026,4,user-emp2-467,2
no_autorizado,4,2026,1,user-emp2-468,2
no_autorizado,5,2026,2,user-emp2-469,2
no_autorizado,6,2026,3,user-emp2-470,2
no_autorizado,7,2026,4,user-emp2-471,2
no_autorizado,8,2026,1,user-emp2-472,2
no_autorizado,9,2026,2,user-emp2-473,2
no_autorizado,10,2026,3,user-emp2-474,2
no_autorizado,11,2026,4,user-emp2-475,2
no_autorizado,12,2026,1,user-emp2-476,2
no_autorizado,13,2026,2,user-emp2-477,2
no_autorizado,14,2026,3,user-emp2-478,2
no_autorizado,15,2026,4,user-emp2-479,2
no_autorizado,1,2026,1,user-emp2-480,2
no_autorizado,2,2026,2,user-emp2-481,2
no_autorizado,3,2026,3,user-emp2-482,2
no_autorizado,4,2026,4,user-emp2-483,2
no_autorizado,5,2026,1,user-emp2-484,2
no_autorizado,6,2026,2,user-emp2-485,2
no_autorizado,7,2026,3,user-emp2-486,2
no_autorizado,8,2026,4,user-emp2-487,2
no_autorizado,9,2026,1,user-emp2-488,2
no_autorizado,10,2026,2,user-emp2-489,2
no_autorizado,11,2026,3,user-emp2-490,2
no_autorizado,12,2026,4,user-emp2-491,2
no_autorizado,13,2026,1,user-emp2-492,2
no_autorizado,14,2026,2,user-emp2-493,2
no_autorizado,15,2026,3,user-emp2-494,2
no_autorizado,1,2026,4,user-emp2-495,2
no_autorizado,2,2026,1,user-emp2-496,2
no_autorizado,3,2026,2,user-emp2-497,2
no_autorizado,4,2026,3,user-emp2-498,2
no_autorizado,5,2026,4,user-emp2-499,2
no_autorizado,6,2026,1,user-emp2-500,2
no_autorizado,7,2026,2,user-emp2-501,2
no_autorizado,8,2026,3,user-emp2-502,2
no_autorizado,9,2026,4,user-emp2-503,2
no_autorizado,10,2026,1,user-emp2-504,2
no_autorizado,11,2026,2,user-emp2-505,2
no_autorizado,12,2026,3,user-emp2-506,2
no_autorizado,13,2026,4,user-emp2-507,2
no_autorizado,14,2026,1,user-emp2-508,2
no_autorizado,15,2026,2,user-emp2-509,2
no_autorizado,1,2026,3,user-emp2-510,2
no_autorizado,2,2026,4,user-emp2-511,2
no_autorizado,3,2026,1,user-emp2-512,2
no_autorizado,4,2026,2,user-emp2-513,2
no_autorizado,5,2026,3,user-emp2-514,2
no_autorizado,6,2026,4,user-emp2-515,2
no_autorizado,7,2026,1,user-emp2-516,2
no_autorizado,8,2026,2,user-emp2-517,2
no_autorizado,9,2026,3,user-emp2-518,2
no_autorizado,10,2026,4,user-emp2-519,2
no_autorizado,11,2026,1,user-emp2-520,2
no_autorizado,12,2026,2,user-emp2-521,2
no_autorizado,13,2026,3,user-emp2-522,2
no_autorizado,14,2026,4,user-emp2-523,2
no_autorizado,15,2026,1,user-emp2-524,2
no_autorizado,1,2026,2,user-emp2-525,2
no_autorizado,2,2026,3,user-emp2-526,2
no_autorizado,3,2026,4,user-emp2-527,2
no_autorizado,4,2026,1,user-emp2-528,2
no_autorizado,5,2026,2,user-emp2-529,2
no_autorizado,6,2026,3,user-emp2-530,2
no_autorizado,7,2026,4,user-emp2-531,2
no_autorizado,8,2026,1,user-emp2-532,2
no_autorizado,9,2026,2,user-emp2-533,2
no_autorizado,10,2026,3,user-emp2-534,2
no_autorizado,11,2026,4,user-emp2-535,2
no_autorizado,12,2026,1,user-emp2-536,2
no_autorizado,13,2026,2,user-emp2-537,2
no_autorizado,14,2026,3,user-emp2-538,2
no_autorizado,15,2026,4,user-emp2-539,2
no_autorizado,1,2026,1,user-emp2-540,2
no_autorizado,2,2026,2,user-emp2-541,2
no_autorizado,3,2026,3,user-emp2-542,2
no_autorizado,4,2026,4,user-emp2-543,2
no_autorizado,5,2026,1,user-emp2-544,2
no_autorizado,6,2026,2,user-emp2-545,2
no_autorizado,7,2026,3,user-emp2-546,2
no_autorizado,8,2026,4,user-emp2-547,2
no_autorizado,9,2026,1,user-emp2-548,2
no_autorizado,10,2026,2,user-emp2-549,2
no_autorizado,11,2026,3,user-emp2-550,2
no_autorizado,12,2026,4,user-emp2-551,2
no_autorizado,13,2026,1,user-emp2-552,2
no_autorizado,14,2026,2,user-emp2-553,2
no_autorizado,15,2026,3,user-emp2-554,2
no_autorizado,1,2026,4,user-emp2-555,2
no_autorizado,2,2026,1,user-emp2-556,2
no_autorizado,3,2026,2,user-emp2-557,2
no_autorizado,4,2026,3,user-emp2-558,2
no_autorizado,5,2026,4,user-emp2-559,2
no_autorizado,6,2026,1,user-emp2-560,2
no_autorizado,7,2026,2,user-emp2-561,2
no_autorizado,8,2026,3,user-emp2-562,2
no_autorizado,9,2026,4,user-emp2-563,2
no_autorizado,10,2026,1,user-emp2-564,2
no_autorizado,11,2026,2,user-emp2-565,2
no_autorizado,12,2026,3,user-emp2-566,2
no_autorizado,13,2026,4,user-emp2-567,2
no_autorizado,14,2026,1,user-emp2-568,2
no_autorizado,15,2026,2,user-emp2-569,2
no_autorizado,1,2026,3,user-emp2-570,2
no_autorizado,2,2026,4,user-emp2-571,2
no_autorizado,3,2026,1,user-emp2-572,2
no_autorizado,4,2026,2,user-emp2-573,2
no_autorizado,5,2026,3,user-emp2-574,2
no_autorizado,6,2026,4,user-emp2-575,2
no_autorizado,7,2026,1,user-emp2-576,2
no_autorizado,8,2026,2,user-emp2-577,2
no_autorizado,9,2026,3,user-emp2-578,2
no_autorizado,10,2026,4,user-emp2-579,2
no_autorizado,11,2026,1,user-emp2-580,2
no_autorizado,12,2026,2,user-emp2-581,2
no_autorizado,13,2026,3,user-emp2-582,2
no_autorizado,14,2026,4,user-emp2-583,2
no_autorizado,15,2026,1,user-emp2-584,2
no_autorizado,1,2026,2,user-emp2-585,2
no_autorizado,2,2026,3,user-emp2-586,2
no_autorizado,3,2026,4,user-emp2-587,2
no_autorizado,4,2026,1,user-emp2-588,2
no_autorizado,5,2026,2,user-emp2-589,2
no_autorizado,6,2026,3,user-emp2-590,2
no_autorizado,7,2026,4,user-emp2-591,2
no_autorizado,8,2026,1,user-emp2-592,2
no_autorizado,9,2026,2,user-emp2-593,2
no_autorizado,10,2026,3,user-emp2-594,2
no_autorizado,11,2026,4,user-emp2-595,2
no_autorizado,12,2026,1,user-emp2-596,2
no_autorizado,13,2026,2,user-emp2-597,2
no_autorizado,14,2026,3,user-emp2-598,2
no_autorizado,15,2026,4,user-emp2-599,2
no_autorizado,1,2026,1,user-emp2-600,2
no_autorizado,2,2026,2,user-emp2-601,2
no_autorizado,3,2026,3,user-emp2-602,2
no_autorizado,4,2026,4,user-emp2-603,2
no_autorizado,5,2026,1,user-emp2-604,2
no_autorizado,6,2026,2,user-emp2-605,2
no_autorizado,7,2026,3,user-emp2-606,2
no_autorizado,8,2026,4,user-emp2-607,2
no_autorizado,9,2026,1,user-emp2-608,2
no_autorizado,10,2026,2,user-emp2-609,2
no_autorizado,11,2026,3,user-emp2-610,2
no_autorizado,12,2026,4,user-emp2-611,2
no_autorizado,13,2026,1,user-emp2-612,2
no_autorizado,14,2026,2,user-emp2-613,2
no_autorizado,15,2026,3,user-emp2-614,2
no_autorizado,1,2026,4,user-emp2-615,2
no_autorizado,2,2026,1,user-emp2-616,2
no_autorizado,3,2026,2,user-emp2-617,2
no_autorizado,4,2026,3,user-emp2-618,2
no_autorizado,5,2026,4,user-emp2-619,2
no_autorizado,6,2026,1,user-emp2-620,2
no_autorizado,7,2026,2,user-emp2-621,2
no_autorizado,8,2026,3,user-emp2-622,2
no_autorizado,9,2026,4,user-emp2-623,2
no_autorizado,10,2026,1,user-emp2-624,2
no_autorizado,11,2026,2,user-emp2-625,2
no_autorizado,12,2026,3,user-emp2-626,2
no_autorizado,13,2026,4,user-emp2-627,2
no_autorizado,14,2026,1,user-emp2-628,2
no_autorizado,15,2026,2,user-emp2-629,2
no_autorizado,1,2026,3,user-emp2-630,2
no_autorizado,2,2026,4,user-emp2-631,2
no_autorizado,3,2026,1,user-emp2-632,2
no_autorizado,4,2026,2,user-emp2-633,2
no_autorizado,5,2026,3,user-emp2-634,2
no_autorizado,6,2026,4,user-emp2-635,2
no_autorizado,7,2026,1,user-emp2-636,2
no_autorizado,8,2026,2,user-emp2-637,2
no_autorizado,9,2026,3,user-emp2-638,2
no_autorizado,10,2026,4,user-emp2-639,2
no_autorizado,11,2026,1,user-emp2-640,2
no_autorizado,12,2026,2,user-emp2-641,2
no_autorizado,13,2026,3,user-emp2-642,2
no_autorizado,14,2026,4,user-emp2-643,2
no_autorizado,15,2026,1,user-emp2-644,2
no_autorizado,1,2026,2,user-emp2-645,2
no_autorizado,2,2026,3,user-emp2-646,2
no_autorizado,3,2026,4,user-emp2-647,2
no_autorizado,4,2026,1,user-emp2-648,2
no_autorizado,5,2026,2,user-emp2-649,2
no_autorizado,6,2026,3,user-emp2-650,2
no_autorizado,7,2026,4,user-emp2-651,2
no_autorizado,8,2026,1,user-emp2-652,2
no_autorizado,9,2026,2,user-emp2-653,2
no_autorizado,10,2026,3,user-emp2-654,2
no_autorizado,11,2026,4,user-emp2-655,2
no_autorizado,12,2026,1,user-emp2-656,2
no_autorizado,13,2026,2,user-emp2-657,2
no_autorizado,14,2026,3,user-emp2-658,2
no_autorizado,15,2026,4,user-emp2-659,2
no_autorizado,1,2026,1,user-emp2-660,2
no_autorizado,2,2026,2,user-emp2-661,2
no_autorizado,3,2026,3,user-emp2-662,2
no_autorizado,4,2026,4,user-emp2-663,2
no_autorizado,5,2026,1,user-emp2-664,2
no_autorizado,6,2026,2,user-emp2-665,2
no_autorizado,7,2026,3,user-emp2-666,2
no_autorizado,8,2026,4,user-emp2-667,2
no_autorizado,9,2026,1,user-emp2-668,2
no_autorizado,10,2026,2,user-emp2-669,2
no_autorizado,11,2026,3,user-emp2-670,2
no_autorizado,12,2026,4,user-emp2-671,2
no_autorizado,13,2026,1,user-emp2-672,2
no_autorizado,14,2026,2,user-emp2-673,2
no_autorizado,15,2026,3,user-emp2-674,2
no_autorizado,1,2026,4,user-emp2-675,2
no_autorizado,2,2026,1,user-emp2-676,2
no_autorizado,3,2026,2,user-emp2-677,2
no_autorizado,4,2026,3,user-emp2-678,2
no_autorizado,5,2026,4,user-emp2-679,2
no_autorizado,6,2026,1,user-emp2-680,2
no_autorizado,7,2026,2,user-emp2-681,2
no_autorizado,8,2026,3,user-emp2-682,2
no_autorizado,9,2026,4,user-emp2-683,2
no_autorizado,10,2026,1,user-emp2-684,2
no_autorizado,11,2026,2,user-emp2-685,2
no_autorizado,12,2026,3,user-emp2-686,2
no_autorizado,13,2026,4,user-emp2-687,2
no_autorizado,14,2026,1,user-emp2-688,2
no_autorizado,15,2026,2,user-emp2-689,2
no_autorizado,1,2026,3,user-emp2-690,2
no_autorizado,2,2026,4,user-emp2-691,2
no_autorizado,3,2026,1,user-emp2-692,2
no_autorizado,4,2026,2,user-emp2-693,2
no_autorizado,5,2026,3,user-emp2-694,2
no_autorizado,6,2026,4,user-emp2-695,2
no_autorizado,7,2026,1,user-emp2-696,2
no_autorizado,8,2026,2,user-emp2-697,2
no_autorizado,9,2026,3,user-emp2-698,2
no_autorizado,10,2026,4,user-emp2-699,2
no_autorizado,11,2026,1,user-emp2-700,2
no_autorizado,12,2026,2,user-emp2-701,2
no_autorizado,13,2026,3,user-emp2-702,2
no_autorizado,14,2026,4,user-emp2-703,2
no_autorizado,15,2026,1,user-emp2-704,2
no_autorizado,1,2026,2,user-emp2-705,2
no_autorizado,2,2026,3,user-emp2-706,2
no_autorizado,3,2026,4,user-emp2-707,2
no_autorizado,4,2026,1,user-emp2-708,2
no_autorizado,5,2026,2,user-emp2-709,2
no_autorizado,6,2026,3,user-emp2-710,2
no_autorizado,7,2026,4,user-emp2-711,2
no_autorizado,8,2026,1,user-emp2-712,2
no_autorizado,9,2026,2,user-emp2-713,2
no_autorizado,10,2026,3,user-emp2-714,2
no_autorizado,11,2026,4,user-emp2-715,2
no_autorizado,12,2026,1,user-emp2-716,2
no_autorizado,13,2026,2,user-emp2-717,2
no_autorizado,14,2026,3,user-emp2-718,2
no_autorizado,15,2026,4,user-emp2-719,2
no_autorizado,1,2026,1,user-emp2-720,2
no_autorizado,2,2026,2,user-emp2-721,2
no_autorizado,3,2026,3,user-emp2-722,2
no_autorizado,4,2026,4,user-emp2-723,2
no_autorizado,5,2026,1,user-emp2-724,2
no_autorizado,6,2026,2,user-emp2-725,2
no_autorizado,7,2026,3,user-emp2-726,2
no_autorizado,8,2026,4,user-emp2-727,2
no_autorizado,9,2026,1,user-emp2-728,2
no_autorizado,10,2026,2,user-emp2-729,2
no_autorizado,11,2026,3,user-emp2-730,2
no_autorizado,12,2026,4,user-emp2-731,2
no_autorizado,13,2026,1,user-emp2-732,2
no_autorizado,14,2026,2,user-emp2-733,2
no_autorizado,15,2026,3,user-emp2-734,2
no_autorizado,1,2026,4,user-emp2-735,2
no_autorizado,2,2026,1,user-emp2-736,2
no_autorizado,3,2026,2,user-emp2-737,2
no_autorizado,4,2026,3,user-emp2-738,2
no_autorizado,5,2026,4,user-emp2-739,2
no_autorizado,6,2026,1,user-emp2-740,2
no_autorizado,7,2026,2,user-emp2-741,2
no_autorizado,8,2026,3,user-emp2-742,2
no_autorizado,9,2026,4,user-emp2-743,2
no_autorizado,10,2026,1,user-emp2-744,2
no_autorizado,11,2026,2,user-emp2-745,2
no_autorizado,12,2026,3,user-emp2-746,2
no_autorizado,13,2026,4,user-emp2-747,2
no_autorizado,14,2026,1,user-emp2-748,2
no_autorizado,15,2026,2,user-emp2-749,2
no_autorizado,1,2026,3,user-emp2-750,2
no_autorizado,2,2026,4,user-emp2-751,2
no_autorizado,3,2026,1,user-emp2-752,2
no_autorizado,4,2026,2,user-emp2-753,2
no_autorizado,5,2026,3,user-emp2-754,2
no_autorizado,6,2026,4,user-emp2-755,2
no_autorizado,7,2026,1,user-emp2-756,2
no_autorizado,8,2026,2,user-emp2-757,2
no_autorizado,9,2026,3,user-emp2-758,2
no_autorizado,10,2026,4,user-emp2-759,2
no_autorizado,11,2026,1,user-emp2-760,2
no_autorizado,12,2026,2,user-emp2-761,2
no_autorizado,13,2026,3,user-emp2-762,2
no_autorizado,14,2026,4,user-emp2-763,2
no_autorizado,15,2026,1,user-emp2-764,2
no_autorizado,1,2026,2,user-emp2-765,2
no_autorizado,2,2026,3,user-emp2-766,2
no_autorizado,3,2026,4,user-emp2-767,2
no_autorizado,4,2026,1,user-emp2-768,2
no_autorizado,5,2026,2,user-emp2-769,2
no_autorizado,6,2026,3,user-emp2-770,2
no_autorizado,7,2026,4,user-emp2-771,2
no_autorizado,8,2026,1,user-emp2-772,2
no_autorizado,9,2026,2,user-emp2-773,2
no_autorizado,10,2026,3,user-emp2-774,2
no_autorizado,11,2026,4,user-emp2-775,2
no_autorizado,12,2026,1,user-emp2-776,2
no_autorizado,13,2026,2,user-emp2-777,2
no_autorizado,14,2026,3,user-emp2-778,2
no_autorizado,15,2026,4,user-emp2-779,2
no_autorizado,1,2026,1,user-emp2-780,2
no_autorizado,2,2026,2,user-emp2-781,2
no_autorizado,3,2026,3,user-emp2-782,2
no_autorizado,4,2026,4,user-emp2-783,2
no_autorizado,5,2026,1,user-emp2-784,2
no_autorizado,6,2026,2,user-emp2-785,2
no_autorizado,7,2026,3,user-emp2-786,2
no_autorizado,8,2026,4,user-emp2-787,2
no_autorizado,9,2026,1,user-emp2-788,2
no_autorizado,10,2026,2,user-emp2-789,2
no_autorizado,11,2026,3,user-emp2-790,2
no_autorizado,12,2026,4,user-emp2-791,2
no_autorizado,13,2026,1,user-emp2-792,2
no_autorizado,14,2026,2,user-emp2-793,2
no_autorizado,15,2026,3,user-emp2-794,2
no_autorizado,1,2026,4,user-emp2-795,2
no_autorizado,2,2026,1,user-emp2-796,2
no_autorizado,3,2026,2,user-emp2-797,2
no_autorizado,4,2026,3,user-emp2-798,2
no_autorizado,5,2026,4,user-emp2-799,2
no_autorizado,6,2026,1,user-emp2-800,2
no_autorizado,7,2026,2,user-emp2-801,2
no_autorizado,8,2026,3,user-emp2-802,2
no_autorizado,9,2026,4,user-emp2-803,2
no_autorizado,10,2026,1,user-emp2-804,2
no_autorizado,11,2026,2,user-emp2-805,2
no_autorizado,12,2026,3,user-emp2-806,2
no_autorizado,13,2026,4,user-emp2-807,2
no_autorizado,14,2026,1,user-emp2-808,2
no_autorizado,15,2026,2,user-emp2-809,2
no_autorizado,1,2026,3,user-emp2-810,2
no_autorizado,2,2026,4,user-emp2-811,2
no_autorizado,3,2026,1,user-emp2-812,2
no_autorizado,4,2026,2,user-emp2-813,2
no_autorizado,5,2026,3,user-emp2-814,2
no_autorizado,6,2026,4,user-emp2-815,2
no_autorizado,7,2026,1,user-emp2-816,2
no_autorizado,8,2026,2,user-emp2-817,2
no_autorizado,9,2026,3,user-emp2-818,2
no_autorizado,10,2026,4,user-emp2-819,2
no_autorizado,11,2026,1,user-emp2-820,2
no_autorizado,12,2026,2,user-emp2-821,2
no_autorizado,13,2026,3,user-emp2-822,2
no_autorizado,14,2026,4,user-emp2-823,2
no_autorizado,15,2026,1,user-emp2-824,2
no_autorizado,1,2026,2,user-emp2-825,2
no_autorizado,2,2026,3,user-emp2-826,2
no_autorizado,3,2026,4,user-emp2-827,2
no_autorizado,4,2026,1,user-emp2-828,2
no_autorizado,5,2026,2,user-emp2-829,2
no_autorizado,6,2026,3,user-emp2-830,2
no_autorizado,7,2026,4,user-emp2-831,2
no_autorizado,8,2026,1,user-emp2-832,2
no_autorizado,9,2026,2,user-emp2-833,2
no_autorizado,10,2026,3,user-emp2-834,2
no_autorizado,11,2026,4,user-emp2-835,2
no_autorizado,12,2026,1,user-emp2-836,2
no_autorizado,13,2026,2,user-emp2-837,2
no_autorizado,14,2026,3,user-emp2-838,2
no_autorizado,15,2026,4,user-emp2-839,2
no_autorizado,1,2026,1,user-emp2-840,2
no_autorizado,2,2026,2,user-emp2-841,2
no_autorizado,3,2026,3,user-emp2-842,2
no_autorizado,4,2026,4,user-emp2-843,2
no_autorizado,5,2026,1,user-emp2-844,2
no_autorizado,6,2026,2,user-emp2-845,2
no_autorizado,7,2026,3,user-emp2-846,2
no_autorizado,8,2026,4,user-emp2-847,2
no_autorizado,9,2026,1,user-emp2-848,2
no_autorizado,10,2026,2,user-emp2-849,2
no_autorizado,11,2026,3,user-emp2-850,2
no_autorizado,12,2026,4,user-emp2-851,2
no_autorizado,13,2026,1,user-emp2-852,2
no_autorizado,14,2026,2,user-emp2-853,2
no_autorizado,15,2026,3,user-emp2-854,2
no_autorizado,1,2026,4,user-emp2-855,2
no_autorizado,2,2026,1,user-emp2-856,2
no_autorizado,3,2026,2,user-emp2-857,2
no_autorizado,4,2026,3,user-emp2-858,2
no_autorizado,5,2026,4,user-emp2-859,2
no_autorizado,6,2026,1,user-emp2-860,2
no_autorizado,7,2026,2,user-emp2-861,2
no_autorizado,8,2026,3,user-emp2-862,2
no_autorizado,9,2026,4,user-emp2-863,2
no_autorizado,10,2026,1,user-emp2-864,2
no_autorizado,11,2026,2,user-emp2-865,2
no_autorizado,12,2026,3,user-emp2-866,2
no_autorizado,13,2026,4,user-emp2-867,2
no_autorizado,14,2026,1,user-emp2-868,2
no_autorizado,15,2026,2,user-emp2-869,2
no_autorizado,1,2026,3,user-emp2-870,2
no_autorizado,2,2026,4,user-emp2-871,2
no_autorizado,3,2026,1,user-emp2-872,2
no_autorizado,4,2026,2,user-emp2-873,2
no_autorizado,5,2026,3,user-emp2-874,2
no_autorizado,6,2026,4,user-emp2-875,2
no_autorizado,7,2026,1,user-emp2-876,2
no_autorizado,8,2026,2,user-emp2-877,2
no_autorizado,9,2026,3,user-emp2-878,2
no_autorizado,10,2026,4,user-emp2-879,2
no_autorizado,11,2026,1,user-emp2-880,2
no_autorizado,12,2026,2,user-emp2-881,2
no_autorizado,13,2026,3,user-emp2-882,2
no_autorizado,14,2026,4,user-emp2-883,2
no_autorizado,15,2026,1,user-emp2-884,2
no_autorizado,1,2026,2,user-emp2-885,2
no_autorizado,2,2026,3,user-emp2-886,2
no_autorizado,3,2026,4,user-emp2-887,2
no_autorizado,4,2026,1,user-emp2-888,2
no_autorizado,5,2026,2,user-emp2-889,2
no_autorizado,6,2026,3,user-emp2-890,2
no_autorizado,7,2026,4,user-emp2-891,2
no_autorizado,8,2026,1,user-emp2-892,2
no_autorizado,9,2026,2,user-emp2-893,2
no_autorizado,10,2026,3,user-emp2-894,2
no_autorizado,11,2026,4,user-emp2-895,2
no_autorizado,12,2026,1,user-emp2-896,2
no_autorizado,13,2026,2,user-emp2-897,2
no_autorizado,14,2026,3,user-emp2-898,2
no_autorizado,15,2026,4,user-emp2-899,2
no_autorizado,1,2026,1,user-emp2-900,2
no_autorizado,2,2026,2,user-emp2-901,2
no_autorizado,3,2026,3,user-emp2-902,2
no_autorizado,4,2026,4,user-emp2-903,2
no_autorizado,5,2026,1,user-emp2-904,2
no_autorizado,6,2026,2,user-emp2-905,2
no_autorizado,7,2026,3,user-emp2-906,2
no_autorizado,8,2026,4,user-emp2-907,2
no_autorizado,9,2026,1,user-emp2-908,2
no_autorizado,10,2026,2,user-emp2-909,2
no_autorizado,11,2026,3,user-emp2-910,2
no_autorizado,12,2026,4,user-emp2-911,2
no_autorizado,13,2026,1,user-emp2-912,2
no_autorizado,14,2026,2,user-emp2-913,2
no_autorizado,15,2026,3,user-emp2-914,2
no_autorizado,1,2026,4,user-emp2-915,2
no_autorizado,2,2026,1,user-emp2-916,2
no_autorizado,3,2026,2,user-emp2-917,2
no_autorizado,4,2026,3,user-emp2-918,2
no_autorizado,5,2026,4,user-emp2-919,2
no_autorizado,6,2026,1,user-emp2-920,2
no_autorizado,7,2026,2,user-emp2-921,2
no_autorizado,8,2026,3,user-emp2-922,2
no_autorizado,9,2026,4,user-emp2-923,2
no_autorizado,10,2026,1,user-emp2-924,2
no_autorizado,11,2026,2,user-emp2-925,2
no_autorizado,12,2026,3,user-emp2-926,2
no_autorizado,13,2026,4,user-emp2-927,2
no_autorizado,14,2026,1,user-emp2-928,2
no_autorizado,15,2026,2,user-emp2-929,2
no_autorizado,1,2026,3,user-emp2-930,2
no_autorizado,2,2026,4,user-emp2-931,2
no_autorizado,3,2026,1,user-emp2-932,2
no_autorizado,4,2026,2,user-emp2-933,2
no_autorizado,5,2026,3,user-emp2-934,2
no_autorizado,6,2026,4,user-emp2-935,2
no_autorizado,7,2026,1,user-emp2-936,2
no_autorizado,8,2026,2,user-emp2-937,2
no_autorizado,9,2026,3,user-emp2-938,2
no_autorizado,10,2026,4,user-emp2-939,2
no_autorizado,11,2026,1,user-emp2-940,2
no_autorizado,12,2026,2,user-emp2-941,2
no_autorizado,13,2026,3,user-emp2-942,2
no_autorizado,14,2026,4,user-emp2-943,2
no_autorizado,15,2026,1,user-emp2-944,2
no_autorizado,1,2026,2,user-emp2-945,2
no_autorizado,2,2026,3,user-emp2-946,2
no_autorizado,3,2026,4,user-emp2-947,2
no_autorizado,4,2026,1,user-emp2-948,2
no_autorizado,5,2026,2,user-emp2-949,2
no_autorizado,6,2026,3,user-emp2-950,2
no_autorizado,7,2026,4,user-emp2-951,2
no_autorizado,8,2026,1,user-emp2-952,2
no_autorizado,9,2026,2,user-emp2-953,2
no_autorizado,10,2026,3,user-emp2-954,2
no_autorizado,11,2026,4,user-emp2-955,2
no_autorizado,12,2026,1,user-emp2-956,2
no_autorizado,13,2026,2,user-emp2-957,2
no_autorizado,14,2026,3,user-emp2-958,2
no_autorizado,15,2026,4,user-emp2-959,2
no_autorizado,1,2026,1,user-emp2-960,2
no_autorizado,2,2026,2,user-emp2-961,2
no_autorizado,3,2026,3,user-emp2-962,2
no_autorizado,4,2026,4,user-emp2-963,2
no_autorizado,5,2026,1,user-emp2-964,2
no_autorizado,6,2026,2,user-emp2-965,2
no_autorizado,7,2026,3,user-emp2-966,2
no_autorizado,8,2026,4,user-emp2-967,2
no_autorizado,9,2026,1,user-emp2-968,2
no_autorizado,10,2026,2,user-emp2-969,2
no_autorizado,11,2026,3,user-emp2-970,2
no_autorizado,12,2026,4,user-emp2-971,2
no_autorizado,13,2026,1,user-emp2-972,2
no_autorizado,14,2026,2,user-emp2-973,2
no_autorizado,15,2026,3,user-emp2-974,2
no_autorizado,1,2026,4,user-emp2-975,2
no_autorizado,2,2026,1,user-emp2-976,2
no_autorizado,3,2026,2,user-emp2-977,2
no_autorizado,4,2026,3,user-emp2-978,2
no_autorizado,5,2026,4,user-emp2-979,2
no_autorizado,6,2026,1,user-emp2-980,2
no_autorizado,7,2026,2,user-emp2-981,2
no_autorizado,8,2026,3,user-emp2-982,2
no_autorizado,9,2026,4,user-emp2-983,2
no_autorizado,10,2026,1,user-emp2-984,2
no_autorizado,11,2026,2,user-emp2-985,2
no_autorizado,12,2026,3,user-emp2-986,2
no_autorizado,13,2026,4,user-emp2-987,2
no_autorizado,14,2026,1,user-emp2-988,2
no_autorizado,15,2026,2,user-emp2-989,2
no_autorizado,1,2026,3,user-emp2-990,2
no_autorizado,2,2026,4,user-emp2-991,2
no_autorizado,3,2026,1,user-emp2-992,2
no_autorizado,4,2026,2,user-emp2-993,2
no_autorizado,5,2026,3,user-emp2-994,2
no_autorizado,6,2026,4,user-emp2-995,2
no_autorizado,7,2026,1,user-emp2-996,2
no_autorizado,8,2026,2,user-emp2-997,2
no_autorizado,9,2026,3,user-emp2-998,2
no_autorizado,10,2026,4,user-emp2-999,2
no_autorizado,11,2026,1,user-emp2-1000,2
no_autorizado,12,2026,2,user-emp2-1001,2
no_autorizado,13,2026,3,user-emp2-1002,2
no_autorizado,14,2026,4,user-emp2-1003,2
no_autorizado,15,2026,1,user-emp2-1004,2
no_autorizado,1,2026,2,user-emp2-1005,2
no_autorizado,2,2026,3,user-emp2-1006,2
no_autorizado,3,2026,4,user-emp2-1007,2
no_autorizado,4,2026,1,user-emp2-1008,2
no_autorizado,5,2026,2,user-emp2-1009,2
no_autorizado,6,2026,3,user-emp2-1010,2
no_autorizado,7,2026,4,user-emp2-1011,2
no_autorizado,8,2026,1,user-emp2-1012,2
no_autorizado,9,2026,2,user-emp2-1013,2
no_autorizado,10,2026,3,user-emp2-1014,2
no_autorizado,11,2026,4,user-emp2-1015,2
no_autorizado,12,2026,1,user-emp2-1016,2
no_autorizado,13,2026,2,user-emp2-1017,2
no_autorizado,14,2026,3,user-emp2-1018,2
no_autorizado,15,2026,4,user-emp2-1019,2
no_autorizado,1,2026,1,user-emp2-1020,2
no_autorizado,2,2026,2,user-emp2-1021,2
no_autorizado,3,2026,3,user-emp2-1022,2
no_autorizado,4,2026,4,user-emp2-1023,2
no_autorizado,5,2026,1,user-emp2-1024,2
no_autorizado,6,2026,2,user-emp2-1025,2
no_autorizado,7,2026,3,user-emp2-1026,2
no_autorizado,8,2026,4,user-emp2-1027,2
no_autorizado,9,2026,1,user-emp2-1028,2
no_autorizado,10,2026,2,user-emp2-1029,2
no_autorizado,11,2026,3,user-emp2-1030,2
no_autorizado,12,2026,4,user-emp2-1031,2
no_autorizado,13,2026,1,user-emp2-1032,2
no_autorizado,14,2026,2,user-emp2-1033,2
no_autorizado,15,2026,3,user-emp2-1034,2
no_autorizado,1,2026,4,user-emp2-1035,2
no_autorizado,2,2026,1,user-emp2-1036,2
no_autorizado,3,2026,2,user-emp2-1037,2
no_autorizado,4,2026,3,user-emp2-1038,2
no_autorizado,5,2026,4,user-emp2-1039,2
no_autorizado,6,2026,1,user-emp2-1040,2
no_autorizado,7,2026,2,user-emp2-1041,2
no_autorizado,8,2026,3,user-emp2-1042,2
no_autorizado,9,2026,4,user-emp2-1043,2
no_autorizado,10,2026,1,user-emp2-1044,2
no_autorizado,11,2026,2,user-emp2-1045,2
no_autorizado,12,2026,3,user-emp2-1046,2
no_autorizado,13,2026,4,user-emp2-1047,2
no_autorizado,14,2026,1,user-emp2-1048,2
no_autorizado,15,2026,2,user-emp2-1049,2
no_autorizado,1,2026,3,user-emp2-1050,2
no_autorizado,2,2026,4,user-emp2-1051,2
no_autorizado,3,2026,1,user-emp2-1052,2
no_autorizado,4,2026,2,user-emp2-1053,2
no_autorizado,5,2026,3,user-emp2-1054,2
no_autorizado,6,2026,4,user-emp2-1055,2
no_autorizado,7,2026,1,user-emp2-1056,2
no_autorizado,8,2026,2,user-emp2-1057,2
no_autorizado,9,2026,3,user-emp2-1058,2
no_autorizado,10,2026,4,user-emp2-1059,2
no_autorizado,11,2026,1,user-emp2-1060,2
no_autorizado,12,2026,2,user-emp2-1061,2
no_autorizado,13,2026,3,user-emp2-1062,2
no_autorizado,14,2026,4,user-emp2-1063,2
no_autorizado,15,2026,1,user-emp2-1064,2
no_autorizado,1,2026,2,user-emp2-1065,2
no_autorizado,2,2026,3,user-emp2-1066,2
no_autorizado,3,2026,4,user-emp2-1067,2
no_autorizado,4,2026,1,user-emp2-1068,2
no_autorizado,5,2026,2,user-emp2-1069,2
no_autorizado,6,2026,3,user-emp2-1070,2
no_autorizado,7,2026,4,user-emp2-1071,2
no_autorizado,8,2026,1,user-emp2-1072,2
no_autorizado,9,2026,2,user-emp2-1073,2
no_autorizado,10,2026,3,user-emp2-1074,2
no_autorizado,11,2026,4,user-emp2-1075,2
no_autorizado,12,2026,1,user-emp2-1076,2
no_autorizado,13,2026,2,user-emp2-1077,2
no_autorizado,14,2026,3,user-emp2-1078,2
no_autorizado,15,2026,4,user-emp2-1079,2
no_autorizado,1,2026,1,user-emp2-1080,2
no_autorizado,2,2026,2,user-emp2-1081,2
no_autorizado,3,2026,3,user-emp2-1082,2
no_autorizado,4,2026,4,user-emp2-1083,2
no_autorizado,5,2026,1,user-emp2-1084,2
no_autorizado,6,2026,2,user-emp2-1085,2
no_autorizado,7,2026,3,user-emp2-1086,2
no_autorizado,8,2026,4,user-emp2-1087,2
no_autorizado,9,2026,1,user-emp2-1088,2
no_autorizado,10,2026,2,user-emp2-1089,2
no_autorizado,11,2026,3,user-emp2-1090,2
no_autorizado,12,2026,4,user-emp2-1091,2
no_autorizado,13,2026,1,user-emp2-1092,2
no_autorizado,14,2026,2,user-emp2-1093,2
no_autorizado,15,2026,3,user-emp2-1094,2
no_autorizado,1,2026,4,user-emp2-1095,2
no_autorizado,2,2026,1,user-emp2-1096,2
no_autorizado,3,2026,2,user-emp2-1097,2
no_autorizado,4,2026,3,user-emp2-1098,2
no_autorizado,5,2026,4,user-emp2-1099,2
no_autorizado,6,2026,1,user-emp2-1100,2
no_autorizado,7,2026,2,user-emp2-1101,2
no_autorizado,8,2026,3,user-emp2-1102,2
no_autorizado,9,2026,4,user-emp2-1103,2
no_autorizado,10,2026,1,user-emp2-1104,2
no_autorizado,11,2026,2,user-emp2-1105,2
no_autorizado,12,2026,3,user-emp2-1106,2
no_autorizado,13,2026,4,user-emp2-1107,2
no_autorizado,14,2026,1,user-emp2-1108,2
no_autorizado,15,2026,2,user-emp2-1109,2
no_autorizado,1,2026,3,user-emp2-1110,2
no_autorizado,2,2026,4,user-emp2-1111,2
no_autorizado,3,2026,1,user-emp2-1112,2
no_autorizado,4,2026,2,user-emp2-1113,2
no_autorizado,5,2026,3,user-emp2-1114,2
no_autorizado,6,2026,4,user-emp2-1115,2
no_autorizado,7,2026,1,user-emp2-1116,2
no_autorizado,8,2026,2,user-emp2-1117,2
no_autorizado,9,2026,3,user-emp2-1118,2
no_autorizado,10,2026,4,user-emp2-1119,2
no_autorizado,11,2026,1,user-emp2-1120,2
no_autorizado,12,2026,2,user-emp2-1121,2
no_autorizado,13,2026,3,user-emp2-1122,2
no_autorizado,14,2026,4,user-emp2-1123,2
no_autorizado,15,2026,1,user-emp2-1124,2
no_autorizado,1,2026,2,user-emp2-1125,2
no_autorizado,2,2026,3,user-emp2-1126,2
no_autorizado,3,2026,4,user-emp2-1127,2
no_autorizado,4,2026,1,user-emp2-1128,2
no_autorizado,5,2026,2,user-emp2-1129,2
no_autorizado,6,2026,3,user-emp2-1130,2
no_autorizado,7,2026,4,user-emp2-1131,2
no_autorizado,8,2026,1,user-emp2-1132,2
no_autorizado,9,2026,2,user-emp2-1133,2
no_autorizado,10,2026,3,user-emp2-1134,2
no_autorizado,11,2026,4,user-emp2-1135,2
no_autorizado,12,2026,1,user-emp2-1136,2
no_autorizado,13,2026,2,user-emp2-1137,2
no_autorizado,14,2026,3,user-emp2-1138,2
no_autorizado,15,2026,4,user-emp2-1139,2
no_autorizado,1,2026,1,user-emp2-1140,2
no_autorizado,2,2026,2,user-emp2-1141,2
no_autorizado,3,2026,3,user-emp2-1142,2
no_autorizado,4,2026,4,user-emp2-1143,2
no_autorizado,5,2026,1,user-emp2-1144,2
no_autorizado,6,2026,2,user-emp2-1145,2
no_autorizado,7,2026,3,user-emp2-1146,2
no_autorizado,8,2026,4,user-emp2-1147,2
no_autorizado,9,2026,1,user-emp2-1148,2
no_autorizado,10,2026,2,user-emp2-1149,2
no_autorizado,11,2026,3,user-emp2-1150,2
no_autorizado,12,2026,4,user-emp2-1151,2
no_autorizado,13,2026,1,user-emp2-1152,2
no_autorizado,14,2026,2,user-emp2-1153,2
no_autorizado,15,2026,3,user-emp2-1154,2
no_autorizado,1,2026,4,user-emp2-1155,2
no_autorizado,2,2026,1,user-emp2-1156,2
no_autorizado,3,2026,2,user-emp2-1157,2
no_autorizado,4,2026,3,user-emp2-1158,2
no_autorizado,5,2026,4,user-emp2-1159,2
no_autorizado,6,2026,1,user-emp2-1160,2
no_autorizado,7,2026,2,user-emp2-1161,2
no_autorizado,8,2026,3,user-emp2-1162,2
no_autorizado,9,2026,4,user-emp2-1163,2
no_autorizado,10,2026,1,user-emp2-1164,2
no_autorizado,11,2026,2,user-emp2-1165,2
no_autorizado,12,2026,3,user-emp2-1166,2
no_autorizado,13,2026,4,user-emp2-1167,2
no_autorizado,14,2026,1,user-emp2-1168,2
no_autorizado,15,2026,2,user-emp2-1169,2
no_autorizado,1,2026,3,user-emp2-1170,2
no_autorizado,2,2026,4,user-emp2-1171,2
no_autorizado,3,2026,1,user-emp2-1172,2
no_autorizado,4,2026,2,user-emp2-1173,2
no_autorizado,5,2026,3,user-emp2-1174,2
no_autorizado,6,2026,4,user-emp2-1175,2
no_autorizado,7,2026,1,user-emp2-1176,2
no_autorizado,8,2026,2,user-emp2-1177,2
no_autorizado,9,2026,3,user-emp2-1178,2
no_autorizado,10,2026,4,user-emp2-1179,2
no_autorizado,11,2026,1,user-emp2-1180,2
no_autorizado,12,2026,2,user-emp2-1181,2
no_autorizado,13,2026,3,user-emp2-1182,2
no_autorizado,14,2026,4,user-emp2-1183,2
no_autorizado,15,2026,1,user-emp2-1184,2
no_autorizado,1,2026,2,user-emp2-1185,2
no_autorizado,2,2026,3,user-emp2-1186,2
no_autorizado,3,2026,4,user-emp2-1187,2
no_autorizado,4,2026,1,user-emp2-1188,2
no_autorizado,5,2026,2,user-emp2-1189,2
no_autorizado,6,2026,3,user-emp2-1190,2
no_autorizado,7,2026,4,user-emp2-1191,2
no_autorizado,8,2026,1,user-emp2-1192,2
no_autorizado,9,2026,2,user-emp2-1193,2
no_autorizado,10,2026,3,user-emp2-1194,2
no_autorizado,11,2026,4,user-emp2-1195,2
no_autorizado,12,2026,1,user-emp2-1196,2
no_autorizado,13,2026,2,user-emp2-1197,2
no_autorizado,14,2026,3,user-emp2-1198,2
no_autorizado,15,2026,4,user-emp2-1199,2
no_autorizado,1,2026,1,user-emp2-1200,2
no_autorizado,2,2026,2,user-emp2-1201,2
no_autorizado,3,2026,3,user-emp2-1202,2
no_autorizado,4,2026,4,user-emp2-1203,2
no_autorizado,5,2026,1,user-emp2-1204,2
no_autorizado,6,2026,2,user-emp2-1205,2
no_autorizado,7,2026,3,user-emp2-1206,2
no_autorizado,8,2026,4,user-emp2-1207,2
no_autorizado,9,2026,1,user-emp2-1208,2
no_autorizado,10,2026,2,user-emp2-1209,2
no_autorizado,11,2026,3,user-emp2-1210,2
no_autorizado,12,2026,4,user-emp2-1211,2
no_autorizado,13,2026,1,user-emp2-1212,2
no_autorizado,14,2026,2,user-emp2-1213,2
no_autorizado,15,2026,3,user-emp2-1214,2
no_autorizado,1,2026,4,user-emp2-1215,2
no_autorizado,2,2026,1,user-emp2-1216,2
no_autorizado,3,2026,2,user-emp2-1217,2
no_autorizado,4,2026,3,user-emp2-1218,2
no_autorizado,5,2026,4,user-emp2-1219,2
no_autorizado,6,2026,1,user-emp2-1220,2
no_autorizado,7,2026,2,user-emp2-1221,2
no_autorizado,8,2026,3,user-emp2-1222,2
no_autorizado,9,2026,4,user-emp2-1223,2
no_autorizado,10,2026,1,user-emp2-1224,2
no_autorizado,11,2026,2,user-emp2-1225,2
no_autorizado,12,2026,3,user-emp2-1226,2
no_autorizado,13,2026,4,user-emp2-1227,2
no_autorizado,14,2026,1,user-emp2-1228,2
no_autorizado,15,2026,2,user-emp2-1229,2
no_autorizado,1,2026,3,user-emp2-1230,2
no_autorizado,2,2026,4,user-emp2-1231,2
no_autorizado,3,2026,1,user-emp2-1232,2
no_autorizado,4,2026,2,user-emp2-1233,2
no_autorizado,5,2026,3,user-emp2-1234,2
no_autorizado,6,2026,4,user-emp2-1235,2
no_autorizado,7,2026,1,user-emp2-1236,2
no_autorizado,8,2026,2,user-emp2-1237,2
no_autorizado,9,2026,3,user-emp2-1238,2
no_autorizado,10,2026,4,user-emp2-1239,2
no_autorizado,11,2026,1,user-emp2-1240,2
no_autorizado,12,2026,2,user-emp2-1241,2
no_autorizado,13,2026,3,user-emp2-1242,2
no_autorizado,14,2026,4,user-emp2-1243,2
no_autorizado,15,2026,1,user-emp2-1244,2
no_autorizado,1,2026,2,user-emp2-1245,2
no_autorizado,2,2026,3,user-emp2-1246,2
no_autorizado,3,2026,4,user-emp2-1247,2
no_autorizado,4,2026,1,user-emp2-1248,2
no_autorizado,5,2026,2,user-emp2-1249,2
no_autorizado,6,2026,3,user-emp2-1250,2
no_autorizado,7,2026,4,user-emp2-1251,2
no_autorizado,8,2026,1,user-emp2-1252,2
no_autorizado,9,2026,2,user-emp2-1253,2
no_autorizado,10,2026,3,user-emp2-1254,2
no_autorizado,11,2026,4,user-emp2-1255,2
no_autorizado,12,2026,1,user-emp2-1256,2
no_autorizado,13,2026,2,user-emp2-1257,2
no_autorizado,14,2026,3,user-emp2-1258,2
no_autorizado,15,2026,4,user-emp2-1259,2
no_autorizado,1,2026,1,user-emp2-1260,2
no_autorizado,2,2026,2,user-emp2-1261,2
no_autorizado,3,2026,3,user-emp2-1262,2
no_autorizado,4,2026,4,user-emp2-1263,2
no_autorizado,5,2026,1,user-emp2-1264,2
no_autorizado,6,2026,2,user-emp2-1265,2
no_autorizado,7,2026,3,user-emp2-1266,2
no_autorizado,8,2026,4,user-emp2-1267,2
no_autorizado,9,2026,1,user-emp2-1268,2
no_autorizado,10,2026,2,user-emp2-1269,2
no_autorizado,11,2026,3,user-emp2-1270,2
no_autorizado,12,2026,4,user-emp2-1271,2
no_autorizado,13,2026,1,user-emp2-1272,2
no_autorizado,14,2026,2,user-emp2-1273,2
no_autorizado,15,2026,3,user-emp2-1274,2
no_autorizado,1,2026,4,user-emp2-1275,2
no_autorizado,2,2026,1,user-emp2-1276,2
no_autorizado,3,2026,2,user-emp2-1277,2
no_autorizado,4,2026,3,user-emp2-1278,2
no_autorizado,5,2026,4,user-emp2-1279,2
no_autorizado,6,2026,1,user-emp2-1280,2
no_autorizado,7,2026,2,user-emp2-1281,2
no_autorizado,8,2026,3,user-emp2-1282,2
no_autorizado,9,2026,4,user-emp2-1283,2
no_autorizado,10,2026,1,user-emp2-1284,2
no_autorizado,11,2026,2,user-emp2-1285,2
no_autorizado,12,2026,3,user-emp2-1286,2
no_autorizado,13,2026,4,user-emp2-1287,2
no_autorizado,14,2026,1,user-emp2-1288,2
no_autorizado,15,2026,2,user-emp2-1289,2
no_autorizado,1,2026,3,user-emp2-1290,2
no_autorizado,2,2026,4,user-emp2-1291,2
no_autorizado,3,2026,1,user-emp2-1292,2
no_autorizado,4,2026,2,user-emp2-1293,2
no_autorizado,5,2026,3,user-emp2-1294,2
no_autorizado,6,2026,4,user-emp2-1295,2
no_autorizado,7,2026,1,user-emp2-1296,2
no_autorizado,8,2026,2,user-emp2-1297,2
no_autorizado,9,2026,3,user-emp2-1298,2
no_autorizado,10,2026,4,user-emp2-1299,2
no_autorizado,11,2026,1,user-emp2-1300,2
no_autorizado,12,2026,2,user-emp2-1301,2
no_autorizado,13,2026,3,user-emp2-1302,2
no_autorizado,14,2026,4,user-emp2-1303,2
no_autorizado,15,2026,1,user-emp2-1304,2
no_autorizado,1,2026,2,user-emp2-1305,2
no_autorizado,2,2026,3,user-emp2-1306,2
no_autorizado,3,2026,4,user-emp2-1307,2
no_autorizado,4,2026,1,user-emp2-1308,2
no_autorizado,5,2026,2,user-emp2-1309,2
no_autorizado,6,2026,3,user-emp2-1310,2
no_autorizado,7,2026,4,user-emp2-1311,2
no_autorizado,8,2026,1,user-emp2-1312,2
no_autorizado,9,2026,2,user-emp2-1313,2
no_autorizado,10,2026,3,user-emp2-1314,2
no_autorizado,11,2026,4,user-emp2-1315,2
no_autorizado,12,2026,1,user-emp2-1316,2
no_autorizado,13,2026,2,user-emp2-1317,2
no_autorizado,14,2026,3,user-emp2-1318,2
no_autorizado,15,2026,4,user-emp2-1319,2
no_autorizado,1,2026,1,user-emp2-1320,2
no_autorizado,2,2026,2,user-emp2-1321,2
no_autorizado,3,2026,3,user-emp2-1322,2
no_autorizado,4,2026,4,user-emp2-1323,2
no_autorizado,5,2026,1,user-emp2-1324,2
no_autorizado,6,2026,2,user-emp2-1325,2
no_autorizado,7,2026,3,user-emp2-1326,2
no_autorizado,8,2026,4,user-emp2-1327,2
no_autorizado,9,2026,1,user-emp2-1328,2
no_autorizado,10,2026,2,user-emp2-1329,2
no_autorizado,11,2026,3,user-emp2-1330,2
no_autorizado,12,2026,4,user-emp2-1331,2
no_autorizado,13,2026,1,user-emp2-1332,2
no_autorizado,14,2026,2,user-emp2-1333,2
no_autorizado,15,2026,3,user-emp2-1334,2
no_autorizado,1,2026,4,user-emp2-1335,2
no_autorizado,2,2026,1,user-emp2-1336,2
no_autorizado,3,2026,2,user-emp2-1337,2
no_autorizado,4,2026,3,user-emp2-1338,2
no_autorizado,5,2026,4,user-emp2-1339,2
no_autorizado,6,2026,1,user-emp2-1340,2
no_autorizado,7,2026,2,user-emp2-1341,2
no_autorizado,8,2026,3,user-emp2-1342,2
no_autorizado,9,2026,4,user-emp2-1343,2
no_autorizado,10,2026,1,user-emp2-1344,2
no_autorizado,11,2026,2,user-emp2-1345,2
no_autorizado,12,2026,3,user-emp2-1346,2
no_autorizado,13,2026,4,user-emp2-1347,2
no_autorizado,14,2026,1,user-emp2-1348,2
no_autorizado,15,2026,2,user-emp2-1349,2
no_autorizado,1,2026,3,user-emp2-1350,2
no_autorizado,2,2026,4,user-emp2-1351,2
no_autorizado,3,2026,1,user-emp2-1352,2
no_autorizado,4,2026,2,user-emp2-1353,2
no_autorizado,5,2026,3,user-emp2-1354,2
no_autorizado,6,2026,4,user-emp2-1355,2
no_autorizado,7,2026,1,user-emp2-1356,2
no_autorizado,8,2026,2,user-emp2-1357,2
no_autorizado,9,2026,3,user-emp2-1358,2
no_autorizado,10,2026,4,user-emp2-1359,2
no_autorizado,11,2026,1,user-emp2-1360,2
no_autorizado,12,2026,2,user-emp2-1361,2
no_autorizado,13,2026,3,user-emp2-1362,2
no_autorizado,14,2026,4,user-emp2-1363,2
no_autorizado,15,2026,1,user-emp2-1364,2
no_autorizado,1,2026,2,user-emp2-1365,2
no_autorizado,2,2026,3,user-emp2-1366,2
no_autorizado,3,2026,4,user-emp2-1367,2
no_autorizado,4,2026,1,user-emp2-1368,2
no_autorizado,5,2026,2,user-emp2-1369,2
no_autorizado,6,2026,3,user-emp2-1370,2
no_autorizado,7,2026,4,user-emp2-1371,2
no_autorizado,8,2026,1,user-emp2-1372,2
no_autorizado,9,2026,2,user-emp2-1373,2
no_autorizado,10,2026,3,user-emp2-1374,2
no_autorizado,11,2026,4,user-emp2-1375,2
no_autorizado,12,2026,1,user-emp2-1376,2
no_autorizado,13,2026,2,user-emp2-1377,2
no_autorizado,14,2026,3,user-emp2-1378,2
no_autorizado,15,2026,4,user-emp2-1379,2
no_autorizado,1,2026,1,user-emp2-1380,2
no_autorizado,2,2026,2,user-emp2-1381,2
no_autorizado,3,2026,3,user-emp2-1382,2
no_autorizado,4,2026,4,user-emp2-1383,2
no_autorizado,5,2026,1,user-emp2-1384,2
no_autorizado,6,2026,2,user-emp2-1385,2
no_autorizado,7,2026,3,user-emp2-1386,2
no_autorizado,8,2026,4,user-emp2-1387,2
no_autorizado,9,2026,1,user-emp2-1388,2
no_autorizado,10,2026,2,user-emp2-1389,2
no_autorizado,11,2026,3,user-emp2-1390,2
no_autorizado,12,2026,4,user-emp2-1391,2
no_autorizado,13,2026,1,user-emp2-1392,2
no_autorizado,14,2026,2,user-emp2-1393,2
no_autorizado,15,2026,3,user-emp2-1394,2
no_autorizado,1,2026,4,user-emp2-1395,2
no_autorizado,2,2026,1,user-emp2-1396,2
no_autorizado,3,2026,2,user-emp2-1397,2
no_autorizado,4,2026,3,user-emp2-1398,2
no_autorizado,5,2026,4,user-emp2-1399,2
no_autorizado,6,2026,1,user-emp2-1400,2
no_autorizado,7,2026,2,user-emp2-1401,2
no_autorizado,8,2026,3,user-emp2-1402,2
no_autorizado,9,2026,4,user-emp2-1403,2
no_autorizado,10,2026,1,user-emp2-1404,2
no_autorizado,11,2026,2,user-emp2-1405,2
no_autorizado,12,2026,3,user-emp2-1406,2
no_autorizado,13,2026,4,user-emp2-1407,2
no_autorizado,14,2026,1,user-emp2-1408,2
no_autorizado,15,2026,2,user-emp2-1409,2
no_autorizado,1,2026,3,user-emp2-1410,2
no_autorizado,2,2026,4,user-emp2-1411,2
no_autorizado,3,2026,1,user-emp2-1412,2
no_autorizado,4,2026,2,user-emp2-1413,2
no_autorizado,5,2026,3,user-emp2-1414,2
no_autorizado,6,2026,4,user-emp2-1415,2
no_autorizado,7,2026,1,user-emp2-1416,2
no_autorizado,8,2026,2,user-emp2-1417,2
no_autorizado,9,2026,3,user-emp2-1418,2
no_autorizado,10,2026,4,user-emp2-1419,2
no_autorizado,11,2026,1,user-emp2-1420,2
no_autorizado,12,2026,2,user-emp2-1421,2
no_autorizado,13,2026,3,user-emp2-1422,2
no_autorizado,14,2026,4,user-emp2-1423,2
no_autorizado,15,2026,1,user-emp2-1424,2
no_autorizado,1,2026,2,user-emp2-1425,2
no_autorizado,2,2026,3,user-emp2-1426,2
no_autorizado,3,2026,4,user-emp2-1427,2
no_autorizado,4,2026,1,user-emp2-1428,2
no_autorizado,5,2026,2,user-emp2-1429,2
no_autorizado,6,2026,3,user-emp2-1430,2
no_autorizado,7,2026,4,user-emp2-1431,2
no_autorizado,8,2026,1,user-emp2-1432,2
no_autorizado,9,2026,2,user-emp2-1433,2
no_autorizado,10,2026,3,user-emp2-1434,2
no_autorizado,11,2026,4,user-emp2-1435,2
no_autorizado,12,2026,1,user-emp2-1436,2
no_autorizado,13,2026,2,user-emp2-1437,2
no_autorizado,14,2026,3,user-emp2-1438,2
no_autorizado,15,2026,4,user-emp2-1439,2
no_autorizado,1,2026,1,user-emp2-1440,2
no_autorizado,2,2026,2,user-emp2-1441,2
no_autorizado,3,2026,3,user-emp2-1442,2
no_autorizado,4,2026,4,user-emp2-1443,2
no_autorizado,5,2026,1,user-emp2-1444,2
no_autorizado,6,2026,2,user-emp2-1445,2
no_autorizado,7,2026,3,user-emp2-1446,2
no_autorizado,8,2026,4,user-emp2-1447,2
no_autorizado,9,2026,1,user-emp2-1448,2
no_autorizado,10,2026,2,user-emp2-1449,2
no_autorizado,11,2026,3,user-emp2-1450,2
no_autorizado,12,2026,4,user-emp2-1451,2
no_autorizado,13,2026,1,user-emp2-1452,2
no_autorizado,14,2026,2,user-emp2-1453,2
no_autorizado,15,2026,3,user-emp2-1454,2
no_autorizado,1,2026,4,user-emp2-1455,2
no_autorizado,2,2026,1,user-emp2-1456,2
no_autorizado,3,2026,2,user-emp2-1457,2
no_autorizado,4,2026,3,user-emp2-1458,2
no_autorizado,5,2026,4,user-emp2-1459,2
no_autorizado,6,2026,1,user-emp2-1460,2
no_autorizado,7,2026,2,user-emp2-1461,2
no_autorizado,8,2026,3,user-emp2-1462,2
no_autorizado,9,2026,4,user-emp2-1463,2
no_autorizado,10,2026,1,user-emp2-1464,2
no_autorizado,11,2026,2,user-emp2-1465,2
no_autorizado,12,2026,3,user-emp2-1466,2
no_autorizado,13,2026,4,user-emp2-1467,2
no_autorizado,14,2026,1,user-emp2-1468,2
no_autorizado,15,2026,2,user-emp2-1469,2
no_autorizado,1,2026,3,user-emp2-1470,2
no_autorizado,2,2026,4,user-emp2-1471,2
no_autorizado,3,2026,1,user-emp2-1472,2
no_autorizado,4,2026,2,user-emp2-1473,2
no_autorizado,5,2026,3,user-emp2-1474,2
no_autorizado,6,2026,4,user-emp2-1475,2
no_autorizado,7,2026,1,user-emp2-1476,2
no_autorizado,8,2026,2,user-emp2-1477,2
no_autorizado,9,2026,3,user-emp2-1478,2
no_autorizado,10,2026,4,user-emp2-1479,2
no_autorizado,11,2026,1,user-emp2-1480,2
no_autorizado,12,2026,2,user-emp2-1481,2
no_autorizado,13,2026,3,user-emp2-1482,2
no_autorizado,14,2026,4,user-emp2-1483,2
no_autorizado,15,2026,1,user-emp2-1484,2
no_autorizado,1,2026,2,user-emp2-1485,2
no_autorizado,2,2026,3,user-emp2-1486,2
no_autorizado,3,2026,4,user-emp2-1487,2
no_autorizado,4,2026,1,user-emp2-1488,2
no_autorizado,5,2026,2,user-emp2-1489,2
no_autorizado,6,2026,3,user-emp2-1490,2
no_autorizado,7,2026,4,user-emp2-1491,2
no_autorizado,8,2026,1,user-emp2-1492,2
no_autorizado,9,2026,2,user-emp2-1493,2
no_autorizado,10,2026,3,user-emp2-1494,2
no_autorizado,11,2026,4,user-emp2-1495,2
no_autorizado,12,2026,1,user-emp2-1496,2
no_autorizado,13,2026,2,user-emp2-1497,2
no_autorizado,14,2026,3,user-emp2-1498,2
no_autorizado,15,2026,4,user-emp2-1499,2
no_autorizado,1,2026,1,user-emp2-1500,2
no_autorizado,2,2026,2,user-emp2-1501,2
no_autorizado,3,2026,3,user-emp2-1502,2
no_autorizado,4,2026,4,user-emp2-1503,2
no_autorizado,5,2026,1,user-emp2-1504,2
no_autorizado,6,2026,2,user-emp2-1505,2
no_autorizado,7,2026,3,user-emp2-1506,2
no_autorizado,8,2026,4,user-emp2-1507,2
no_autorizado,9,2026,1,user-emp2-1508,2
no_autorizado,10,2026,2,user-emp2-1509,2
no_autorizado,11,2026,3,user-emp2-1510,2
no_autorizado,12,2026,4,user-emp2-1511,2
no_autorizado,13,2026,1,user-emp2-1512,2
no_autorizado,14,2026,2,user-emp2-1513,2
no_autorizado,15,2026,3,user-emp2-1514,2
no_autorizado,1,2026,4,user-emp2-1515,2
no_autorizado,2,2026,1,user-emp2-1516,2
no_autorizado,3,2026,2,user-emp2-1517,2
no_autorizado,4,2026,3,user-emp2-1518,2
no_autorizado,5,2026,4,user-emp2-1519,2
no_autorizado,6,2026,1,user-emp2-1520,2
no_autorizado,7,2026,2,user-emp2-1521,2
no_autorizado,8,2026,3,user-emp2-1522,2
no_autorizado,9,2026,4,user-emp2-1523,2
no_autorizado,10,2026,1,user-emp2-1524,2
no_autorizado,11,2026,2,user-emp2-1525,2
no_autorizado,12,2026,3,user-emp2-1526,2
no_autorizado,13,2026,4,user-emp2-1527,2
no_autorizado,14,2026,1,user-emp2-1528,2
no_autorizado,15,2026,2,user-emp2-1529,2
no_autorizado,1,2026,3,user-emp2-1530,2
no_autorizado,2,2026,4,user-emp2-1531,2
no_autorizado,3,2026,1,user-emp2-1532,2
no_autorizado,4,2026,2,user-emp2-1533,2
no_autorizado,5,2026,3,user-emp2-1534,2
no_autorizado,6,2026,4,user-emp2-1535,2
no_autorizado,7,2026,1,user-emp2-1536,2
no_autorizado,8,2026,2,user-emp2-1537,2
no_autorizado,9,2026,3,user-emp2-1538,2
no_autorizado,10,2026,4,user-emp2-1539,2
no_autorizado,11,2026,1,user-emp2-1540,2
no_autorizado,12,2026,2,user-emp2-1541,2
no_autorizado,13,2026,3,user-emp2-1542,2
no_autorizado,14,2026,4,user-emp2-1543,2
no_autorizado,15,2026,1,user-emp2-1544,2
no_autorizado,1,2026,2,user-emp2-1545,2
no_autorizado,2,2026,3,user-emp2-1546,2
no_autorizado,3,2026,4,user-emp2-1547,2
no_autorizado,4,2026,1,user-emp2-1548,2
no_autorizado,5,2026,2,user-emp2-1549,2
no_autorizado,6,2026,3,user-emp2-1550,2
no_autorizado,7,2026,4,user-emp2-1551,2
no_autorizado,8,2026,1,user-emp2-1552,2
no_autorizado,9,2026,2,user-emp2-1553,2
no_autorizado,10,2026,3,user-emp2-1554,2
no_autorizado,11,2026,4,user-emp2-1555,2
no_autorizado,12,2026,1,user-emp2-1556,2
no_autorizado,13,2026,2,user-emp2-1557,2
no_autorizado,14,2026,3,user-emp2-1558,2
no_autorizado,15,2026,4,user-emp2-1559,2
no_autorizado,1,2026,1,user-emp2-1560,2
no_autorizado,2,2026,2,user-emp2-1561,2
no_autorizado,3,2026,3,user-emp2-1562,2
no_autorizado,4,2026,4,user-emp2-1563,2
no_autorizado,5,2026,1,user-emp2-1564,2
no_autorizado,6,2026,2,user-emp2-1565,2
no_autorizado,7,2026,3,user-emp2-1566,2
no_autorizado,8,2026,4,user-emp2-1567,2
no_autorizado,9,2026,1,user-emp2-1568,2
no_autorizado,10,2026,2,user-emp2-1569,2
no_autorizado,11,2026,3,user-emp2-1570,2
no_autorizado,12,2026,4,user-emp2-1571,2
no_autorizado,13,2026,1,user-emp2-1572,2
no_autorizado,14,2026,2,user-emp2-1573,2
no_autorizado,15,2026,3,user-emp2-1574,2
no_autorizado,1,2026,4,user-emp2-1575,2
no_autorizado,2,2026,1,user-emp2-1576,2
no_autorizado,3,2026,2,user-emp2-1577,2
no_autorizado,4,2026,3,user-emp2-1578,2
no_autorizado,5,2026,4,user-emp2-1579,2
no_autorizado,6,2026,1,user-emp2-1580,2
no_autorizado,7,2026,2,user-emp2-1581,2
no_autorizado,8,2026,3,user-emp2-1582,2
no_autorizado,9,2026,4,user-emp2-1583,2
no_autorizado,10,2026,1,user-emp2-1584,2
no_autorizado,11,2026,2,user-emp2-1585,2
no_autorizado,12,2026,3,user-emp2-1586,2
no_autorizado,13,2026,4,user-emp2-1587,2
no_autorizado,14,2026,1,user-emp2-1588,2
no_autorizado,15,2026,2,user-emp2-1589,2
no_autorizado,1,2026,3,user-emp2-1590,2
no_autorizado,2,2026,4,user-emp2-1591,2
no_autorizado,3,2026,1,user-emp2-1592,2
no_autorizado,4,2026,2,user-emp2-1593,2
no_autorizado,5,2026,3,user-emp2-1594,2
no_autorizado,6,2026,4,user-emp2-1595,2
no_autorizado,7,2026,1,user-emp2-1596,2
no_autorizado,8,2026,2,user-emp2-1597,2
no_autorizado,9,2026,3,user-emp2-1598,2
no_autorizado,10,2026,4,user-emp2-1599,2
no_autorizado,11,2026,1,user-emp2-1600,2
no_autorizado,12,2026,2,user-emp2-1601,2
no_autorizado,13,2026,3,user-emp2-1602,2
no_autorizado,14,2026,4,user-emp2-1603,2
no_autorizado,15,2026,1,user-emp2-1604,2
no_autorizado,1,2026,2,user-emp2-1605,2
no_autorizado,2,2026,3,user-emp2-1606,2
no_autorizado,3,2026,4,user-emp2-1607,2
no_autorizado,4,2026,1,user-emp2-1608,2
no_autorizado,5,2026,2,user-emp2-1609,2
no_autorizado,6,2026,3,user-emp2-1610,2
no_autorizado,7,2026,4,user-emp2-1611,2
no_autorizado,8,2026,1,user-emp2-1612,2
no_autorizado,9,2026,2,user-emp2-1613,2
no_autorizado,10,2026,3,user-emp2-1614,2
no_autorizado,11,2026,4,user-emp2-1615,2
no_autorizado,12,2026,1,user-emp2-1616,2
no_autorizado,13,2026,2,user-emp2-1617,2
no_autorizado,14,2026,3,user-emp2-1618,2
no_autorizado,15,2026,4,user-emp2-1619,2
no_autorizado,1,2026,1,user-emp2-1620,2
no_autorizado,2,2026,2,user-emp2-1621,2
no_autorizado,3,2026,3,user-emp2-1622,2
no_autorizado,4,2026,4,user-emp2-1623,2
no_autorizado,5,2026,1,user-emp2-1624,2
no_autorizado,6,2026,2,user-emp2-1625,2
no_autorizado,7,2026,3,user-emp2-1626,2
no_autorizado,8,2026,4,user-emp2-1627,2
no_autorizado,9,2026,1,user-emp2-1628,2
no_autorizado,10,2026,2,user-emp2-1629,2
no_autorizado,11,2026,3,user-emp2-1630,2
no_autorizado,12,2026,4,user-emp2-1631,2
no_autorizado,13,2026,1,user-emp2-1632,2
no_autorizado,14,2026,2,user-emp2-1633,2
no_autorizado,15,2026,3,user-emp2-1634,2
no_autorizado,1,2026,4,user-emp2-1635,2
no_autorizado,2,2026,1,user-emp2-1636,2
no_autorizado,3,2026,2,user-emp2-1637,2
no_autorizado,4,2026,3,user-emp2-1638,2
no_autorizado,5,2026,4,user-emp2-1639,2
no_autorizado,6,2026,1,user-emp2-1640,2
no_autorizado,7,2026,2,user-emp2-1641,2
no_autorizado,8,2026,3,user-emp2-1642,2
no_autorizado,9,2026,4,user-emp2-1643,2
no_autorizado,10,2026,1,user-emp2-1644,2
no_autorizado,11,2026,2,user-emp2-1645,2
no_autorizado,12,2026,3,user-emp2-1646,2
no_autorizado,13,2026,4,user-emp2-1647,2
no_autorizado,14,2026,1,user-emp2-1648,2
no_autorizado,15,2026,2,user-emp2-1649,2
no_autorizado,1,2026,3,user-emp2-1650,2
no_autorizado,2,2026,4,user-emp2-1651,2
no_autorizado,3,2026,1,user-emp2-1652,2
no_autorizado,4,2026,2,user-emp2-1653,2
no_autorizado,5,2026,3,user-emp2-1654,2
no_autorizado,6,2026,4,user-emp2-1655,2
no_autorizado,7,2026,1,user-emp2-1656,2
no_autorizado,8,2026,2,user-emp2-1657,2
no_autorizado,9,2026,3,user-emp2-1658,2
no_autorizado,10,2026,4,user-emp2-1659,2
no_autorizado,11,2026,1,user-emp2-1660,2
no_autorizado,12,2026,2,user-emp2-1661,2
no_autorizado,13,2026,3,user-emp2-1662,2
no_autorizado,14,2026,4,user-emp2-1663,2
no_autorizado,15,2026,1,user-emp2-1664,2
no_autorizado,1,2026,2,user-emp2-1665,2
no_autorizado,2,2026,3,user-emp2-1666,2
no_autorizado,3,2026,4,user-emp2-1667,2
no_autorizado,4,2026,1,user-emp2-1668,2
no_autorizado,5,2026,2,user-emp2-1669,2
no_autorizado,6,2026,3,user-emp2-1670,2
no_autorizado,7,2026,4,user-emp2-1671,2
no_autorizado,8,2026,1,user-emp2-1672,2
no_autorizado,9,2026,2,user-emp2-1673,2
no_autorizado,10,2026,3,user-emp2-1674,2
no_autorizado,11,2026,4,user-emp2-1675,2
no_autorizado,12,2026,1,user-emp2-1676,2
no_autorizado,13,2026,2,user-emp2-1677,2
no_autorizado,14,2026,3,user-emp2-1678,2
no_autorizado,15,2026,4,user-emp2-1679,2
no_autorizado,1,2026,1,user-emp2-1680,2
no_autorizado,2,2026,2,user-emp2-1681,2
no_autorizado,3,2026,3,user-emp2-1682,2
no_autorizado,4,2026,4,user-emp2-1683,2
no_autorizado,5,2026,1,user-emp2-1684,2
no_autorizado,6,2026,2,user-emp2-1685,2
no_autorizado,7,2026,3,user-emp2-1686,2
no_autorizado,8,2026,4,user-emp2-1687,2
no_autorizado,9,2026,1,user-emp2-1688,2
no_autorizado,10,2026,2,user-emp2-1689,2
no_autorizado,11,2026,3,user-emp2-1690,2
no_autorizado,12,2026,4,user-emp2-1691,2
no_autorizado,13,2026,1,user-emp2-1692,2
no_autorizado,14,2026,2,user-emp2-1693,2
no_autorizado,15,2026,3,user-emp2-1694,2
no_autorizado,1,2026,4,user-emp2-1695,2
no_autorizado,2,2026,1,user-emp2-1696,2
no_autorizado,3,2026,2,user-emp2-1697,2
no_autorizado,4,2026,3,user-emp2-1698,2
no_autorizado,5,2026,4,user-emp2-1699,2
no_autorizado,6,2026,1,user-emp2-1700,2
no_autorizado,7,2026,2,user-emp2-1701,2
no_autorizado,8,2026,3,user-emp2-1702,2
no_autorizado,9,2026,4,user-emp2-1703,2
no_autorizado,10,2026,1,user-emp2-1704,2
no_autorizado,11,2026,2,user-emp2-1705,2
no_autorizado,12,2026,3,user-emp2-1706,2
no_autorizado,13,2026,4,user-emp2-1707,2
no_autorizado,14,2026,1,user-emp2-1708,2
no_autorizado,15,2026,2,user-emp2-1709,2
no_autorizado,1,2026,3,user-emp2-1710,2
no_autorizado,2,2026,4,user-emp2-1711,2
no_autorizado,3,2026,1,user-emp2-1712,2
no_autorizado,4,2026,2,user-emp2-1713,2
no_autorizado,5,2026,3,user-emp2-1714,2
no_autorizado,6,2026,4,user-emp2-1715,2
no_autorizado,7,2026,1,user-emp2-1716,2
no_autorizado,8,2026,2,user-emp2-1717,2
no_autorizado,9,2026,3,user-emp2-1718,2
no_autorizado,10,2026,4,user-emp2-1719,2
no_autorizado,11,2026,1,user-emp2-1720,2
no_autorizado,12,2026,2,user-emp2-1721,2
no_autorizado,13,2026,3,user-emp2-1722,2
no_autorizado,14,2026,4,user-emp2-1723,2
no_autorizado,15,2026,1,user-emp2-1724,2
no_autorizado,1,2026,2,user-emp2-1725,2
no_autorizado,2,2026,3,user-emp2-1726,2
no_autorizado,3,2026,4,user-emp2-1727,2
no_autorizado,4,2026,1,user-emp2-1728,2
no_autorizado,5,2026,2,user-emp2-1729,2
no_autorizado,6,2026,3,user-emp2-1730,2
no_autorizado,7,2026,4,user-emp2-1731,2
no_autorizado,8,2026,1,user-emp2-1732,2
no_autorizado,9,2026,2,user-emp2-1733,2
no_autorizado,10,2026,3,user-emp2-1734,2
no_autorizado,11,2026,4,user-emp2-1735,2
no_autorizado,12,2026,1,user-emp2-1736,2
no_autorizado,13,2026,2,user-emp2-1737,2
no_autorizado,14,2026,3,user-emp2-1738,2
no_autorizado,15,2026,4,user-emp2-1739,2
no_autorizado,1,2026,1,user-emp2-1740,2
no_autorizado,2,2026,2,user-emp2-1741,2
no_autorizado,3,2026,3,user-emp2-1742,2
no_autorizado,4,2026,4,user-emp2-1743,2
no_autorizado,5,2026,1,user-emp2-1744,2
no_autorizado,6,2026,2,user-emp2-1745,2
no_autorizado,7,2026,3,user-emp2-1746,2
no_autorizado,8,2026,4,user-emp2-1747,2
no_autorizado,9,2026,1,user-emp2-1748,2
no_autorizado,10,2026,2,user-emp2-1749,2
no_autorizado,11,2026,3,user-emp2-1750,2
no_autorizado,12,2026,4,user-emp2-1751,2
no_autorizado,13,2026,1,user-emp2-1752,2
no_autorizado,14,2026,2,user-emp2-1753,2
no_autorizado,15,2026,3,user-emp2-1754,2
no_autorizado,1,2026,4,user-emp2-1755,2
no_autorizado,2,2026,1,user-emp2-1756,2
no_autorizado,3,2026,2,user-emp2-1757,2
no_autorizado,4,2026,3,user-emp2-1758,2
no_autorizado,5,2026,4,user-emp2-1759,2
no_autorizado,6,2026,1,user-emp2-1760,2
no_autorizado,7,2026,2,user-emp2-1761,2
no_autorizado,8,2026,3,user-emp2-1762,2
no_autorizado,9,2026,4,user-emp2-1763,2
no_autorizado,10,2026,1,user-emp2-1764,2
no_autorizado,11,2026,2,user-emp2-1765,2
no_autorizado,12,2026,3,user-emp2-1766,2
no_autorizado,13,2026,4,user-emp2-1767,2
no_autorizado,14,2026,1,user-emp2-1768,2
no_autorizado,15,2026,2,user-emp2-1769,2
no_autorizado,1,2026,3,user-emp2-1770,2
no_autorizado,2,2026,4,user-emp2-1771,2
no_autorizado,3,2026,1,user-emp2-1772,2
no_autorizado,4,2026,2,user-emp2-1773,2
no_autorizado,5,2026,3,user-emp2-1774,2
no_autorizado,6,2026,4,user-emp2-1775,2
no_autorizado,7,2026,1,user-emp2-1776,2
no_autorizado,8,2026,2,user-emp2-1777,2
no_autorizado,9,2026,3,user-emp2-1778,2
no_autorizado,10,2026,4,user-emp2-1779,2
no_autorizado,11,2026,1,user-emp2-1780,2
no_autorizado,12,2026,2,user-emp2-1781,2
no_autorizado,13,2026,3,user-emp2-1782,2
no_autorizado,14,2026,4,user-emp2-1783,2
no_autorizado,15,2026,1,user-emp2-1784,2
no_autorizado,1,2026,2,user-emp2-1785,2
no_autorizado,2,2026,3,user-emp2-1786,2
no_autorizado,3,2026,4,user-emp2-1787,2
no_autorizado,4,2026,1,user-emp2-1788,2
no_autorizado,5,2026,2,user-emp2-1789,2
no_autorizado,6,2026,3,user-emp2-1790,2
no_autorizado,7,2026,4,user-emp2-1791,2
no_autorizado,8,2026,1,user-emp2-1792,2
no_autorizado,9,2026,2,user-emp2-1793,2
no_autorizado,10,2026,3,user-emp2-1794,2
no_autorizado,11,2026,4,user-emp2-1795,2
no_autorizado,12,2026,1,user-emp2-1796,2
no_autorizado,13,2026,2,user-emp2-1797,2
no_autorizado,14,2026,3,user-emp2-1798,2
no_autorizado,15,2026,4,user-emp2-1799,2
no_autorizado,1,2026,1,user-emp2-1800,2
no_autorizado,2,2026,2,user-emp2-1801,2
no_autorizado,3,2026,3,user-emp2-1802,2
no_autorizado,4,2026,4,user-emp2-1803,2
no_autorizado,5,2026,1,user-emp2-1804,2
no_autorizado,6,2026,2,user-emp2-1805,2
no_autorizado,7,2026,3,user-emp2-1806,2
no_autorizado,8,2026,4,user-emp2-1807,2
no_autorizado,9,2026,1,user-emp2-1808,2
no_autorizado,10,2026,2,user-emp2-1809,2
no_autorizado,11,2026,3,user-emp2-1810,2
no_autorizado,12,2026,4,user-emp2-1811,2
no_autorizado,13,2026,1,user-emp2-1812,2
no_autorizado,14,2026,2,user-emp2-1813,2
no_autorizado,15,2026,3,user-emp2-1814,2
no_autorizado,1,2026,4,user-emp2-1815,2
no_autorizado,2,2026,1,user-emp2-1816,2
no_autorizado,3,2026,2,user-emp2-1817,2
no_autorizado,4,2026,3,user-emp2-1818,2
no_autorizado,5,2026,4,user-emp2-1819,2
no_autorizado,6,2026,1,user-emp2-1820,2
no_autorizado,7,2026,2,user-emp2-1821,2
no_autorizado,8,2026,3,user-emp2-1822,2
no_autorizado,9,2026,4,user-emp2-1823,2
no_autorizado,10,2026,1,user-emp2-1824,2
no_autorizado,11,2026,2,user-emp2-1825,2
no_autorizado,12,2026,3,user-emp2-1826,2
no_autorizado,13,2026,4,user-emp2-1827,2
no_autorizado,14,2026,1,user-emp2-1828,2
no_autorizado,15,2026,2,user-emp2-1829,2
no_autorizado,1,2026,3,user-emp2-1830,2
no_autorizado,2,2026,4,user-emp2-1831,2
no_autorizado,3,2026,1,user-emp2-1832,2
no_autorizado,4,2026,2,user-emp2-1833,2
no_autorizado,5,2026,3,user-emp2-1834,2
no_autorizado,6,2026,4,user-emp2-1835,2
no_autorizado,7,2026,1,user-emp2-1836,2
no_autorizado,8,2026,2,user-emp2-1837,2
no_autorizado,9,2026,3,user-emp2-1838,2
no_autorizado,10,2026,4,user-emp2-1839,2
no_autorizado,11,2026,1,user-emp2-1840,2
no_autorizado,12,2026,2,user-emp2-1841,2
no_autorizado,13,2026,3,user-emp2-1842,2
no_autorizado,14,2026,4,user-emp2-1843,2
no_autorizado,15,2026,1,user-emp2-1844,2
no_autorizado,1,2026,2,user-emp2-1845,2
no_autorizado,2,2026,3,user-emp2-1846,2
no_autorizado,3,2026,4,user-emp2-1847,2
no_autorizado,4,2026,1,user-emp2-1848,2
no_autorizado,5,2026,2,user-emp2-1849,2
no_autorizado,6,2026,3,user-emp2-1850,2
no_autorizado,7,2026,4,user-emp2-1851,2
no_autorizado,8,2026,1,user-emp2-1852,2
no_autorizado,9,2026,2,user-emp2-1853,2
no_autorizado,10,2026,3,user-emp2-1854,2
no_autorizado,11,2026,4,user-emp2-1855,2
no_autorizado,12,2026,1,user-emp2-1856,2
no_autorizado,13,2026,2,user-emp2-1857,2
no_autorizado,14,2026,3,user-emp2-1858,2
no_autorizado,15,2026,4,user-emp2-1859,2
no_autorizado,1,2026,1,user-emp2-1860,2
no_autorizado,2,2026,2,user-emp2-1861,2
no_autorizado,3,2026,3,user-emp2-1862,2
no_autorizado,4,2026,4,user-emp2-1863,2
no_autorizado,5,2026,1,user-emp2-1864,2
no_autorizado,6,2026,2,user-emp2-1865,2
no_autorizado,7,2026,3,user-emp2-1866,2
no_autorizado,8,2026,4,user-emp2-1867,2
no_autorizado,9,2026,1,user-emp2-1868,2
no_autorizado,10,2026,2,user-emp2-1869,2
no_autorizado,11,2026,3,user-emp2-1870,2
no_autorizado,12,2026,4,user-emp2-1871,2
no_autorizado,13,2026,1,user-emp2-1872,2
no_autorizado,14,2026,2,user-emp2-1873,2
no_autorizado,15,2026,3,user-emp2-1874,2
no_autorizado,1,2026,4,user-emp2-1875,2
no_autorizado,2,2026,1,user-emp2-1876,2
no_autorizado,3,2026,2,user-emp2-1877,2
no_autorizado,4,2026,3,user-emp2-1878,2
no_autorizado,5,2026,4,user-emp2-1879,2
no_autorizado,6,2026,1,user-emp2-1880,2
no_autorizado,7,2026,2,user-emp2-1881,2
no_autorizado,8,2026,3,user-emp2-1882,2
no_autorizado,9,2026,4,user-emp2-1883,2
no_autorizado,10,2026,1,user-emp2-1884,2
no_autorizado,11,2026,2,user-emp2-1885,2
no_autorizado,12,2026,3,user-emp2-1886,2
no_autorizado,13,2026,4,user-emp2-1887,2
no_autorizado,14,2026,1,user-emp2-1888,2
no_autorizado,15,2026,2,user-emp2-1889,2
no_autorizado,1,2026,3,user-emp2-1890,2
no_autorizado,2,2026,4,user-emp2-1891,2
no_autorizado,3,2026,1,user-emp2-1892,2
no_autorizado,4,2026,2,user-emp2-1893,2
no_autorizado,5,2026,3,user-emp2-1894,2
no_autorizado,6,2026,4,user-emp2-1895,2
no_autorizado,7,2026,1,user-emp2-1896,2
no_autorizado,8,2026,2,user-emp2-1897,2
no_autorizado,9,2026,3,user-emp2-1898,2
no_autorizado,10,2026,4,user-emp2-1899,2
no_autorizado,11,2026,1,user-emp2-1900,2
no_autorizado,12,2026,2,user-emp2-1901,2
no_autorizado,13,2026,3,user-emp2-1902,2
no_autorizado,14,2026,4,user-emp2-1903,2
no_autorizado,15,2026,1,user-emp2-1904,2
no_autorizado,1,2026,2,user-emp2-1905,2
no_autorizado,2,2026,3,user-emp2-1906,2
no_autorizado,3,2026,4,user-emp2-1907,2
no_autorizado,4,2026,1,user-emp2-1908,2
no_autorizado,5,2026,2,user-emp2-1909,2
no_autorizado,6,2026,3,user-emp2-1910,2
no_autorizado,7,2026,4,user-emp2-1911,2
no_autorizado,8,2026,1,user-emp2-1912,2
no_autorizado,9,2026,2,user-emp2-1913,2
no_autorizado,10,2026,3,user-emp2-1914,2
no_autorizado,11,2026,4,user-emp2-1915,2
no_autorizado,12,2026,1,user-emp2-1916,2
no_autorizado,13,2026,2,user-emp2-1917,2
no_autorizado,14,2026,3,user-emp2-1918,2
no_autorizado,15,2026,4,user-emp2-1919,2
no_autorizado,1,2026,1,user-emp2-1920,2
no_autorizado,2,2026,2,user-emp2-1921,2
no_autorizado,3,2026,3,user-emp2-1922,2
no_autorizado,4,2026,4,user-emp2-1923,2
no_autorizado,5,2026,1,user-emp2-1924,2
no_autorizado,6,2026,2,user-emp2-1925,2
no_autorizado,7,2026,3,user-emp2-1926,2
no_autorizado,8,2026,4,user-emp2-1927,2
no_autorizado,9,2026,1,user-emp2-1928,2
no_autorizado,10,2026,2,user-emp2-1929,2
no_autorizado,11,2026,3,user-emp2-1930,2
no_autorizado,12,2026,4,user-emp2-1931,2
no_autorizado,13,2026,1,user-emp2-1932,2
no_autorizado,14,2026,2,user-emp2-1933,2
no_autorizado,15,2026,3,user-emp2-1934,2
no_autorizado,1,2026,4,user-emp2-1935,2
no_autorizado,2,2026,1,user-emp2-1936,2
no_autorizado,3,2026,2,user-emp2-1937,2
no_autorizado,4,2026,3,user-emp2-1938,2
no_autorizado,5,2026,4,user-emp2-1939,2
no_autorizado,6,2026,1,user-emp2-1940,2
no_autorizado,7,2026,2,user-emp2-1941,2
no_autorizado,8,2026,3,user-emp2-1942,2
no_autorizado,9,2026,4,user-emp2-1943,2
no_autorizado,10,2026,1,user-emp2-1944,2
no_autorizado,11,2026,2,user-emp2-1945,2
no_autorizado,12,2026,3,user-emp2-1946,2
no_autorizado,13,2026,4,user-emp2-1947,2
no_autorizado,14,2026,1,user-emp2-1948,2
no_autorizado,15,2026,2,user-emp2-1949,2
no_autorizado,1,2026,3,user-emp2-1950,2
no_autorizado,2,2026,4,user-emp2-1951,2
no_autorizado,3,2026,1,user-emp2-1952,2
no_autorizado,4,2026,2,user-emp2-1953,2
no_autorizado,5,2026,3,user-emp2-1954,2
no_autorizado,6,2026,4,user-emp2-1955,2
no_autorizado,7,2026,1,user-emp2-1956,2
no_autorizado,8,2026,2,user-emp2-1957,2
no_autorizado,9,2026,3,user-emp2-1958,2
no_autorizado,10,2026,4,user-emp2-1959,2
no_autorizado,11,2026,1,user-emp2-1960,2
no_autorizado,12,2026,2,user-emp2-1961,2
no_autorizado,13,2026,3,user-emp2-1962,2
no_autorizado,14,2026,4,user-emp2-1963,2
no_autorizado,15,2026,1,user-emp2-1964,2
no_autorizado,1,2026,2,user-emp2-1965,2
no_autorizado,2,2026,3,user-emp2-1966,2
no_autorizado,3,2026,4,user-emp2-1967,2
no_autorizado,4,2026,1,user-emp2-1968,2
no_autorizado,5,2026,2,user-emp2-1969,2
no_autorizado,6,2026,3,user-emp2-1970,2
no_autorizado,7,2026,4,user-emp2-1971,2
no_autorizado,8,2026,1,user-emp2-1972,2
no_autorizado,9,2026,2,user-emp2-1973,2
no_autorizado,10,2026,3,user-emp2-1974,2
no_autorizado,11,2026,4,user-emp2-1975,2
no_autorizado,12,2026,1,user-emp2-1976,2
no_autorizado,13,2026,2,user-emp2-1977,2
no_autorizado,14,2026,3,user-emp2-1978,2
no_autorizado,15,2026,4,user-emp2-1979,2
no_autorizado,1,2026,1,user-emp2-1980,2
no_autorizado,2,2026,2,user-emp2-1981,2
no_autorizado,3,2026,3,user-emp2-1982,2
no_autorizado,4,2026,4,user-emp2-1983,2
no_autorizado,5,2026,1,user-emp2-1984,2
no_autorizado,6,2026,2,user-emp2-1985,2
no_autorizado,7,2026,3,user-emp2-1986,2
no_autorizado,8,2026,4,user-emp2-1987,2
no_autorizado,9,2026,1,user-emp2-1988,2
no_autorizado,10,2026,2,user-emp2-1989,2
no_autorizado,11,2026,3,user-emp2-1990,2
no_autorizado,12,2026,4,user-emp2-1991,2
no_autorizado,13,2026,1,user-emp2-1992,2
no_autorizado,14,2026,2,user-emp2-1993,2
no_autorizado,15,2026,3,user-emp2-1994,2
no_autorizado,1,2026,4,user-emp2-1995,2
no_autorizado,2,2026,1,user-emp2-1996,2
no_autorizado,3,2026,2,user-emp2-1997,2
no_autorizado,4,2026,3,user-emp2-1998,2
no_autorizado,5,2026,4,user-emp2-1999,2
no_autorizado,6,2026,1,user-emp2-2000,2
no_autorizado,7,2026,2,user-emp2-2001,2
no_autorizado,8,2026,3,user-emp2-2002,2
no_autorizado,9,2026,4,user-emp2-2003,2
no_autorizado,10,2026,1,user-emp2-2004,2
no_autorizado,11,2026,2,user-emp2-2005,2
no_autorizado,12,2026,3,user-emp2-2006,2
no_autorizado,13,2026,4,user-emp2-2007,2
no_autorizado,14,2026,1,user-emp2-2008,2
no_autorizado,15,2026,2,user-emp2-2009,2
no_autorizado,1,2026,3,user-emp2-2010,2
no_autorizado,2,2026,4,user-emp2-2011,2
no_autorizado,3,2026,1,user-emp2-2012,2
no_autorizado,4,2026,2,user-emp2-2013,2
no_autorizado,5,2026,3,user-emp2-2014,2
no_autorizado,6,2026,4,user-emp2-2015,2
no_autorizado,7,2026,1,user-emp2-2016,2
no_autorizado,8,2026,2,user-emp2-2017,2
no_autorizado,9,2026,3,user-emp2-2018,2
no_autorizado,10,2026,4,user-emp2-2019,2
no_autorizado,11,2026,1,user-emp2-2020,2
no_autorizado,12,2026,2,user-emp2-2021,2
no_autorizado,13,2026,3,user-emp2-2022,2
no_autorizado,14,2026,4,user-emp2-2023,2
no_autorizado,15,2026,1,user-emp2-2024,2
no_autorizado,1,2026,2,user-emp2-2025,2
no_autorizado,2,2026,3,user-emp2-2026,2
no_autorizado,3,2026,4,user-emp2-2027,2
no_autorizado,4,2026,1,user-emp2-2028,2
no_autorizado,5,2026,2,user-emp2-2029,2
no_autorizado,6,2026,3,user-emp2-2030,2
no_autorizado,7,2026,4,user-emp2-2031,2
no_autorizado,8,2026,1,user-emp2-2032,2
no_autorizado,9,2026,2,user-emp2-2033,2
no_autorizado,10,2026,3,user-emp2-2034,2
no_autorizado,11,2026,4,user-emp2-2035,2
no_autorizado,12,2026,1,user-emp2-2036,2
no_autorizado,13,2026,2,user-emp2-2037,2
no_autorizado,14,2026,3,user-emp2-2038,2
no_autorizado,15,2026,4,user-emp2-2039,2
no_autorizado,1,2026,1,user-emp2-2040,2
no_autorizado,2,2026,2,user-emp2-2041,2
no_autorizado,3,2026,3,user-emp2-2042,2
no_autorizado,4,2026,4,user-emp2-2043,2
no_autorizado,5,2026,1,user-emp2-2044,2
no_autorizado,6,2026,2,user-emp2-2045,2
no_autorizado,7,2026,3,user-emp2-2046,2
no_autorizado,8,2026,4,user-emp2-2047,2
no_autorizado,9,2026,1,user-emp2-2048,2
no_autorizado,10,2026,2,user-emp2-2049,2
no_autorizado,11,2026,3,user-emp2-2050,2
no_autorizado,12,2026,4,user-emp2-2051,2
no_autorizado,13,2026,1,user-emp2-2052,2
no_autorizado,14,2026,2,user-emp2-2053,2
no_autorizado,15,2026,3,user-emp2-2054,2
no_autorizado,1,2026,4,user-emp2-2055,2
no_autorizado,2,2026,1,user-emp2-2056,2
no_autorizado,3,2026,2,user-emp2-2057,2
no_autorizado,4,2026,3,user-emp2-2058,2
no_autorizado,5,2026,4,user-emp2-2059,2
no_autorizado,6,2026,1,user-emp2-2060,2
no_autorizado,7,2026,2,user-emp2-2061,2
no_autorizado,8,2026,3,user-emp2-2062,2
no_autorizado,9,2026,4,user-emp2-2063,2
no_autorizado,10,2026,1,user-emp2-2064,2
no_autorizado,11,2026,2,user-emp2-2065,2
no_autorizado,12,2026,3,user-emp2-2066,2
no_autorizado,13,2026,4,user-emp2-2067,2
no_autorizado,14,2026,1,user-emp2-2068,2
no_autorizado,15,2026,2,user-emp2-2069,2
no_autorizado,1,2026,3,user-emp2-2070,2
no_autorizado,2,2026,4,user-emp2-2071,2
no_autorizado,3,2026,1,user-emp2-2072,2
no_autorizado,4,2026,2,user-emp2-2073,2
no_autorizado,5,2026,3,user-emp2-2074,2
no_autorizado,6,2026,4,user-emp2-2075,2
no_autorizado,7,2026,1,user-emp2-2076,2
no_autorizado,8,2026,2,user-emp2-2077,2
no_autorizado,9,2026,3,user-emp2-2078,2
no_autorizado,10,2026,4,user-emp2-2079,2
no_autorizado,11,2026,1,user-emp2-2080,2
no_autorizado,12,2026,2,user-emp2-2081,2
no_autorizado,13,2026,3,user-emp2-2082,2
no_autorizado,14,2026,4,user-emp2-2083,2
no_autorizado,15,2026,1,user-emp2-2084,2
no_autorizado,1,2026,2,user-emp2-2085,2
no_autorizado,2,2026,3,user-emp2-2086,2
no_autorizado,3,2026,4,user-emp2-2087,2
no_autorizado,4,2026,1,user-emp2-2088,2
no_autorizado,5,2026,2,user-emp2-2089,2
no_autorizado,6,2026,3,user-emp2-2090,2
no_autorizado,7,2026,4,user-emp2-2091,2
no_autorizado,8,2026,1,user-emp2-2092,2
no_autorizado,9,2026,2,user-emp2-2093,2
no_autorizado,10,2026,3,user-emp2-2094,2
no_autorizado,11,2026,4,user-emp2-2095,2
no_autorizado,12,2026,1,user-emp2-2096,2
no_autorizado,13,2026,2,user-emp2-2097,2
no_autorizado,14,2026,3,user-emp2-2098,2
no_autorizado,15,2026,4,user-emp2-2099,2
no_autorizado,1,2026,1,user-emp2-2100,2
no_autorizado,2,2026,2,user-emp2-2101,2
no_autorizado,3,2026,3,user-emp2-2102,2
no_autorizado,4,2026,4,user-emp2-2103,2
no_autorizado,5,2026,1,user-emp2-2104,2
no_autorizado,6,2026,2,user-emp2-2105,2
no_autorizado,7,2026,3,user-emp2-2106,2
no_autorizado,8,2026,4,user-emp2-2107,2
no_autorizado,9,2026,1,user-emp2-2108,2
no_autorizado,10,2026,2,user-emp2-2109,2
no_autorizado,11,2026,3,user-emp2-2110,2
no_autorizado,12,2026,4,user-emp2-2111,2
no_autorizado,13,2026,1,user-emp2-2112,2
no_autorizado,14,2026,2,user-emp2-2113,2
no_autorizado,15,2026,3,user-emp2-2114,2
no_autorizado,1,2026,4,user-emp2-2115,2
no_autorizado,2,2026,1,user-emp2-2116,2
no_autorizado,3,2026,2,user-emp2-2117,2
no_autorizado,4,2026,3,user-emp2-2118,2
no_autorizado,5,2026,4,user-emp2-2119,2
no_autorizado,6,2026,1,user-emp2-2120,2
no_autorizado,7,2026,2,user-emp2-2121,2
no_autorizado,8,2026,3,user-emp2-2122,2
no_autorizado,9,2026,4,user-emp2-2123,2
no_autorizado,10,2026,1,user-emp2-2124,2
no_autorizado,11,2026,2,user-emp2-2125,2
no_autorizado,12,2026,3,user-emp2-2126,2
no_autorizado,13,2026,4,user-emp2-2127,2
no_autorizado,14,2026,1,user-emp2-2128,2
no_autorizado,15,2026,2,user-emp2-2129,2
no_autorizado,1,2026,3,user-emp2-2130,2
no_autorizado,2,2026,4,user-emp2-2131,2
no_autorizado,3,2026,1,user-emp2-2132,2
no_autorizado,4,2026,2,user-emp2-2133,2
no_autorizado,5,2026,3,user-emp2-2134,2
no_autorizado,6,2026,4,user-emp2-2135,2
no_autorizado,7,2026,1,user-emp2-2136,2
no_autorizado,8,2026,2,user-emp2-2137,2
no_autorizado,9,2026,3,user-emp2-2138,2
no_autorizado,10,2026,4,user-emp2-2139,2
no_autorizado,11,2026,1,user-emp2-2140,2
no_autorizado,12,2026,2,user-emp2-2141,2
no_autorizado,13,2026,3,user-emp2-2142,2
no_autorizado,14,2026,4,user-emp2-2143,2
no_autorizado,15,2026,1,user-emp2-2144,2
no_autorizado,1,2026,2,user-emp2-2145,2
no_autorizado,2,2026,3,user-emp2-2146,2
no_autorizado,3,2026,4,user-emp2-2147,2
no_autorizado,4,2026,1,user-emp2-2148,2
no_autorizado,5,2026,2,user-emp2-2149,2
no_autorizado,6,2026,3,user-emp2-2150,2
no_autorizado,7,2026,4,user-emp2-2151,2
no_autorizado,8,2026,1,user-emp2-2152,2
no_autorizado,9,2026,2,user-emp2-2153,2
no_autorizado,10,2026,3,user-emp2-2154,2
no_autorizado,11,2026,4,user-emp2-2155,2
no_autorizado,12,2026,1,user-emp2-2156,2
no_autorizado,13,2026,2,user-emp2-2157,2
no_autorizado,14,2026,3,user-emp2-2158,2
no_autorizado,15,2026,4,user-emp2-2159,2
no_autorizado,1,2026,1,user-emp2-2160,2
no_autorizado,2,2026,2,user-emp2-2161,2
no_autorizado,3,2026,3,user-emp2-2162,2
no_autorizado,4,2026,4,user-emp2-2163,2
no_autorizado,5,2026,1,user-emp2-2164,2
no_autorizado,6,2026,2,user-emp2-2165,2
no_autorizado,7,2026,3,user-emp2-2166,2
no_autorizado,8,2026,4,user-emp2-2167,2
no_autorizado,9,2026,1,user-emp2-2168,2
no_autorizado,10,2026,2,user-emp2-2169,2
no_autorizado,11,2026,3,user-emp2-2170,2
no_autorizado,12,2026,4,user-emp2-2171,2
no_autorizado,13,2026,1,user-emp2-2172,2
no_autorizado,14,2026,2,user-emp2-2173,2
no_autorizado,15,2026,3,user-emp2-2174,2
no_autorizado,1,2026,4,user-emp2-2175,2
no_autorizado,2,2026,1,user-emp2-2176,2
no_autorizado,3,2026,2,user-emp2-2177,2
no_autorizado,4,2026,3,user-emp2-2178,2
no_autorizado,5,2026,4,user-emp2-2179,2
no_autorizado,6,2026,1,user-emp2-2180,2
no_autorizado,7,2026,2,user-emp2-2181,2
no_autorizado,8,2026,3,user-emp2-2182,2
no_autorizado,9,2026,4,user-emp2-2183,2
no_autorizado,10,2026,1,user-emp2-2184,2
no_autorizado,11,2026,2,user-emp2-2185,2
no_autorizado,12,2026,3,user-emp2-2186,2
no_autorizado,13,2026,4,user-emp2-2187,2
no_autorizado,14,2026,1,user-emp2-2188,2
no_autorizado,15,2026,2,user-emp2-2189,2
no_autorizado,1,2026,3,user-emp2-2190,2
no_autorizado,2,2026,4,user-emp2-2191,2
no_autorizado,3,2026,1,user-emp2-2192,2
no_autorizado,4,2026,2,user-emp2-2193,2
no_autorizado,5,2026,3,user-emp2-2194,2
no_autorizado,6,2026,4,user-emp2-2195,2
no_autorizado,7,2026,1,user-emp2-2196,2
no_autorizado,8,2026,2,user-emp2-2197,2
no_autorizado,9,2026,3,user-emp2-2198,2
no_autorizado,10,2026,4,user-emp2-2199,2
no_autorizado,11,2026,1,user-emp2-2200,2
no_autorizado,12,2026,2,user-emp2-2201,2
no_autorizado,13,2026,3,user-emp2-2202,2
no_autorizado,14,2026,4,user-emp2-2203,2
no_autorizado,15,2026,1,user-emp2-2204,2
no_autorizado,1,2026,2,user-emp2-2205,2
no_autorizado,2,2026,3,user-emp2-2206,2
no_autorizado,3,2026,4,user-emp2-2207,2
no_autorizado,4,2026,1,user-emp2-2208,2
no_autorizado,5,2026,2,user-emp2-2209,2
no_autorizado,6,2026,3,user-emp2-2210,2
no_autorizado,7,2026,4,user-emp2-2211,2
no_autorizado,8,2026,1,user-emp2-2212,2
no_autorizado,9,2026,2,user-emp2-2213,2
no_autorizado,10,2026,3,user-emp2-2214,2
no_autorizado,11,2026,4,user-emp2-2215,2
no_autorizado,12,2026,1,user-emp2-2216,2
no_autorizado,13,2026,2,user-emp2-2217,2
no_autorizado,14,2026,3,user-emp2-2218,2
no_autorizado,15,2026,4,user-emp2-2219,2
no_autorizado,1,2026,1,user-emp2-2220,2
no_autorizado,2,2026,2,user-emp2-2221,2
no_autorizado,3,2026,3,user-emp2-2222,2
no_autorizado,4,2026,4,user-emp2-2223,2
no_autorizado,5,2026,1,user-emp2-2224,2
no_autorizado,6,2026,2,user-emp2-2225,2
no_autorizado,7,2026,3,user-emp2-2226,2
no_autorizado,8,2026,4,user-emp2-2227,2
no_autorizado,9,2026,1,user-emp2-2228,2
no_autorizado,10,2026,2,user-emp2-2229,2
no_autorizado,11,2026,3,user-emp2-2230,2
no_autorizado,12,2026,4,user-emp2-2231,2
no_autorizado,13,2026,1,user-emp2-2232,2
no_autorizado,14,2026,2,user-emp2-2233,2
no_autorizado,15,2026,3,user-emp2-2234,2
no_autorizado,1,2026,4,user-emp2-2235,2
no_autorizado,2,2026,1,user-emp2-2236,2
no_autorizado,3,2026,2,user-emp2-2237,2
no_autorizado,4,2026,3,user-emp2-2238,2
no_autorizado,5,2026,4,user-emp2-2239,2
no_autorizado,6,2026,1,user-emp2-2240,2
no_autorizado,7,2026,2,user-emp2-2241,2
no_autorizado,8,2026,3,user-emp2-2242,2
no_autorizado,9,2026,4,user-emp2-2243,2
no_autorizado,10,2026,1,user-emp2-2244,2
no_autorizado,11,2026,2,user-emp2-2245,2
no_autorizado,12,2026,3,user-emp2-2246,2
no_autorizado,13,2026,4,user-emp2-2247,2
no_autorizado,14,2026,1,user-emp2-2248,2
no_autorizado,15,2026,2,user-emp2-2249,2
no_autorizado,1,2026,3,user-emp2-2250,2
no_autorizado,2,2026,4,user-emp2-2251,2
no_autorizado,3,2026,1,user-emp2-2252,2
no_autorizado,4,2026,2,user-emp2-2253,2
no_autorizado,5,2026,3,user-emp2-2254,2
no_autorizado,6,2026,4,user-emp2-2255,2
no_autorizado,7,2026,1,user-emp2-2256,2
no_autorizado,8,2026,2,user-emp2-2257,2
no_autorizado,9,2026,3,user-emp2-2258,2
no_autorizado,10,2026,4,user-emp2-2259,2
no_autorizado,11,2026,1,user-emp2-2260,2
no_autorizado,12,2026,2,user-emp2-2261,2
no_autorizado,13,2026,3,user-emp2-2262,2
no_autorizado,14,2026,4,user-emp2-2263,2
no_autorizado,15,2026,1,user-emp2-2264,2
no_autorizado,1,2026,2,user-emp2-2265,2
no_autorizado,2,2026,3,user-emp2-2266,2
no_autorizado,3,2026,4,user-emp2-2267,2
no_autorizado,4,2026,1,user-emp2-2268,2
no_autorizado,5,2026,2,user-emp2-2269,2
no_autorizado,6,2026,3,user-emp2-2270,2
no_autorizado,7,2026,4,user-emp2-2271,2
no_autorizado,8,2026,1,user-emp2-2272,2
no_autorizado,9,2026,2,user-emp2-2273,2
no_autorizado,10,2026,3,user-emp2-2274,2
no_autorizado,11,2026,4,user-emp2-2275,2
no_autorizado,12,2026,1,user-emp2-2276,2
no_autorizado,13,2026,2,user-emp2-2277,2
no_autorizado,14,2026,3,user-emp2-2278,2
no_autorizado,15,2026,4,user-emp2-2279,2
no_autorizado,1,2026,1,user-emp2-2280,2
no_autorizado,2,2026,2,user-emp2-2281,2
no_autorizado,3,2026,3,user-emp2-2282,2
no_autorizado,4,2026,4,user-emp2-2283,2
no_autorizado,5,2026,1,user-emp2-2284,2
no_autorizado,6,2026,2,user-emp2-2285,2
no_autorizado,7,2026,3,user-emp2-2286,2
no_autorizado,8,2026,4,user-emp2-2287,2
no_autorizado,9,2026,1,user-emp2-2288,2
no_autorizado,10,2026,2,user-emp2-2289,2
no_autorizado,11,2026,3,user-emp2-2290,2
no_autorizado,12,2026,4,user-emp2-2291,2
no_autorizado,13,2026,1,user-emp2-2292,2
no_autorizado,14,2026,2,user-emp2-2293,2
no_autorizado,15,2026,3,user-emp2-2294,2
no_autorizado,1,2026,4,user-emp2-2295,2
no_autorizado,2,2026,1,user-emp2-2296,2
no_autorizado,3,2026,2,user-emp2-2297,2
no_autorizado,4,2026,3,user-emp2-2298,2
no_autorizado,5,2026,4,user-emp2-2299,2
no_autorizado,6,2026,1,user-emp2-2300,2
no_autorizado,7,2026,2,user-emp2-2301,2
no_autorizado,8,2026,3,user-emp2-2302,2
no_autorizado,9,2026,4,user-emp2-2303,2
no_autorizado,10,2026,1,user-emp2-2304,2
no_autorizado,11,2026,2,user-emp2-2305,2
no_autorizado,12,2026,3,user-emp2-2306,2
no_autorizado,13,2026,4,user-emp2-2307,2
no_autorizado,14,2026,1,user-emp2-2308,2
no_autorizado,15,2026,2,user-emp2-2309,2
no_autorizado,1,2026,3,user-emp2-2310,2
no_autorizado,2,2026,4,user-emp2-2311,2
no_autorizado,3,2026,1,user-emp2-2312,2
no_autorizado,4,2026,2,user-emp2-2313,2
no_autorizado,5,2026,3,user-emp2-2314,2
no_autorizado,6,2026,4,user-emp2-2315,2
no_autorizado,7,2026,1,user-emp2-2316,2
no_autorizado,8,2026,2,user-emp2-2317,2
no_autorizado,9,2026,3,user-emp2-2318,2
no_autorizado,10,2026,4,user-emp2-2319,2
no_autorizado,11,2026,1,user-emp2-2320,2
no_autorizado,12,2026,2,user-emp2-2321,2
no_autorizado,13,2026,3,user-emp2-2322,2
no_autorizado,14,2026,4,user-emp2-2323,2
no_autorizado,15,2026,1,user-emp2-2324,2
no_autorizado,1,2026,2,user-emp2-2325,2
no_autorizado,2,2026,3,user-emp2-2326,2
no_autorizado,3,2026,4,user-emp2-2327,2
no_autorizado,4,2026,1,user-emp2-2328,2
no_autorizado,5,2026,2,user-emp2-2329,2
no_autorizado,6,2026,3,user-emp2-2330,2
no_autorizado,7,2026,4,user-emp2-2331,2
no_autorizado,8,2026,1,user-emp2-2332,2
no_autorizado,9,2026,2,user-emp2-2333,2
no_autorizado,10,2026,3,user-emp2-2334,2
no_autorizado,11,2026,4,user-emp2-2335,2
no_autorizado,12,2026,1,user-emp2-2336,2
no_autorizado,13,2026,2,user-emp2-2337,2
no_autorizado,14,2026,3,user-emp2-2338,2
no_autorizado,15,2026,4,user-emp2-2339,2
no_autorizado,1,2026,1,user-emp2-2340,2
no_autorizado,2,2026,2,user-emp2-2341,2
no_autorizado,3,2026,3,user-emp2-2342,2
no_autorizado,4,2026,4,user-emp2-2343,2
no_autorizado,5,2026,1,user-emp2-2344,2
no_autorizado,6,2026,2,user-emp2-2345,2
no_autorizado,7,2026,3,user-emp2-2346,2
no_autorizado,8,2026,4,user-emp2-2347,2
no_autorizado,9,2026,1,user-emp2-2348,2
no_autorizado,10,2026,2,user-emp2-2349,2
no_autorizado,11,2026,3,user-emp2-2350,2
no_autorizado,12,2026,4,user-emp2-2351,2
no_autorizado,13,2026,1,user-emp2-2352,2
no_autorizado,14,2026,2,user-emp2-2353,2
no_autorizado,15,2026,3,user-emp2-2354,2
no_autorizado,1,2026,4,user-emp2-2355,2
no_autorizado,2,2026,1,user-emp2-2356,2
no_autorizado,3,2026,2,user-emp2-2357,2
no_autorizado,4,2026,3,user-emp2-2358,2
no_autorizado,5,2026,4,user-emp2-2359,2
no_autorizado,6,2026,1,user-emp2-2360,2
no_autorizado,7,2026,2,user-emp2-2361,2
no_autorizado,8,2026,3,user-emp2-2362,2
no_autorizado,9,2026,4,user-emp2-2363,2
no_autorizado,10,2026,1,user-emp2-2364,2
no_autorizado,11,2026,2,user-emp2-2365,2
no_autorizado,12,2026,3,user-emp2-2366,2
no_autorizado,13,2026,4,user-emp2-2367,2
no_autorizado,14,2026,1,user-emp2-2368,2
no_autorizado,15,2026,2,user-emp2-2369,2
no_autorizado,1,2026,3,user-emp2-2370,2
no_autorizado,2,2026,4,user-emp2-2371,2
no_autorizado,3,2026,1,user-emp2-2372,2
no_autorizado,4,2026,2,user-emp2-2373,2
no_autorizado,5,2026,3,user-emp2-2374,2
no_autorizado,6,2026,4,user-emp2-2375,2
no_autorizado,7,2026,1,user-emp2-2376,2
no_autorizado,8,2026,2,user-emp2-2377,2
no_autorizado,9,2026,3,user-emp2-2378,2
no_autorizado,10,2026,4,user-emp2-2379,2
no_autorizado,11,2026,1,user-emp2-2380,2
no_autorizado,12,2026,2,user-emp2-2381,2
no_autorizado,13,2026,3,user-emp2-2382,2
no_autorizado,14,2026,4,user-emp2-2383,2
no_autorizado,15,2026,1,user-emp2-2384,2
no_autorizado,1,2026,2,user-emp2-2385,2
no_autorizado,2,2026,3,user-emp2-2386,2
no_autorizado,3,2026,4,user-emp2-2387,2
no_autorizado,4,2026,1,user-emp2-2388,2
no_autorizado,5,2026,2,user-emp2-2389,2
no_autorizado,6,2026,3,user-emp2-2390,2
no_autorizado,7,2026,4,user-emp2-2391,2
no_autorizado,8,2026,1,user-emp2-2392,2
no_autorizado,9,2026,2,user-emp2-2393,2
no_autorizado,10,2026,3,user-emp2-2394,2
no_autorizado,11,2026,4,user-emp2-2395,2
no_autorizado,12,2026,1,user-emp2-2396,2
no_autorizado,13,2026,2,user-emp2-2397,2
no_autorizado,14,2026,3,user-emp2-2398,2
no_autorizado,15,2026,4,user-emp2-2399,2
no_autorizado,1,2026,1,user-emp2-2400,2
no_autorizado,2,2026,2,user-emp2-2401,2
no_autorizado,3,2026,3,user-emp2-2402,2
no_autorizado,4,2026,4,user-emp2-2403,2
no_autorizado,5,2026,1,user-emp2-2404,2
no_autorizado,6,2026,2,user-emp2-2405,2
no_autorizado,7,2026,3,user-emp2-2406,2
no_autorizado,8,2026,4,user-emp2-2407,2
no_autorizado,9,2026,1,user-emp2-2408,2
no_autorizado,10,2026,2,user-emp2-2409,2
no_autorizado,11,2026,3,user-emp2-2410,2
no_autorizado,12,2026,4,user-emp2-2411,2
no_autorizado,13,2026,1,user-emp2-2412,2
no_autorizado,14,2026,2,user-emp2-2413,2
no_autorizado,15,2026,3,user-emp2-2414,2
no_autorizado,1,2026,4,user-emp2-2415,2
no_autorizado,2,2026,1,user-emp2-2416,2
no_autorizado,3,2026,2,user-emp2-2417,2
no_autorizado,4,2026,3,user-emp2-2418,2
no_autorizado,5,2026,4,user-emp2-2419,2
no_autorizado,6,2026,1,user-emp2-2420,2
no_autorizado,7,2026,2,user-emp2-2421,2
no_autorizado,8,2026,3,user-emp2-2422,2
no_autorizado,9,2026,4,user-emp2-2423,2
no_autorizado,10,2026,1,user-emp2-2424,2
no_autorizado,11,2026,2,user-emp2-2425,2
no_autorizado,12,2026,3,user-emp2-2426,2
no_autorizado,13,2026,4,user-emp2-2427,2
no_autorizado,14,2026,1,user-emp2-2428,2
no_autorizado,15,2026,2,user-emp2-2429,2
no_autorizado,1,2026,3,user-emp2-2430,2
no_autorizado,2,2026,4,user-emp2-2431,2
no_autorizado,3,2026,1,user-emp2-2432,2
no_autorizado,4,2026,2,user-emp2-2433,2
no_autorizado,5,2026,3,user-emp2-2434,2
no_autorizado,6,2026,4,user-emp2-2435,2
no_autorizado,7,2026,1,user-emp2-2436,2
no_autorizado,8,2026,2,user-emp2-2437,2
no_autorizado,9,2026,3,user-emp2-2438,2
no_autorizado,10,2026,4,user-emp2-2439,2
no_autorizado,11,2026,1,user-emp2-2440,2
no_autorizado,12,2026,2,user-emp2-2441,2
no_autorizado,13,2026,3,user-emp2-2442,2
no_autorizado,14,2026,4,user-emp2-2443,2
no_autorizado,15,2026,1,user-emp2-2444,2
no_autorizado,1,2026,2,user-emp2-2445,2
no_autorizado,2,2026,3,user-emp2-2446,2
no_autorizado,3,2026,4,user-emp2-2447,2
no_autorizado,4,2026,1,user-emp2-2448,2
no_autorizado,5,2026,2,user-emp2-2449,2
no_autorizado,6,2026,3,user-emp2-2450,2
no_autorizado,7,2026,4,user-emp2-2451,2
no_autorizado,8,2026,1,user-emp2-2452,2
no_autorizado,9,2026,2,user-emp2-2453,2
no_autorizado,10,2026,3,user-emp2-2454,2
no_autorizado,11,2026,4,user-emp2-2455,2
no_autorizado,12,2026,1,user-emp2-2456,2
no_autorizado,13,2026,2,user-emp2-2457,2
no_autorizado,14,2026,3,user-emp2-2458,2
no_autorizado,15,2026,4,user-emp2-2459,2
no_autorizado,1,2026,1,user-emp2-2460,2
no_autorizado,2,2026,2,user-emp2-2461,2
no_autorizado,3,2026,3,user-emp2-2462,2
no_autorizado,4,2026,4,user-emp2-2463,2
no_autorizado,5,2026,1,user-emp2-2464,2
no_autorizado,6,2026,2,user-emp2-2465,2
no_autorizado,7,2026,3,user-emp2-2466,2
no_autorizado,8,2026,4,user-emp2-2467,2
no_autorizado,9,2026,1,user-emp2-2468,2
no_autorizado,10,2026,2,user-emp2-2469,2
no_autorizado,11,2026,3,user-emp2-2470,2
no_autorizado,12,2026,4,user-emp2-2471,2
no_autorizado,13,2026,1,user-emp2-2472,2
no_autorizado,14,2026,2,user-emp2-2473,2
no_autorizado,15,2026,3,user-emp2-2474,2
no_autorizado,1,2026,4,user-emp2-2475,2
no_autorizado,2,2026,1,user-emp2-2476,2
no_autorizado,3,2026,2,user-emp2-2477,2
no_autorizado,4,2026,3,user-emp2-2478,2
no_autorizado,5,2026,4,user-emp2-2479,2
no_autorizado,6,2026,1,user-emp2-2480,2
no_autorizado,7,2026,2,user-emp2-2481,2
no_autorizado,8,2026,3,user-emp2-2482,2
no_autorizado,9,2026,4,user-emp2-2483,2
no_autorizado,10,2026,1,user-emp2-2484,2
no_autorizado,11,2026,2,user-emp2-2485,2
no_autorizado,12,2026,3,user-emp2-2486,2
no_autorizado,13,2026,4,user-emp2-2487,2
no_autorizado,14,2026,1,user-emp2-2488,2
no_autorizado,15,2026,2,user-emp2-2489,2
no_autorizado,1,2026,3,user-emp2-2490,2
no_autorizado,2,2026,4,user-emp2-2491,2
no_autorizado,3,2026,1,user-emp2-2492,2
no_autorizado,4,2026,2,user-emp2-2493,2
no_autorizado,5,2026,3,user-emp2-2494,2
no_autorizado,6,2026,4,user-emp2-2495,2
no_autorizado,7,2026,1,user-emp2-2496,2
no_autorizado,8,2026,2,user-emp2-2497,2
no_autorizado,9,2026,3,user-emp2-2498,2
no_autorizado,10,2026,4,user-emp2-2499,2
no_autorizado,11,2026,1,user-emp2-2500,2
no_autorizado,12,2026,2,user-emp2-2501,2
no_autorizado,13,2026,3,user-emp2-2502,2
no_autorizado,14,2026,4,user-emp2-2503,2
no_autorizado,15,2026,1,user-emp2-2504,2
no_autorizado,1,2026,2,user-emp2-2505,2
no_autorizado,2,2026,3,user-emp2-2506,2
no_autorizado,3,2026,4,user-emp2-2507,2
no_autorizado,4,2026,1,user-emp2-2508,2
no_autorizado,5,2026,2,user-emp2-2509,2
no_autorizado,6,2026,3,user-emp2-2510,2
no_autorizado,7,2026,4,user-emp2-2511,2
no_autorizado,8,2026,1,user-emp2-2512,2
no_autorizado,9,2026,2,user-emp2-2513,2
no_autorizado,10,2026,3,user-emp2-2514,2
no_autorizado,11,2026,4,user-emp2-2515,2
no_autorizado,12,2026,1,user-emp2-2516,2
no_autorizado,13,2026,2,user-emp2-2517,2
no_autorizado,14,2026,3,user-emp2-2518,2
no_autorizado,15,2026,4,user-emp2-2519,2
no_autorizado,1,2026,1,user-emp2-2520,2
no_autorizado,2,2026,2,user-emp2-2521,2
no_autorizado,3,2026,3,user-emp2-2522,2
no_autorizado,4,2026,4,user-emp2-2523,2
no_autorizado,5,2026,1,user-emp2-2524,2
no_autorizado,6,2026,2,user-emp2-2525,2
no_autorizado,7,2026,3,user-emp2-2526,2
no_autorizado,8,2026,4,user-emp2-2527,2
no_autorizado,9,2026,1,user-emp2-2528,2
no_autorizado,10,2026,2,user-emp2-2529,2
no_autorizado,11,2026,3,user-emp2-2530,2
no_autorizado,12,2026,4,user-emp2-2531,2
no_autorizado,13,2026,1,user-emp2-2532,2
no_autorizado,14,2026,2,user-emp2-2533,2
no_autorizado,15,2026,3,user-emp2-2534,2
no_autorizado,1,2026,4,user-emp2-2535,2
no_autorizado,2,2026,1,user-emp2-2536,2
no_autorizado,3,2026,2,user-emp2-2537,2
no_autorizado,4,2026,3,user-emp2-2538,2
no_autorizado,5,2026,4,user-emp2-2539,2
no_autorizado,6,2026,1,user-emp2-2540,2
no_autorizado,7,2026,2,user-emp2-2541,2
no_autorizado,8,2026,3,user-emp2-2542,2
no_autorizado,9,2026,4,user-emp2-2543,2
no_autorizado,10,2026,1,user-emp2-2544,2
no_autorizado,11,2026,2,user-emp2-2545,2
no_autorizado,12,2026,3,user-emp2-2546,2
no_autorizado,13,2026,4,user-emp2-2547,2
no_autorizado,14,2026,1,user-emp2-2548,2
no_autorizado,15,2026,2,user-emp2-2549,2
no_autorizado,1,2026,3,user-emp2-2550,2
no_autorizado,2,2026,4,user-emp2-2551,2
no_autorizado,3,2026,1,user-emp2-2552,2
no_autorizado,4,2026,2,user-emp2-2553,2
no_autorizado,5,2026,3,user-emp2-2554,2
no_autorizado,6,2026,4,user-emp2-2555,2
no_autorizado,7,2026,1,user-emp2-2556,2
no_autorizado,8,2026,2,user-emp2-2557,2
no_autorizado,9,2026,3,user-emp2-2558,2
no_autorizado,10,2026,4,user-emp2-2559,2
no_autorizado,11,2026,1,user-emp2-2560,2
no_autorizado,12,2026,2,user-emp2-2561,2
no_autorizado,13,2026,3,user-emp2-2562,2
no_autorizado,14,2026,4,user-emp2-2563,2
no_autorizado,15,2026,1,user-emp2-2564,2
no_autorizado,1,2026,2,user-emp2-2565,2
no_autorizado,2,2026,3,user-emp2-2566,2
no_autorizado,3,2026,4,user-emp2-2567,2
no_autorizado,4,2026,1,user-emp2-2568,2
no_autorizado,5,2026,2,user-emp2-2569,2
no_autorizado,6,2026,3,user-emp2-2570,2
no_autorizado,7,2026,4,user-emp2-2571,2
no_autorizado,8,2026,1,user-emp2-2572,2
no_autorizado,9,2026,2,user-emp2-2573,2
no_autorizado,10,2026,3,user-emp2-2574,2
no_autorizado,11,2026,4,user-emp2-2575,2
no_autorizado,12,2026,1,user-emp2-2576,2
no_autorizado,13,2026,2,user-emp2-2577,2
no_autorizado,14,2026,3,user-emp2-2578,2
no_autorizado,15,2026,4,user-emp2-2579,2
no_autorizado,1,2026,1,user-emp2-2580,2
no_autorizado,2,2026,2,user-emp2-2581,2
no_autorizado,3,2026,3,user-emp2-2582,2
no_autorizado,4,2026,4,user-emp2-2583,2
no_autorizado,5,2026,1,user-emp2-2584,2
no_autorizado,6,2026,2,user-emp2-2585,2
no_autorizado,7,2026,3,user-emp2-2586,2
no_autorizado,8,2026,4,user-emp2-2587,2
no_autorizado,9,2026,1,user-emp2-2588,2
no_autorizado,10,2026,2,user-emp2-2589,2
no_autorizado,11,2026,3,user-emp2-2590,2
no_autorizado,12,2026,4,user-emp2-2591,2
no_autorizado,13,2026,1,user-emp2-2592,2
no_autorizado,14,2026,2,user-emp2-2593,2
no_autorizado,15,2026,3,user-emp2-2594,2
no_autorizado,1,2026,4,user-emp2-2595,2
no_autorizado,2,2026,1,user-emp2-2596,2
no_autorizado,3,2026,2,user-emp2-2597,2
no_autorizado,4,2026,3,user-emp2-2598,2
no_autorizado,5,2026,4,user-emp2-2599,2
no_autorizado,6,2026,1,user-emp2-2600,2
no_autorizado,7,2026,2,user-emp2-2601,2
no_autorizado,8,2026,3,user-emp2-2602,2
no_autorizado,9,2026,4,user-emp2-2603,2
no_autorizado,10,2026,1,user-emp2-2604,2
no_autorizado,11,2026,2,user-emp2-2605,2
no_autorizado,12,2026,3,user-emp2-2606,2
no_autorizado,13,2026,4,user-emp2-2607,2
no_autorizado,14,2026,1,user-emp2-2608,2
no_autorizado,15,2026,2,user-emp2-2609,2
no_autorizado,1,2026,3,user-emp2-2610,2
no_autorizado,2,2026,4,user-emp2-2611,2
no_autorizado,3,2026,1,user-emp2-2612,2
no_autorizado,4,2026,2,user-emp2-2613,2
no_autorizado,5,2026,3,user-emp2-2614,2
no_autorizado,6,2026,4,user-emp2-2615,2
no_autorizado,7,2026,1,user-emp2-2616,2
no_autorizado,8,2026,2,user-emp2-2617,2
no_autorizado,9,2026,3,user-emp2-2618,2
no_autorizado,10,2026,4,user-emp2-2619,2
no_autorizado,11,2026,1,user-emp2-2620,2
no_autorizado,12,2026,2,user-emp2-2621,2
no_autorizado,13,2026,3,user-emp2-2622,2
no_autorizado,14,2026,4,user-emp2-2623,2
no_autorizado,15,2026,1,user-emp2-2624,2
no_autorizado,1,2026,2,user-emp2-2625,2
no_autorizado,2,2026,3,user-emp2-2626,2
no_autorizado,3,2026,4,user-emp2-2627,2
no_autorizado,4,2026,1,user-emp2-2628,2
no_autorizado,5,2026,2,user-emp2-2629,2
no_autorizado,6,2026,3,user-emp2-2630,2
no_autorizado,7,2026,4,user-emp2-2631,2
no_autorizado,8,2026,1,user-emp2-2632,2
no_autorizado,9,2026,2,user-emp2-2633,2
no_autorizado,10,2026,3,user-emp2-2634,2
no_autorizado,11,2026,4,user-emp2-2635,2
no_autorizado,12,2026,1,user-emp2-2636,2
no_autorizado,13,2026,2,user-emp2-2637,2
no_autorizado,14,2026,3,user-emp2-2638,2
no_autorizado,15,2026,4,user-emp2-2639,2
no_autorizado,1,2026,1,user-emp2-2640,2
no_autorizado,2,2026,2,user-emp2-2641,2
no_autorizado,3,2026,3,user-emp2-2642,2
no_autorizado,4,2026,4,user-emp2-2643,2
no_autorizado,5,2026,1,user-emp2-2644,2
no_autorizado,6,2026,2,user-emp2-2645,2
no_autorizado,7,2026,3,user-emp2-2646,2
no_autorizado,8,2026,4,user-emp2-2647,2
no_autorizado,9,2026,1,user-emp2-2648,2
no_autorizado,10,2026,2,user-emp2-2649,2
no_autorizado,11,2026,3,user-emp2-2650,2
no_autorizado,12,2026,4,user-emp2-2651,2
no_autorizado,13,2026,1,user-emp2-2652,2
no_autorizado,14,2026,2,user-emp2-2653,2
no_autorizado,15,2026,3,user-emp2-2654,2
no_autorizado,1,2026,4,user-emp2-2655,2
no_autorizado,2,2026,1,user-emp2-2656,2
no_autorizado,3,2026,2,user-emp2-2657,2
no_autorizado,4,2026,3,user-emp2-2658,2
no_autorizado,5,2026,4,user-emp2-2659,2
no_autorizado,6,2026,1,user-emp2-2660,2
no_autorizado,7,2026,2,user-emp2-2661,2
no_autorizado,8,2026,3,user-emp2-2662,2
no_autorizado,9,2026,4,user-emp2-2663,2
no_autorizado,10,2026,1,user-emp2-2664,2
no_autorizado,11,2026,2,user-emp2-2665,2
no_autorizado,12,2026,3,user-emp2-2666,2
no_autorizado,13,2026,4,user-emp2-2667,2
no_autorizado,14,2026,1,user-emp2-2668,2
no_autorizado,15,2026,2,user-emp2-2669,2
no_autorizado,1,2026,3,user-emp2-2670,2
no_autorizado,2,2026,4,user-emp2-2671,2
no_autorizado,3,2026,1,user-emp2-2672,2
no_autorizado,4,2026,2,user-emp2-2673,2
no_autorizado,5,2026,3,user-emp2-2674,2
no_autorizado,6,2026,4,user-emp2-2675,2
no_autorizado,7,2026,1,user-emp2-2676,2
no_autorizado,8,2026,2,user-emp2-2677,2
no_autorizado,9,2026,3,user-emp2-2678,2
no_autorizado,10,2026,4,user-emp2-2679,2
no_autorizado,11,2026,1,user-emp2-2680,2
no_autorizado,12,2026,2,user-emp2-2681,2
no_autorizado,13,2026,3,user-emp2-2682,2
no_autorizado,14,2026,4,user-emp2-2683,2
no_autorizado,15,2026,1,user-emp2-2684,2
no_autorizado,1,2026,2,user-emp2-2685,2
no_autorizado,2,2026,3,user-emp2-2686,2
no_autorizado,3,2026,4,user-emp2-2687,2
no_autorizado,4,2026,1,user-emp2-2688,2
no_autorizado,5,2026,2,user-emp2-2689,2
no_autorizado,6,2026,3,user-emp2-2690,2
no_autorizado,7,2026,4,user-emp2-2691,2
no_autorizado,8,2026,1,user-emp2-2692,2
no_autorizado,9,2026,2,user-emp2-2693,2
no_autorizado,10,2026,3,user-emp2-2694,2
no_autorizado,11,2026,4,user-emp2-2695,2
no_autorizado,12,2026,1,user-emp2-2696,2
no_autorizado,13,2026,2,user-emp2-2697,2
no_autorizado,14,2026,3,user-emp2-2698,2
no_autorizado,15,2026,4,user-emp2-2699,2
no_autorizado,1,2026,1,user-emp2-2700,2
no_autorizado,2,2026,2,user-emp2-2701,2
no_autorizado,3,2026,3,user-emp2-2702,2
no_autorizado,4,2026,4,user-emp2-2703,2
no_autorizado,5,2026,1,user-emp2-2704,2
no_autorizado,6,2026,2,user-emp2-2705,2
no_autorizado,7,2026,3,user-emp2-2706,2
no_autorizado,8,2026,4,user-emp2-2707,2
no_autorizado,9,2026,1,user-emp2-2708,2
no_autorizado,10,2026,2,user-emp2-2709,2
no_autorizado,11,2026,3,user-emp2-2710,2
no_autorizado,12,2026,4,user-emp2-2711,2
no_autorizado,13,2026,1,user-emp2-2712,2
no_autorizado,14,2026,2,user-emp2-2713,2
no_autorizado,15,2026,3,user-emp2-2714,2
no_autorizado,1,2026,4,user-emp2-2715,2
no_autorizado,2,2026,1,user-emp2-2716,2
no_autorizado,3,2026,2,user-emp2-2717,2
no_autorizado,4,2026,3,user-emp2-2718,2
no_autorizado,5,2026,4,user-emp2-2719,2
no_autorizado,6,2026,1,user-emp2-2720,2
no_autorizado,7,2026,2,user-emp2-2721,2
no_autorizado,8,2026,3,user-emp2-2722,2
no_autorizado,9,2026,4,user-emp2-2723,2
no_autorizado,10,2026,1,user-emp2-2724,2
no_autorizado,11,2026,2,user-emp2-2725,2
no_autorizado,12,2026,3,user-emp2-2726,2
no_autorizado,13,2026,4,user-emp2-2727,2
no_autorizado,14,2026,1,user-emp2-2728,2
no_autorizado,15,2026,2,user-emp2-2729,2
no_autorizado,1,2026,3,user-emp2-2730,2
no_autorizado,2,2026,4,user-emp2-2731,2
no_autorizado,3,2026,1,user-emp2-2732,2
no_autorizado,4,2026,2,user-emp2-2733,2
no_autorizado,5,2026,3,user-emp2-2734,2
no_autorizado,6,2026,4,user-emp2-2735,2
no_autorizado,7,2026,1,user-emp2-2736,2
no_autorizado,8,2026,2,user-emp2-2737,2
no_autorizado,9,2026,3,user-emp2-2738,2
no_autorizado,10,2026,4,user-emp2-2739,2
no_autorizado,11,2026,1,user-emp2-2740,2
no_autorizado,12,2026,2,user-emp2-2741,2
no_autorizado,13,2026,3,user-emp2-2742,2
no_autorizado,14,2026,4,user-emp2-2743,2
no_autorizado,15,2026,1,user-emp2-2744,2
no_autorizado,1,2026,2,user-emp2-2745,2
no_autorizado,2,2026,3,user-emp2-2746,2
no_autorizado,3,2026,4,user-emp2-2747,2
no_autorizado,4,2026,1,user-emp2-2748,2
no_autorizado,5,2026,2,user-emp2-2749,2
no_autorizado,6,2026,3,user-emp2-2750,2
no_autorizado,7,2026,4,user-emp2-2751,2
no_autorizado,8,2026,1,user-emp2-2752,2
no_autorizado,9,2026,2,user-emp2-2753,2
no_autorizado,10,2026,3,user-emp2-2754,2
no_autorizado,11,2026,4,user-emp2-2755,2
no_autorizado,12,2026,1,user-emp2-2756,2
no_autorizado,13,2026,2,user-emp2-2757,2
no_autorizado,14,2026,3,user-emp2-2758,2
no_autorizado,15,2026,4,user-emp2-2759,2
no_autorizado,1,2026,1,user-emp2-2760,2
no_autorizado,2,2026,2,user-emp2-2761,2
no_autorizado,3,2026,3,user-emp2-2762,2
no_autorizado,4,2026,4,user-emp2-2763,2
no_autorizado,5,2026,1,user-emp2-2764,2
no_autorizado,6,2026,2,user-emp2-2765,2
no_autorizado,7,2026,3,user-emp2-2766,2
no_autorizado,8,2026,4,user-emp2-2767,2
no_autorizado,9,2026,1,user-emp2-2768,2
no_autorizado,10,2026,2,user-emp2-2769,2
no_autorizado,11,2026,3,user-emp2-2770,2
no_autorizado,12,2026,4,user-emp2-2771,2
no_autorizado,13,2026,1,user-emp2-2772,2
no_autorizado,14,2026,2,user-emp2-2773,2
no_autorizado,15,2026,3,user-emp2-2774,2
no_autorizado,1,2026,4,user-emp2-2775,2
no_autorizado,2,2026,1,user-emp2-2776,2
no_autorizado,3,2026,2,user-emp2-2777,2
no_autorizado,4,2026,3,user-emp2-2778,2
no_autorizado,5,2026,4,user-emp2-2779,2
no_autorizado,6,2026,1,user-emp2-2780,2
no_autorizado,7,2026,2,user-emp2-2781,2
no_autorizado,8,2026,3,user-emp2-2782,2
no_autorizado,9,2026,4,user-emp2-2783,2
no_autorizado,10,2026,1,user-emp2-2784,2
no_autorizado,11,2026,2,user-emp2-2785,2
no_autorizado,12,2026,3,user-emp2-2786,2
no_autorizado,13,2026,4,user-emp2-2787,2
no_autorizado,14,2026,1,user-emp2-2788,2
no_autorizado,15,2026,2,user-emp2-2789,2
no_autorizado,1,2026,3,user-emp2-2790,2
no_autorizado,2,2026,4,user-emp2-2791,2
no_autorizado,3,2026,1,user-emp2-2792,2
no_autorizado,4,2026,2,user-emp2-2793,2
no_autorizado,5,2026,3,user-emp2-2794,2
no_autorizado,6,2026,4,user-emp2-2795,2
no_autorizado,7,2026,1,user-emp2-2796,2
no_autorizado,8,2026,2,user-emp2-2797,2
no_autorizado,9,2026,3,user-emp2-2798,2
no_autorizado,10,2026,4,user-emp2-2799,2
no_autorizado,11,2026,1,user-emp2-2800,2
no_autorizado,12,2026,2,user-emp2-2801,2
no_autorizado,13,2026,3,user-emp2-2802,2
no_autorizado,14,2026,4,user-emp2-2803,2
no_autorizado,15,2026,1,user-emp2-2804,2
no_autorizado,1,2026,2,user-emp2-2805,2
no_autorizado,2,2026,3,user-emp2-2806,2
no_autorizado,3,2026,4,user-emp2-2807,2
no_autorizado,4,2026,1,user-emp2-2808,2
no_autorizado,5,2026,2,user-emp2-2809,2
no_autorizado,6,2026,3,user-emp2-2810,2
no_autorizado,7,2026,4,user-emp2-2811,2
no_autorizado,8,2026,1,user-emp2-2812,2
no_autorizado,9,2026,2,user-emp2-2813,2
no_autorizado,10,2026,3,user-emp2-2814,2
no_autorizado,11,2026,4,user-emp2-2815,2
no_autorizado,12,2026,1,user-emp2-2816,2
no_autorizado,13,2026,2,user-emp2-2817,2
no_autorizado,14,2026,3,user-emp2-2818,2
no_autorizado,15,2026,4,user-emp2-2819,2
no_autorizado,1,2026,1,user-emp2-2820,2
no_autorizado,2,2026,2,user-emp2-2821,2
no_autorizado,3,2026,3,user-emp2-2822,2
no_autorizado,4,2026,4,user-emp2-2823,2
no_autorizado,5,2026,1,user-emp2-2824,2
no_autorizado,6,2026,2,user-emp2-2825,2
no_autorizado,7,2026,3,user-emp2-2826,2
no_autorizado,8,2026,4,user-emp2-2827,2
no_autorizado,9,2026,1,user-emp2-2828,2
no_autorizado,10,2026,2,user-emp2-2829,2
no_autorizado,11,2026,3,user-emp2-2830,2
no_autorizado,12,2026,4,user-emp2-2831,2
no_autorizado,13,2026,1,user-emp2-2832,2
no_autorizado,14,2026,2,user-emp2-2833,2
no_autorizado,15,2026,3,user-emp2-2834,2
no_autorizado,1,2026,4,user-emp2-2835,2
no_autorizado,2,2026,1,user-emp2-2836,2
no_autorizado,3,2026,2,user-emp2-2837,2
no_autorizado,4,2026,3,user-emp2-2838,2
no_autorizado,5,2026,4,user-emp2-2839,2
no_autorizado,6,2026,1,user-emp2-2840,2
no_autorizado,7,2026,2,user-emp2-2841,2
no_autorizado,8,2026,3,user-emp2-2842,2
no_autorizado,9,2026,4,user-emp2-2843,2
no_autorizado,10,2026,1,user-emp2-2844,2
no_autorizado,11,2026,2,user-emp2-2845,2
no_autorizado,12,2026,3,user-emp2-2846,2
no_autorizado,13,2026,4,user-emp2-2847,2
no_autorizado,14,2026,1,user-emp2-2848,2
no_autorizado,15,2026,2,user-emp2-2849,2
no_autorizado,1,2026,3,user-emp2-2850,2
no_autorizado,2,2026,4,user-emp2-2851,2
no_autorizado,3,2026,1,user-emp2-2852,2
no_autorizado,4,2026,2,user-emp2-2853,2
no_autorizado,5,2026,3,user-emp2-2854,2
no_autorizado,6,2026,4,user-emp2-2855,2
no_autorizado,7,2026,1,user-emp2-2856,2
no_autorizado,8,2026,2,user-emp2-2857,2
no_autorizado,9,2026,3,user-emp2-2858,2
no_autorizado,10,2026,4,user-emp2-2859,2
no_autorizado,11,2026,1,user-emp2-2860,2
no_autorizado,12,2026,2,user-emp2-2861,2
no_autorizado,13,2026,3,user-emp2-2862,2
no_autorizado,14,2026,4,user-emp2-2863,2
no_autorizado,15,2026,1,user-emp2-2864,2
no_autorizado,1,2026,2,user-emp2-2865,2
no_autorizado,2,2026,3,user-emp2-2866,2
no_autorizado,3,2026,4,user-emp2-2867,2
no_autorizado,4,2026,1,user-emp2-2868,2
no_autorizado,5,2026,2,user-emp2-2869,2
no_autorizado,6,2026,3,user-emp2-2870,2
no_autorizado,7,2026,4,user-emp2-2871,2
no_autorizado,8,2026,1,user-emp2-2872,2
no_autorizado,9,2026,2,user-emp2-2873,2
no_autorizado,10,2026,3,user-emp2-2874,2
no_autorizado,11,2026,4,user-emp2-2875,2
no_autorizado,12,2026,1,user-emp2-2876,2
no_autorizado,13,2026,2,user-emp2-2877,2
no_autorizado,14,2026,3,user-emp2-2878,2
no_autorizado,15,2026,4,user-emp2-2879,2
no_autorizado,1,2026,1,user-emp2-2880,2
no_autorizado,2,2026,2,user-emp2-2881,2
no_autorizado,3,2026,3,user-emp2-2882,2
no_autorizado,4,2026,4,user-emp2-2883,2
no_autorizado,5,2026,1,user-emp2-2884,2
no_autorizado,6,2026,2,user-emp2-2885,2
no_autorizado,7,2026,3,user-emp2-2886,2
no_autorizado,8,2026,4,user-emp2-2887,2
no_autorizado,9,2026,1,user-emp2-2888,2
no_autorizado,10,2026,2,user-emp2-2889,2
no_autorizado,11,2026,3,user-emp2-2890,2
no_autorizado,12,2026,4,user-emp2-2891,2
no_autorizado,13,2026,1,user-emp2-2892,2
no_autorizado,14,2026,2,user-emp2-2893,2
no_autorizado,15,2026,3,user-emp2-2894,2
no_autorizado,1,2026,4,user-emp2-2895,2
no_autorizado,2,2026,1,user-emp2-2896,2
no_autorizado,3,2026,2,user-emp2-2897,2
no_autorizado,4,2026,3,user-emp2-2898,2
no_autorizado,5,2026,4,user-emp2-2899,2
no_autorizado,6,2026,1,user-emp2-2900,2
no_autorizado,7,2026,2,user-emp2-2901,2
no_autorizado,8,2026,3,user-emp2-2902,2
no_autorizado,9,2026,4,user-emp2-2903,2
no_autorizado,10,2026,1,user-emp2-2904,2
no_autorizado,11,2026,2,user-emp2-2905,2
no_autorizado,12,2026,3,user-emp2-2906,2
no_autorizado,13,2026,4,user-emp2-2907,2
no_autorizado,14,2026,1,user-emp2-2908,2
no_autorizado,15,2026,2,user-emp2-2909,2
no_autorizado,1,2026,3,user-emp2-2910,2
no_autorizado,2,2026,4,user-emp2-2911,2
no_autorizado,3,2026,1,user-emp2-2912,2
no_autorizado,4,2026,2,user-emp2-2913,2
no_autorizado,5,2026,3,user-emp2-2914,2
no_autorizado,6,2026,4,user-emp2-2915,2
no_autorizado,7,2026,1,user-emp2-2916,2
no_autorizado,8,2026,2,user-emp2-2917,2
no_autorizado,9,2026,3,user-emp2-2918,2
no_autorizado,10,2026,4,user-emp2-2919,2
no_autorizado,11,2026,1,user-emp2-2920,2
no_autorizado,12,2026,2,user-emp2-2921,2
no_autorizado,13,2026,3,user-emp2-2922,2
no_autorizado,14,2026,4,user-emp2-2923,2
no_autorizado,15,2026,1,user-emp2-2924,2
no_autorizado,1,2026,2,user-emp2-2925,2
no_autorizado,2,2026,3,user-emp2-2926,2
no_autorizado,3,2026,4,user-emp2-2927,2
no_autorizado,4,2026,1,user-emp2-2928,2
no_autorizado,5,2026,2,user-emp2-2929,2
no_autorizado,6,2026,3,user-emp2-2930,2
no_autorizado,7,2026,4,user-emp2-2931,2
no_autorizado,8,2026,1,user-emp2-2932,2
no_autorizado,9,2026,2,user-emp2-2933,2
no_autorizado,10,2026,3,user-emp2-2934,2
no_autorizado,11,2026,4,user-emp2-2935,2
no_autorizado,12,2026,1,user-emp2-2936,2
no_autorizado,13,2026,2,user-emp2-2937,2
no_autorizado,14,2026,3,user-emp2-2938,2
no_autorizado,15,2026,4,user-emp2-2939,2
no_autorizado,1,2026,1,user-emp2-2940,2
no_autorizado,2,2026,2,user-emp2-2941,2
no_autorizado,3,2026,3,user-emp2-2942,2
no_autorizado,4,2026,4,user-emp2-2943,2
no_autorizado,5,2026,1,user-emp2-2944,2
no_autorizado,6,2026,2,user-emp2-2945,2
no_autorizado,7,2026,3,user-emp2-2946,2
no_autorizado,8,2026,4,user-emp2-2947,2
no_autorizado,9,2026,1,user-emp2-2948,2
no_autorizado,10,2026,2,user-emp2-2949,2
no_autorizado,11,2026,3,user-emp2-2950,2
no_autorizado,12,2026,4,user-emp2-2951,2
no_autorizado,13,2026,1,user-emp2-2952,2
no_autorizado,14,2026,2,user-emp2-2953,2
no_autorizado,15,2026,3,user-emp2-2954,2
no_autorizado,1,2026,4,user-emp2-2955,2
no_autorizado,2,2026,1,user-emp2-2956,2
no_autorizado,3,2026,2,user-emp2-2957,2
no_autorizado,4,2026,3,user-emp2-2958,2
no_autorizado,5,2026,4,user-emp2-2959,2
no_autorizado,6,2026,1,user-emp2-2960,2
no_autorizado,7,2026,2,user-emp2-2961,2
no_autorizado,8,2026,3,user-emp2-2962,2
no_autorizado,9,2026,4,user-emp2-2963,2
no_autorizado,10,2026,1,user-emp2-2964,2
no_autorizado,11,2026,2,user-emp2-2965,2
no_autorizado,12,2026,3,user-emp2-2966,2
no_autorizado,13,2026,4,user-emp2-2967,2
no_autorizado,14,2026,1,user-emp2-2968,2
no_autorizado,15,2026,2,user-emp2-2969,2
no_autorizado,1,2026,3,user-emp2-2970,2
no_autorizado,2,2026,4,user-emp2-2971,2
no_autorizado,3,2026,1,user-emp2-2972,2
no_autorizado,4,2026,2,user-emp2-2973,2
no_autorizado,5,2026,3,user-emp2-2974,2
no_autorizado,6,2026,4,user-emp2-2975,2
no_autorizado,7,2026,1,user-emp2-2976,2
no_autorizado,8,2026,2,user-emp2-2977,2
no_autorizado,9,2026,3,user-emp2-2978,2
no_autorizado,10,2026,4,user-emp2-2979,2
no_autorizado,11,2026,1,user-emp2-2980,2
no_autorizado,12,2026,2,user-emp2-2981,2
no_autorizado,13,2026,3,user-emp2-2982,2
no_autorizado,14,2026,4,user-emp2-2983,2
no_autorizado,15,2026,1,user-emp2-2984,2
no_autorizado,1,2026,2,user-emp2-2985,2
no_autorizado,2,2026,3,user-emp2-2986,2
no_autorizado,3,2026,4,user-emp2-2987,2
no_autorizado,4,2026,1,user-emp2-2988,2
no_autorizado,5,2026,2,user-emp2-2989,2
no_autorizado,6,2026,3,user-emp2-2990,2
no_autorizado,7,2026,4,user-emp2-2991,2
no_autorizado,8,2026,1,user-emp2-2992,2
no_autorizado,9,2026,2,user-emp2-2993,2
no_autorizado,10,2026,3,user-emp2-2994,2
no_autorizado,11,2026,4,user-emp2-2995,2
no_autorizado,12,2026,1,user-emp2-2996,2
no_autorizado,13,2026,2,user-emp2-2997,2
no_autorizado,14,2026,3,user-emp2-2998,2
no_autorizado,15,2026,4,user-emp2-2999,2
no_autorizado,1,2026,1,user-emp2-3000,2
no_autorizado,2,2026,2,user-emp2-3001,2
no_autorizado,3,2026,3,user-emp2-3002,2
no_autorizado,4,2026,4,user-emp2-3003,2
no_autorizado,5,2026,1,user-emp2-3004,2
no_autorizado,6,2026,2,user-emp2-3005,2
no_autorizado,7,2026,3,user-emp2-3006,2
no_autorizado,8,2026,4,user-emp2-3007,2
no_autorizado,9,2026,1,user-emp2-3008,2
no_autorizado,10,2026,2,user-emp2-3009,2
no_autorizado,11,2026,3,user-emp2-3010,2
no_autorizado,12,2026,4,user-emp2-3011,2
no_autorizado,13,2026,1,user-emp2-3012,2
no_autorizado,14,2026,2,user-emp2-3013,2
no_autorizado,15,2026,3,user-emp2-3014,2
no_autorizado,1,2026,4,user-emp2-3015,2
no_autorizado,2,2026,1,user-emp2-3016,2
no_autorizado,3,2026,2,user-emp2-3017,2
no_autorizado,4,2026,3,user-emp2-3018,2
no_autorizado,5,2026,4,user-emp2-3019,2
no_autorizado,6,2026,1,user-emp2-3020,2
no_autorizado,7,2026,2,user-emp2-3021,2
no_autorizado,8,2026,3,user-emp2-3022,2
no_autorizado,9,2026,4,user-emp2-3023,2
no_autorizado,10,2026,1,user-emp2-3024,2
no_autorizado,11,2026,2,user-emp2-3025,2
no_autorizado,12,2026,3,user-emp2-3026,2
no_autorizado,13,2026,4,user-emp2-3027,2
no_autorizado,14,2026,1,user-emp2-3028,2
no_autorizado,15,2026,2,user-emp2-3029,2
no_autorizado,1,2026,3,user-emp2-3030,2
no_autorizado,2,2026,4,user-emp2-3031,2
no_autorizado,3,2026,1,user-emp2-3032,2
no_autorizado,4,2026,2,user-emp2-3033,2
no_autorizado,5,2026,3,user-emp2-3034,2
no_autorizado,6,2026,4,user-emp2-3035,2
no_autorizado,7,2026,1,user-emp2-3036,2
no_autorizado,8,2026,2,user-emp2-3037,2
no_autorizado,9,2026,3,user-emp2-3038,2
no_autorizado,10,2026,4,user-emp2-3039,2
no_autorizado,11,2026,1,user-emp2-3040,2
no_autorizado,12,2026,2,user-emp2-3041,2
no_autorizado,13,2026,3,user-emp2-3042,2
no_autorizado,14,2026,4,user-emp2-3043,2
no_autorizado,15,2026,1,user-emp2-3044,2
no_autorizado,1,2026,2,user-emp2-3045,2
no_autorizado,2,2026,3,user-emp2-3046,2
no_autorizado,3,2026,4,user-emp2-3047,2
no_autorizado,4,2026,1,user-emp2-3048,2
no_autorizado,5,2026,2,user-emp2-3049,2
no_autorizado,6,2026,3,user-emp2-3050,2
no_autorizado,7,2026,4,user-emp2-3051,2
no_autorizado,8,2026,1,user-emp2-3052,2
no_autorizado,9,2026,2,user-emp2-3053,2
no_autorizado,10,2026,3,user-emp2-3054,2
no_autorizado,11,2026,4,user-emp2-3055,2
no_autorizado,12,2026,1,user-emp2-3056,2
no_autorizado,13,2026,2,user-emp2-3057,2
no_autorizado,14,2026,3,user-emp2-3058,2
no_autorizado,15,2026,4,user-emp2-3059,2
no_autorizado,1,2026,1,user-emp2-3060,2
no_autorizado,2,2026,2,user-emp2-3061,2
no_autorizado,3,2026,3,user-emp2-3062,2
no_autorizado,4,2026,4,user-emp2-3063,2
no_autorizado,5,2026,1,user-emp2-3064,2
no_autorizado,6,2026,2,user-emp2-3065,2
no_autorizado,7,2026,3,user-emp2-3066,2
no_autorizado,8,2026,4,user-emp2-3067,2
no_autorizado,9,2026,1,user-emp2-3068,2
no_autorizado,10,2026,2,user-emp2-3069,2
no_autorizado,11,2026,3,user-emp2-3070,2
no_autorizado,12,2026,4,user-emp2-3071,2
no_autorizado,13,2026,1,user-emp2-3072,2
no_autorizado,14,2026,2,user-emp2-3073,2
no_autorizado,15,2026,3,user-emp2-3074,2
no_autorizado,1,2026,4,user-emp2-3075,2
no_autorizado,2,2026,1,user-emp2-3076,2
no_autorizado,3,2026,2,user-emp2-3077,2
no_autorizado,4,2026,3,user-emp2-3078,2
no_autorizado,5,2026,4,user-emp2-3079,2
no_autorizado,6,2026,1,user-emp2-3080,2
no_autorizado,7,2026,2,user-emp2-3081,2
no_autorizado,8,2026,3,user-emp2-3082,2
no_autorizado,9,2026,4,user-emp2-3083,2
no_autorizado,10,2026,1,user-emp2-3084,2
no_autorizado,11,2026,2,user-emp2-3085,2
no_autorizado,12,2026,3,user-emp2-3086,2
no_autorizado,13,2026,4,user-emp2-3087,2
no_autorizado,14,2026,1,user-emp2-3088,2
no_autorizado,15,2026,2,user-emp2-3089,2
no_autorizado,1,2026,3,user-emp2-3090,2
no_autorizado,2,2026,4,user-emp2-3091,2
no_autorizado,3,2026,1,user-emp2-3092,2
no_autorizado,4,2026,2,user-emp2-3093,2
no_autorizado,5,2026,3,user-emp2-3094,2
no_autorizado,6,2026,4,user-emp2-3095,2
no_autorizado,7,2026,1,user-emp2-3096,2
no_autorizado,8,2026,2,user-emp2-3097,2
no_autorizado,9,2026,3,user-emp2-3098,2
no_autorizado,10,2026,4,user-emp2-3099,2
no_autorizado,11,2026,1,user-emp2-3100,2
no_autorizado,12,2026,2,user-emp2-3101,2
no_autorizado,13,2026,3,user-emp2-3102,2
no_autorizado,14,2026,4,user-emp2-3103,2
no_autorizado,15,2026,1,user-emp2-3104,2
no_autorizado,1,2026,2,user-emp2-3105,2
no_autorizado,2,2026,3,user-emp2-3106,2
no_autorizado,3,2026,4,user-emp2-3107,2
no_autorizado,4,2026,1,user-emp2-3108,2
no_autorizado,5,2026,2,user-emp2-3109,2
no_autorizado,6,2026,3,user-emp2-3110,2
no_autorizado,7,2026,4,user-emp2-3111,2
no_autorizado,8,2026,1,user-emp2-3112,2
no_autorizado,9,2026,2,user-emp2-3113,2
no_autorizado,10,2026,3,user-emp2-3114,2
no_autorizado,11,2026,4,user-emp2-3115,2
no_autorizado,12,2026,1,user-emp2-3116,2
no_autorizado,13,2026,2,user-emp2-3117,2
no_autorizado,14,2026,3,user-emp2-3118,2
no_autorizado,15,2026,4,user-emp2-3119,2
no_autorizado,1,2026,1,user-emp2-3120,2
no_autorizado,2,2026,2,user-emp2-3121,2
no_autorizado,3,2026,3,user-emp2-3122,2
no_autorizado,4,2026,4,user-emp2-3123,2
no_autorizado,5,2026,1,user-emp2-3124,2
no_autorizado,6,2026,2,user-emp2-3125,2
no_autorizado,7,2026,3,user-emp2-3126,2
no_autorizado,8,2026,4,user-emp2-3127,2
no_autorizado,9,2026,1,user-emp2-3128,2
no_autorizado,10,2026,2,user-emp2-3129,2
no_autorizado,11,2026,3,user-emp2-3130,2
no_autorizado,12,2026,4,user-emp2-3131,2
no_autorizado,13,2026,1,user-emp2-3132,2
no_autorizado,14,2026,2,user-emp2-3133,2
no_autorizado,15,2026,3,user-emp2-3134,2
no_autorizado,1,2026,4,user-emp2-3135,2
no_autorizado,2,2026,1,user-emp2-3136,2
no_autorizado,3,2026,2,user-emp2-3137,2
no_autorizado,4,2026,3,user-emp2-3138,2
no_autorizado,5,2026,4,user-emp2-3139,2
no_autorizado,6,2026,1,user-emp2-3140,2
no_autorizado,7,2026,2,user-emp2-3141,2
no_autorizado,8,2026,3,user-emp2-3142,2
no_autorizado,9,2026,4,user-emp2-3143,2
no_autorizado,10,2026,1,user-emp2-3144,2
no_autorizado,11,2026,2,user-emp2-3145,2
no_autorizado,12,2026,3,user-emp2-3146,2
no_autorizado,13,2026,4,user-emp2-3147,2
no_autorizado,14,2026,1,user-emp2-3148,2
no_autorizado,15,2026,2,user-emp2-3149,2
no_autorizado,1,2026,3,user-emp2-3150,2
no_autorizado,2,2026,4,user-emp2-3151,2
no_autorizado,3,2026,1,user-emp2-3152,2
no_autorizado,4,2026,2,user-emp2-3153,2
no_autorizado,5,2026,3,user-emp2-3154,2
no_autorizado,6,2026,4,user-emp2-3155,2
no_autorizado,7,2026,1,user-emp2-3156,2
no_autorizado,8,2026,2,user-emp2-3157,2
no_autorizado,9,2026,3,user-emp2-3158,2
no_autorizado,10,2026,4,user-emp2-3159,2
no_autorizado,11,2026,1,user-emp2-3160,2
no_autorizado,12,2026,2,user-emp2-3161,2
no_autorizado,13,2026,3,user-emp2-3162,2
no_autorizado,14,2026,4,user-emp2-3163,2
no_autorizado,15,2026,1,user-emp2-3164,2
no_autorizado,1,2026,2,user-emp2-3165,2
no_autorizado,2,2026,3,user-emp2-3166,2
no_autorizado,3,2026,4,user-emp2-3167,2
no_autorizado,4,2026,1,user-emp2-3168,2
no_autorizado,5,2026,2,user-emp2-3169,2
no_autorizado,6,2026,3,user-emp2-3170,2
no_autorizado,7,2026,4,user-emp2-3171,2
no_autorizado,8,2026,1,user-emp2-3172,2
no_autorizado,9,2026,2,user-emp2-3173,2
no_autorizado,10,2026,3,user-emp2-3174,2
no_autorizado,11,2026,4,user-emp2-3175,2
no_autorizado,12,2026,1,user-emp2-3176,2
no_autorizado,13,2026,2,user-emp2-3177,2
no_autorizado,14,2026,3,user-emp2-3178,2
no_autorizado,15,2026,4,user-emp2-3179,2
no_autorizado,1,2026,1,user-emp2-3180,2
no_autorizado,2,2026,2,user-emp2-3181,2
no_autorizado,3,2026,3,user-emp2-3182,2
no_autorizado,4,2026,4,user-emp2-3183,2
no_autorizado,5,2026,1,user-emp2-3184,2
no_autorizado,6,2026,2,user-emp2-3185,2
no_autorizado,7,2026,3,user-emp2-3186,2
no_autorizado,8,2026,4,user-emp2-3187,2
no_autorizado,9,2026,1,user-emp2-3188,2
no_autorizado,10,2026,2,user-emp2-3189,2
no_autorizado,11,2026,3,user-emp2-3190,2
no_autorizado,12,2026,4,user-emp2-3191,2
no_autorizado,13,2026,1,user-emp2-3192,2
no_autorizado,14,2026,2,user-emp2-3193,2
no_autorizado,15,2026,3,user-emp2-3194,2
no_autorizado,1,2026,4,user-emp2-3195,2
no_autorizado,2,2026,1,user-emp2-3196,2
no_autorizado,3,2026,2,user-emp2-3197,2
no_autorizado,4,2026,3,user-emp2-3198,2
no_autorizado,5,2026,4,user-emp2-3199,2
no_autorizado,6,2026,1,user-emp2-3200,2
no_autorizado,7,2026,2,user-emp2-3201,2
no_autorizado,8,2026,3,user-emp2-3202,2
no_autorizado,9,2026,4,user-emp2-3203,2
no_autorizado,10,2026,1,user-emp2-3204,2
no_autorizado,11,2026,2,user-emp2-3205,2
no_autorizado,12,2026,3,user-emp2-3206,2
no_autorizado,13,2026,4,user-emp2-3207,2
no_autorizado,14,2026,1,user-emp2-3208,2
no_autorizado,15,2026,2,user-emp2-3209,2
no_autorizado,1,2026,3,user-emp2-3210,2
no_autorizado,2,2026,4,user-emp2-3211,2
no_autorizado,3,2026,1,user-emp2-3212,2
no_autorizado,4,2026,2,user-emp2-3213,2
no_autorizado,5,2026,3,user-emp2-3214,2
no_autorizado,6,2026,4,user-emp2-3215,2
no_autorizado,7,2026,1,user-emp2-3216,2
no_autorizado,8,2026,2,user-emp2-3217,2
no_autorizado,9,2026,3,user-emp2-3218,2
no_autorizado,10,2026,4,user-emp2-3219,2
no_autorizado,11,2026,1,user-emp2-3220,2
no_autorizado,12,2026,2,user-emp2-3221,2
no_autorizado,13,2026,3,user-emp2-3222,2
no_autorizado,14,2026,4,user-emp2-3223,2
no_autorizado,15,2026,1,user-emp2-3224,2
no_autorizado,1,2026,2,user-emp2-3225,2
no_autorizado,2,2026,3,user-emp2-3226,2
no_autorizado,3,2026,4,user-emp2-3227,2
no_autorizado,4,2026,1,user-emp2-3228,2
no_autorizado,5,2026,2,user-emp2-3229,2
no_autorizado,6,2026,3,user-emp2-3230,2
no_autorizado,7,2026,4,user-emp2-3231,2
no_autorizado,8,2026,1,user-emp2-3232,2
no_autorizado,9,2026,2,user-emp2-3233,2
no_autorizado,10,2026,3,user-emp2-3234,2
no_autorizado,11,2026,4,user-emp2-3235,2
no_autorizado,12,2026,1,user-emp2-3236,2
no_autorizado,13,2026,2,user-emp2-3237,2
no_autorizado,14,2026,3,user-emp2-3238,2
no_autorizado,15,2026,4,user-emp2-3239,2
no_autorizado,1,2026,1,user-emp2-3240,2
no_autorizado,2,2026,2,user-emp2-3241,2
no_autorizado,3,2026,3,user-emp2-3242,2
no_autorizado,4,2026,4,user-emp2-3243,2
no_autorizado,5,2026,1,user-emp2-3244,2
no_autorizado,6,2026,2,user-emp2-3245,2
no_autorizado,7,2026,3,user-emp2-3246,2
no_autorizado,8,2026,4,user-emp2-3247,2
no_autorizado,9,2026,1,user-emp2-3248,2
no_autorizado,10,2026,2,user-emp2-3249,2
no_autorizado,11,2026,3,user-emp2-3250,2
no_autorizado,12,2026,4,user-emp2-3251,2
no_autorizado,13,2026,1,user-emp2-3252,2
no_autorizado,14,2026,2,user-emp2-3253,2
no_autorizado,15,2026,3,user-emp2-3254,2
no_autorizado,1,2026,4,user-emp2-3255,2
no_autorizado,2,2026,1,user-emp2-3256,2
no_autorizado,3,2026,2,user-emp2-3257,2
no_autorizado,4,2026,3,user-emp2-3258,2
no_autorizado,5,2026,4,user-emp2-3259,2
no_autorizado,6,2026,1,user-emp2-3260,2
no_autorizado,7,2026,2,user-emp2-3261,2
no_autorizado,8,2026,3,user-emp2-3262,2
no_autorizado,9,2026,4,user-emp2-3263,2
no_autorizado,10,2026,1,user-emp2-3264,2
no_autorizado,11,2026,2,user-emp2-3265,2
no_autorizado,12,2026,3,user-emp2-3266,2
no_autorizado,13,2026,4,user-emp2-3267,2
no_autorizado,14,2026,1,user-emp2-3268,2
no_autorizado,15,2026,2,user-emp2-3269,2
no_autorizado,1,2026,3,user-emp2-3270,2
no_autorizado,2,2026,4,user-emp2-3271,2
no_autorizado,3,2026,1,user-emp2-3272,2
no_autorizado,4,2026,2,user-emp2-3273,2
no_autorizado,5,2026,3,user-emp2-3274,2
no_autorizado,6,2026,4,user-emp2-3275,2
no_autorizado,7,2026,1,user-emp2-3276,2
no_autorizado,8,2026,2,user-emp2-3277,2
no_autorizado,9,2026,3,user-emp2-3278,2
no_autorizado,10,2026,4,user-emp2-3279,2
no_autorizado,11,2026,1,user-emp2-3280,2
no_autorizado,12,2026,2,user-emp2-3281,2
no_autorizado,13,2026,3,user-emp2-3282,2
no_autorizado,14,2026,4,user-emp2-3283,2
no_autorizado,15,2026,1,user-emp2-3284,2
no_autorizado,1,2026,2,user-emp2-3285,2
no_autorizado,2,2026,3,user-emp2-3286,2
no_autorizado,3,2026,4,user-emp2-3287,2
no_autorizado,4,2026,1,user-emp2-3288,2
no_autorizado,5,2026,2,user-emp2-3289,2
no_autorizado,6,2026,3,user-emp2-3290,2
no_autorizado,7,2026,4,user-emp2-3291,2
no_autorizado,8,2026,1,user-emp2-3292,2
no_autorizado,9,2026,2,user-emp2-3293,2
no_autorizado,10,2026,3,user-emp2-3294,2
no_autorizado,11,2026,4,user-emp2-3295,2
no_autorizado,12,2026,1,user-emp2-3296,2
no_autorizado,13,2026,2,user-emp2-3297,2
no_autorizado,14,2026,3,user-emp2-3298,2
no_autorizado,15,2026,4,user-emp2-3299,2
no_autorizado,1,2026,1,user-emp2-3300,2
no_autorizado,2,2026,2,user-emp2-3301,2
no_autorizado,3,2026,3,user-emp2-3302,2
no_autorizado,4,2026,4,user-emp2-3303,2
no_autorizado,5,2026,1,user-emp2-3304,2
no_autorizado,6,2026,2,user-emp2-3305,2
no_autorizado,7,2026,3,user-emp2-3306,2
no_autorizado,8,2026,4,user-emp2-3307,2
no_autorizado,9,2026,1,user-emp2-3308,2
no_autorizado,10,2026,2,user-emp2-3309,2
no_autorizado,11,2026,3,user-emp2-3310,2
no_autorizado,12,2026,4,user-emp2-3311,2
no_autorizado,13,2026,1,user-emp2-3312,2
no_autorizado,14,2026,2,user-emp2-3313,2
no_autorizado,15,2026,3,user-emp2-3314,2
no_autorizado,1,2026,4,user-emp2-3315,2
no_autorizado,2,2026,1,user-emp2-3316,2
no_autorizado,3,2026,2,user-emp2-3317,2
no_autorizado,4,2026,3,user-emp2-3318,2
no_autorizado,5,2026,4,user-emp2-3319,2
no_autorizado,6,2026,1,user-emp2-3320,2
no_autorizado,7,2026,2,user-emp2-3321,2
no_autorizado,8,2026,3,user-emp2-3322,2
no_autorizado,9,2026,4,user-emp2-3323,2
no_autorizado,10,2026,1,user-emp2-3324,2
no_autorizado,11,2026,2,user-emp2-3325,2
no_autorizado,12,2026,3,user-emp2-3326,2
no_autorizado,13,2026,4,user-emp2-3327,2
no_autorizado,14,2026,1,user-emp2-3328,2
no_autorizado,15,2026,2,user-emp2-3329,2
no_autorizado,1,2026,3,user-emp2-3330,2
no_autorizado,2,2026,4,user-emp2-3331,2
no_autorizado,3,2026,1,user-emp2-3332,2
no_autorizado,4,2026,2,user-emp2-3333,2
no_autorizado,5,2026,3,user-emp2-3334,2
no_autorizado,6,2026,4,user-emp2-3335,2
no_autorizado,7,2026,1,user-emp2-3336,2
no_autorizado,8,2026,2,user-emp2-3337,2
no_autorizado,9,2026,3,user-emp2-3338,2
no_autorizado,10,2026,4,user-emp2-3339,2
no_autorizado,11,2026,1,user-emp2-3340,2
no_autorizado,12,2026,2,user-emp2-3341,2
no_autorizado,13,2026,3,user-emp2-3342,2
no_autorizado,14,2026,4,user-emp2-3343,2
no_autorizado,15,2026,1,user-emp2-3344,2
no_autorizado,1,2026,2,user-emp2-3345,2
no_autorizado,2,2026,3,user-emp2-3346,2
no_autorizado,3,2026,4,user-emp2-3347,2
no_autorizado,4,2026,1,user-emp2-3348,2
no_autorizado,5,2026,2,user-emp2-3349,2
no_autorizado,6,2026,3,user-emp2-3350,2
no_autorizado,7,2026,4,user-emp2-3351,2
no_autorizado,8,2026,1,user-emp2-3352,2
no_autorizado,9,2026,2,user-emp2-3353,2
no_autorizado,10,2026,3,user-emp2-3354,2
no_autorizado,11,2026,4,user-emp2-3355,2
no_autorizado,12,2026,1,user-emp2-3356,2
no_autorizado,13,2026,2,user-emp2-3357,2
no_autorizado,14,2026,3,user-emp2-3358,2
no_autorizado,15,2026,4,user-emp2-3359,2
no_autorizado,1,2026,1,user-emp2-3360,2
no_autorizado,2,2026,2,user-emp2-3361,2
no_autorizado,3,2026,3,user-emp2-3362,2
no_autorizado,4,2026,4,user-emp2-3363,2
no_autorizado,5,2026,1,user-emp2-3364,2
no_autorizado,6,2026,2,user-emp2-3365,2
no_autorizado,7,2026,3,user-emp2-3366,2
no_autorizado,8,2026,4,user-emp2-3367,2
no_autorizado,9,2026,1,user-emp2-3368,2
no_autorizado,10,2026,2,user-emp2-3369,2
no_autorizado,11,2026,3,user-emp2-3370,2
no_autorizado,12,2026,4,user-emp2-3371,2
no_autorizado,13,2026,1,user-emp2-3372,2
no_autorizado,14,2026,2,user-emp2-3373,2
no_autorizado,15,2026,3,user-emp2-3374,2
no_autorizado,1,2026,4,user-emp2-3375,2
no_autorizado,2,2026,1,user-emp2-3376,2
no_autorizado,3,2026,2,user-emp2-3377,2
no_autorizado,4,2026,3,user-emp2-3378,2
no_autorizado,5,2026,4,user-emp2-3379,2
no_autorizado,6,2026,1,user-emp2-3380,2
no_autorizado,7,2026,2,user-emp2-3381,2
no_autorizado,8,2026,3,user-emp2-3382,2
no_autorizado,9,2026,4,user-emp2-3383,2
no_autorizado,10,2026,1,user-emp2-3384,2
no_autorizado,11,2026,2,user-emp2-3385,2
no_autorizado,12,2026,3,user-emp2-3386,2
no_autorizado,13,2026,4,user-emp2-3387,2
no_autorizado,14,2026,1,user-emp2-3388,2
no_autorizado,15,2026,2,user-emp2-3389,2
no_autorizado,1,2026,3,user-emp2-3390,2
no_autorizado,2,2026,4,user-emp2-3391,2
no_autorizado,3,2026,1,user-emp2-3392,2
no_autorizado,4,2026,2,user-emp2-3393,2
no_autorizado,5,2026,3,user-emp2-3394,2
no_autorizado,6,2026,4,user-emp2-3395,2
no_autorizado,7,2026,1,user-emp2-3396,2
no_autorizado,8,2026,2,user-emp2-3397,2
no_autorizado,9,2026,3,user-emp2-3398,2
no_autorizado,10,2026,4,user-emp2-3399,2
no_autorizado,11,2026,1,user-emp2-3400,2
no_autorizado,12,2026,2,user-emp2-3401,2
no_autorizado,13,2026,3,user-emp2-3402,2
no_autorizado,14,2026,4,user-emp2-3403,2
no_autorizado,15,2026,1,user-emp2-3404,2
no_autorizado,1,2026,2,user-emp2-3405,2
no_autorizado,2,2026,3,user-emp2-3406,2
no_autorizado,3,2026,4,user-emp2-3407,2
no_autorizado,4,2026,1,user-emp2-3408,2
no_autorizado,5,2026,2,user-emp2-3409,2
no_autorizado,6,2026,3,user-emp2-3410,2
no_autorizado,7,2026,4,user-emp2-3411,2
no_autorizado,8,2026,1,user-emp2-3412,2
no_autorizado,9,2026,2,user-emp2-3413,2
no_autorizado,10,2026,3,user-emp2-3414,2
no_autorizado,11,2026,4,user-emp2-3415,2
no_autorizado,12,2026,1,user-emp2-3416,2
no_autorizado,13,2026,2,user-emp2-3417,2
no_autorizado,14,2026,3,user-emp2-3418,2
no_autorizado,15,2026,4,user-emp2-3419,2
no_autorizado,1,2026,1,user-emp2-3420,2
no_autorizado,2,2026,2,user-emp2-3421,2
no_autorizado,3,2026,3,user-emp2-3422,2
no_autorizado,4,2026,4,user-emp2-3423,2
no_autorizado,5,2026,1,user-emp2-3424,2
no_autorizado,6,2026,2,user-emp2-3425,2
no_autorizado,7,2026,3,user-emp2-3426,2
no_autorizado,8,2026,4,user-emp2-3427,2
no_autorizado,9,2026,1,user-emp2-3428,2
no_autorizado,10,2026,2,user-emp2-3429,2
no_autorizado,11,2026,3,user-emp2-3430,2
no_autorizado,12,2026,4,user-emp2-3431,2
no_autorizado,13,2026,1,user-emp2-3432,2
no_autorizado,14,2026,2,user-emp2-3433,2
no_autorizado,15,2026,3,user-emp2-3434,2
no_autorizado,1,2026,4,user-emp2-3435,2
no_autorizado,2,2026,1,user-emp2-3436,2
no_autorizado,3,2026,2,user-emp2-3437,2
no_autorizado,4,2026,3,user-emp2-3438,2
no_autorizado,5,2026,4,user-emp2-3439,2
no_autorizado,6,2026,1,user-emp2-3440,2
no_autorizado,7,2026,2,user-emp2-3441,2
no_autorizado,8,2026,3,user-emp2-3442,2
no_autorizado,9,2026,4,user-emp2-3443,2
no_autorizado,10,2026,1,user-emp2-3444,2
no_autorizado,11,2026,2,user-emp2-3445,2
no_autorizado,12,2026,3,user-emp2-3446,2
no_autorizado,13,2026,4,user-emp2-3447,2
no_autorizado,14,2026,1,user-emp2-3448,2
no_autorizado,15,2026,2,user-emp2-3449,2
no_autorizado,1,2026,3,user-emp2-3450,2
no_autorizado,2,2026,4,user-emp2-3451,2
no_autorizado,3,2026,1,user-emp2-3452,2
no_autorizado,4,2026,2,user-emp2-3453,2
no_autorizado,5,2026,3,user-emp2-3454,2
no_autorizado,6,2026,4,user-emp2-3455,2
no_autorizado,7,2026,1,user-emp2-3456,2
no_autorizado,8,2026,2,user-emp2-3457,2
no_autorizado,9,2026,3,user-emp2-3458,2
no_autorizado,10,2026,4,user-emp2-3459,2
no_autorizado,11,2026,1,user-emp2-3460,2
no_autorizado,12,2026,2,user-emp2-3461,2
no_autorizado,13,2026,3,user-emp2-3462,2
no_autorizado,14,2026,4,user-emp2-3463,2
no_autorizado,15,2026,1,user-emp2-3464,2
no_autorizado,1,2026,2,user-emp2-3465,2
no_autorizado,2,2026,3,user-emp2-3466,2
no_autorizado,3,2026,4,user-emp2-3467,2
no_autorizado,4,2026,1,user-emp2-3468,2
no_autorizado,5,2026,2,user-emp2-3469,2
no_autorizado,6,2026,3,user-emp2-3470,2
no_autorizado,7,2026,4,user-emp2-3471,2
no_autorizado,8,2026,1,user-emp2-3472,2
no_autorizado,9,2026,2,user-emp2-3473,2
no_autorizado,10,2026,3,user-emp2-3474,2
no_autorizado,11,2026,4,user-emp2-3475,2
no_autorizado,12,2026,1,user-emp2-3476,2
no_autorizado,13,2026,2,user-emp2-3477,2
no_autorizado,14,2026,3,user-emp2-3478,2
no_autorizado,15,2026,4,user-emp2-3479,2
no_autorizado,1,2026,1,user-emp2-3480,2
no_autorizado,2,2026,2,user-emp2-3481,2
no_autorizado,3,2026,3,user-emp2-3482,2
no_autorizado,4,2026,4,user-emp2-3483,2
no_autorizado,5,2026,1,user-emp2-3484,2
no_autorizado,6,2026,2,user-emp2-3485,2
no_autorizado,7,2026,3,user-emp2-3486,2
no_autorizado,8,2026,4,user-emp2-3487,2
no_autorizado,9,2026,1,user-emp2-3488,2
no_autorizado,10,2026,2,user-emp2-3489,2
no_autorizado,11,2026,3,user-emp2-3490,2
no_autorizado,12,2026,4,user-emp2-3491,2
no_autorizado,13,2026,1,user-emp2-3492,2
no_autorizado,14,2026,2,user-emp2-3493,2
no_autorizado,15,2026,3,user-emp2-3494,2
no_autorizado,1,2026,4,user-emp2-3495,2
no_autorizado,2,2026,1,user-emp2-3496,2
no_autorizado,3,2026,2,user-emp2-3497,2
no_autorizado,4,2026,3,user-emp2-3498,2
no_autorizado,5,2026,4,user-emp2-3499,2
no_autorizado,6,2026,1,user-emp2-3500,2
no_autorizado,7,2026,2,user-emp2-3501,2
no_autorizado,8,2026,3,user-emp2-3502,2
no_autorizado,9,2026,4,user-emp2-3503,2
no_autorizado,10,2026,1,user-emp2-3504,2
no_autorizado,11,2026,2,user-emp2-3505,2
no_autorizado,12,2026,3,user-emp2-3506,2
no_autorizado,13,2026,4,user-emp2-3507,2
no_autorizado,14,2026,1,user-emp2-3508,2
no_autorizado,15,2026,2,user-emp2-3509,2
no_autorizado,1,2026,3,user-emp2-3510,2
no_autorizado,2,2026,4,user-emp2-3511,2
no_autorizado,3,2026,1,user-emp2-3512,2
no_autorizado,4,2026,2,user-emp2-3513,2
no_autorizado,5,2026,3,user-emp2-3514,2
no_autorizado,6,2026,4,user-emp2-3515,2
no_autorizado,7,2026,1,user-emp2-3516,2
no_autorizado,8,2026,2,user-emp2-3517,2
no_autorizado,9,2026,3,user-emp2-3518,2
no_autorizado,10,2026,4,user-emp2-3519,2
no_autorizado,11,2026,1,user-emp2-3520,2
no_autorizado,12,2026,2,user-emp2-3521,2
no_autorizado,13,2026,3,user-emp2-3522,2
no_autorizado,14,2026,4,user-emp2-3523,2
no_autorizado,15,2026,1,user-emp2-3524,2
no_autorizado,1,2026,2,user-emp2-3525,2
no_autorizado,2,2026,3,user-emp2-3526,2
no_autorizado,3,2026,4,user-emp2-3527,2
no_autorizado,4,2026,1,user-emp2-3528,2
no_autorizado,5,2026,2,user-emp2-3529,2
no_autorizado,6,2026,3,user-emp2-3530,2
no_autorizado,7,2026,4,user-emp2-3531,2
no_autorizado,8,2026,1,user-emp2-3532,2
no_autorizado,9,2026,2,user-emp2-3533,2
no_autorizado,10,2026,3,user-emp2-3534,2
no_autorizado,11,2026,4,user-emp2-3535,2
no_autorizado,12,2026,1,user-emp2-3536,2
no_autorizado,13,2026,2,user-emp2-3537,2
no_autorizado,14,2026,3,user-emp2-3538,2
no_autorizado,15,2026,4,user-emp2-3539,2
no_autorizado,1,2026,1,user-emp2-3540,2
no_autorizado,2,2026,2,user-emp2-3541,2
no_autorizado,3,2026,3,user-emp2-3542,2
no_autorizado,4,2026,4,user-emp2-3543,2
no_autorizado,5,2026,1,user-emp2-3544,2
no_autorizado,6,2026,2,user-emp2-3545,2
no_autorizado,7,2026,3,user-emp2-3546,2
no_autorizado,8,2026,4,user-emp2-3547,2
no_autorizado,9,2026,1,user-emp2-3548,2
no_autorizado,10,2026,2,user-emp2-3549,2
no_autorizado,11,2026,3,user-emp2-3550,2
no_autorizado,12,2026,4,user-emp2-3551,2
no_autorizado,13,2026,1,user-emp2-3552,2
no_autorizado,14,2026,2,user-emp2-3553,2
no_autorizado,15,2026,3,user-emp2-3554,2
no_autorizado,1,2026,4,user-emp2-3555,2
no_autorizado,2,2026,1,user-emp2-3556,2
no_autorizado,3,2026,2,user-emp2-3557,2
no_autorizado,4,2026,3,user-emp2-3558,2
no_autorizado,5,2026,4,user-emp2-3559,2
no_autorizado,6,2026,1,user-emp2-3560,2
no_autorizado,7,2026,2,user-emp2-3561,2
no_autorizado,8,2026,3,user-emp2-3562,2
no_autorizado,9,2026,4,user-emp2-3563,2
no_autorizado,10,2026,1,user-emp2-3564,2
no_autorizado,11,2026,2,user-emp2-3565,2
no_autorizado,12,2026,3,user-emp2-3566,2
no_autorizado,13,2026,4,user-emp2-3567,2
no_autorizado,14,2026,1,user-emp2-3568,2
no_autorizado,15,2026,2,user-emp2-3569,2
no_autorizado,1,2026,3,user-emp2-3570,2
no_autorizado,2,2026,4,user-emp2-3571,2
no_autorizado,3,2026,1,user-emp2-3572,2
no_autorizado,4,2026,2,user-emp2-3573,2
no_autorizado,5,2026,3,user-emp2-3574,2
no_autorizado,6,2026,4,user-emp2-3575,2
no_autorizado,7,2026,1,user-emp2-3576,2
no_autorizado,8,2026,2,user-emp2-3577,2
no_autorizado,9,2026,3,user-emp2-3578,2
no_autorizado,10,2026,4,user-emp2-3579,2
no_autorizado,11,2026,1,user-emp2-3580,2
no_autorizado,12,2026,2,user-emp2-3581,2
no_autorizado,13,2026,3,user-emp2-3582,2
no_autorizado,14,2026,4,user-emp2-3583,2
no_autorizado,15,2026,1,user-emp2-3584,2
no_autorizado,1,2026,2,user-emp2-3585,2
no_autorizado,2,2026,3,user-emp2-3586,2
no_autorizado,3,2026,4,user-emp2-3587,2
no_autorizado,4,2026,1,user-emp2-3588,2
no_autorizado,5,2026,2,user-emp2-3589,2
no_autorizado,6,2026,3,user-emp2-3590,2
no_autorizado,7,2026,4,user-emp2-3591,2
no_autorizado,8,2026,1,user-emp2-3592,2
no_autorizado,9,2026,2,user-emp2-3593,2
no_autorizado,10,2026,3,user-emp2-3594,2
no_autorizado,11,2026,4,user-emp2-3595,2
no_autorizado,12,2026,1,user-emp2-3596,2
no_autorizado,13,2026,2,user-emp2-3597,2
no_autorizado,14,2026,3,user-emp2-3598,2
no_autorizado,15,2026,4,user-emp2-3599,2
no_autorizado,1,2026,1,user-emp2-3600,2
no_autorizado,2,2026,2,user-emp2-3601,2
no_autorizado,3,2026,3,user-emp2-3602,2
no_autorizado,4,2026,4,user-emp2-3603,2
no_autorizado,5,2026,1,user-emp2-3604,2
no_autorizado,6,2026,2,user-emp2-3605,2
no_autorizado,7,2026,3,user-emp2-3606,2
no_autorizado,8,2026,4,user-emp2-3607,2
no_autorizado,9,2026,1,user-emp2-3608,2
no_autorizado,10,2026,2,user-emp2-3609,2
no_autorizado,11,2026,3,user-emp2-3610,2
no_autorizado,12,2026,4,user-emp2-3611,2
no_autorizado,13,2026,1,user-emp2-3612,2
no_autorizado,14,2026,2,user-emp2-3613,2
no_autorizado,15,2026,3,user-emp2-3614,2
no_autorizado,1,2026,4,user-emp2-3615,2
no_autorizado,2,2026,1,user-emp2-3616,2
no_autorizado,3,2026,2,user-emp2-3617,2
no_autorizado,4,2026,3,user-emp2-3618,2
no_autorizado,5,2026,4,user-emp2-3619,2
no_autorizado,6,2026,1,user-emp2-3620,2
no_autorizado,7,2026,2,user-emp2-3621,2
no_autorizado,8,2026,3,user-emp2-3622,2
no_autorizado,9,2026,4,user-emp2-3623,2
no_autorizado,10,2026,1,user-emp2-3624,2
no_autorizado,11,2026,2,user-emp2-3625,2
no_autorizado,12,2026,3,user-emp2-3626,2
no_autorizado,13,2026,4,user-emp2-3627,2
no_autorizado,14,2026,1,user-emp2-3628,2
no_autorizado,15,2026,2,user-emp2-3629,2
no_autorizado,1,2026,3,user-emp2-3630,2
no_autorizado,2,2026,4,user-emp2-3631,2
no_autorizado,3,2026,1,user-emp2-3632,2
no_autorizado,4,2026,2,user-emp2-3633,2
no_autorizado,5,2026,3,user-emp2-3634,2
no_autorizado,6,2026,4,user-emp2-3635,2
no_autorizado,7,2026,1,user-emp2-3636,2
no_autorizado,8,2026,2,user-emp2-3637,2
no_autorizado,9,2026,3,user-emp2-3638,2
no_autorizado,10,2026,4,user-emp2-3639,2
no_autorizado,11,2026,1,user-emp2-3640,2
no_autorizado,12,2026,2,user-emp2-3641,2
no_autorizado,13,2026,3,user-emp2-3642,2
no_autorizado,14,2026,4,user-emp2-3643,2
no_autorizado,15,2026,1,user-emp2-3644,2
no_autorizado,1,2026,2,user-emp2-3645,2
no_autorizado,2,2026,3,user-emp2-3646,2
no_autorizado,3,2026,4,user-emp2-3647,2
no_autorizado,4,2026,1,user-emp2-3648,2
no_autorizado,5,2026,2,user-emp2-3649,2
no_autorizado,6,2026,3,user-emp2-3650,2
no_autorizado,7,2026,4,user-emp2-3651,2
no_autorizado,8,2026,1,user-emp2-3652,2
no_autorizado,9,2026,2,user-emp2-3653,2
no_autorizado,10,2026,3,user-emp2-3654,2
no_autorizado,11,2026,4,user-emp2-3655,2
no_autorizado,12,2026,1,user-emp2-3656,2
no_autorizado,13,2026,2,user-emp2-3657,2
no_autorizado,14,2026,3,user-emp2-3658,2
no_autorizado,15,2026,4,user-emp2-3659,2
no_autorizado,1,2026,1,user-emp2-3660,2
no_autorizado,2,2026,2,user-emp2-3661,2
no_autorizado,3,2026,3,user-emp2-3662,2
no_autorizado,4,2026,4,user-emp2-3663,2
no_autorizado,5,2026,1,user-emp2-3664,2
no_autorizado,6,2026,2,user-emp2-3665,2
no_autorizado,7,2026,3,user-emp2-3666,2
no_autorizado,8,2026,4,user-emp2-3667,2
no_autorizado,9,2026,1,user-emp2-3668,2
no_autorizado,10,2026,2,user-emp2-3669,2
no_autorizado,11,2026,3,user-emp2-3670,2
no_autorizado,12,2026,4,user-emp2-3671,2
no_autorizado,13,2026,1,user-emp2-3672,2
no_autorizado,14,2026,2,user-emp2-3673,2
no_autorizado,15,2026,3,user-emp2-3674,2
no_autorizado,1,2026,4,user-emp2-3675,2
no_autorizado,2,2026,1,user-emp2-3676,2
no_autorizado,3,2026,2,user-emp2-3677,2
no_autorizado,4,2026,3,user-emp2-3678,2
no_autorizado,5,2026,4,user-emp2-3679,2
no_autorizado,6,2026,1,user-emp2-3680,2
no_autorizado,7,2026,2,user-emp2-3681,2
no_autorizado,8,2026,3,user-emp2-3682,2
no_autorizado,9,2026,4,user-emp2-3683,2
no_autorizado,10,2026,1,user-emp2-3684,2
no_autorizado,11,2026,2,user-emp2-3685,2
no_autorizado,12,2026,3,user-emp2-3686,2
no_autorizado,13,2026,4,user-emp2-3687,2
no_autorizado,14,2026,1,user-emp2-3688,2
no_autorizado,15,2026,2,user-emp2-3689,2
no_autorizado,1,2026,3,user-emp2-3690,2
no_autorizado,2,2026,4,user-emp2-3691,2
no_autorizado,3,2026,1,user-emp2-3692,2
no_autorizado,4,2026,2,user-emp2-3693,2
no_autorizado,5,2026,3,user-emp2-3694,2
no_autorizado,6,2026,4,user-emp2-3695,2
no_autorizado,7,2026,1,user-emp2-3696,2
no_autorizado,8,2026,2,user-emp2-3697,2
no_autorizado,9,2026,3,user-emp2-3698,2
no_autorizado,10,2026,4,user-emp2-3699,2
no_autorizado,11,2026,1,user-emp2-3700,2
no_autorizado,12,2026,2,user-emp2-3701,2
no_autorizado,13,2026,3,user-emp2-3702,2
no_autorizado,14,2026,4,user-emp2-3703,2
no_autorizado,15,2026,1,user-emp2-3704,2
no_autorizado,1,2026,2,user-emp2-3705,2
no_autorizado,2,2026,3,user-emp2-3706,2
no_autorizado,3,2026,4,user-emp2-3707,2
no_autorizado,4,2026,1,user-emp2-3708,2
no_autorizado,5,2026,2,user-emp2-3709,2
no_autorizado,6,2026,3,user-emp2-3710,2
no_autorizado,7,2026,4,user-emp2-3711,2
no_autorizado,8,2026,1,user-emp2-3712,2
no_autorizado,9,2026,2,user-emp2-3713,2
no_autorizado,10,2026,3,user-emp2-3714,2
no_autorizado,11,2026,4,user-emp2-3715,2
no_autorizado,12,2026,1,user-emp2-3716,2
no_autorizado,13,2026,2,user-emp2-3717,2
no_autorizado,14,2026,3,user-emp2-3718,2
no_autorizado,15,2026,4,user-emp2-3719,2
no_autorizado,1,2026,1,user-emp2-3720,2
no_autorizado,2,2026,2,user-emp2-3721,2
no_autorizado,3,2026,3,user-emp2-3722,2
no_autorizado,4,2026,4,user-emp2-3723,2
no_autorizado,5,2026,1,user-emp2-3724,2
no_autorizado,6,2026,2,user-emp2-3725,2
no_autorizado,7,2026,3,user-emp2-3726,2
no_autorizado,8,2026,4,user-emp2-3727,2
no_autorizado,9,2026,1,user-emp2-3728,2
no_autorizado,10,2026,2,user-emp2-3729,2
no_autorizado,11,2026,3,user-emp2-3730,2
no_autorizado,12,2026,4,user-emp2-3731,2
no_autorizado,13,2026,1,user-emp2-3732,2
no_autorizado,14,2026,2,user-emp2-3733,2
no_autorizado,15,2026,3,user-emp2-3734,2
no_autorizado,1,2026,4,user-emp2-3735,2
no_autorizado,2,2026,1,user-emp2-3736,2
no_autorizado,3,2026,2,user-emp2-3737,2
no_autorizado,4,2026,3,user-emp2-3738,2
no_autorizado,5,2026,4,user-emp2-3739,2
no_autorizado,6,2026,1,user-emp2-3740,2
no_autorizado,7,2026,2,user-emp2-3741,2
no_autorizado,8,2026,3,user-emp2-3742,2
no_autorizado,9,2026,4,user-emp2-3743,2
no_autorizado,10,2026,1,user-emp2-3744,2
no_autorizado,11,2026,2,user-emp2-3745,2
no_autorizado,12,2026,3,user-emp2-3746,2
no_autorizado,13,2026,4,user-emp2-3747,2
no_autorizado,14,2026,1,user-emp2-3748,2
no_autorizado,15,2026,2,user-emp2-3749,2
no_autorizado,1,2026,3,user-emp2-3750,2
no_autorizado,2,2026,4,user-emp2-3751,2
no_autorizado,3,2026,1,user-emp2-3752,2
no_autorizado,4,2026,2,user-emp2-3753,2
no_autorizado,5,2026,3,user-emp2-3754,2
no_autorizado,6,2026,4,user-emp2-3755,2
no_autorizado,7,2026,1,user-emp2-3756,2
no_autorizado,8,2026,2,user-emp2-3757,2
no_autorizado,9,2026,3,user-emp2-3758,2
no_autorizado,10,2026,4,user-emp2-3759,2
no_autorizado,11,2026,1,user-emp2-3760,2
no_autorizado,12,2026,2,user-emp2-3761,2
no_autorizado,13,2026,3,user-emp2-3762,2
no_autorizado,14,2026,4,user-emp2-3763,2
no_autorizado,15,2026,1,user-emp2-3764,2
no_autorizado,1,2026,2,user-emp2-3765,2
no_autorizado,2,2026,3,user-emp2-3766,2
no_autorizado,3,2026,4,user-emp2-3767,2
no_autorizado,4,2026,1,user-emp2-3768,2
no_autorizado,5,2026,2,user-emp2-3769,2
no_autorizado,6,2026,3,user-emp2-3770,2
no_autorizado,7,2026,4,user-emp2-3771,2
no_autorizado,8,2026,1,user-emp2-3772,2
no_autorizado,9,2026,2,user-emp2-3773,2
no_autorizado,10,2026,3,user-emp2-3774,2
no_autorizado,11,2026,4,user-emp2-3775,2
no_autorizado,12,2026,1,user-emp2-3776,2
no_autorizado,13,2026,2,user-emp2-3777,2
no_autorizado,14,2026,3,user-emp2-3778,2
no_autorizado,15,2026,4,user-emp2-3779,2
no_autorizado,1,2026,1,user-emp2-3780,2
no_autorizado,2,2026,2,user-emp2-3781,2
no_autorizado,3,2026,3,user-emp2-3782,2
no_autorizado,4,2026,4,user-emp2-3783,2
no_autorizado,5,2026,1,user-emp2-3784,2
no_autorizado,6,2026,2,user-emp2-3785,2
no_autorizado,7,2026,3,user-emp2-3786,2
no_autorizado,8,2026,4,user-emp2-3787,2
no_autorizado,9,2026,1,user-emp2-3788,2
no_autorizado,10,2026,2,user-emp2-3789,2
no_autorizado,11,2026,3,user-emp2-3790,2
no_autorizado,12,2026,4,user-emp2-3791,2
no_autorizado,13,2026,1,user-emp2-3792,2
no_autorizado,14,2026,2,user-emp2-3793,2
no_autorizado,15,2026,3,user-emp2-3794,2
no_autorizado,1,2026,4,user-emp2-3795,2
no_autorizado,2,2026,1,user-emp2-3796,2
no_autorizado,3,2026,2,user-emp2-3797,2
no_autorizado,4,2026,3,user-emp2-3798,2
no_autorizado,5,2026,4,user-emp2-3799,2
no_autorizado,6,2026,1,user-emp2-3800,2
no_autorizado,7,2026,2,user-emp2-3801,2
no_autorizado,8,2026,3,user-emp2-3802,2
no_autorizado,9,2026,4,user-emp2-3803,2
no_autorizado,10,2026,1,user-emp2-3804,2
no_autorizado,11,2026,2,user-emp2-3805,2
no_autorizado,12,2026,3,user-emp2-3806,2
no_autorizado,13,2026,4,user-emp2-3807,2
no_autorizado,14,2026,1,user-emp2-3808,2
no_autorizado,15,2026,2,user-emp2-3809,2
no_autorizado,1,2026,3,user-emp2-3810,2
no_autorizado,2,2026,4,user-emp2-3811,2
no_autorizado,3,2026,1,user-emp2-3812,2
no_autorizado,4,2026,2,user-emp2-3813,2
no_autorizado,5,2026,3,user-emp2-3814,2
no_autorizado,6,2026,4,user-emp2-3815,2
no_autorizado,7,2026,1,user-emp2-3816,2
no_autorizado,8,2026,2,user-emp2-3817,2
no_autorizado,9,2026,3,user-emp2-3818,2
no_autorizado,10,2026,4,user-emp2-3819,2
no_autorizado,11,2026,1,user-emp2-3820,2
no_autorizado,12,2026,2,user-emp2-3821,2
no_autorizado,13,2026,3,user-emp2-3822,2
no_autorizado,14,2026,4,user-emp2-3823,2
no_autorizado,15,2026,1,user-emp2-3824,2
no_autorizado,1,2026,2,user-emp2-3825,2
no_autorizado,2,2026,3,user-emp2-3826,2
no_autorizado,3,2026,4,user-emp2-3827,2
no_autorizado,4,2026,1,user-emp2-3828,2
no_autorizado,5,2026,2,user-emp2-3829,2
no_autorizado,6,2026,3,user-emp2-3830,2
no_autorizado,7,2026,4,user-emp2-3831,2
no_autorizado,8,2026,1,user-emp2-3832,2
no_autorizado,9,2026,2,user-emp2-3833,2
no_autorizado,10,2026,3,user-emp2-3834,2
no_autorizado,11,2026,4,user-emp2-3835,2
no_autorizado,12,2026,1,user-emp2-3836,2
no_autorizado,13,2026,2,user-emp2-3837,2
no_autorizado,14,2026,3,user-emp2-3838,2
no_autorizado,15,2026,4,user-emp2-3839,2
no_autorizado,1,2026,1,user-emp2-3840,2
no_autorizado,2,2026,2,user-emp2-3841,2
no_autorizado,3,2026,3,user-emp2-3842,2
no_autorizado,4,2026,4,user-emp2-3843,2
no_autorizado,5,2026,1,user-emp2-3844,2
no_autorizado,6,2026,2,user-emp2-3845,2
no_autorizado,7,2026,3,user-emp2-3846,2
no_autorizado,8,2026,4,user-emp2-3847,2
no_autorizado,9,2026,1,user-emp2-3848,2
no_autorizado,10,2026,2,user-emp2-3849,2
no_autorizado,11,2026,3,user-emp2-3850,2
no_autorizado,12,2026,4,user-emp2-3851,2
no_autorizado,13,2026,1,user-emp2-3852,2
no_autorizado,14,2026,2,user-emp2-3853,2
no_autorizado,15,2026,3,user-emp2-3854,2
no_autorizado,1,2026,4,user-emp2-3855,2
no_autorizado,2,2026,1,user-emp2-3856,2
no_autorizado,3,2026,2,user-emp2-3857,2
no_autorizado,4,2026,3,user-emp2-3858,2
no_autorizado,5,2026,4,user-emp2-3859,2
no_autorizado,6,2026,1,user-emp2-3860,2
no_autorizado,7,2026,2,user-emp2-3861,2
no_autorizado,8,2026,3,user-emp2-3862,2
no_autorizado,9,2026,4,user-emp2-3863,2
no_autorizado,10,2026,1,user-emp2-3864,2
no_autorizado,11,2026,2,user-emp2-3865,2
no_autorizado,12,2026,3,user-emp2-3866,2
no_autorizado,13,2026,4,user-emp2-3867,2
no_autorizado,14,2026,1,user-emp2-3868,2
no_autorizado,15,2026,2,user-emp2-3869,2
no_autorizado,1,2026,3,user-emp2-3870,2
no_autorizado,2,2026,4,user-emp2-3871,2
no_autorizado,3,2026,1,user-emp2-3872,2
no_autorizado,4,2026,2,user-emp2-3873,2
no_autorizado,5,2026,3,user-emp2-3874,2
no_autorizado,6,2026,4,user-emp2-3875,2
no_autorizado,7,2026,1,user-emp2-3876,2
no_autorizado,8,2026,2,user-emp2-3877,2
no_autorizado,9,2026,3,user-emp2-3878,2
no_autorizado,10,2026,4,user-emp2-3879,2
no_autorizado,11,2026,1,user-emp2-3880,2
no_autorizado,12,2026,2,user-emp2-3881,2
no_autorizado,13,2026,3,user-emp2-3882,2
no_autorizado,14,2026,4,user-emp2-3883,2
no_autorizado,15,2026,1,user-emp2-3884,2
no_autorizado,1,2026,2,user-emp2-3885,2
no_autorizado,2,2026,3,user-emp2-3886,2
no_autorizado,3,2026,4,user-emp2-3887,2
no_autorizado,4,2026,1,user-emp2-3888,2
no_autorizado,5,2026,2,user-emp2-3889,2
no_autorizado,6,2026,3,user-emp2-3890,2
no_autorizado,7,2026,4,user-emp2-3891,2
no_autorizado,8,2026,1,user-emp2-3892,2
no_autorizado,9,2026,2,user-emp2-3893,2
no_autorizado,10,2026,3,user-emp2-3894,2
no_autorizado,11,2026,4,user-emp2-3895,2
no_autorizado,12,2026,1,user-emp2-3896,2
no_autorizado,13,2026,2,user-emp2-3897,2
no_autorizado,14,2026,3,user-emp2-3898,2
no_autorizado,15,2026,4,user-emp2-3899,2
no_autorizado,1,2026,1,user-emp2-3900,2
no_autorizado,2,2026,2,user-emp2-3901,2
no_autorizado,3,2026,3,user-emp2-3902,2
no_autorizado,4,2026,4,user-emp2-3903,2
no_autorizado,5,2026,1,user-emp2-3904,2
no_autorizado,6,2026,2,user-emp2-3905,2
no_autorizado,7,2026,3,user-emp2-3906,2
no_autorizado,8,2026,4,user-emp2-3907,2
no_autorizado,9,2026,1,user-emp2-3908,2
no_autorizado,10,2026,2,user-emp2-3909,2
no_autorizado,11,2026,3,user-emp2-3910,2
no_autorizado,12,2026,4,user-emp2-3911,2
no_autorizado,13,2026,1,user-emp2-3912,2
no_autorizado,14,2026,2,user-emp2-3913,2
no_autorizado,15,2026,3,user-emp2-3914,2
no_autorizado,1,2026,4,user-emp2-3915,2
no_autorizado,2,2026,1,user-emp2-3916,2
no_autorizado,3,2026,2,user-emp2-3917,2
no_autorizado,4,2026,3,user-emp2-3918,2
no_autorizado,5,2026,4,user-emp2-3919,2
no_autorizado,6,2026,1,user-emp2-3920,2
no_autorizado,7,2026,2,user-emp2-3921,2
no_autorizado,8,2026,3,user-emp2-3922,2
no_autorizado,9,2026,4,user-emp2-3923,2
no_autorizado,10,2026,1,user-emp2-3924,2
no_autorizado,11,2026,2,user-emp2-3925,2
no_autorizado,12,2026,3,user-emp2-3926,2
no_autorizado,13,2026,4,user-emp2-3927,2
no_autorizado,14,2026,1,user-emp2-3928,2
no_autorizado,15,2026,2,user-emp2-3929,2
no_autorizado,1,2026,3,user-emp2-3930,2
no_autorizado,2,2026,4,user-emp2-3931,2
no_autorizado,3,2026,1,user-emp2-3932,2
no_autorizado,4,2026,2,user-emp2-3933,2
no_autorizado,5,2026,3,user-emp2-3934,2
no_autorizado,6,2026,4,user-emp2-3935,2
no_autorizado,7,2026,1,user-emp2-3936,2
no_autorizado,8,2026,2,user-emp2-3937,2
no_autorizado,9,2026,3,user-emp2-3938,2
no_autorizado,10,2026,4,user-emp2-3939,2
no_autorizado,11,2026,1,user-emp2-3940,2
no_autorizado,12,2026,2,user-emp2-3941,2
no_autorizado,13,2026,3,user-emp2-3942,2
no_autorizado,14,2026,4,user-emp2-3943,2
no_autorizado,15,2026,1,user-emp2-3944,2
no_autorizado,1,2026,2,user-emp2-3945,2
no_autorizado,2,2026,3,user-emp2-3946,2
no_autorizado,3,2026,4,user-emp2-3947,2
no_autorizado,4,2026,1,user-emp2-3948,2
no_autorizado,5,2026,2,user-emp2-3949,2
no_autorizado,6,2026,3,user-emp2-3950,2
no_autorizado,7,2026,4,user-emp2-3951,2
no_autorizado,8,2026,1,user-emp2-3952,2
no_autorizado,9,2026,2,user-emp2-3953,2
no_autorizado,10,2026,3,user-emp2-3954,2
no_autorizado,11,2026,4,user-emp2-3955,2
no_autorizado,12,2026,1,user-emp2-3956,2
no_autorizado,13,2026,2,user-emp2-3957,2
no_autorizado,14,2026,3,user-emp2-3958,2
no_autorizado,15,2026,4,user-emp2-3959,2
no_autorizado,1,2026,1,user-emp2-3960,2
no_autorizado,2,2026,2,user-emp2-3961,2
no_autorizado,3,2026,3,user-emp2-3962,2
no_autorizado,4,2026,4,user-emp2-3963,2
no_autorizado,5,2026,1,user-emp2-3964,2
no_autorizado,6,2026,2,user-emp2-3965,2
no_autorizado,7,2026,3,user-emp2-3966,2
no_autorizado,8,2026,4,user-emp2-3967,2
no_autorizado,9,2026,1,user-emp2-3968,2
no_autorizado,10,2026,2,user-emp2-3969,2
no_autorizado,11,2026,3,user-emp2-3970,2
no_autorizado,12,2026,4,user-emp2-3971,2
no_autorizado,13,2026,1,user-emp2-3972,2
no_autorizado,14,2026,2,user-emp2-3973,2
no_autorizado,15,2026,3,user-emp2-3974,2
no_autorizado,1,2026,4,user-emp2-3975,2
no_autorizado,2,2026,1,user-emp2-3976,2
no_autorizado,3,2026,2,user-emp2-3977,2
no_autorizado,4,2026,3,user-emp2-3978,2
no_autorizado,5,2026,4,user-emp2-3979,2
no_autorizado,6,2026,1,user-emp2-3980,2
no_autorizado,7,2026,2,user-emp2-3981,2
no_autorizado,8,2026,3,user-emp2-3982,2
no_autorizado,9,2026,4,user-emp2-3983,2
no_autorizado,10,2026,1,user-emp2-3984,2
no_autorizado,11,2026,2,user-emp2-3985,2
no_autorizado,12,2026,3,user-emp2-3986,2
no_autorizado,13,2026,4,user-emp2-3987,2
no_autorizado,14,2026,1,user-emp2-3988,2
no_autorizado,15,2026,2,user-emp2-3989,2
no_autorizado,1,2026,3,user-emp2-3990,2
no_autorizado,2,2026,4,user-emp2-3991,2
no_autorizado,3,2026,1,user-emp2-3992,2
no_autorizado,4,2026,2,user-emp2-3993,2
no_autorizado,5,2026,3,user-emp2-3994,2
no_autorizado,6,2026,4,user-emp2-3995,2
no_autorizado,7,2026,1,user-emp2-3996,2
no_autorizado,8,2026,2,user-emp2-3997,2
no_autorizado,9,2026,3,user-emp2-3998,2
no_autorizado,10,2026,4,user-emp2-3999,2
no_autorizado,11,2026,1,user-emp2-4000,2
no_autorizado,12,2026,2,user-emp2-4001,2
no_autorizado,13,2026,3,user-emp2-4002,2
no_autorizado,14,2026,4,user-emp2-4003,2
no_autorizado,15,2026,1,user-emp2-4004,2
no_autorizado,1,2026,2,user-emp2-4005,2
no_autorizado,2,2026,3,user-emp2-4006,2
no_autorizado,3,2026,4,user-emp2-4007,2
no_autorizado,4,2026,1,user-emp2-4008,2
no_autorizado,5,2026,2,user-emp2-4009,2
no_autorizado,6,2026,3,user-emp2-4010,2
no_autorizado,7,2026,4,user-emp2-4011,2
no_autorizado,8,2026,1,user-emp2-4012,2
no_autorizado,9,2026,2,user-emp2-4013,2
no_autorizado,10,2026,3,user-emp2-4014,2
no_autorizado,11,2026,4,user-emp2-4015,2
no_autorizado,12,2026,1,user-emp2-4016,2
no_autorizado,13,2026,2,user-emp2-4017,2
no_autorizado,14,2026,3,user-emp2-4018,2
no_autorizado,15,2026,4,user-emp2-4019,2
no_autorizado,1,2026,1,user-emp2-4020,2
no_autorizado,2,2026,2,user-emp2-4021,2
no_autorizado,3,2026,3,user-emp2-4022,2
no_autorizado,4,2026,4,user-emp2-4023,2
no_autorizado,5,2026,1,user-emp2-4024,2
no_autorizado,6,2026,2,user-emp2-4025,2
no_autorizado,7,2026,3,user-emp2-4026,2
no_autorizado,8,2026,4,user-emp2-4027,2
no_autorizado,9,2026,1,user-emp2-4028,2
no_autorizado,10,2026,2,user-emp2-4029,2
no_autorizado,11,2026,3,user-emp2-4030,2
no_autorizado,12,2026,4,user-emp2-4031,2
no_autorizado,13,2026,1,user-emp2-4032,2
no_autorizado,14,2026,2,user-emp2-4033,2
no_autorizado,15,2026,3,user-emp2-4034,2
no_autorizado,1,2026,4,user-emp2-4035,2
no_autorizado,2,2026,1,user-emp2-4036,2
no_autorizado,3,2026,2,user-emp2-4037,2
no_autorizado,4,2026,3,user-emp2-4038,2
no_autorizado,5,2026,4,user-emp2-4039,2
no_autorizado,6,2026,1,user-emp2-4040,2
no_autorizado,7,2026,2,user-emp2-4041,2
no_autorizado,8,2026,3,user-emp2-4042,2
no_autorizado,9,2026,4,user-emp2-4043,2
no_autorizado,10,2026,1,user-emp2-4044,2
no_autorizado,11,2026,2,user-emp2-4045,2
no_autorizado,12,2026,3,user-emp2-4046,2
no_autorizado,13,2026,4,user-emp2-4047,2
no_autorizado,14,2026,1,user-emp2-4048,2
no_autorizado,15,2026,2,user-emp2-4049,2
no_autorizado,1,2026,3,user-emp2-4050,2
no_autorizado,2,2026,4,user-emp2-4051,2
no_autorizado,3,2026,1,user-emp2-4052,2
no_autorizado,4,2026,2,user-emp2-4053,2
no_autorizado,5,2026,3,user-emp2-4054,2
no_autorizado,6,2026,4,user-emp2-4055,2
no_autorizado,7,2026,1,user-emp2-4056,2
no_autorizado,8,2026,2,user-emp2-4057,2
no_autorizado,9,2026,3,user-emp2-4058,2
no_autorizado,10,2026,4,user-emp2-4059,2
no_autorizado,11,2026,1,user-emp2-4060,2
no_autorizado,12,2026,2,user-emp2-4061,2
no_autorizado,13,2026,3,user-emp2-4062,2
no_autorizado,14,2026,4,user-emp2-4063,2
no_autorizado,15,2026,1,user-emp2-4064,2
no_autorizado,1,2026,2,user-emp2-4065,2
no_autorizado,2,2026,3,user-emp2-4066,2
no_autorizado,3,2026,4,user-emp2-4067,2
no_autorizado,4,2026,1,user-emp2-4068,2
no_autorizado,5,2026,2,user-emp2-4069,2
no_autorizado,6,2026,3,user-emp2-4070,2
no_autorizado,7,2026,4,user-emp2-4071,2
no_autorizado,8,2026,1,user-emp2-4072,2
no_autorizado,9,2026,2,user-emp2-4073,2
no_autorizado,10,2026,3,user-emp2-4074,2
no_autorizado,11,2026,4,user-emp2-4075,2
no_autorizado,12,2026,1,user-emp2-4076,2
no_autorizado,13,2026,2,user-emp2-4077,2
no_autorizado,14,2026,3,user-emp2-4078,2
no_autorizado,15,2026,4,user-emp2-4079,2
no_autorizado,1,2026,1,user-emp2-4080,2
no_autorizado,2,2026,2,user-emp2-4081,2
no_autorizado,3,2026,3,user-emp2-4082,2
no_autorizado,4,2026,4,user-emp2-4083,2
no_autorizado,5,2026,1,user-emp2-4084,2
no_autorizado,6,2026,2,user-emp2-4085,2
no_autorizado,7,2026,3,user-emp2-4086,2
no_autorizado,8,2026,4,user-emp2-4087,2
no_autorizado,9,2026,1,user-emp2-4088,2
no_autorizado,10,2026,2,user-emp2-4089,2
no_autorizado,11,2026,3,user-emp2-4090,2
no_autorizado,12,2026,4,user-emp2-4091,2
no_autorizado,13,2026,1,user-emp2-4092,2
no_autorizado,14,2026,2,user-emp2-4093,2
no_autorizado,15,2026,3,user-emp2-4094,2
no_autorizado,1,2026,4,user-emp2-4095,2
no_autorizado,2,2026,1,user-emp2-4096,2
no_autorizado,3,2026,2,user-emp2-4097,2
no_autorizado,4,2026,3,user-emp2-4098,2
no_autorizado,5,2026,4,user-emp2-4099,2
no_autorizado,6,2026,1,user-emp2-4100,2
no_autorizado,7,2026,2,user-emp2-4101,2
no_autorizado,8,2026,3,user-emp2-4102,2
no_autorizado,9,2026,4,user-emp2-4103,2
no_autorizado,10,2026,1,user-emp2-4104,2
no_autorizado,11,2026,2,user-emp2-4105,2
no_autorizado,12,2026,3,user-emp2-4106,2
no_autorizado,13,2026,4,user-emp2-4107,2
no_autorizado,14,2026,1,user-emp2-4108,2
no_autorizado,15,2026,2,user-emp2-4109,2
no_autorizado,1,2026,3,user-emp2-4110,2
no_autorizado,2,2026,4,user-emp2-4111,2
no_autorizado,3,2026,1,user-emp2-4112,2
no_autorizado,4,2026,2,user-emp2-4113,2
no_autorizado,5,2026,3,user-emp2-4114,2
no_autorizado,6,2026,4,user-emp2-4115,2
no_autorizado,7,2026,1,user-emp2-4116,2
no_autorizado,8,2026,2,user-emp2-4117,2
no_autorizado,9,2026,3,user-emp2-4118,2
no_autorizado,10,2026,4,user-emp2-4119,2
no_autorizado,11,2026,1,user-emp2-4120,2
no_autorizado,12,2026,2,user-emp2-4121,2
no_autorizado,13,2026,3,user-emp2-4122,2
no_autorizado,14,2026,4,user-emp2-4123,2
no_autorizado,15,2026,1,user-emp2-4124,2
no_autorizado,1,2026,2,user-emp2-4125,2
no_autorizado,2,2026,3,user-emp2-4126,2
no_autorizado,3,2026,4,user-emp2-4127,2
no_autorizado,4,2026,1,user-emp2-4128,2
no_autorizado,5,2026,2,user-emp2-4129,2
no_autorizado,6,2026,3,user-emp2-4130,2
no_autorizado,7,2026,4,user-emp2-4131,2
no_autorizado,8,2026,1,user-emp2-4132,2
no_autorizado,9,2026,2,user-emp2-4133,2
no_autorizado,10,2026,3,user-emp2-4134,2
no_autorizado,11,2026,4,user-emp2-4135,2
no_autorizado,12,2026,1,user-emp2-4136,2
no_autorizado,13,2026,2,user-emp2-4137,2
no_autorizado,14,2026,3,user-emp2-4138,2
no_autorizado,15,2026,4,user-emp2-4139,2
no_autorizado,1,2026,1,user-emp2-4140,2
no_autorizado,2,2026,2,user-emp2-4141,2
no_autorizado,3,2026,3,user-emp2-4142,2
no_autorizado,4,2026,4,user-emp2-4143,2
no_autorizado,5,2026,1,user-emp2-4144,2
no_autorizado,6,2026,2,user-emp2-4145,2
no_autorizado,7,2026,3,user-emp2-4146,2
no_autorizado,8,2026,4,user-emp2-4147,2
no_autorizado,9,2026,1,user-emp2-4148,2
no_autorizado,10,2026,2,user-emp2-4149,2
no_autorizado,11,2026,3,user-emp2-4150,2
no_autorizado,12,2026,4,user-emp2-4151,2
no_autorizado,13,2026,1,user-emp2-4152,2
no_autorizado,14,2026,2,user-emp2-4153,2
no_autorizado,15,2026,3,user-emp2-4154,2
no_autorizado,1,2026,4,user-emp2-4155,2
no_autorizado,2,2026,1,user-emp2-4156,2
no_autorizado,3,2026,2,user-emp2-4157,2
no_autorizado,4,2026,3,user-emp2-4158,2
no_autorizado,5,2026,4,user-emp2-4159,2
no_autorizado,6,2026,1,user-emp2-4160,2
no_autorizado,7,2026,2,user-emp2-4161,2
no_autorizado,8,2026,3,user-emp2-4162,2
no_autorizado,9,2026,4,user-emp2-4163,2
no_autorizado,10,2026,1,user-emp2-4164,2
no_autorizado,11,2026,2,user-emp2-4165,2
no_autorizado,12,2026,3,user-emp2-4166,2
no_autorizado,13,2026,4,user-emp2-4167,2
no_autorizado,14,2026,1,user-emp2-4168,2
no_autorizado,15,2026,2,user-emp2-4169,2
no_autorizado,1,2026,3,user-emp2-4170,2
no_autorizado,2,2026,4,user-emp2-4171,2
no_autorizado,3,2026,1,user-emp2-4172,2
no_autorizado,4,2026,2,user-emp2-4173,2
no_autorizado,5,2026,3,user-emp2-4174,2
no_autorizado,6,2026,4,user-emp2-4175,2
no_autorizado,7,2026,1,user-emp2-4176,2
no_autorizado,8,2026,2,user-emp2-4177,2
no_autorizado,9,2026,3,user-emp2-4178,2
no_autorizado,10,2026,4,user-emp2-4179,2
no_autorizado,11,2026,1,user-emp2-4180,2
no_autorizado,12,2026,2,user-emp2-4181,2
no_autorizado,13,2026,3,user-emp2-4182,2
no_autorizado,14,2026,4,user-emp2-4183,2
no_autorizado,15,2026,1,user-emp2-4184,2
no_autorizado,1,2026,2,user-emp2-4185,2
no_autorizado,2,2026,3,user-emp2-4186,2
no_autorizado,3,2026,4,user-emp2-4187,2
no_autorizado,4,2026,1,user-emp2-4188,2
no_autorizado,5,2026,2,user-emp2-4189,2
no_autorizado,6,2026,3,user-emp2-4190,2
no_autorizado,7,2026,4,user-emp2-4191,2
no_autorizado,8,2026,1,user-emp2-4192,2
no_autorizado,9,2026,2,user-emp2-4193,2
no_autorizado,10,2026,3,user-emp2-4194,2
no_autorizado,11,2026,4,user-emp2-4195,2
no_autorizado,12,2026,1,user-emp2-4196,2
no_autorizado,13,2026,2,user-emp2-4197,2
no_autorizado,14,2026,3,user-emp2-4198,2
no_autorizado,15,2026,4,user-emp2-4199,2
no_autorizado,1,2026,1,user-emp2-4200,2
no_autorizado,2,2026,2,user-emp2-4201,2
no_autorizado,3,2026,3,user-emp2-4202,2
no_autorizado,4,2026,4,user-emp2-4203,2
no_autorizado,5,2026,1,user-emp2-4204,2
no_autorizado,6,2026,2,user-emp2-4205,2
no_autorizado,7,2026,3,user-emp2-4206,2
no_autorizado,8,2026,4,user-emp2-4207,2
no_autorizado,9,2026,1,user-emp2-4208,2
no_autorizado,10,2026,2,user-emp2-4209,2
no_autorizado,11,2026,3,user-emp2-4210,2
no_autorizado,12,2026,4,user-emp2-4211,2
no_autorizado,13,2026,1,user-emp2-4212,2
no_autorizado,14,2026,2,user-emp2-4213,2
no_autorizado,15,2026,3,user-emp2-4214,2
no_autorizado,1,2026,4,user-emp2-4215,2
no_autorizado,2,2026,1,user-emp2-4216,2
no_autorizado,3,2026,2,user-emp2-4217,2
no_autorizado,4,2026,3,user-emp2-4218,2
no_autorizado,5,2026,4,user-emp2-4219,2
no_autorizado,6,2026,1,user-emp2-4220,2
no_autorizado,7,2026,2,user-emp2-4221,2
no_autorizado,8,2026,3,user-emp2-4222,2
no_autorizado,9,2026,4,user-emp2-4223,2
no_autorizado,10,2026,1,user-emp2-4224,2
no_autorizado,11,2026,2,user-emp2-4225,2
no_autorizado,12,2026,3,user-emp2-4226,2
no_autorizado,13,2026,4,user-emp2-4227,2
no_autorizado,14,2026,1,user-emp2-4228,2
no_autorizado,15,2026,2,user-emp2-4229,2
no_autorizado,1,2026,3,user-emp2-4230,2
no_autorizado,2,2026,4,user-emp2-4231,2
no_autorizado,3,2026,1,user-emp2-4232,2
no_autorizado,4,2026,2,user-emp2-4233,2
no_autorizado,5,2026,3,user-emp2-4234,2
no_autorizado,6,2026,4,user-emp2-4235,2
no_autorizado,7,2026,1,user-emp2-4236,2
no_autorizado,8,2026,2,user-emp2-4237,2
no_autorizado,9,2026,3,user-emp2-4238,2
no_autorizado,10,2026,4,user-emp2-4239,2
no_autorizado,11,2026,1,user-emp2-4240,2
no_autorizado,12,2026,2,user-emp2-4241,2
no_autorizado,13,2026,3,user-emp2-4242,2
no_autorizado,14,2026,4,user-emp2-4243,2
no_autorizado,15,2026,1,user-emp2-4244,2
no_autorizado,1,2026,2,user-emp2-4245,2
no_autorizado,2,2026,3,user-emp2-4246,2
no_autorizado,3,2026,4,user-emp2-4247,2
no_autorizado,4,2026,1,user-emp2-4248,2
no_autorizado,5,2026,2,user-emp2-4249,2
no_autorizado,6,2026,3,user-emp2-4250,2
no_autorizado,7,2026,4,user-emp2-4251,2
no_autorizado,8,2026,1,user-emp2-4252,2
no_autorizado,9,2026,2,user-emp2-4253,2
no_autorizado,10,2026,3,user-emp2-4254,2
no_autorizado,11,2026,4,user-emp2-4255,2
no_autorizado,12,2026,1,user-emp2-4256,2
no_autorizado,13,2026,2,user-emp2-4257,2
no_autorizado,14,2026,3,user-emp2-4258,2
no_autorizado,15,2026,4,user-emp2-4259,2
no_autorizado,1,2026,1,user-emp2-4260,2
no_autorizado,2,2026,2,user-emp2-4261,2
no_autorizado,3,2026,3,user-emp2-4262,2
no_autorizado,4,2026,4,user-emp2-4263,2
no_autorizado,5,2026,1,user-emp2-4264,2
no_autorizado,6,2026,2,user-emp2-4265,2
no_autorizado,7,2026,3,user-emp2-4266,2
no_autorizado,8,2026,4,user-emp2-4267,2
no_autorizado,9,2026,1,user-emp2-4268,2
no_autorizado,10,2026,2,user-emp2-4269,2
no_autorizado,11,2026,3,user-emp2-4270,2
no_autorizado,12,2026,4,user-emp2-4271,2
no_autorizado,13,2026,1,user-emp2-4272,2
no_autorizado,14,2026,2,user-emp2-4273,2
no_autorizado,15,2026,3,user-emp2-4274,2
no_autorizado,1,2026,4,user-emp2-4275,2
no_autorizado,2,2026,1,user-emp2-4276,2
no_autorizado,3,2026,2,user-emp2-4277,2
no_autorizado,4,2026,3,user-emp2-4278,2
no_autorizado,5,2026,4,user-emp2-4279,2
no_autorizado,6,2026,1,user-emp2-4280,2
no_autorizado,7,2026,2,user-emp2-4281,2
no_autorizado,8,2026,3,user-emp2-4282,2
no_autorizado,9,2026,4,user-emp2-4283,2
no_autorizado,10,2026,1,user-emp2-4284,2
no_autorizado,11,2026,2,user-emp2-4285,2
no_autorizado,12,2026,3,user-emp2-4286,2
no_autorizado,13,2026,4,user-emp2-4287,2
no_autorizado,14,2026,1,user-emp2-4288,2
no_autorizado,15,2026,2,user-emp2-4289,2
no_autorizado,1,2026,3,user-emp2-4290,2
no_autorizado,2,2026,4,user-emp2-4291,2
no_autorizado,3,2026,1,user-emp2-4292,2
no_autorizado,4,2026,2,user-emp2-4293,2
no_autorizado,5,2026,3,user-emp2-4294,2
no_autorizado,6,2026,4,user-emp2-4295,2
no_autorizado,7,2026,1,user-emp2-4296,2
no_autorizado,8,2026,2,user-emp2-4297,2
no_autorizado,9,2026,3,user-emp2-4298,2
no_autorizado,10,2026,4,user-emp2-4299,2
no_autorizado,11,2026,1,user-emp2-4300,2
no_autorizado,12,2026,2,user-emp2-4301,2
no_autorizado,13,2026,3,user-emp2-4302,2
no_autorizado,14,2026,4,user-emp2-4303,2
no_autorizado,15,2026,1,user-emp2-4304,2
no_autorizado,1,2026,2,user-emp2-4305,2
no_autorizado,2,2026,3,user-emp2-4306,2
no_autorizado,3,2026,4,user-emp2-4307,2
no_autorizado,4,2026,1,user-emp2-4308,2
no_autorizado,5,2026,2,user-emp2-4309,2
no_autorizado,6,2026,3,user-emp2-4310,2
no_autorizado,7,2026,4,user-emp2-4311,2
no_autorizado,8,2026,1,user-emp2-4312,2
no_autorizado,9,2026,2,user-emp2-4313,2
no_autorizado,10,2026,3,user-emp2-4314,2
no_autorizado,11,2026,4,user-emp2-4315,2
no_autorizado,12,2026,1,user-emp2-4316,2
no_autorizado,13,2026,2,user-emp2-4317,2
no_autorizado,14,2026,3,user-emp2-4318,2
no_autorizado,15,2026,4,user-emp2-4319,2
no_autorizado,1,2026,1,user-emp2-4320,2
no_autorizado,2,2026,2,user-emp2-4321,2
no_autorizado,3,2026,3,user-emp2-4322,2
no_autorizado,4,2026,4,user-emp2-4323,2
no_autorizado,5,2026,1,user-emp2-4324,2
no_autorizado,6,2026,2,user-emp2-4325,2
no_autorizado,7,2026,3,user-emp2-4326,2
no_autorizado,8,2026,4,user-emp2-4327,2
no_autorizado,9,2026,1,user-emp2-4328,2
no_autorizado,10,2026,2,user-emp2-4329,2
no_autorizado,11,2026,3,user-emp2-4330,2
no_autorizado,12,2026,4,user-emp2-4331,2
no_autorizado,13,2026,1,user-emp2-4332,2
no_autorizado,14,2026,2,user-emp2-4333,2
no_autorizado,15,2026,3,user-emp2-4334,2
no_autorizado,1,2026,4,user-emp2-4335,2
no_autorizado,2,2026,1,user-emp2-4336,2
no_autorizado,3,2026,2,user-emp2-4337,2
no_autorizado,4,2026,3,user-emp2-4338,2
no_autorizado,5,2026,4,user-emp2-4339,2
no_autorizado,6,2026,1,user-emp2-4340,2
no_autorizado,7,2026,2,user-emp2-4341,2
no_autorizado,8,2026,3,user-emp2-4342,2
no_autorizado,9,2026,4,user-emp2-4343,2
no_autorizado,10,2026,1,user-emp2-4344,2
no_autorizado,11,2026,2,user-emp2-4345,2
no_autorizado,12,2026,3,user-emp2-4346,2
no_autorizado,13,2026,4,user-emp2-4347,2
no_autorizado,14,2026,1,user-emp2-4348,2
no_autorizado,15,2026,2,user-emp2-4349,2
no_autorizado,1,2026,3,user-emp2-4350,2
no_autorizado,2,2026,4,user-emp2-4351,2
no_autorizado,3,2026,1,user-emp2-4352,2
no_autorizado,4,2026,2,user-emp2-4353,2
no_autorizado,5,2026,3,user-emp2-4354,2
no_autorizado,6,2026,4,user-emp2-4355,2
no_autorizado,7,2026,1,user-emp2-4356,2
no_autorizado,8,2026,2,user-emp2-4357,2
no_autorizado,9,2026,3,user-emp2-4358,2
no_autorizado,10,2026,4,user-emp2-4359,2
no_autorizado,11,2026,1,user-emp2-4360,2
no_autorizado,12,2026,2,user-emp2-4361,2
no_autorizado,13,2026,3,user-emp2-4362,2
no_autorizado,14,2026,4,user-emp2-4363,2
no_autorizado,15,2026,1,user-emp2-4364,2
no_autorizado,1,2026,2,user-emp2-4365,2
no_autorizado,2,2026,3,user-emp2-4366,2
no_autorizado,3,2026,4,user-emp2-4367,2
no_autorizado,4,2026,1,user-emp2-4368,2
no_autorizado,5,2026,2,user-emp2-4369,2
no_autorizado,6,2026,3,user-emp2-4370,2
no_autorizado,7,2026,4,user-emp2-4371,2
no_autorizado,8,2026,1,user-emp2-4372,2
no_autorizado,9,2026,2,user-emp2-4373,2
no_autorizado,10,2026,3,user-emp2-4374,2
no_autorizado,11,2026,4,user-emp2-4375,2
no_autorizado,12,2026,1,user-emp2-4376,2
no_autorizado,13,2026,2,user-emp2-4377,2
no_autorizado,14,2026,3,user-emp2-4378,2
no_autorizado,15,2026,4,user-emp2-4379,2
no_autorizado,1,2026,1,user-emp2-4380,2
no_autorizado,2,2026,2,user-emp2-4381,2
no_autorizado,3,2026,3,user-emp2-4382,2
no_autorizado,4,2026,4,user-emp2-4383,2
no_autorizado,5,2026,1,user-emp2-4384,2
no_autorizado,6,2026,2,user-emp2-4385,2
no_autorizado,7,2026,3,user-emp2-4386,2
no_autorizado,8,2026,4,user-emp2-4387,2
no_autorizado,9,2026,1,user-emp2-4388,2
no_autorizado,10,2026,2,user-emp2-4389,2
no_autorizado,11,2026,3,user-emp2-4390,2
no_autorizado,12,2026,4,user-emp2-4391,2
no_autorizado,13,2026,1,user-emp2-4392,2
no_autorizado,14,2026,2,user-emp2-4393,2
no_autorizado,15,2026,3,user-emp2-4394,2
no_autorizado,1,2026,4,user-emp2-4395,2
no_autorizado,2,2026,1,user-emp2-4396,2
no_autorizado,3,2026,2,user-emp2-4397,2
no_autorizado,4,2026,3,user-emp2-4398,2
no_autorizado,5,2026,4,user-emp2-4399,2
no_autorizado,6,2026,1,user-emp2-4400,2
no_autorizado,7,2026,2,user-emp2-4401,2
no_autorizado,8,2026,3,user-emp2-4402,2
no_autorizado,9,2026,4,user-emp2-4403,2
no_autorizado,10,2026,1,user-emp2-4404,2
no_autorizado,11,2026,2,user-emp2-4405,2
no_autorizado,12,2026,3,user-emp2-4406,2
no_autorizado,13,2026,4,user-emp2-4407,2
no_autorizado,14,2026,1,user-emp2-4408,2
no_autorizado,15,2026,2,user-emp2-4409,2
no_autorizado,1,2026,3,user-emp2-4410,2
no_autorizado,2,2026,4,user-emp2-4411,2
no_autorizado,3,2026,1,user-emp2-4412,2
no_autorizado,4,2026,2,user-emp2-4413,2
no_autorizado,5,2026,3,user-emp2-4414,2
no_autorizado,6,2026,4,user-emp2-4415,2
no_autorizado,7,2026,1,user-emp2-4416,2
no_autorizado,8,2026,2,user-emp2-4417,2
no_autorizado,9,2026,3,user-emp2-4418,2
no_autorizado,10,2026,4,user-emp2-4419,2
no_autorizado,11,2026,1,user-emp2-4420,2
no_autorizado,12,2026,2,user-emp2-4421,2
no_autorizado,13,2026,3,user-emp2-4422,2
no_autorizado,14,2026,4,user-emp2-4423,2
no_autorizado,15,2026,1,user-emp2-4424,2
no_autorizado,1,2026,2,user-emp2-4425,2
no_autorizado,2,2026,3,user-emp2-4426,2
no_autorizado,3,2026,4,user-emp2-4427,2
no_autorizado,4,2026,1,user-emp2-4428,2
no_autorizado,5,2026,2,user-emp2-4429,2
no_autorizado,6,2026,3,user-emp2-4430,2
no_autorizado,7,2026,4,user-emp2-4431,2
no_autorizado,8,2026,1,user-emp2-4432,2
no_autorizado,9,2026,2,user-emp2-4433,2
no_autorizado,10,2026,3,user-emp2-4434,2
no_autorizado,11,2026,4,user-emp2-4435,2
no_autorizado,12,2026,1,user-emp2-4436,2
no_autorizado,13,2026,2,user-emp2-4437,2
no_autorizado,14,2026,3,user-emp2-4438,2
no_autorizado,15,2026,4,user-emp2-4439,2
no_autorizado,1,2026,1,user-emp2-4440,2
no_autorizado,2,2026,2,user-emp2-4441,2
no_autorizado,3,2026,3,user-emp2-4442,2
no_autorizado,4,2026,4,user-emp2-4443,2
no_autorizado,5,2026,1,user-emp2-4444,2
no_autorizado,6,2026,2,user-emp2-4445,2
no_autorizado,7,2026,3,user-emp2-4446,2
no_autorizado,8,2026,4,user-emp2-4447,2
no_autorizado,9,2026,1,user-emp2-4448,2
no_autorizado,10,2026,2,user-emp2-4449,2
no_autorizado,11,2026,3,user-emp2-4450,2
no_autorizado,12,2026,4,user-emp2-4451,2
no_autorizado,13,2026,1,user-emp2-4452,2
no_autorizado,14,2026,2,user-emp2-4453,2
no_autorizado,15,2026,3,user-emp2-4454,2
no_autorizado,1,2026,4,user-emp2-4455,2
no_autorizado,2,2026,1,user-emp2-4456,2
no_autorizado,3,2026,2,user-emp2-4457,2
no_autorizado,4,2026,3,user-emp2-4458,2
no_autorizado,5,2026,4,user-emp2-4459,2
no_autorizado,6,2026,1,user-emp2-4460,2
no_autorizado,7,2026,2,user-emp2-4461,2
no_autorizado,8,2026,3,user-emp2-4462,2
no_autorizado,9,2026,4,user-emp2-4463,2
no_autorizado,10,2026,1,user-emp2-4464,2
no_autorizado,11,2026,2,user-emp2-4465,2
no_autorizado,12,2026,3,user-emp2-4466,2
no_autorizado,13,2026,4,user-emp2-4467,2
no_autorizado,14,2026,1,user-emp2-4468,2
no_autorizado,15,2026,2,user-emp2-4469,2
no_autorizado,1,2026,3,user-emp2-4470,2
no_autorizado,2,2026,4,user-emp2-4471,2
no_autorizado,3,2026,1,user-emp2-4472,2
no_autorizado,4,2026,2,user-emp2-4473,2
no_autorizado,5,2026,3,user-emp2-4474,2
no_autorizado,6,2026,4,user-emp2-4475,2
no_autorizado,7,2026,1,user-emp2-4476,2
no_autorizado,8,2026,2,user-emp2-4477,2
no_autorizado,9,2026,3,user-emp2-4478,2
no_autorizado,10,2026,4,user-emp2-4479,2
no_autorizado,11,2026,1,user-emp2-4480,2
no_autorizado,12,2026,2,user-emp2-4481,2
no_autorizado,13,2026,3,user-emp2-4482,2
no_autorizado,14,2026,4,user-emp2-4483,2
no_autorizado,15,2026,1,user-emp2-4484,2
no_autorizado,1,2026,2,user-emp2-4485,2
no_autorizado,2,2026,3,user-emp2-4486,2
no_autorizado,3,2026,4,user-emp2-4487,2
no_autorizado,4,2026,1,user-emp2-4488,2
no_autorizado,5,2026,2,user-emp2-4489,2
no_autorizado,6,2026,3,user-emp2-4490,2
no_autorizado,7,2026,4,user-emp2-4491,2
no_autorizado,8,2026,1,user-emp2-4492,2
no_autorizado,9,2026,2,user-emp2-4493,2
no_autorizado,10,2026,3,user-emp2-4494,2
no_autorizado,11,2026,4,user-emp2-4495,2
no_autorizado,12,2026,1,user-emp2-4496,2
no_autorizado,13,2026,2,user-emp2-4497,2
no_autorizado,14,2026,3,user-emp2-4498,2
no_autorizado,15,2026,4,user-emp2-4499,2
no_autorizado,1,2026,1,user-emp2-4500,2
no_autorizado,2,2026,2,user-emp2-4501,2
no_autorizado,3,2026,3,user-emp2-4502,2
no_autorizado,4,2026,4,user-emp2-4503,2
no_autorizado,5,2026,1,user-emp2-4504,2
no_autorizado,6,2026,2,user-emp2-4505,2
no_autorizado,7,2026,3,user-emp2-4506,2
no_autorizado,8,2026,4,user-emp2-4507,2
no_autorizado,9,2026,1,user-emp2-4508,2
no_autorizado,10,2026,2,user-emp2-4509,2
no_autorizado,11,2026,3,user-emp2-4510,2
no_autorizado,12,2026,4,user-emp2-4511,2
no_autorizado,13,2026,1,user-emp2-4512,2
no_autorizado,14,2026,2,user-emp2-4513,2
no_autorizado,15,2026,3,user-emp2-4514,2
no_autorizado,1,2026,4,user-emp2-4515,2
no_autorizado,2,2026,1,user-emp2-4516,2
no_autorizado,3,2026,2,user-emp2-4517,2
no_autorizado,4,2026,3,user-emp2-4518,2
no_autorizado,5,2026,4,user-emp2-4519,2
no_autorizado,6,2026,1,user-emp2-4520,2
no_autorizado,7,2026,2,user-emp2-4521,2
no_autorizado,8,2026,3,user-emp2-4522,2
no_autorizado,9,2026,4,user-emp2-4523,2
no_autorizado,10,2026,1,user-emp2-4524,2
no_autorizado,11,2026,2,user-emp2-4525,2
no_autorizado,12,2026,3,user-emp2-4526,2
no_autorizado,13,2026,4,user-emp2-4527,2
no_autorizado,14,2026,1,user-emp2-4528,2
no_autorizado,15,2026,2,user-emp2-4529,2
no_autorizado,1,2026,3,user-emp2-4530,2
no_autorizado,2,2026,4,user-emp2-4531,2
no_autorizado,3,2026,1,user-emp2-4532,2
no_autorizado,4,2026,2,user-emp2-4533,2
no_autorizado,5,2026,3,user-emp2-4534,2
no_autorizado,6,2026,4,user-emp2-4535,2
no_autorizado,7,2026,1,user-emp2-4536,2
no_autorizado,8,2026,2,user-emp2-4537,2
no_autorizado,9,2026,3,user-emp2-4538,2
no_autorizado,10,2026,4,user-emp2-4539,2
no_autorizado,11,2026,1,user-emp2-4540,2
no_autorizado,12,2026,2,user-emp2-4541,2
no_autorizado,13,2026,3,user-emp2-4542,2
no_autorizado,14,2026,4,user-emp2-4543,2
no_autorizado,15,2026,1,user-emp2-4544,2
no_autorizado,1,2026,2,user-emp2-4545,2
no_autorizado,2,2026,3,user-emp2-4546,2
no_autorizado,3,2026,4,user-emp2-4547,2
no_autorizado,4,2026,1,user-emp2-4548,2
no_autorizado,5,2026,2,user-emp2-4549,2
no_autorizado,6,2026,3,user-emp2-4550,2
no_autorizado,7,2026,4,user-emp2-4551,2
no_autorizado,8,2026,1,user-emp2-4552,2
no_autorizado,9,2026,2,user-emp2-4553,2
no_autorizado,10,2026,3,user-emp2-4554,2
no_autorizado,11,2026,4,user-emp2-4555,2
no_autorizado,12,2026,1,user-emp2-4556,2
no_autorizado,13,2026,2,user-emp2-4557,2
no_autorizado,14,2026,3,user-emp2-4558,2
no_autorizado,15,2026,4,user-emp2-4559,2
no_autorizado,1,2026,1,user-emp2-4560,2
no_autorizado,2,2026,2,user-emp2-4561,2
no_autorizado,3,2026,3,user-emp2-4562,2
no_autorizado,4,2026,4,user-emp2-4563,2
no_autorizado,5,2026,1,user-emp2-4564,2
no_autorizado,6,2026,2,user-emp2-4565,2
no_autorizado,7,2026,3,user-emp2-4566,2
no_autorizado,8,2026,4,user-emp2-4567,2
no_autorizado,9,2026,1,user-emp2-4568,2
no_autorizado,10,2026,2,user-emp2-4569,2
no_autorizado,11,2026,3,user-emp2-4570,2
no_autorizado,12,2026,4,user-emp2-4571,2
no_autorizado,13,2026,1,user-emp2-4572,2
no_autorizado,14,2026,2,user-emp2-4573,2
no_autorizado,15,2026,3,user-emp2-4574,2
no_autorizado,1,2026,4,user-emp2-4575,2
no_autorizado,2,2026,1,user-emp2-4576,2
no_autorizado,3,2026,2,user-emp2-4577,2
no_autorizado,4,2026,3,user-emp2-4578,2
no_autorizado,5,2026,4,user-emp2-4579,2
no_autorizado,6,2026,1,user-emp2-4580,2
no_autorizado,7,2026,2,user-emp2-4581,2
no_autorizado,8,2026,3,user-emp2-4582,2
no_autorizado,9,2026,4,user-emp2-4583,2
no_autorizado,10,2026,1,user-emp2-4584,2
no_autorizado,11,2026,2,user-emp2-4585,2
no_autorizado,12,2026,3,user-emp2-4586,2
no_autorizado,13,2026,4,user-emp2-4587,2
no_autorizado,14,2026,1,user-emp2-4588,2
no_autorizado,15,2026,2,user-emp2-4589,2
no_autorizado,1,2026,3,user-emp2-4590,2
no_autorizado,2,2026,4,user-emp2-4591,2
no_autorizado,3,2026,1,user-emp2-4592,2
no_autorizado,4,2026,2,user-emp2-4593,2
no_autorizado,5,2026,3,user-emp2-4594,2
no_autorizado,6,2026,4,user-emp2-4595,2
no_autorizado,7,2026,1,user-emp2-4596,2
no_autorizado,8,2026,2,user-emp2-4597,2
no_autorizado,9,2026,3,user-emp2-4598,2
no_autorizado,10,2026,4,user-emp2-4599,2
no_autorizado,11,2026,1,user-emp2-4600,2
no_autorizado,12,2026,2,user-emp2-4601,2
no_autorizado,13,2026,3,user-emp2-4602,2
no_autorizado,14,2026,4,user-emp2-4603,2
no_autorizado,15,2026,1,user-emp2-4604,2
no_autorizado,1,2026,2,user-emp2-4605,2
no_autorizado,2,2026,3,user-emp2-4606,2
no_autorizado,3,2026,4,user-emp2-4607,2
no_autorizado,4,2026,1,user-emp2-4608,2
no_autorizado,5,2026,2,user-emp2-4609,2
no_autorizado,6,2026,3,user-emp2-4610,2
no_autorizado,7,2026,4,user-emp2-4611,2
no_autorizado,8,2026,1,user-emp2-4612,2
no_autorizado,9,2026,2,user-emp2-4613,2
no_autorizado,10,2026,3,user-emp2-4614,2
no_autorizado,11,2026,4,user-emp2-4615,2
no_autorizado,12,2026,1,user-emp2-4616,2
no_autorizado,13,2026,2,user-emp2-4617,2
no_autorizado,14,2026,3,user-emp2-4618,2
no_autorizado,15,2026,4,user-emp2-4619,2
no_autorizado,1,2026,1,user-emp2-4620,2
no_autorizado,2,2026,2,user-emp2-4621,2
no_autorizado,3,2026,3,user-emp2-4622,2
no_autorizado,4,2026,4,user-emp2-4623,2
no_autorizado,5,2026,1,user-emp2-4624,2
no_autorizado,6,2026,2,user-emp2-4625,2
no_autorizado,7,2026,3,user-emp2-4626,2
no_autorizado,8,2026,4,user-emp2-4627,2
no_autorizado,9,2026,1,user-emp2-4628,2
no_autorizado,10,2026,2,user-emp2-4629,2
no_autorizado,11,2026,3,user-emp2-4630,2
no_autorizado,12,2026,4,user-emp2-4631,2
no_autorizado,13,2026,1,user-emp2-4632,2
no_autorizado,14,2026,2,user-emp2-4633,2
no_autorizado,15,2026,3,user-emp2-4634,2
no_autorizado,1,2026,4,user-emp2-4635,2
no_autorizado,2,2026,1,user-emp2-4636,2
no_autorizado,3,2026,2,user-emp2-4637,2
no_autorizado,4,2026,3,user-emp2-4638,2
no_autorizado,5,2026,4,user-emp2-4639,2
no_autorizado,6,2026,1,user-emp2-4640,2
no_autorizado,7,2026,2,user-emp2-4641,2
no_autorizado,8,2026,3,user-emp2-4642,2
no_autorizado,9,2026,4,user-emp2-4643,2
no_autorizado,10,2026,1,user-emp2-4644,2
no_autorizado,11,2026,2,user-emp2-4645,2
no_autorizado,12,2026,3,user-emp2-4646,2
no_autorizado,13,2026,4,user-emp2-4647,2
no_autorizado,14,2026,1,user-emp2-4648,2
no_autorizado,15,2026,2,user-emp2-4649,2
no_autorizado,1,2026,3,user-emp2-4650,2
no_autorizado,2,2026,4,user-emp2-4651,2
no_autorizado,3,2026,1,user-emp2-4652,2
no_autorizado,4,2026,2,user-emp2-4653,2
no_autorizado,5,2026,3,user-emp2-4654,2
no_autorizado,6,2026,4,user-emp2-4655,2
no_autorizado,7,2026,1,user-emp2-4656,2
no_autorizado,8,2026,2,user-emp2-4657,2
no_autorizado,9,2026,3,user-emp2-4658,2
no_autorizado,10,2026,4,user-emp2-4659,2
no_autorizado,11,2026,1,user-emp2-4660,2
no_autorizado,12,2026,2,user-emp2-4661,2
no_autorizado,13,2026,3,user-emp2-4662,2
no_autorizado,14,2026,4,user-emp2-4663,2
no_autorizado,15,2026,1,user-emp2-4664,2
no_autorizado,1,2026,2,user-emp2-4665,2
no_autorizado,2,2026,3,user-emp2-4666,2
no_autorizado,3,2026,4,user-emp2-4667,2
no_autorizado,4,2026,1,user-emp2-4668,2
no_autorizado,5,2026,2,user-emp2-4669,2
no_autorizado,6,2026,3,user-emp2-4670,2
no_autorizado,7,2026,4,user-emp2-4671,2
no_autorizado,8,2026,1,user-emp2-4672,2
no_autorizado,9,2026,2,user-emp2-4673,2
no_autorizado,10,2026,3,user-emp2-4674,2
no_autorizado,11,2026,4,user-emp2-4675,2
no_autorizado,12,2026,1,user-emp2-4676,2
no_autorizado,13,2026,2,user-emp2-4677,2
no_autorizado,14,2026,3,user-emp2-4678,2
no_autorizado,15,2026,4,user-emp2-4679,2
no_autorizado,1,2026,1,user-emp2-4680,2
no_autorizado,2,2026,2,user-emp2-4681,2
no_autorizado,3,2026,3,user-emp2-4682,2
no_autorizado,4,2026,4,user-emp2-4683,2
no_autorizado,5,2026,1,user-emp2-4684,2
no_autorizado,6,2026,2,user-emp2-4685,2
no_autorizado,7,2026,3,user-emp2-4686,2
no_autorizado,8,2026,4,user-emp2-4687,2
no_autorizado,9,2026,1,user-emp2-4688,2
no_autorizado,10,2026,2,user-emp2-4689,2
no_autorizado,11,2026,3,user-emp2-4690,2
no_autorizado,12,2026,4,user-emp2-4691,2
no_autorizado,13,2026,1,user-emp2-4692,2
no_autorizado,14,2026,2,user-emp2-4693,2
no_autorizado,15,2026,3,user-emp2-4694,2
no_autorizado,1,2026,4,user-emp2-4695,2
no_autorizado,2,2026,1,user-emp2-4696,2
no_autorizado,3,2026,2,user-emp2-4697,2
no_autorizado,4,2026,3,user-emp2-4698,2
no_autorizado,5,2026,4,user-emp2-4699,2
no_autorizado,6,2026,1,user-emp2-4700,2
no_autorizado,7,2026,2,user-emp2-4701,2
no_autorizado,8,2026,3,user-emp2-4702,2
no_autorizado,9,2026,4,user-emp2-4703,2
no_autorizado,10,2026,1,user-emp2-4704,2
no_autorizado,11,2026,2,user-emp2-4705,2
no_autorizado,12,2026,3,user-emp2-4706,2
no_autorizado,13,2026,4,user-emp2-4707,2
no_autorizado,14,2026,1,user-emp2-4708,2
no_autorizado,15,2026,2,user-emp2-4709,2
no_autorizado,1,2026,3,user-emp2-4710,2
no_autorizado,2,2026,4,user-emp2-4711,2
no_autorizado,3,2026,1,user-emp2-4712,2
no_autorizado,4,2026,2,user-emp2-4713,2
no_autorizado,5,2026,3,user-emp2-4714,2
no_autorizado,6,2026,4,user-emp2-4715,2
no_autorizado,7,2026,1,user-emp2-4716,2
no_autorizado,8,2026,2,user-emp2-4717,2
no_autorizado,9,2026,3,user-emp2-4718,2
no_autorizado,10,2026,4,user-emp2-4719,2
no_autorizado,11,2026,1,user-emp2-4720,2
no_autorizado,12,2026,2,user-emp2-4721,2
no_autorizado,13,2026,3,user-emp2-4722,2
no_autorizado,14,2026,4,user-emp2-4723,2
no_autorizado,15,2026,1,user-emp2-4724,2
no_autorizado,1,2026,2,user-emp2-4725,2
no_autorizado,2,2026,3,user-emp2-4726,2
no_autorizado,3,2026,4,user-emp2-4727,2
no_autorizado,4,2026,1,user-emp2-4728,2
no_autorizado,5,2026,2,user-emp2-4729,2
no_autorizado,6,2026,3,user-emp2-4730,2
no_autorizado,7,2026,4,user-emp2-4731,2
no_autorizado,8,2026,1,user-emp2-4732,2
no_autorizado,9,2026,2,user-emp2-4733,2
no_autorizado,10,2026,3,user-emp2-4734,2
no_autorizado,11,2026,4,user-emp2-4735,2
no_autorizado,12,2026,1,user-emp2-4736,2
no_autorizado,13,2026,2,user-emp2-4737,2
no_autorizado,14,2026,3,user-emp2-4738,2
no_autorizado,15,2026,4,user-emp2-4739,2
no_autorizado,1,2026,1,user-emp2-4740,2
no_autorizado,2,2026,2,user-emp2-4741,2
no_autorizado,3,2026,3,user-emp2-4742,2
no_autorizado,4,2026,4,user-emp2-4743,2
no_autorizado,5,2026,1,user-emp2-4744,2
no_autorizado,6,2026,2,user-emp2-4745,2
no_autorizado,7,2026,3,user-emp2-4746,2
no_autorizado,8,2026,4,user-emp2-4747,2
no_autorizado,9,2026,1,user-emp2-4748,2
no_autorizado,10,2026,2,user-emp2-4749,2
no_autorizado,11,2026,3,user-emp2-4750,2
no_autorizado,12,2026,4,user-emp2-4751,2
no_autorizado,13,2026,1,user-emp2-4752,2
no_autorizado,14,2026,2,user-emp2-4753,2
no_autorizado,15,2026,3,user-emp2-4754,2
no_autorizado,1,2026,4,user-emp2-4755,2
no_autorizado,2,2026,1,user-emp2-4756,2
no_autorizado,3,2026,2,user-emp2-4757,2
no_autorizado,4,2026,3,user-emp2-4758,2
no_autorizado,5,2026,4,user-emp2-4759,2
no_autorizado,6,2026,1,user-emp2-4760,2
no_autorizado,7,2026,2,user-emp2-4761,2
no_autorizado,8,2026,3,user-emp2-4762,2
no_autorizado,9,2026,4,user-emp2-4763,2
no_autorizado,10,2026,1,user-emp2-4764,2
no_autorizado,11,2026,2,user-emp2-4765,2
no_autorizado,12,2026,3,user-emp2-4766,2
no_autorizado,13,2026,4,user-emp2-4767,2
no_autorizado,14,2026,1,user-emp2-4768,2
no_autorizado,15,2026,2,user-emp2-4769,2
no_autorizado,1,2026,3,user-emp2-4770,2
no_autorizado,2,2026,4,user-emp2-4771,2
no_autorizado,3,2026,1,user-emp2-4772,2
no_autorizado,4,2026,2,user-emp2-4773,2
no_autorizado,5,2026,3,user-emp2-4774,2
no_autorizado,6,2026,4,user-emp2-4775,2
no_autorizado,7,2026,1,user-emp2-4776,2
no_autorizado,8,2026,2,user-emp2-4777,2
no_autorizado,9,2026,3,user-emp2-4778,2
no_autorizado,10,2026,4,user-emp2-4779,2
no_autorizado,11,2026,1,user-emp2-4780,2
no_autorizado,12,2026,2,user-emp2-4781,2
no_autorizado,13,2026,3,user-emp2-4782,2
no_autorizado,14,2026,4,user-emp2-4783,2
no_autorizado,15,2026,1,user-emp2-4784,2
no_autorizado,1,2026,2,user-emp2-4785,2
no_autorizado,2,2026,3,user-emp2-4786,2
no_autorizado,3,2026,4,user-emp2-4787,2
no_autorizado,4,2026,1,user-emp2-4788,2
no_autorizado,5,2026,2,user-emp2-4789,2
no_autorizado,6,2026,3,user-emp2-4790,2
no_autorizado,7,2026,4,user-emp2-4791,2
no_autorizado,8,2026,1,user-emp2-4792,2
no_autorizado,9,2026,2,user-emp2-4793,2
no_autorizado,10,2026,3,user-emp2-4794,2
no_autorizado,11,2026,4,user-emp2-4795,2
no_autorizado,12,2026,1,user-emp2-4796,2
no_autorizado,13,2026,2,user-emp2-4797,2
no_autorizado,14,2026,3,user-emp2-4798,2
no_autorizado,15,2026,4,user-emp2-4799,2
no_autorizado,1,2026,1,user-emp2-4800,2
no_autorizado,2,2026,2,user-emp2-4801,2
no_autorizado,3,2026,3,user-emp2-4802,2
no_autorizado,4,2026,4,user-emp2-4803,2
no_autorizado,5,2026,1,user-emp2-4804,2
no_autorizado,6,2026,2,user-emp2-4805,2
no_autorizado,7,2026,3,user-emp2-4806,2
no_autorizado,8,2026,4,user-emp2-4807,2
no_autorizado,9,2026,1,user-emp2-4808,2
no_autorizado,10,2026,2,user-emp2-4809,2
no_autorizado,11,2026,3,user-emp2-4810,2
no_autorizado,12,2026,4,user-emp2-4811,2
no_autorizado,13,2026,1,user-emp2-4812,2
no_autorizado,14,2026,2,user-emp2-4813,2
no_autorizado,15,2026,3,user-emp2-4814,2
no_autorizado,1,2026,4,user-emp2-4815,2
no_autorizado,2,2026,1,user-emp2-4816,2
no_autorizado,3,2026,2,user-emp2-4817,2
no_autorizado,4,2026,3,user-emp2-4818,2
no_autorizado,5,2026,4,user-emp2-4819,2
no_autorizado,6,2026,1,user-emp2-4820,2
no_autorizado,7,2026,2,user-emp2-4821,2
no_autorizado,8,2026,3,user-emp2-4822,2
no_autorizado,9,2026,4,user-emp2-4823,2
no_autorizado,10,2026,1,user-emp2-4824,2
no_autorizado,11,2026,2,user-emp2-4825,2
no_autorizado,12,2026,3,user-emp2-4826,2
no_autorizado,13,2026,4,user-emp2-4827,2
no_autorizado,14,2026,1,user-emp2-4828,2
no_autorizado,15,2026,2,user-emp2-4829,2
no_autorizado,1,2026,3,user-emp2-4830,2
no_autorizado,2,2026,4,user-emp2-4831,2
no_autorizado,3,2026,1,user-emp2-4832,2
no_autorizado,4,2026,2,user-emp2-4833,2
no_autorizado,5,2026,3,user-emp2-4834,2
no_autorizado,6,2026,4,user-emp2-4835,2
no_autorizado,7,2026,1,user-emp2-4836,2
no_autorizado,8,2026,2,user-emp2-4837,2
no_autorizado,9,2026,3,user-emp2-4838,2
no_autorizado,10,2026,4,user-emp2-4839,2
no_autorizado,11,2026,1,user-emp2-4840,2
no_autorizado,12,2026,2,user-emp2-4841,2
no_autorizado,13,2026,3,user-emp2-4842,2
no_autorizado,14,2026,4,user-emp2-4843,2
no_autorizado,15,2026,1,user-emp2-4844,2
no_autorizado,1,2026,2,user-emp2-4845,2
no_autorizado,2,2026,3,user-emp2-4846,2
no_autorizado,3,2026,4,user-emp2-4847,2
no_autorizado,4,2026,1,user-emp2-4848,2
no_autorizado,5,2026,2,user-emp2-4849,2
no_autorizado,6,2026,3,user-emp2-4850,2
no_autorizado,7,2026,4,user-emp2-4851,2
no_autorizado,8,2026,1,user-emp2-4852,2
no_autorizado,9,2026,2,user-emp2-4853,2
no_autorizado,10,2026,3,user-emp2-4854,2
no_autorizado,11,2026,4,user-emp2-4855,2
no_autorizado,12,2026,1,user-emp2-4856,2
no_autorizado,13,2026,2,user-emp2-4857,2
no_autorizado,14,2026,3,user-emp2-4858,2
no_autorizado,15,2026,4,user-emp2-4859,2
no_autorizado,1,2026,1,user-emp2-4860,2
no_autorizado,2,2026,2,user-emp2-4861,2
no_autorizado,3,2026,3,user-emp2-4862,2
no_autorizado,4,2026,4,user-emp2-4863,2
no_autorizado,5,2026,1,user-emp2-4864,2
no_autorizado,6,2026,2,user-emp2-4865,2
no_autorizado,7,2026,3,user-emp2-4866,2
no_autorizado,8,2026,4,user-emp2-4867,2
no_autorizado,9,2026,1,user-emp2-4868,2
no_autorizado,10,2026,2,user-emp2-4869,2
no_autorizado,11,2026,3,user-emp2-4870,2
no_autorizado,12,2026,4,user-emp2-4871,2
no_autorizado,13,2026,1,user-emp2-4872,2
no_autorizado,14,2026,2,user-emp2-4873,2
no_autorizado,15,2026,3,user-emp2-4874,2
no_autorizado,1,2026,4,user-emp2-4875,2
no_autorizado,2,2026,1,user-emp2-4876,2
no_autorizado,3,2026,2,user-emp2-4877,2
no_autorizado,4,2026,3,user-emp2-4878,2
no_autorizado,5,2026,4,user-emp2-4879,2
no_autorizado,6,2026,1,user-emp2-4880,2
no_autorizado,7,2026,2,user-emp2-4881,2
no_autorizado,8,2026,3,user-emp2-4882,2
no_autorizado,9,2026,4,user-emp2-4883,2
no_autorizado,10,2026,1,user-emp2-4884,2
no_autorizado,11,2026,2,user-emp2-4885,2
no_autorizado,12,2026,3,user-emp2-4886,2
no_autorizado,13,2026,4,user-emp2-4887,2
no_autorizado,14,2026,1,user-emp2-4888,2
no_autorizado,15,2026,2,user-emp2-4889,2
no_autorizado,1,2026,3,user-emp2-4890,2
no_autorizado,2,2026,4,user-emp2-4891,2
no_autorizado,3,2026,1,user-emp2-4892,2
no_autorizado,4,2026,2,user-emp2-4893,2
no_autorizado,5,2026,3,user-emp2-4894,2
no_autorizado,6,2026,4,user-emp2-4895,2
no_autorizado,7,2026,1,user-emp2-4896,2
no_autorizado,8,2026,2,user-emp2-4897,2
no_autorizado,9,2026,3,user-emp2-4898,2
no_autorizado,10,2026,4,user-emp2-4899,2
no_autorizado,11,2026,1,user-emp2-4900,2
no_autorizado,12,2026,2,user-emp2-4901,2
no_autorizado,13,2026,3,user-emp2-4902,2
no_autorizado,14,2026,4,user-emp2-4903,2
no_autorizado,15,2026,1,user-emp2-4904,2
no_autorizado,1,2026,2,user-emp2-4905,2
no_autorizado,2,2026,3,user-emp2-4906,2
no_autorizado,3,2026,4,user-emp2-4907,2
no_autorizado,4,2026,1,user-emp2-4908,2
no_autorizado,5,2026,2,user-emp2-4909,2
no_autorizado,6,2026,3,user-emp2-4910,2
no_autorizado,7,2026,4,user-emp2-4911,2
no_autorizado,8,2026,1,user-emp2-4912,2
no_autorizado,9,2026,2,user-emp2-4913,2
no_autorizado,10,2026,3,user-emp2-4914,2
no_autorizado,11,2026,4,user-emp2-4915,2
no_autorizado,12,2026,1,user-emp2-4916,2
no_autorizado,13,2026,2,user-emp2-4917,2
no_autorizado,14,2026,3,user-emp2-4918,2
no_autorizado,15,2026,4,user-emp2-4919,2
no_autorizado,1,2026,1,user-emp2-4920,2
no_autorizado,2,2026,2,user-emp2-4921,2
no_autorizado,3,2026,3,user-emp2-4922,2
no_autorizado,4,2026,4,user-emp2-4923,2
no_autorizado,5,2026,1,user-emp2-4924,2
no_autorizado,6,2026,2,user-emp2-4925,2
no_autorizado,7,2026,3,user-emp2-4926,2
no_autorizado,8,2026,4,user-emp2-4927,2
no_autorizado,9,2026,1,user-emp2-4928,2
no_autorizado,10,2026,2,user-emp2-4929,2
no_autorizado,11,2026,3,user-emp2-4930,2
no_autorizado,12,2026,4,user-emp2-4931,2
no_autorizado,13,2026,1,user-emp2-4932,2
no_autorizado,14,2026,2,user-emp2-4933,2
no_autorizado,15,2026,3,user-emp2-4934,2
no_autorizado,1,2026,4,user-emp2-4935,2
no_autorizado,2,2026,1,user-emp2-4936,2
no_autorizado,3,2026,2,user-emp2-4937,2
no_autorizado,4,2026,3,user-emp2-4938,2
no_autorizado,5,2026,4,user-emp2-4939,2
no_autorizado,6,2026,1,user-emp2-4940,2
no_autorizado,7,2026,2,user-emp2-4941,2
no_autorizado,8,2026,3,user-emp2-4942,2
no_autorizado,9,2026,4,user-emp2-4943,2
no_autorizado,10,2026,1,user-emp2-4944,2
no_autorizado,11,2026,2,user-emp2-4945,2
no_autorizado,12,2026,3,user-emp2-4946,2
no_autorizado,13,2026,4,user-emp2-4947,2
no_autorizado,14,2026,1,user-emp2-4948,2
no_autorizado,15,2026,2,user-emp2-4949,2
no_autorizado,1,2026,3,user-emp2-4950,2
no_autorizado,2,2026,4,user-emp2-4951,2
no_autorizado,3,2026,1,user-emp2-4952,2
no_autorizado,4,2026,2,user-emp2-4953,2
no_autorizado,5,2026,3,user-emp2-4954,2
no_autorizado,6,2026,4,user-emp2-4955,2
no_autorizado,7,2026,1,user-emp2-4956,2
no_autorizado,8,2026,2,user-emp2-4957,2
no_autorizado,9,2026,3,user-emp2-4958,2
no_autorizado,10,2026,4,user-emp2-4959,2
no_autorizado,11,2026,1,user-emp2-4960,2
no_autorizado,12,2026,2,user-emp2-4961,2
no_autorizado,13,2026,3,user-emp2-4962,2
no_autorizado,14,2026,4,user-emp2-4963,2
no_autorizado,15,2026,1,user-emp2-4964,2
no_autorizado,1,2026,2,user-emp2-4965,2
no_autorizado,2,2026,3,user-emp2-4966,2
no_autorizado,3,2026,4,user-emp2-4967,2
no_autorizado,4,2026,1,user-emp2-4968,2
no_autorizado,5,2026,2,user-emp2-4969,2
no_autorizado,6,2026,3,user-emp2-4970,2
no_autorizado,7,2026,4,user-emp2-4971,2
no_autorizado,8,2026,1,user-emp2-4972,2
no_autorizado,9,2026,2,user-emp2-4973,2
no_autorizado,10,2026,3,user-emp2-4974,2
no_autorizado,11,2026,4,user-emp2-4975,2
no_autorizado,12,2026,1,user-emp2-4976,2
no_autorizado,13,2026,2,user-emp2-4977,2
no_autorizado,14,2026,3,user-emp2-4978,2
no_autorizado,15,2026,4,user-emp2-4979,2
no_autorizado,1,2026,1,user-emp2-4980,2
no_autorizado,2,2026,2,user-emp2-4981,2
no_autorizado,3,2026,3,user-emp2-4982,2
no_autorizado,4,2026,4,user-emp2-4983,2
no_autorizado,5,2026,1,user-emp2-4984,2
no_autorizado,6,2026,2,user-emp2-4985,2
no_autorizado,7,2026,3,user-emp2-4986,2
no_autorizado,8,2026,4,user-emp2-4987,2
no_autorizado,9,2026,1,user-emp2-4988,2
no_autorizado,10,2026,2,user-emp2-4989,2
no_autorizado,11,2026,3,user-emp2-4990,2
no_autorizado,12,2026,4,user-emp2-4991,2
no_autorizado,13,2026,1,user-emp2-4992,2
no_autorizado,14,2026,2,user-emp2-4993,2
no_autorizado,15,2026,3,user-emp2-4994,2
no_autorizado,1,2026,4,user-emp2-4995,2
no_autorizado,2,2026,1,user-emp2-4996,2
no_autorizado,3,2026,2,user-emp2-4997,2
no_autorizado,4,2026,3,user-emp2-4998,2
no_autorizado,5,2026,4,user-emp2-4999,2
