username,grupo,id_proyecto,anio,mes,token
tecnico-000,tecnico,1,2026,1,eyJraWQiOiJEZ0VqOWg3UkwxeE1mcTV6dm1XcnlhWHdPZTZ3eW9WRDFNMDBVeENYaUUwPSIsImFsZyI6IlJTMjU2In0.eyJzdWIiOiIyNGI4MDQ5OC01MDMxLTcwNWUtYWE0NC0zZWQxNjBiOWI1NDEiLCJjb2duaXRvOmdyb3VwcyI6WyJ0ZWNuaWNvIl0sImVtYWlsX3ZlcmlmaWVkIjp0cnVlLCJpc3MiOiJodHRwczovL2NvZ25pdG8taWRwLnVzLWVhc3QtMS5hbWF6b25hd3MuY29tL3VzLWVhc3QtMV9RR2hSTkpOY3MiLCJjb2duaXRvOnVzZXJuYW1lIjoidGVjbmljby0wMDAiLCJvcmlnaW5fanRpIjoiMTlkZTFiYTUtM2Q1My00NTAzLWE1YmMtNmU1ZTFjYzAyZTUzIiwiYXVkIjoiN2VxNWY0NmdtdDRjaGtwYWJncHVwMTdjZTYiLCJldmVudF9pZCI6IjJmZWVhYWY5LTUzNjQtNDNhMC1hNDMxLWM2ZTM4YzEyMTc4MyIsInRva2VuX3VzZSI6ImlkIiwiYXV0aF90aW1lIjoxNzc5OTg5Njk4LCJleHAiOjE3Nzk5OTMyOTgsImlhdCI6MTc3OTk4OTY5OCwianRpIjoiOWZiMzEyZmItN2EzNi00ZDY3LTk2MjItZDUxNDJhYjVmYjQ5IiwiZW1haWwiOiJ0ZWNuaWNvLTAwMEBiaXRlY28uY29tIn0.ufO50WnL2hNS6Bi1bkQMnbFswNagU1rrE5xVfS6WcoQagsDrrvXMrKbluTmA8W1veOEftvkATA_uVVSDM5wwMjKmN_1KQ7CIBmIPMR0NjZPTVFkDYlLU_YFN9U9DbKUjT4ueKoetG_hW_iqIBc29KmlZULlOW6y1-wswAi1H7OZeLokzXVFkqC5brwbVvC12-bsm1D1q8ZSNyFvPca7eKHJw4jI-PnxV5piu69wvO5Z7RO4wbRyOulvzbmtqTBiV_BeXurvutmSHrqbjOXYZ_AUXYMm0AUAgzEI6amehxglxkd08yga5ZY-bglUT_vnn1GCm-K14QUBJ3H_VuBbM_A
tecnico-001,tecnico,2,2026,2,eyJraWQiOiJEZ0VqOWg3UkwxeE1mcTV6dm1XcnlhWHdPZTZ3eW9WRDFNMDBVeENYaUUwPSIsImFsZyI6IlJTMjU2In0.eyJzdWIiOiIzNDM4MjRkOC1hMGExLTcwOTgtNmUwMS1mYWVkZmQ5YzFjYzIiLCJjb2duaXRvOmdyb3VwcyI6WyJ0ZWNuaWNvIl0sImVtYWlsX3ZlcmlmaWVkIjp0cnVlLCJpc3MiOiJodHRwczovL2NvZ25pdG8taWRwLnVzLWVhc3QtMS5hbWF6b25hd3MuY29tL3VzLWVhc3QtMV9RR2hSTkpOY3MiLCJjb2duaXRvOnVzZXJuYW1lIjoidGVjbmljby0wMDEiLCJvcmlnaW5fanRpIjoiMjEwZGE0MmUtYWU3NS00MzdiLWE4NzAtMDM1MTRlNTcxYzA1IiwiYXVkIjoiN2VxNWY0NmdtdDRjaGtwYWJncHVwMTdjZTYiLCJldmVudF9pZCI6ImUwNmQ2ODRlLTMyZmUtNGI4NC04N2UyLWY1ZjZlOGRkOTFhNCIsInRva2VuX3VzZSI6ImlkIiwiYXV0aF90aW1lIjoxNzc5OTg5Njk5LCJleHAiOjE3Nzk5OTMyOTksImlhdCI6MTc3OTk4OTY5OSwianRpIjoiZjUzM2ViZTMtODljNC00NTNjLWJkOTItYTc0OTA1YzEyMzE1IiwiZW1haWwiOiJ0ZWNuaWNvLTAwMUBiaXRlY28uY29tIn0.nz1I13mm1Scj3kCutw9yehyzsqgCGQZK2RdTlvPszk8eSV2KemUKiPXuMJhennUoEgrLc-jf-UuKmsgP7vP-MOBZc7lgwfZJHctj8eCKgIMSAf0aSMTHe1RAdtw0qj543ZrXGWjl15Hso240fVx49F0grPcl5rj2bowkUUeyAnF9R9JzGs2DjEpnajpRosNM0d-97UNzLlAsWe616sg5XcdkrI4lT06u70Yt8eTnDSincnupaO9mVGaNDLudSKDn48AkFBshxqlGHzvUxMTB8MhSWbRMZbYx0DqOo93W7YgPZyzWynj-JUq80MYuNRYTku2Mq-hMvvk2CzDi1I_U0A
tecnico-002,tecnico,3,2026,3,eyJraWQiOiJEZ0VqOWg3UkwxeE1mcTV6dm1XcnlhWHdPZTZ3eW9WRDFNMDBVeENYaUUwPSIsImFsZyI6IlJTMjU2In0.eyJzdWIiOiIzNDE4YzRkOC0wMDcxLTcwNTEtMTZhYi1kZjA2NDZhYTg4MTkiLCJjb2duaXRvOmdyb3VwcyI6WyJ0ZWNuaWNvIl0sImVtYWlsX3ZlcmlmaWVkIjp0cnVlLCJpc3MiOiJodHRwczovL2NvZ25pdG8taWRwLnVzLWVhc3QtMS5hbWF6b25hd3MuY29tL3VzLWVhc3QtMV9RR2hSTkpOY3MiLCJjb2duaXRvOnVzZXJuYW1lIjoidGVjbmljby0wMDIiLCJvcmlnaW5fanRpIjoiZTVjMmI3YTQtYjA3MS00ZjNkLTgwOTAtZWRmMGMzNTY2OWYzIiwiYXVkIjoiN2VxNWY0NmdtdDRjaGtwYWJncHVwMTdjZTYiLCJldmVudF9pZCI6IjExMjM2OWFmLTg2MTktNDRiZS04MWQ1LTRlMGE3M2IzMjU1ZSIsInRva2VuX3VzZSI6ImlkIiwiYXV0aF90aW1lIjoxNzc5OTg5Njk5LCJleHAiOjE3Nzk5OTMyOTksImlhdCI6MTc3OTk4OTY5OSwianRpIjoiZTY0YjUxZWEtZWYzNS00M2FmLWEzZjMtZTRiNWI2ZWIyNzQ0IiwiZW1haWwiOiJ0ZWNuaWNvLTAwMkBiaXRlY28uY29tIn0.iOguJQRyJQtcLT0H-H-l_IH3g8XWjs4oVYejFB6w-jSSanN-I1jq-iBcmeqvdITcnfoTfQbnL6sEqjiGGnKqRXzsqAWkJ5xxnCd8UOHmBpNivJWDVyDI0wZKuQtO-YaDKg5v_nAE066yCAwMSu3mQiim_aR5Fx55TeI61qEk6Sdde-hvu6TDkVGN1ruENqiWYGRrkECBn3SG5lJLaeyjsnAvksL8U_7u8yjFKpuP9oVk6DGNfTzxff0OMA-_SCHjeyZ7LIHabMvLoz_v9qquikV49Q1qP6sXCxoev477r4xXhQ-PxCrRuGFKkvDDb1IrNQE3QVJbxrIeQUVFsi8ptg
tecnico-003,tecnico,4,2026,4,eyJraWQiOiJEZ0VqOWg3UkwxeE1mcTV6dm1XcnlhWHdPZTZ3eW9WRDFNMDBVeENYaUUwPSIsImFsZyI6IlJTMjU2In0.eyJzdWIiOiI4NGQ4ZjQwOC03MDYxLTcwMDMtZmJkOS0zODFmMTdiZjg2ZGUiLCJjb2duaXRvOmdyb3VwcyI6WyJ0ZWNuaWNvIl0sImVtYWlsX3ZlcmlmaWVkIjp0cnVlLCJpc3MiOiJodHRwczovL2NvZ25pdG8taWRwLnVzLWVhc3QtMS5hbWF6b25hd3MuY29tL3VzLWVhc3QtMV9RR2hSTkpOY3MiLCJjb2duaXRvOnVzZXJuYW1lIjoidGVjbmljby0wMDMiLCJvcmlnaW5fanRpIjoiNDc3OTk3ZjQtMGM5NS00NTc1LTllYjYtMzYzMTI5MjVhNmJjIiwiYXVkIjoiN2VxNWY0NmdtdDRjaGtwYWJncHVwMTdjZTYiLCJldmVudF9pZCI6IjBjYzUyMzY1LWFmMTgtNGNhMi04OWI5LTA4MDljMjQyNDU5YyIsInRva2VuX3VzZSI6ImlkIiwiYXV0aF90aW1lIjoxNzc5OTg5Njk5LCJleHAiOjE3Nzk5OTMyOTksImlhdCI6MTc3OTk4OTY5OSwianRpIjoiM2NhM2Q5OGYtMGUxMS00NjYwLTlhNjQtMDFjN2MwZWU5NDcyIiwiZW1haWwiOiJ0ZWNuaWNvLTAwM0BiaXRlY28uY29tIn0.L4Nh3MKK9XOqDcIgLas5IPA8YAUIRnJ9zy-MY93foxtoH_hJPWL_BQq7JbzohIejggoSf-3qj_AdDkvGtdeQ3q48Rsr7ZuqDnDJnXD7nk_cnFd4JAAhzWzNPdrup8zwU0EIquXhf6S2tNpoCWjP4AsKRfOfAEtCPwc3fqIE4u0iviRkm6YowZHos05ypzldW8FvRPFxONfBi378Fm-U6DIn2R39ZyTAT717ynyfcMz-7lNgR9_QRzpieIKTs-3dYU89YQPs-LjIM-a3bQEOXrrTOXQz86XtlefsOfXScex4BTXynXZmK7UywyiXUUifwIWAtd4rDRqxF4B91Viby9A
tecnico-004,tecnico,5,2026,1,eyJraWQiOiJEZ0VqOWg3UkwxeE1mcTV6dm1XcnlhWHdPZTZ3eW9WRDFNMDBVeENYaUUwPSIsImFsZyI6IlJTMjU2In0.eyJzdWIiOiI2NGI4OTQzOC0zMGQxLTcwZWMtMDc0NC01ZDEwNGNiOTI3OWUiLCJjb2duaXRvOmdyb3VwcyI6WyJ0ZWNuaWNvIl0sImVtYWlsX3ZlcmlmaWVkIjp0cnVlLCJpc3MiOiJodHRwczovL2NvZ25pdG8taWRwLnVzLWVhc3QtMS5hbWF6b25hd3MuY29tL3VzLWVhc3QtMV9RR2hSTkpOY3MiLCJjb2duaXRvOnVzZXJuYW1lIjoidGVjbmljby0wMDQiLCJvcmlnaW5fanRpIjoiZGE1ZmVhZDgtMDQ5ZS00YzE0LTkyMDAtY2UzZjQxOTBjYzljIiwiYXVkIjoiN2VxNWY0NmdtdDRjaGtwYWJncHVwMTdjZTYiLCJldmVudF9pZCI6IjU5NWY5MjJiLWQ4YzktNDIzOC05OGFmLTEwOGQxMmM2NGI5MCIsInRva2VuX3VzZSI6ImlkIiwiYXV0aF90aW1lIjoxNzc5OTg5Njk5LCJleHAiOjE3Nzk5OTMyOTksImlhdCI6MTc3OTk4OTY5OSwianRpIjoiMTEzY2YzY2EtMTQ2MC00YTlkLWExOTYtNzllOTAwYmRkN2I1IiwiZW1haWwiOiJ0ZWNuaWNvLTAwNEBiaXRlY28uY29tIn0.i4r7aLhpyCXpDVhDqoifvxsug4QlSmedB4cN_6iLnOMxk127ajs5rkyF72KwU9MfrVDmJDrfLCkl9jEuv8cSHcVLZ6H_MgJSH52IUaT1QLY_kLila3SH2GiH4iC8K9u4P3hqmrXwVVaAlusbWHm8KLYLbj9w85fQ0V9ldivCKSbCtkAQYs3ILkrR7tvHynPp3_siwzAHQNpt0oq-rKEwpf3q9v7SpzYDCkO6Dccuk8o7BJfJ4dtkbI2RgSzUQGj8GcfXqBDP9fY0jOR5P2dLT0dFLmVGG-8FKdz0py2PvvaP7sb5jM43rEjuKc6PviobUvq1xoWKyn--43CWUhQDlg
tecnico-005,tecnico,6,2026,2,eyJraWQiOiJEZ0VqOWg3UkwxeE1mcTV6dm1XcnlhWHdPZTZ3eW9WRDFNMDBVeENYaUUwPSIsImFsZyI6IlJTMjU2In0.eyJzdWIiOiJlNDM4MDRlOC02MDIxLTcwMzktZjA0NC04ZjdkYTg3ZjI5MDYiLCJjb2duaXRvOmdyb3VwcyI6WyJ0ZWNuaWNvIl0sImVtYWlsX3ZlcmlmaWVkIjp0cnVlLCJpc3MiOiJodHRwczovL2NvZ25pdG8taWRwLnVzLWVhc3QtMS5hbWF6b25hd3MuY29tL3VzLWVhc3QtMV9RR2hSTkpOY3MiLCJjb2duaXRvOnVzZXJuYW1lIjoidGVjbmljby0wMDUiLCJvcmlnaW5fanRpIjoiYzI1YzNhMWItZTFiMC00OTZkLWEzNWUtZTY0NjZjODEyZTdjIiwiYXVkIjoiN2VxNWY0NmdtdDRjaGtwYWJncHVwMTdjZTYiLCJldmVudF9pZCI6ImZmNGRkNjZiLTM2MzktNGJhNi1hNWQ5LTRkYmIyNmZjODU2YiIsInRva2VuX3VzZSI6ImlkIiwiYXV0aF90aW1lIjoxNzc5OTg5NzAwLCJleHAiOjE3Nzk5OTMzMDAsImlhdCI6MTc3OTk4OTcwMCwianRpIjoiNTliYTE2MDEtM2E3ZC00MzQwLWFkMTMtMGE5MTkzYjhkNGUwIiwiZW1haWwiOiJ0ZWNuaWNvLTAwNUBiaXRlY28uY29tIn0.H_eR6qOBqFoFW6pgmmeBcnYGW__pNqjX5wu8V19dVKUjZvtUTk90_a-lpWYiEP_ThqJSSR5rlVaaL0WlJayFAPwbNjk6XHqDoxHWzvakwfDBt24qc9NffqXg6_LValDTSxU8AXMlba7kBJg40A-9wJv20sJEj84aOnxh3eEXzKPf4WxsPDxFYA3gw6MNrG1YGohf8q5R-IkAZo6LRMEeQM5t2qwIaSb3a-Lc_8vGQTTx_9VFrwIeYXCXGmD2__q3wPHTgujapK8MRN-UavKHh6__oAtUvIUhYQHL0fTEO7J91R5a21yXSu5b-UOZinquIa_wL1O2uR-rDfZ3hm4vFA
tecnico-006,tecnico,7,2026,3,eyJraWQiOiJEZ0VqOWg3UkwxeE1mcTV6dm1XcnlhWHdPZTZ3eW9WRDFNMDBVeENYaUUwPSIsImFsZyI6IlJTMjU2In0.eyJzdWIiOiJkNDI4MTQ4OC01MGMxLTcwNDYtOGVjYS05MzYwZTkxOTllMTMiLCJjb2duaXRvOmdyb3VwcyI6WyJ0ZWNuaWNvIl0sImVtYWlsX3ZlcmlmaWVkIjp0cnVlLCJpc3MiOiJodHRwczovL2NvZ25pdG8taWRwLnVzLWVhc3QtMS5hbWF6b25hd3MuY29tL3VzLWVhc3QtMV9RR2hSTkpOY3MiLCJjb2duaXRvOnVzZXJuYW1lIjoidGVjbmljby0wMDYiLCJvcmlnaW5fanRpIjoiOTY5ZDUzM2EtYWJhMS00N2NmLWI5NTYtNzI1OTY4Zjg1MjRkIiwiYXVkIjoiN2VxNWY0NmdtdDRjaGtwYWJncHVwMTdjZTYiLCJldmVudF9pZCI6ImRmYTA4NmRjLTFiMDYtNDA1NS05YzYyLTg5MDE0MTNmZjlhYyIsInRva2VuX3VzZSI6ImlkIiwiYXV0aF90aW1lIjoxNzc5OTg5NzAwLCJleHAiOjE3Nzk5OTMzMDAsImlhdCI6MTc3OTk4OTcwMCwianRpIjoiNDIwZmVmOWQtZTI1ZC00MDUyLWFiNDAtYzM0M2RhY2UxZDQ3IiwiZW1haWwiOiJ0ZWNuaWNvLTAwNkBiaXRlY28uY29tIn0.mPfmUGqxd5llTjtGb_7fNz7VZ9t_1nTy_Y3i_lDePHNKeu_k_4DoZj_blZsm_AO2p2Vhri2pzETBBD5L4epNBpwuXGarST-LfX5T3Fq7CTjf9YY93BRfKNYYc4UnBLnS3TXVtbUKSQrHBCF4yubC0HoA-UK-A_ELkifJ6NRqoSOqAa4X_6HJ7ZpU14RBzsmd8jOPf0PAdFuMI9bpEY5wuaK7bFpHXbOIwwusK5dWjOTOFiScx8WlIGNbN25QO3k0RYEw7kF_dMiUaqP7RkUu4EhprNelLaEhRYXZL37IrBSqPrjQmAXSc9p_RcD2w_fXFNLXl96Hl-kw4ZLQcq53dg
tecnico-007,tecnico,8,2026,4,eyJraWQiOiJEZ0VqOWg3UkwxeE1mcTV6dm1XcnlhWHdPZTZ3eW9WRDFNMDBVeENYaUUwPSIsImFsZyI6IlJTMjU2In0.eyJzdWIiOiJlNDU4ZjQyOC1hMDQxLTcwMDMtNDg5ZC0yNmU4M2JiYzljNDEiLCJjb2duaXRvOmdyb3VwcyI6WyJ0ZWNuaWNvIl0sImVtYWlsX3ZlcmlmaWVkIjp0cnVlLCJpc3MiOiJodHRwczovL2NvZ25pdG8taWRwLnVzLWVhc3QtMS5hbWF6b25hd3MuY29tL3VzLWVhc3QtMV9RR2hSTkpOY3MiLCJjb2duaXRvOnVzZXJuYW1lIjoidGVjbmljby0wMDciLCJvcmlnaW5fanRpIjoiYWMxMzc3OTctOTVlNC00OGRkLWEwZTYtZmUyZTEzZDRmYTQ1IiwiYXVkIjoiN2VxNWY0NmdtdDRjaGtwYWJncHVwMTdjZTYiLCJldmVudF9pZCI6IjMxNGVkMTY3LTNhZjYtNDQyYi04YTg1LTdmNjUzOGY5ZDg3OCIsInRva2VuX3VzZSI6ImlkIiwiYXV0aF90aW1lIjoxNzc5OTg5NzAwLCJleHAiOjE3Nzk5OTMzMDAsImlhdCI6MTc3OTk4OTcwMCwianRpIjoiZjBjMWRlZTgtZTk1Yi00Mjc1LTk4ZDctNjJlYzEyNzk4NGRkIiwiZW1haWwiOiJ0ZWNuaWNvLTAwN0BiaXRlY28uY29tIn0.5HU3l8XAMfu7JxnOWbPEwSTH844MtwE4eCcqkRcAV-7xr-tuU6fJ-0Cl9RAUFmMGyI-YswTmmgiYtG9ARnFBb0jzS9mmZzrWROpqC5ef11tNmxG45KIFLmQE95UUqcvM1QC-GyKkksgNufqZ4e3ZyDsRlkRr82zKifmaetoE-Qi4HNV0Ym_oDCxpg59HDeM0Rmj4gXP7E25ojB8se0O5x8f1OUThsz2XJX32Zv9v5lT9bJq3tTPM1hfRMjv-4xo8izWZQst9UaGlCEi5MWZM6d6GAC1EcotRbf97hUGxgAUgSYHhNwzdkudcBeSH-8uDP-lNhz_G_qIaH2R4EZCJUw
tecnico-008,tecnico,9,2026,1,eyJraWQiOiJEZ0VqOWg3UkwxeE1mcTV6dm1XcnlhWHdPZTZ3eW9WRDFNMDBVeENYaUUwPSIsImFsZyI6IlJTMjU2In0.eyJzdWIiOiJlNDk4ZDQwOC0wMGIxLTcwYWYtMWE4Mi1hYmNlZTZhZTlhM2YiLCJjb2duaXRvOmdyb3VwcyI6WyJ0ZWNuaWNvIl0sImVtYWlsX3ZlcmlmaWVkIjp0cnVlLCJpc3MiOiJodHRwczovL2NvZ25pdG8taWRwLnVzLWVhc3QtMS5hbWF6b25hd3MuY29tL3VzLWVhc3QtMV9RR2hSTkpOY3MiLCJjb2duaXRvOnVzZXJuYW1lIjoidGVjbmljby0wMDgiLCJvcmlnaW5fanRpIjoiMDViNzdkMmYtODI1Ni00NjA0LTk2MDUtMTRlZjI5MTk4ODg0IiwiYXVkIjoiN2VxNWY0NmdtdDRjaGtwYWJncHVwMTdjZTYiLCJldmVudF9pZCI6IjMwY2MzMzcxLTA4YmUtNDdlNC05YjRmLTVjYzQwNmYwM2I5YyIsInRva2VuX3VzZSI6ImlkIiwiYXV0aF90aW1lIjoxNzc5OTg5NzAwLCJleHAiOjE3Nzk5OTMzMDAsImlhdCI6MTc3OTk4OTcwMCwianRpIjoiNDIwMDk3NTYtYzRjMC00NTc0LTlmMTMtMDQ5MTczMDczMmE5IiwiZW1haWwiOiJ0ZWNuaWNvLTAwOEBiaXRlY28uY29tIn0.4E_v_h4-tgsBGBVBRj3G--gcEPAw8nenqXcgjGrggzNe4KMDnbTW74Q3u-V8VcAnjEhhusoAqgqHgn49CY6AStQlJ6kGu3k9_s1FSmqwoxfi4QegMn-xKx7-wSC1bErdDgab0qAFBuuOYGDHUh6NqqgGToPNAJ4-fFx-U0DXHU9o2mMyPUspmyrTGromWcOLDHMb91BNTLLv2VAwc6Jpueq1Bz4j0EaOlmmmJwGyYLgqRl7SyiXje8MtQ-XheXkrctr2V_ZhLnR2uA7LU-n5VtQkSTEvIV8dEDXza76pwK8tJ5W49ZF1DiKHI7Y7L10QKPZgyyxHXonUj2TBI-OsgA
tecnico-009,tecnico,10,2026,2,eyJraWQiOiJEZ0VqOWg3UkwxeE1mcTV6dm1XcnlhWHdPZTZ3eW9WRDFNMDBVeENYaUUwPSIsImFsZyI6IlJTMjU2In0.eyJzdWIiOiJlNGE4NTRmOC02MDAxLTcwNmItODllMC03ZjMxYWJhYzI0N2IiLCJjb2duaXRvOmdyb3VwcyI6WyJ0ZWNuaWNvIl0sImVtYWlsX3ZlcmlmaWVkIjp0cnVlLCJpc3MiOiJodHRwczovL2NvZ25pdG8taWRwLnVzLWVhc3QtMS5hbWF6b25hd3MuY29tL3VzLWVhc3QtMV9RR2hSTkpOY3MiLCJjb2duaXRvOnVzZXJuYW1lIjoidGVjbmljby0wMDkiLCJvcmlnaW5fanRpIjoiY2JkYmExNDQtYWRjOC00MmMxLTkyNmItYzU4YTZmNTU0NjFhIiwiYXVkIjoiN2VxNWY0NmdtdDRjaGtwYWJncHVwMTdjZTYiLCJldmVudF9pZCI6IjMzN2U1ZmE3LWIzMmItNGRhMy04Y2ZiLTNjYWY2YmVhYmI1YSIsInRva2VuX3VzZSI6ImlkIiwiYXV0aF90aW1lIjoxNzc5OTg5NzAxLCJleHAiOjE3Nzk5OTMzMDEsImlhdCI6MTc3OTk4OTcwMSwianRpIjoiNDM4NDU2NWQtNjQ0Ny00MGE5LWI0MzYtZjI0M2YzMjhhZDZjIiwiZW1haWwiOiJ0ZWNuaWNvLTAwOUBiaXRlY28uY29tIn0.qc2BSaGgCGfq7oURhk3b_Sv0-3PP2ar1dcdIFeo8FhSksmwFsxxxCig8iYXYK7iQPZZmqhCeSoy1EFBopAOYqYExI9ry0DAaQ95dRmegWhlsohBKUISmqJmZd6CgK2Y-FFVAsu6pPgU0lo3LAsWoKEnSKUuomp4Jq4zoIAySTLvcJu1GAoQmvpk6-tDUMtTljJ5SvgE-pcU7fTPtqlPfvXB2MXLxXxX-1XlfKlUIPiuDo8-LNCPutkKJ93x3lGgDWTOv9RAlfDN0vnb7FDC1dsc0x4MGyXbFRT_lrJjfvbuZNyI0LNKiRVEM-b68UxlMC26BmojNbigfvtowklkOqg
tecnico-010,tecnico,1,2026,3,eyJraWQiOiJEZ0VqOWg3UkwxeE1mcTV6dm1XcnlhWHdPZTZ3eW9WRDFNMDBVeENYaUUwPSIsImFsZyI6IlJTMjU2In0.eyJzdWIiOiJlNDQ4ODRkOC1iMGIxLTcwM2ItY2IwYy0wMzU0NWMwMTc0ODYiLCJjb2duaXRvOmdyb3VwcyI6WyJ0ZWNuaWNvIl0sImVtYWlsX3ZlcmlmaWVkIjp0cnVlLCJpc3MiOiJodHRwczovL2NvZ25pdG8taWRwLnVzLWVhc3QtMS5hbWF6b25hd3MuY29tL3VzLWVhc3QtMV9RR2hSTkpOY3MiLCJjb2duaXRvOnVzZXJuYW1lIjoidGVjbmljby0wMTAiLCJvcmlnaW5fanRpIjoiMDVhODBmOWUtNzUxMC00MzZiLThlOTAtNTEzNjIwMzg0ZjFkIiwiYXVkIjoiN2VxNWY0NmdtdDRjaGtwYWJncHVwMTdjZTYiLCJldmVudF9pZCI6ImE0MWY2NTA0LWM2OWYtNDA4Yy1hZGZlLWFjNjljMGM1ZTY3ZSIsInRva2VuX3VzZSI6ImlkIiwiYXV0aF90aW1lIjoxNzc5OTg5NzAxLCJleHAiOjE3Nzk5OTMzMDEsImlhdCI6MTc3OTk4OTcwMSwianRpIjoiOGU3OGJmNzItNjc2Yi00ZTdhLThiOGItYTQ1ZjYzZmQ0M2NkIiwiZW1haWwiOiJ0ZWNuaWNvLTAxMEBiaXRlY28uY29tIn0.dfg8iCKe8G8GhJva7JT4f4fCFGxTYnXCTD53cJLyd8HYUPIl7NeaIV6EY9yyvaCB32ZWzMCOrq19HrnlfR0eDT_k2F6Fd1mheH00CQVpnQqeL8MddWqIdUiOec0OCZK3C10vmeWrhDoiPI7FmZkuItZKmJE9rS8MZ-98OcNE6eNkPz5cmDXJyvYUz6O-VoVar0CPAx8HZHFDXpv3BVsLZ1VzBL7L7eXThKeJlyDNeVU-BCZ7Eb58bc-jWkONSMiKbGzhTIeuDeNNR3_TQcwMOxOlhGgbNr-b-1nieT3mz70on1ALj7JAdoRCNBtq8eGLBMw_GwlcROk66CNpjg231Q
tecnico-011,tecnico,2,2026,4,eyJraWQiOiJEZ0VqOWg3UkwxeE1mcTV6dm1XcnlhWHdPZTZ3eW9WRDFNMDBVeENYaUUwPSIsImFsZyI6IlJTMjU2In0.eyJzdWIiOiI3NGQ4ZjRjOC05MDMxLTcwZWYtMTM0Mi1lMDY4YzU1M2ExZTkiLCJjb2duaXRvOmdyb3VwcyI6WyJ0ZWNuaWNvIl0sImVtYWlsX3ZlcmlmaWVkIjp0cnVlLCJpc3MiOiJodHRwczovL2NvZ25pdG8taWRwLnVzLWVhc3QtMS5hbWF6b25hd3MuY29tL3VzLWVhc3QtMV9RR2hSTkpOY3MiLCJjb2duaXRvOnVzZXJuYW1lIjoidGVjbmljby0wMTEiLCJvcmlnaW5fanRpIjoiNGQyZWFkMzAtOTRmYi00NDIyLTliNTAtZDY5ZmUzNzEyNDc4IiwiYXVkIjoiN2VxNWY0NmdtdDRjaGtwYWJncHVwMTdjZTYiLCJldmVudF9pZCI6ImM3MWY4ZDRjLWI5MGYtNDk4Yy04OGRlLWRkMmI1NTEzYjE5YyIsInRva2VuX3VzZSI6ImlkIiwiYXV0aF90aW1lIjoxNzc5OTg5NzAxLCJleHAiOjE3Nzk5OTMzMDEsImlhdCI6MTc3OTk4OTcwMSwianRpIjoiNDI3OTY1MGQtY2FmNC00YzkxLWFjZDgtNzZkNzcyOTY0YjcwIiwiZW1haWwiOiJ0ZWNuaWNvLTAxMUBiaXRlY28uY29tIn0.iN4FovsOt9G1NI-L7Vq3xFLUIoxHdV6wO36KNX-SshuzGadOcvhHlk0kGh7Bf293renZB-9WQL7BxRHMiDOKairQzgl5ySZS8dGsst_FNugA3SkIs3PwetFy6WdD5tzK0is_D4pBG-O8uff7fcbuqZ37sIaCwaZpfqUuHYHEsBk_AQKKb05bu0E1BeR_R5Ens8_XDlsPjvQ9r5fK1AN8iSfWFG2Phrst98pRZCDSQ7D61Mq59V_rAOURyC4kuqesyI-V-lQC28_RYHCI0cVA4lgcpXq713KZWBc7XG7jpeMo4wUE3L4xrIBBOuuMcQB21PJ1iBcCX8rQkOkGG33Omg
tecnico-012,tecnico,3,2026,1,eyJraWQiOiJEZ0VqOWg3UkwxeE1mcTV6dm1XcnlhWHdPZTZ3eW9WRDFNMDBVeENYaUUwPSIsImFsZyI6IlJTMjU2In0.eyJzdWIiOiIwNGQ4MTQzOC0yMDAxLTcwMmUtMjM2YS0zYzM2M2NhZTY5ZTMiLCJjb2duaXRvOmdyb3VwcyI6WyJ0ZWNuaWNvIl0sImVtYWlsX3ZlcmlmaWVkIjp0cnVlLCJpc3MiOiJodHRwczovL2NvZ25pdG8taWRwLnVzLWVhc3QtMS5hbWF6b25hd3MuY29tL3VzLWVhc3QtMV9RR2hSTkpOY3MiLCJjb2duaXRvOnVzZXJuYW1lIjoidGVjbmljby0wMTIiLCJvcmlnaW5fanRpIjoiYzkyM2Y1NGUtMTcwZC00NzdhLTliOTgtMjZiNWE5MGM3YTQ3IiwiYXVkIjoiN2VxNWY0NmdtdDRjaGtwYWJncHVwMTdjZTYiLCJldmVudF9pZCI6IjAwMTM3YTY5LWFlMmQtNGU3MS05OTM2LTgzNjEwMTIyZTJjOSIsInRva2VuX3VzZSI6ImlkIiwiYXV0aF90aW1lIjoxNzc5OTg5NzAyLCJleHAiOjE3Nzk5OTMzMDIsImlhdCI6MTc3OTk4OTcwMiwianRpIjoiZTJlNWJlMDAtNjBkNy00NzIzLWFkOTgtNDhlNmQzZGZlMzUxIiwiZW1haWwiOiJ0ZWNuaWNvLTAxMkBiaXRlY28uY29tIn0.gstSjE6YKOPvTtUGErADM308Q739P_jYQfGRfG2inJFP99PZxXzfm9pV_gIPChSRzjEEbS_MKCqz71lLIkyRHW1AJEfUsZGDOB7ntaJ-HAOL9UVnO96lHm5T66o4uXjh_qF_oi_Z9PAEONz5CFfaQnAmNS9JjG6Qp1EKxj9aUKjqpKx35BXSPLQz3fXco_nZdZP8cVGk53ZjfWREHmv33hQxT-i9-OKQZZ4pdecWIHH2-PZc1hyhyB_SOEtH6ozwR7864sY8mWbarW8-gF1ww3PpTwQpdjD6_q0LarBvDcTFbsP7zs5TcaDb0lzblDqxg-n4cUCn7cbsBI30beMyxw
tecnico-013,tecnico,4,2026,2,eyJraWQiOiJEZ0VqOWg3UkwxeE1mcTV6dm1XcnlhWHdPZTZ3eW9WRDFNMDBVeENYaUUwPSIsImFsZyI6IlJTMjU2In0.eyJzdWIiOiIxNGY4NzRhOC00MDgxLTcwMmMtMDdkNy1mYThjODdkNjdjODkiLCJjb2duaXRvOmdyb3VwcyI6WyJ0ZWNuaWNvIl0sImVtYWlsX3ZlcmlmaWVkIjp0cnVlLCJpc3MiOiJodHRwczovL2NvZ25pdG8taWRwLnVzLWVhc3QtMS5hbWF6b25hd3MuY29tL3VzLWVhc3QtMV9RR2hSTkpOY3MiLCJjb2duaXRvOnVzZXJuYW1lIjoidGVjbmljby0wMTMiLCJvcmlnaW5fanRpIjoiMjI0MDAyZTctNGE3ZS00OGQ0LTk4MzctZTYxODUxODdmNjFmIiwiYXVkIjoiN2VxNWY0NmdtdDRjaGtwYWJncHVwMTdjZTYiLCJldmVudF9pZCI6IjM3MjUwZWU0LTAyNjEtNDVlMy04MzZkLWRiNmEwY2YxMzdkYSIsInRva2VuX3VzZSI6ImlkIiwiYXV0aF90aW1lIjoxNzc5OTg5NzAyLCJleHAiOjE3Nzk5OTMzMDIsImlhdCI6MTc3OTk4OTcwMiwianRpIjoiNjU0MjE1ZDAtYzhjNS00MmQwLWIyOTQtODZiYTBlNjUwYzk4IiwiZW1haWwiOiJ0ZWNuaWNvLTAxM0BiaXRlY28uY29tIn0.p_1rlT3egoOTrX_XyAOj_kgeWwUMtYNgSSUXLq3T72dEOkr1vk2J9Wa8x8ZXJB3vzVNcyRayazGaV3F1KO8ejzhZFOa0zvBdb2ZWI1WYaKVIMeVzxukWiFy8L-wS2S6gcvJ0cIgwQXUknzASNLaUiJdIagJLxhG5rxzNMaMymkist8YNuF6DVIEihBrsKAGsJnVGj4TUgM_7jcSMVS6yyF7i6JVypI0d218FEJ0D-vPkQ_FRxoCSMHgjan-UGqzdGCF4AsuDqI85T869n2I_rG94xZnUHGhXc9Wy-pkUZSJPBxPuHWdSuMXG21ogxLbXv6tyoUGyCsS1kWyYed-pyA
tecnico-014,tecnico,5,2026,3,eyJraWQiOiJEZ0VqOWg3UkwxeE1mcTV6dm1XcnlhWHdPZTZ3eW9WRDFNMDBVeENYaUUwPSIsImFsZyI6IlJTMjU2In0.eyJzdWIiOiI3NDQ4MDRhOC1iMDQxLTcwN2MtMjA1Ny0wYjI0OTg2NWUwZGIiLCJjb2duaXRvOmdyb3VwcyI6WyJ0ZWNuaWNvIl0sImVtYWlsX3ZlcmlmaWVkIjp0cnVlLCJpc3MiOiJodHRwczovL2NvZ25pdG8taWRwLnVzLWVhc3QtMS5hbWF6b25hd3MuY29tL3VzLWVhc3QtMV9RR2hSTkpOY3MiLCJjb2duaXRvOnVzZXJuYW1lIjoidGVjbmljby0wMTQiLCJvcmlnaW5fanRpIjoiYjEzOTk0YzktYWNiMi00ZWU2LTk3OWMtYzMwODZhMjMwYjYxIiwiYXVkIjoiN2VxNWY0NmdtdDRjaGtwYWJncHVwMTdjZTYiLCJldmVudF9pZCI6Ijc0MjEzOTA5LWQxYjEtNDA2ZS05MGVhLWMzMDM1YWUzYTFjYyIsInRva2VuX3VzZSI6ImlkIiwiYXV0aF90aW1lIjoxNzc5OTg5NzAyLCJleHAiOjE3Nzk5OTMzMDIsImlhdCI6MTc3OTk4OTcwMiwianRpIjoiM2ExNzhhMjktOTAyYS00YzY3LWJmMDUtMWE3Yjg1YTljOTdkIiwiZW1haWwiOiJ0ZWNuaWNvLTAxNEBiaXRlY28uY29tIn0.ByVSf7SXbSrnHh97maDZkAQiT8f8Y2SxyIJiUaccnMNpbgMho1m1Yx8E_KP1gBwpwm6yY3or3r4fzRumXeHWZrGpIXmsB_oK2jGeh0FOry2PGmkubiYO9sdHlm2BOJuo9fikPuB2qVgPfgIYczfaLbcB6DyzOVayKYGFaLWwSs_9Jy0Ytt4S8bdhkQH_8gh_rza_Rd2MwXLMb7eIwD1P2Hkg-fMsNjII8Z2mW5Ubj_tvo8XrHwfvcBvvRD3pX5lhDsI7p92-vnyWyWAIX-lXh0yQ-6Ud_yK6Kr50qm5stPtMge3QTstNZu6ZRe4P3g6ItXz05sjwbwSucwuKerkw_g
tecnico-015,tecnico,6,2026,4,eyJraWQiOiJEZ0VqOWg3UkwxeE1mcTV6dm1XcnlhWHdPZTZ3eW9WRDFNMDBVeENYaUUwPSIsImFsZyI6IlJTMjU2In0.eyJzdWIiOiJhNGM4OTRhOC1lMDUxLTcwMzMtNWQ1NC1hZjhjZmI2MmU4M2YiLCJjb2duaXRvOmdyb3VwcyI6WyJ0ZWNuaWNvIl0sImVtYWlsX3ZlcmlmaWVkIjp0cnVlLCJpc3MiOiJodHRwczovL2NvZ25pdG8taWRwLnVzLWVhc3QtMS5hbWF6b25hd3MuY29tL3VzLWVhc3QtMV9RR2hSTkpOY3MiLCJjb2duaXRvOnVzZXJuYW1lIjoidGVjbmljby0wMTUiLCJvcmlnaW5fanRpIjoiM2E5MzQzMmItZWQ5Zi00YTQ4LWE5MzctYTRiMWYzMWJkZDg1IiwiYXVkIjoiN2VxNWY0NmdtdDRjaGtwYWJncHVwMTdjZTYiLCJldmVudF9pZCI6ImE3ZGNkYjA1LTU3YTktNDYzYS05ZGEyLTA0MjdhNjVkNDAwYSIsInRva2VuX3VzZSI6ImlkIiwiYXV0aF90aW1lIjoxNzc5OTg5NzAyLCJleHAiOjE3Nzk5OTMzMDIsImlhdCI6MTc3OTk4OTcwMiwianRpIjoiMmQyMWQ2ZjQtMjQ5OS00Nzk2LWFhYmMtODA1ZjUwMGQwMGQ2IiwiZW1haWwiOiJ0ZWNuaWNvLTAxNUBiaXRlY28uY29tIn0.EKC64WBktIzY8s4aZQIeMmrepGMFMdEEfS_3vTOjeFDHkP4yu-UH5gsMeVYadHI8IMGyj3YfYwpz51OAg6YRcJwP6LTyZaE-mZYtrgd3MVStrdHJ-xD1fcagJzDi7YuydwKa2dJRXStnbHEznMihtzatoYZNEx0LMTh9JkgPBjFN60plYjx0D5_pyuKGisRDLBJdba42Cr-ssCZGO790uu6pAI_z0wj8WcJKQGf03aHd08C-ZDjJ_e-LDUZxwZvfBYwBodCk3SwRfSyxOxx-DFXWxAdcZ5Ek57RA_VxTkS8ake1QdwQRyQvtScjyURzRBtfR99Fe8NgSYHsruCoMng
tecnico-016,tecnico,7,2026,1,eyJraWQiOiJEZ0VqOWg3UkwxeE1mcTV6dm1XcnlhWHdPZTZ3eW9WRDFNMDBVeENYaUUwPSIsImFsZyI6IlJTMjU2In0.eyJzdWIiOiI4NDg4MzQ0OC01MDMxLTcwYzItMGJmYi04MGRlZWI1ZmM5Y2EiLCJjb2duaXRvOmdyb3VwcyI6WyJ0ZWNuaWNvIl0sImVtYWlsX3ZlcmlmaWVkIjp0cnVlLCJpc3MiOiJodHRwczovL2NvZ25pdG8taWRwLnVzLWVhc3QtMS5hbWF6b25hd3MuY29tL3VzLWVhc3QtMV9RR2hSTkpOY3MiLCJjb2duaXRvOnVzZXJuYW1lIjoidGVjbmljby0wMTYiLCJvcmlnaW5fanRpIjoiMjczYmY2MjQtMDBmMi00YzhmLWJiZTctYmMzNGQzM2M2Y2MyIiwiYXVkIjoiN2VxNWY0NmdtdDRjaGtwYWJncHVwMTdjZTYiLCJldmVudF9pZCI6IjM2ODY3NDQ1LWZhMTAtNGMzOS04ZjI0LWZmNWU4ZGJiZTZmMCIsInRva2VuX3VzZSI6ImlkIiwiYXV0aF90aW1lIjoxNzc5OTg5NzAzLCJleHAiOjE3Nzk5OTMzMDMsImlhdCI6MTc3OTk4OTcwMywianRpIjoiODI3NDZkMWItOWZhZi00MjlmLWFkOWMtZmU0M2RlZTgyZTEwIiwiZW1haWwiOiJ0ZWNuaWNvLTAxNkBiaXRlY28uY29tIn0.j2lQNS_bGqH-sUQtFZe1X4iPsZSA9NWxBRYw3sH2eWZNDNNaPd3eflwCjumq0r5yEB4Y9T5b6PalT2L-2yJKtaeIk1bVpSaLKg8rNWSwz2Dk-OWcfN5sH2mONSVmtVW0PX_RWoiI6fkghBdBtG-af97IhM4RuZxPbl9gYlOwdxUfFVqqjnL2oNk-rowIhgia3K62X03LhKD_jlLQ4_Pxi7rEqA_5K1fj1643KdtytVpt6IugRyD7sMOR7WSik-5MMuqKCsI6Tu6qfp2rEC7L3sT5EsTECkdoWGwiM0Zqu6DageEN3l-BNWDYbNfFavoDaeA4hssyXx9hZwxQEjyMvQ
tecnico-017,tecnico,8,2026,2,eyJraWQiOiJEZ0VqOWg3UkwxeE1mcTV6dm1XcnlhWHdPZTZ3eW9WRDFNMDBVeENYaUUwPSIsImFsZyI6IlJTMjU2In0.eyJzdWIiOiI1NGU4NzQwOC02MGIxLTcwMDMtN2IxNy04YTY0ODM5NzFiYjYiLCJjb2duaXRvOmdyb3VwcyI6WyJ0ZWNuaWNvIl0sImVtYWlsX3ZlcmlmaWVkIjp0cnVlLCJpc3MiOiJodHRwczovL2NvZ25pdG8taWRwLnVzLWVhc3QtMS5hbWF6b25hd3MuY29tL3VzLWVhc3QtMV9RR2hSTkpOY3MiLCJjb2duaXRvOnVzZXJuYW1lIjoidGVjbmljby0wMTciLCJvcmlnaW5fanRpIjoiNGRkZGVlYTgtMGU0Ni00ZmE5LWIxNDMtMmNiMmNlYjcyMTJiIiwiYXVkIjoiN2VxNWY0NmdtdDRjaGtwYWJncHVwMTdjZTYiLCJldmVudF9pZCI6ImRhZjZiNzdmLTI3ZWEtNDVhYi1hOGUyLTFhNzAyODExYTYwNCIsInRva2VuX3VzZSI6ImlkIiwiYXV0aF90aW1lIjoxNzc5OTg5NzAzLCJleHAiOjE3Nzk5OTMzMDMsImlhdCI6MTc3OTk4OTcwMywianRpIjoiMjQwODA4MWYtOGI2Mi00MjQ1LTgwZjUtY2NkYjExOTBmYjI5IiwiZW1haWwiOiJ0ZWNuaWNvLTAxN0BiaXRlY28uY29tIn0.5JK3_emrLty9DO7HYV8DouWBtTUMbu2py0XRJRC5L1xB3PNkG6flQUX7D2ZXiT6My-JOfvdHrt32mFclw_HUMUR2XHtnEIBqdTUq3FoRX1djY4SC4f3AP-Uba_8HWrlYteBp4RoB-VcRh4pCa1S4UYzgSDb5SkBi8_dJo4ymCX4ybeS4Gd8s6eWxmMwWLj9ZC6yz-z9iD3woSdDbvi3iwx9kxJkMYWdhW_7sMcZU0RraVTQ_q85PNecyFlHQwHwqH0ET9srli_2Km7hjUZoR35myTB86DLASQOgLJYayMLeDeGdylpbDh5CBU-IjkLYtB4aKcUOd6MWn5zmTTRdk3g
tecnico-018,tecnico,9,2026,3,eyJraWQiOiJEZ0VqOWg3UkwxeE1mcTV6dm1XcnlhWHdPZTZ3eW9WRDFNMDBVeENYaUUwPSIsImFsZyI6IlJTMjU2In0.eyJzdWIiOiI2NDY4ODQ1OC00MDYxLTcwMTUtZGI2Ny1hNTk1YmNmNTI0MDciLCJjb2duaXRvOmdyb3VwcyI6WyJ0ZWNuaWNvIl0sImVtYWlsX3ZlcmlmaWVkIjp0cnVlLCJpc3MiOiJodHRwczovL2NvZ25pdG8taWRwLnVzLWVhc3QtMS5hbWF6b25hd3MuY29tL3VzLWVhc3QtMV9RR2hSTkpOY3MiLCJjb2duaXRvOnVzZXJuYW1lIjoidGVjbmljby0wMTgiLCJvcmlnaW5fanRpIjoiOTJkYWNhOTMtOGVhOC00NDgyLTk1YmYtNjJkZjBjMjFiNzcyIiwiYXVkIjoiN2VxNWY0NmdtdDRjaGtwYWJncHVwMTdjZTYiLCJldmVudF9pZCI6ImFjMjNjNGRjLWZjNWQtNGM1NC05Y2FiLWNhNDQzNTM2Nzg3YyIsInRva2VuX3VzZSI6ImlkIiwiYXV0aF90aW1lIjoxNzc5OTg5NzAzLCJleHAiOjE3Nzk5OTMzMDMsImlhdCI6MTc3OTk4OTcwMywianRpIjoiZTQ0YzJjZmMtYjQwMy00OGY3LWE3MzEtYmQ0NGQxMDlhZmI3IiwiZW1haWwiOiJ0ZWNuaWNvLTAxOEBiaXRlY28uY29tIn0.L-awCsJSyBkl-Jz3f3ftKqV7nHCdek-ODX0Ll_CEHarctqL1zxUX8gPo2qWlXcQB4UwMQvkZkoaYnCtehbhtWTnEhbwLSdfKrYHOoHY2vf1QYbWsDCOK-dLvoBMthvXMOX10M7WNHLTBYhfOLwxq18Qed1C2sPoo0pAwf9LIOlcrczvM8sbdmXyrygVthLMAnsxe3JnCC7cuHpsWi1WtciPUX-iQcnSEQwQGuq1c5dj580TxZIXDz3I6XP5-kjptec9CKmAjM8KmLQMjG0OjZzN0h9GF1ii_6l-F8lkm_bQSSpNbOdfCnNuD_er95m219b5GFw6Bn_rU7itY5vnMtw
tecnico-019,tecnico,10,2026,4,eyJraWQiOiJEZ0VqOWg3UkwxeE1mcTV6dm1XcnlhWHdPZTZ3eW9WRDFNMDBVeENYaUUwPSIsImFsZyI6IlJTMjU2In0.eyJzdWIiOiI0NDc4NjRjOC1mMDgxLTcwMWEtMjU2OS1hOGRkYjNjOTExZTIiLCJjb2duaXRvOmdyb3VwcyI6WyJ0ZWNuaWNvIl0sImVtYWlsX3ZlcmlmaWVkIjp0cnVlLCJpc3MiOiJodHRwczovL2NvZ25pdG8taWRwLnVzLWVhc3QtMS5hbWF6b25hd3MuY29tL3VzLWVhc3QtMV9RR2hSTkpOY3MiLCJjb2duaXRvOnVzZXJuYW1lIjoidGVjbmljby0wMTkiLCJvcmlnaW5fanRpIjoiYTZkMjE1OWYtMWQ5Zi00ZDY3LWE2MzYtOGYzNjgwYzNhZDBkIiwiYXVkIjoiN2VxNWY0NmdtdDRjaGtwYWJncHVwMTdjZTYiLCJldmVudF9pZCI6IjAyMDBlOGM3LWE1MTMtNGRmNS1iMzA5LWVmZTk5Mjg1YzgzMSIsInRva2VuX3VzZSI6ImlkIiwiYXV0aF90aW1lIjoxNzc5OTg5NzAzLCJleHAiOjE3Nzk5OTMzMDMsImlhdCI6MTc3OTk4OTcwMywianRpIjoiYTZjNzg1N2QtZThkMi00ZWM0LWIyZjctYmVkMWVmMDgwY2Q0IiwiZW1haWwiOiJ0ZWNuaWNvLTAxOUBiaXRlY28uY29tIn0.jB7jh80kw0b1ru08ETQ_44wTQ6dGc1pAgioEFhj_eglIo45jB90cjNmHEuBhcmsQrDouicEQKjMbtrb7hWz-yp7uACYb96z1OiPzOR_FgpO092ERTB9sAQ-3DqGzpPjaUgRPrX-KbyJNkbBVsqDMGsLZXDiqF_XACpLhspVZKczqXc2uPNGiLVQOYZiR3WRj6u6zx0nZVHYGY3SmAdAvduj_TCvz3M55_Nu4Td6snPnpJZjptHMijsp2dmLkiGav21nnl0aC2M11hQaYYKiP6KK_cQl37ZHuSc5ZLpbbqCdmlPmWzV6o4GbAd6Ddp4SHsM3YszVAD9mGPsrHMQ4rWQ
tecnico-020,tecnico,1,2026,1,eyJraWQiOiJEZ0VqOWg3UkwxeE1mcTV6dm1XcnlhWHdPZTZ3eW9WRDFNMDBVeENYaUUwPSIsImFsZyI6IlJTMjU2In0.eyJzdWIiOiIwNDE4MDRlOC0wMDMxLTcwOWYtMmExZC1kNjQ1MzAzYmY0MjYiLCJjb2duaXRvOmdyb3VwcyI6WyJ0ZWNuaWNvIl0sImVtYWlsX3ZlcmlmaWVkIjp0cnVlLCJpc3MiOiJodHRwczovL2NvZ25pdG8taWRwLnVzLWVhc3QtMS5hbWF6b25hd3MuY29tL3VzLWVhc3QtMV9RR2hSTkpOY3MiLCJjb2duaXRvOnVzZXJuYW1lIjoidGVjbmljby0wMjAiLCJvcmlnaW5fanRpIjoiNDc3YmFlZWEtNjAwZi00NjBjLWIzYzItYzRjNWNkZjE0MTliIiwiYXVkIjoiN2VxNWY0NmdtdDRjaGtwYWJncHVwMTdjZTYiLCJldmVudF9pZCI6IjJlYmZiNzU5LWMxMmItNDE0ZS05NDEwLTJiY2M5ZTZkYjU0YyIsInRva2VuX3VzZSI6ImlkIiwiYXV0aF90aW1lIjoxNzc5OTg5NzAzLCJleHAiOjE3Nzk5OTMzMDMsImlhdCI6MTc3OTk4OTcwNCwianRpIjoiZmJmMTA4ZTEtZTNiMC00YTllLTk4YjQtYzk3ODMxZGQ0OTJhIiwiZW1haWwiOiJ0ZWNuaWNvLTAyMEBiaXRlY28uY29tIn0.j3QhLsO47hXNP5flyLCs4KimSQS-1eStCAdIgCph0McORADfHJezsKln4hUTIsLaCqoxDPVmRTkl123-77Zh0LiVsIh2AN_hJDu4Df26E4TCAGWlwdIKceBcuI1fuZTX-KPl4cQnwhSSSMyCq2d1J_TdI0ivF35O9y4t-TAySecbZExJnM2t6M0fYnRUUu-u7dYdxfPr8kihWo9madQ6WmeJd3Pfpi9gEJ0-cr9uIAToP_tWj8MtplD0XqjbGAq3tpiUbElM0XxvgJ2U1lSg2ZrPROY2Npg37AgOTUs30VQaKIy8w1IwYTEXx2iP_kYNDaXZ4yk5c0lsNj6sec-Gsg
tecnico-021,tecnico,2,2026,2,eyJraWQiOiJEZ0VqOWg3UkwxeE1mcTV6dm1XcnlhWHdPZTZ3eW9WRDFNMDBVeENYaUUwPSIsImFsZyI6IlJTMjU2In0.eyJzdWIiOiI1NDA4ZTQzOC05MDIxLTcwMGQtNzZlMC0yNjljODMyZjFjNjUiLCJjb2duaXRvOmdyb3VwcyI6WyJ0ZWNuaWNvIl0sImVtYWlsX3ZlcmlmaWVkIjp0cnVlLCJpc3MiOiJodHRwczovL2NvZ25pdG8taWRwLnVzLWVhc3QtMS5hbWF6b25hd3MuY29tL3VzLWVhc3QtMV9RR2hSTkpOY3MiLCJjb2duaXRvOnVzZXJuYW1lIjoidGVjbmljby0wMjEiLCJvcmlnaW5fanRpIjoiZmEwZDkxNGQtMmJlMC00MDZkLTkwYTUtZmRmYWY2ZDk0M2RjIiwiYXVkIjoiN2VxNWY0NmdtdDRjaGtwYWJncHVwMTdjZTYiLCJldmVudF9pZCI6Ijg5NzI2MmFjLWEzY2MtNDBlZS05ZGJkLTYwZmFjNWE0ODZmZiIsInRva2VuX3VzZSI6ImlkIiwiYXV0aF90aW1lIjoxNzc5OTg5NzA0LCJleHAiOjE3Nzk5OTMzMDQsImlhdCI6MTc3OTk4OTcwNCwianRpIjoiNmFiNGJhYjYtZjUwNC00YTU5LWFkMzktNTkxYmJjOTM5Zjc1IiwiZW1haWwiOiJ0ZWNuaWNvLTAyMUBiaXRlY28uY29tIn0.YiQLU5XyrLfh5pYeMg1J6L-tD2b_2_3UibhUxpAAwVZ2yYxz8QaH_dIfxdRhfbaZ892mdR7f9nnGs0XSwbD-hXsqyS9awlw8_yNEGeycmOlXDUoZMLM-8enonEw4IlvIC0FXNZe3QBHbSyRcYYNpvtIASGrNn7MJFkQyjX2bxUAochtTlxpe7x4nedVxObZozZgXcLnjHTsZbTHsOCSL5cE1tgWe1_bhRlc7AGAiBLK00yukhaPiB2KuByy_4QDbHElMv5wiSQyekzDTTIqQyTxrRae3Lcv4Rh10aTzfJayGuzzSk30TJK1sUVxUe9dMo4N1G3ib-Qb8xm-cLQBZEQ
tecnico-022,tecnico,3,2026,3,eyJraWQiOiJEZ0VqOWg3UkwxeE1mcTV6dm1XcnlhWHdPZTZ3eW9WRDFNMDBVeENYaUUwPSIsImFsZyI6IlJTMjU2In0.eyJzdWIiOiIyNGU4ZDQ0OC05MGMxLTcwNGQtMjM2Ni0wNzYzYmRhNDMzYzUiLCJjb2duaXRvOmdyb3VwcyI6WyJ0ZWNuaWNvIl0sImVtYWlsX3ZlcmlmaWVkIjp0cnVlLCJpc3MiOiJodHRwczovL2NvZ25pdG8taWRwLnVzLWVhc3QtMS5hbWF6b25hd3MuY29tL3VzLWVhc3QtMV9RR2hSTkpOY3MiLCJjb2duaXRvOnVzZXJuYW1lIjoidGVjbmljby0wMjIiLCJvcmlnaW5fanRpIjoiZjY5NzQ4M2UtNWUwMy00ZDMzLWJlYTctYzE4NjY1NWQ5OGVlIiwiYXVkIjoiN2VxNWY0NmdtdDRjaGtwYWJncHVwMTdjZTYiLCJldmVudF9pZCI6Ijk5Y2U4YmZiLTZjN2UtNDZmZC04YjkwLTM4ZTA3YmI0MzZkMCIsInRva2VuX3VzZSI6ImlkIiwiYXV0aF90aW1lIjoxNzc5OTg5NzA0LCJleHAiOjE3Nzk5OTMzMDQsImlhdCI6MTc3OTk4OTcwNCwianRpIjoiNmQwODFlMWEtNTk2NC00MWVmLTk0ZTctZDdiOGQ1MTJiZDRjIiwiZW1haWwiOiJ0ZWNuaWNvLTAyMkBiaXRlY28uY29tIn0.uA2lJQjxtS3slZhTA7JfZt8a8fnyRNc49_b1myp0d_H8R3Q4QDuZk1xg-2tZ9vPUNmcNoRtZ7a8OZjIzYuRQil98rcwYHenPELlfmnarwM_PYTBcYM_wF0EnzbmDAYX6Fls8Elf7H5jrL9FuAldkIsu1hvejbX4cHafMnQmuQnBUQAQPVm-kjF1NO5sgzhF0c8fHokNVheYxcN-C2SZgn-lp18sKM3THpwqgUF6rh7iHhp-uY2kh9VzxGUh7likPnTY2f2IFV1D9t6iImRHh7diEYv8OVh1isWQgiHX4IYAcUI62mfmnWSqo-v6SEfi_cXcQLxuVvJH2x32w3PYH6w
tecnico-023,tecnico,4,2026,4,eyJraWQiOiJEZ0VqOWg3UkwxeE1mcTV6dm1XcnlhWHdPZTZ3eW9WRDFNMDBVeENYaUUwPSIsImFsZyI6IlJTMjU2In0.eyJzdWIiOiJkNDE4OTRiOC0zMGUxLTcwNmQtZWIyZS04ZjVlYmZiNDNlNGQiLCJjb2duaXRvOmdyb3VwcyI6WyJ0ZWNuaWNvIl0sImVtYWlsX3ZlcmlmaWVkIjp0cnVlLCJpc3MiOiJodHRwczovL2NvZ25pdG8taWRwLnVzLWVhc3QtMS5hbWF6b25hd3MuY29tL3VzLWVhc3QtMV9RR2hSTkpOY3MiLCJjb2duaXRvOnVzZXJuYW1lIjoidGVjbmljby0wMjMiLCJvcmlnaW5fanRpIjoiNWY3ZDhlYzQtOTVkZC00MTQ4LTg0MzEtOGQxNTkwMDNkOTY3IiwiYXVkIjoiN2VxNWY0NmdtdDRjaGtwYWJncHVwMTdjZTYiLCJldmVudF9pZCI6ImRjMjE1MzQ2LWFmZjktNGFlNS1hZWFhLWEzZTA3YWM1YjIwYSIsInRva2VuX3VzZSI6ImlkIiwiYXV0aF90aW1lIjoxNzc5OTg5NzA0LCJleHAiOjE3Nzk5OTMzMDQsImlhdCI6MTc3OTk4OTcwNCwianRpIjoiNGUyZjUwZDQtOWU0Ni00ZDY2LTk5N2QtYjM4Mjk4ZjY1NjcwIiwiZW1haWwiOiJ0ZWNuaWNvLTAyM0BiaXRlY28uY29tIn0.TQmOsUE1wDldUQA6hOHPbAeFW4nC0DwiCbxeah-HzauXL5kNmoq-aPiDYvd5RcSVgsFInvBTBEkh1l9OL4vCm940dr9rkwDPhXBiLea8Cqqcf-uXXtvMoa3E54jcG6EhBdZu4dMTZTnI4mXMwIS9tGfNoHtNKIpDozH0NETNUs-OkczKuHuC2l50tvOLmQMuSpR8DhXMH1h2NPlGKJLqv5riXStTt7IGFK7sjr__1G2qma__SHiAcuEtDBQ6wG5mzMYiWy5J_2Je4RTn8ZbBn-HTxCddx2D_RFtroYBZD9w8slHb20SlK-bgPIG_DR5fdB61oA4hVjb_SKVkp4S_dw
tecnico-024,tecnico,5,2026,1,eyJraWQiOiJEZ0VqOWg3UkwxeE1mcTV6dm1XcnlhWHdPZTZ3eW9WRDFNMDBVeENYaUUwPSIsImFsZyI6IlJTMjU2In0.eyJzdWIiOiI3NGU4MTRhOC03MDQxLTcwY2MtM2NkOC1iN2FiMzYxYWFlNmMiLCJjb2duaXRvOmdyb3VwcyI6WyJ0ZWNuaWNvIl0sImVtYWlsX3ZlcmlmaWVkIjp0cnVlLCJpc3MiOiJodHRwczovL2NvZ25pdG8taWRwLnVzLWVhc3QtMS5hbWF6b25hd3MuY29tL3VzLWVhc3QtMV9RR2hSTkpOY3MiLCJjb2duaXRvOnVzZXJuYW1lIjoidGVjbmljby0wMjQiLCJvcmlnaW5fanRpIjoiYjgyZmJlZTctM2Y0ZS00ZTI4LTkyYTEtNTg0NmFhMjY3OGQyIiwiYXVkIjoiN2VxNWY0NmdtdDRjaGtwYWJncHVwMTdjZTYiLCJldmVudF9pZCI6ImNlZWI0YTE4LWU2MDItNGU4Zi05MTFiLTBhMGRmZjFmYWI5NSIsInRva2VuX3VzZSI6ImlkIiwiYXV0aF90aW1lIjoxNzc5OTg5NzA1LCJleHAiOjE3Nzk5OTMzMDUsImlhdCI6MTc3OTk4OTcwNSwianRpIjoiNzE1NmFhNDMtOWE4NC00NjJkLWE4MmUtNGRkNzRlZjljYTI5IiwiZW1haWwiOiJ0ZWNuaWNvLTAyNEBiaXRlY28uY29tIn0.O-kOb2EwTUeXZ_KH0SijNRjnVX2gMWLvcMXzwkJTffe2osklL0GwPAWEonFjZZ2CPHzeK_uvxpudKGrcE5Fklme28LLM_gTI_hw78K3IX2PdV3sBts2APMHQZFJSoniQ9KDvoFzpzJ2uxPlWtNswXW3n-C82ZV7O53xsDQYunrnwM-VgokGJ8p8AhTtFjMfWl9tq6yffEeh9k8BUrYWDmXO9eWBTksciGBzeezh5JA7KCnSIh1gGAr8ezPgjce-qyWpWNeCv16QN_y9UR16IdaAwtskB-k3EJ6EWMu-_XaH0BlOxaxxwG4iBlmk6Hy3LzmJmedg9FZdv2xiaRhhW8w
tecnico-025,tecnico,6,2026,2,eyJraWQiOiJEZ0VqOWg3UkwxeE1mcTV6dm1XcnlhWHdPZTZ3eW9WRDFNMDBVeENYaUUwPSIsImFsZyI6IlJTMjU2In0.eyJzdWIiOiI4NDE4ZjQxOC1lMGExLTcwY2QtOGIxMi0xMzk1ZTc1YTliMTkiLCJjb2duaXRvOmdyb3VwcyI6WyJ0ZWNuaWNvIl0sImVtYWlsX3ZlcmlmaWVkIjp0cnVlLCJpc3MiOiJodHRwczovL2NvZ25pdG8taWRwLnVzLWVhc3QtMS5hbWF6b25hd3MuY29tL3VzLWVhc3QtMV9RR2hSTkpOY3MiLCJjb2duaXRvOnVzZXJuYW1lIjoidGVjbmljby0wMjUiLCJvcmlnaW5fanRpIjoiMjg0NjI3MTUtNDQxMS00ZWYxLWI1MTktMTU2ZTFjZDU2YjI1IiwiYXVkIjoiN2VxNWY0NmdtdDRjaGtwYWJncHVwMTdjZTYiLCJldmVudF9pZCI6Ijc4M2QzNzQ4LWUyNDItNDVhMi1hZDQ1LWM1OTc5ZDUxMGI4YiIsInRva2VuX3VzZSI6ImlkIiwiYXV0aF90aW1lIjoxNzc5OTg5NzA1LCJleHAiOjE3Nzk5OTMzMDUsImlhdCI6MTc3OTk4OTcwNSwianRpIjoiYzA4OGQwNGEtM2M5Yi00NDg5LWEyZDgtMzBhMGZlMzJmODljIiwiZW1haWwiOiJ0ZWNuaWNvLTAyNUBiaXRlY28uY29tIn0.BD_bMyljkHzTPAfdgUTDlEP_Cz1S0SELkETvR5SFVuIsg5niRxVULeOrdhkWTIFEbpPSf2NOspj4EDEDSbh5lpPVWF74X7vYIN0NyMGYLSLaUDLoPJ3JpHGd1TXM8cnAEzsm_6yOk53Qp0fT0ST9LuHNjHOH5m9UdPETTRHA_i3DF2oldzl9ETqxe5kBtlBR6HmsJved2hZZDbftWJzJFBA7MtwqQIAsE0bN_Kky9b6L9CZmoqohZW1C6VmHx0LtVj--setaw76a69ypqVbgKgInODAQa24SZNEfWiKyZcAiXA7nDKlJJ8H1NWY6tD-IJs8XWgbdeZMv1L70yU_VpA
tecnico-026,tecnico,7,2026,3,eyJraWQiOiJEZ0VqOWg3UkwxeE1mcTV6dm1XcnlhWHdPZTZ3eW9WRDFNMDBVeENYaUUwPSIsImFsZyI6IlJTMjU2In0.eyJzdWIiOiJjNDA4ODQwOC1lMDMxLTcwNzItZmJhNC1kZmNhMDUxNTY5ODIiLCJjb2duaXRvOmdyb3VwcyI6WyJ0ZWNuaWNvIl0sImVtYWlsX3ZlcmlmaWVkIjp0cnVlLCJpc3MiOiJodHRwczovL2NvZ25pdG8taWRwLnVzLWVhc3QtMS5hbWF6b25hd3MuY29tL3VzLWVhc3QtMV9RR2hSTkpOY3MiLCJjb2duaXRvOnVzZXJuYW1lIjoidGVjbmljby0wMjYiLCJvcmlnaW5fanRpIjoiZjNjYmZmOGUtYTkyZi00MTEyLWIwZTctOTY5MjYzNGMyYjgxIiwiYXVkIjoiN2VxNWY0NmdtdDRjaGtwYWJncHVwMTdjZTYiLCJldmVudF9pZCI6ImE3OGQyNzc2LWRkNmQtNDllMi05YWVjLTE0NGFlMDc4YmYxZSIsInRva2VuX3VzZSI6ImlkIiwiYXV0aF90aW1lIjoxNzc5OTg5NzA1LCJleHAiOjE3Nzk5OTMzMDUsImlhdCI6MTc3OTk4OTcwNSwianRpIjoiOTUzMjMzOWUtNzYyMS00MmQ1LWIyMDYtNTEyMjg1MGJlNWMyIiwiZW1haWwiOiJ0ZWNuaWNvLTAyNkBiaXRlY28uY29tIn0.47PW3NiG6QYGsLv5ajYFKbTB5y57pPDCAivJ_1PUCytyVePSka-yXbnWjDKQCL7nzlcNZuR0Nnxjw8jUIV58rNNpnoD0BwCUvhLyhg-2LGH3nE7ed6QVyxBQQCUGx6ozNVockLFDhKYL9_rZ3JXllEeNZx3y6xxaAkCTGYFnzpJir2jqRMxkKDkgJ6MUrn8JJfyoyCh6VuonJkE94GlX80g5sm9llggxYc7seuZdkYXWRTdQR6NidxfAox8U8iWDGeXaoZAml2uJm_OiOd0bEydd4xDtE0WrcwN6Qr6DdxRyRFIpJWTqXrEYYPG8aMzDspy5Ce6AkiUmlDjFQnDaJw
tecnico-027,tecnico,8,2026,4,eyJraWQiOiJEZ0VqOWg3UkwxeE1mcTV6dm1XcnlhWHdPZTZ3eW9WRDFNMDBVeENYaUUwPSIsImFsZyI6IlJTMjU2In0.eyJzdWIiOiI2NDA4YzRmOC05MGUxLTcwNjAtYzg2ZS1iZDEzMTVlNWM3OWMiLCJjb2duaXRvOmdyb3VwcyI6WyJ0ZWNuaWNvIl0sImVtYWlsX3ZlcmlmaWVkIjp0cnVlLCJpc3MiOiJodHRwczovL2NvZ25pdG8taWRwLnVzLWVhc3QtMS5hbWF6b25hd3MuY29tL3VzLWVhc3QtMV9RR2hSTkpOY3MiLCJjb2duaXRvOnVzZXJuYW1lIjoidGVjbmljby0wMjciLCJvcmlnaW5fanRpIjoiOWZhZjM5MGMtMGNlMy00NjhmLWExYjUtYzc1YzJjMjgxMWZjIiwiYXVkIjoiN2VxNWY0NmdtdDRjaGtwYWJncHVwMTdjZTYiLCJldmVudF9pZCI6ImQzMTUwZTUxLWE0ODQtNDhkOC1hNjI3LTliNDMyNWM3MjI3NyIsInRva2VuX3VzZSI6ImlkIiwiYXV0aF90aW1lIjoxNzc5OTg5NzA1LCJleHAiOjE3Nzk5OTMzMDUsImlhdCI6MTc3OTk4OTcwNSwianRpIjoiMTMyODRjOGEtM2UyMy00MzlkLTk1NzEtZjNjNWM1YjFlYzdlIiwiZW1haWwiOiJ0ZWNuaWNvLTAyN0BiaXRlY28uY29tIn0.VbOgQjb6lXI8uJVhfdfrlGO9wzxBqyL66-vtLaOmb-M71jii-XPQKo5OQ-lNB0cbnmgpVT5dAiUPJjcmqm2eYPYa_71wTleNXHZvni1jG6mALeNqBeZDkXmvWosA_Y3TPW3XpeUQFeOwjbzVMOf6kbNXWDzkkAIb2w1OTZ87RvXDzlKgcGL9pMPe-nG7SZCW45Or6sew3MIOm0m3sjPNb5BeGsPGSssBqzaaQikrtka_iNW5SXtdU76E5mwX3Towp1BVCfFKPzg7MHsalThGZpixcC4BtpqZW3ReKKMct-Lu4yvesf7gzW8dLZNYdEGCxqqp4w31BC4p_nM6T2XcbA
tecnico-028,tecnico,9,2026,1,eyJraWQiOiJEZ0VqOWg3UkwxeE1mcTV6dm1XcnlhWHdPZTZ3eW9WRDFNMDBVeENYaUUwPSIsImFsZyI6IlJTMjU2In0.eyJzdWIiOiI1NDE4MDQ3OC00MDgxLTcwMDYtMDcyYy04M2EwNzdhMWJhMmYiLCJjb2duaXRvOmdyb3VwcyI6WyJ0ZWNuaWNvIl0sImVtYWlsX3ZlcmlmaWVkIjp0cnVlLCJpc3MiOiJodHRwczovL2NvZ25pdG8taWRwLnVzLWVhc3QtMS5hbWF6b25hd3MuY29tL3VzLWVhc3QtMV9RR2hSTkpOY3MiLCJjb2duaXRvOnVzZXJuYW1lIjoidGVjbmljby0wMjgiLCJvcmlnaW5fanRpIjoiNWU5YWFkMWEtNzZhMC00Njc4LWE3YTUtMzIzNzIxMzhkN2VlIiwiYXVkIjoiN2VxNWY0NmdtdDRjaGtwYWJncHVwMTdjZTYiLCJldmVudF9pZCI6ImIzOGRjM2Q0LTk0ODEtNDU0Yi1iOThhLTBlNTAxZmFkODk4MyIsInRva2VuX3VzZSI6ImlkIiwiYXV0aF90aW1lIjoxNzc5OTg5NzA2LCJleHAiOjE3Nzk5OTMzMDYsImlhdCI6MTc3OTk4OTcwNiwianRpIjoiOTU0NjRiOTUtOTM5Mi00MGQxLTg4NjgtNTkwY2I4ZjhjYjc3IiwiZW1haWwiOiJ0ZWNuaWNvLTAyOEBiaXRlY28uY29tIn0.MpXacXZNmaqUwTlvAI5RKBX4IJ0f6vmg8lEJkMsS3glzQq3M4E_sS1tAnobryDGuFIZpDwUs9wlI4Ip5U7WjfB3Dy1T66SsjP-7467nnLAqer3s5BsGQJ7haOAEEK6jNoOguRGW2-SauVwSCl_705ML3BnIixmg99zOQKcEqMZ2lYb4psOJYOfKOQdRHQ7rULI2kefZ_otX_dfTOCazl6YIEKOE-y9FeN5Gh9_3ifjyyioKPqEO6gSE2bQyIZ-ixSxbLgxschOXyD2xN09mJuMVGLKHavN8LUcxumDffBhV74PZsSfcDYGQjofz6nQBaXonFsiNy4NUR0kgkJexszA
tecnico-029,tecnico,10,2026,2,eyJraWQiOiJEZ0VqOWg3UkwxeE1mcTV6dm1XcnlhWHdPZTZ3eW9WRDFNMDBVeENYaUUwPSIsImFsZyI6IlJTMjU2In0.eyJzdWIiOiI0NGU4OTQzOC05MDIxLTcwZjYtYmQxYy1jMzY2MGRjNWQ5ZTQiLCJjb2duaXRvOmdyb3VwcyI6WyJ0ZWNuaWNvIl0sImVtYWlsX3ZlcmlmaWVkIjp0cnVlLCJpc3MiOiJodHRwczovL2NvZ25pdG8taWRwLnVzLWVhc3QtMS5hbWF6b25hd3MuY29tL3VzLWVhc3QtMV9RR2hSTkpOY3MiLCJjb2duaXRvOnVzZXJuYW1lIjoidGVjbmljby0wMjkiLCJvcmlnaW5fanRpIjoiYTI3OGE1MzktOWY3NS00ZTRlLTgzNDMtNTVkMDZlNTYzZGI5IiwiYXVkIjoiN2VxNWY0NmdtdDRjaGtwYWJncHVwMTdjZTYiLCJldmVudF9pZCI6IjM2OWEzMDc0LTFhODgtNGZjOS1hNjdiLTUyN2MwNDNkNzgwMSIsInRva2VuX3VzZSI6ImlkIiwiYXV0aF90aW1lIjoxNzc5OTg5NzA2LCJleHAiOjE3Nzk5OTMzMDYsImlhdCI6MTc3OTk4OTcwNiwianRpIjoiM2QwOGJkYzQtMGJhNC00ZWYxLWIyNjYtOTEyOGUzNTBjMTMxIiwiZW1haWwiOiJ0ZWNuaWNvLTAyOUBiaXRlY28uY29tIn0.0KLnPP-ZeQtMvgxMzd3gcvtcY1W8hKICzz4tOsjhZ7tHZI1VSHdpvPnd8jULdHVvFH198yG88g54utr4qVppFQRZHX5NR9l3L0a_hOPMlAog81eBQdLZAObD2Uszn1MHNQi0uvG6BdDLl3IOK7M5yXEb-6MLrixMC3WtWtizukVwxo-O3W1SjNfkhBoqIFGbaoa5rV_uT85gWxGBqPc2fD2qZ-x5Ku0r_o3VOvvsl3R1EvrjQ7yFhxreux3oCUbTv6WeLrT_5RX0O0VsVmSs9STfmxAYz45ZtxrEiEzT1QiRd_Hjhq1K39OmUExjMnXR2jJBeUAgUPpSO3B5IZIf7A
tecnico-030,tecnico,1,2026,3,eyJraWQiOiJEZ0VqOWg3UkwxeE1mcTV6dm1XcnlhWHdPZTZ3eW9WRDFNMDBVeENYaUUwPSIsImFsZyI6IlJTMjU2In0.eyJzdWIiOiIyNDU4NzQyOC1mMDAxLTcwNmQtOGVhYS01ZjNmNGU5ZmJjZjYiLCJjb2duaXRvOmdyb3VwcyI6WyJ0ZWNuaWNvIl0sImVtYWlsX3ZlcmlmaWVkIjp0cnVlLCJpc3MiOiJodHRwczovL2NvZ25pdG8taWRwLnVzLWVhc3QtMS5hbWF6b25hd3MuY29tL3VzLWVhc3QtMV9RR2hSTkpOY3MiLCJjb2duaXRvOnVzZXJuYW1lIjoidGVjbmljby0wMzAiLCJvcmlnaW5fanRpIjoiNTk1ODlkZmYtZGQyZC00MzNhLWFmYzctOWE2MTMyMzQyNzE4IiwiYXVkIjoiN2VxNWY0NmdtdDRjaGtwYWJncHVwMTdjZTYiLCJldmVudF9pZCI6IjQ5NjAxNDgxLTMwZDItNDUxNS1hZjQ4LTViMjUwMGUxNzJlNiIsInRva2VuX3VzZSI6ImlkIiwiYXV0aF90aW1lIjoxNzc5OTg5NzA2LCJleHAiOjE3Nzk5OTMzMDYsImlhdCI6MTc3OTk4OTcwNiwianRpIjoiY2U2NjliNTItMGVmMy00OTI3LTkwMzgtNzc0NGIzMDdhZTNmIiwiZW1haWwiOiJ0ZWNuaWNvLTAzMEBiaXRlY28uY29tIn0.gHLBqiWEKn62wtfxMU2Ypla821A_dlKowwvwqWp10Rdb-e4vcuC9gCm0fp7i4Gy0L00yjgDXGbRlRaO5L6EV2XnV2X_aAiQc_-Q4t9-NI_ZH2VWwoHw2XxTvNINmKZ4MmL942PfZshnG0o6cFK1w6BS6T9_lRBmywpdQaWu90-S6uZo5_8VpGuLwEflg0mkpp2NRUGiq8NjibK5FJZGYuZvGLj5OffZcS2wYwvKmtN83ybZd4k8qo8EhRIV0G90Tk_pCCIZh-DLYkcPPqU7n5V4i2DRTiqlejIIBafOU7NuGn-Jte8pyJmCDNeO2ahguS5LrWhEB61VUopCk05OcBQ
tecnico-031,tecnico,2,2026,4,eyJraWQiOiJEZ0VqOWg3UkwxeE1mcTV6dm1XcnlhWHdPZTZ3eW9WRDFNMDBVeENYaUUwPSIsImFsZyI6IlJTMjU2In0.eyJzdWIiOiJmNDE4YzRiOC1mMDYxLTcwMDAtMTAwNC0yNGY1Mjc5NTQ3NDciLCJjb2duaXRvOmdyb3VwcyI6WyJ0ZWNuaWNvIl0sImVtYWlsX3ZlcmlmaWVkIjp0cnVlLCJpc3MiOiJodHRwczovL2NvZ25pdG8taWRwLnVzLWVhc3QtMS5hbWF6b25hd3MuY29tL3VzLWVhc3QtMV9RR2hSTkpOY3MiLCJjb2duaXRvOnVzZXJuYW1lIjoidGVjbmljby0wMzEiLCJvcmlnaW5fanRpIjoiMzllMDg0OTItYzE1Ni00OWIxLTliZjItN2RkM2M0OGY0ODNlIiwiYXVkIjoiN2VxNWY0NmdtdDRjaGtwYWJncHVwMTdjZTYiLCJldmVudF9pZCI6IjY2NmM2NGM5LTFhYTMtNDJiMC05YjEzLWMxZjFkODFhMGI5ZiIsInRva2VuX3VzZSI6ImlkIiwiYXV0aF90aW1lIjoxNzc5OTg5NzA2LCJleHAiOjE3Nzk5OTMzMDYsImlhdCI6MTc3OTk4OTcwNiwianRpIjoiNThiZGRkOTEtMDg3ZC00MWFjLWJlYTgtODczY2YwZTAzOWI4IiwiZW1haWwiOiJ0ZWNuaWNvLTAzMUBiaXRlY28uY29tIn0.TERJCI4EixLCttp2TI4RldOgVG0TWndaaH9V-ncvpmEz3EJjkXMLdbJU5Y1ZTHSzYmpfnV-HsovHHFv6fqxJCz7-9FbYDSFqcKSqwaL1Hbt9NJdtYDM8T7xsdcBOcWuZCXk4Id959CLy59aOdRB_AiP_JW-wTr1NIkYCATngDadrn4CvIBSvJmJ7PkCBCdavitFKJkW0GP0s5VG0A2zdrVcZ0TkhWQ9xsA5TW4sdgwCAlF4JcD345kt3doc8dnaSiD8C37Nk6N7CuEm_MzockW1NLKINd3hDtfaozbj76O9riqcAT7i-YafhgCk1sXMjuLvNDWUElzE17zvz2qPl8w
tecnico-032,tecnico,3,2026,1,eyJraWQiOiJEZ0VqOWg3UkwxeE1mcTV6dm1XcnlhWHdPZTZ3eW9WRDFNMDBVeENYaUUwPSIsImFsZyI6IlJTMjU2In0.eyJzdWIiOiJiNDI4YTRhOC02MGExLTcwNDYtYmY5YS0wMDUyZjFlZTFhNmYiLCJjb2duaXRvOmdyb3VwcyI6WyJ0ZWNuaWNvIl0sImVtYWlsX3ZlcmlmaWVkIjp0cnVlLCJpc3MiOiJodHRwczovL2NvZ25pdG8taWRwLnVzLWVhc3QtMS5hbWF6b25hd3MuY29tL3VzLWVhc3QtMV9RR2hSTkpOY3MiLCJjb2duaXRvOnVzZXJuYW1lIjoidGVjbmljby0wMzIiLCJvcmlnaW5fanRpIjoiNmFlMGMzMjgtNDAxMi00NzFiLWI3MzMtZGFiYjQ4YWIyYTRiIiwiYXVkIjoiN2VxNWY0NmdtdDRjaGtwYWJncHVwMTdjZTYiLCJldmVudF9pZCI6Ijg4MWIxNDdhLWVkMGEtNDc2My1hNzBiLTlmNzJjYWY5ZGE2ZCIsInRva2VuX3VzZSI6ImlkIiwiYXV0aF90aW1lIjoxNzc5OTg5NzA3LCJleHAiOjE3Nzk5OTMzMDcsImlhdCI6MTc3OTk4OTcwNywianRpIjoiZGY5YjYzMzQtZGY4Ny00OTM2LWFjZmMtMWFlZGIxZTZlY2U1IiwiZW1haWwiOiJ0ZWNuaWNvLTAzMkBiaXRlY28uY29tIn0.SjCSH9__JsmhL_bThyMCRe8-Yqz3xEJ105QlVt74_-b7Uc-pMxw-hg0ZD_GaLMa72CvrLzFZt9zmrK_KG61fNciHXV2-K1aMOqQ_iHTBhI4MXcbdVd7hE7s5rVFKYv8Wso2a1mo2y690yspsqbyB1kV8JmQZqKPLSiOhhoYvMAcLhLIE_YFrHwfKR4nokJemfQEiJli3xol_DChrhRKqJghhqMDSF1L1arGysQi-ndENiZWC99OmZKlsNqgpySqrqsYX1RHwhYmoiPfKYvVEv_PU36YAhQbrRx8oRtCCsMHUPgsHxfBVrQkuiAJyAgOuGbL5SYkqkAGExguMEN1VGQ
tecnico-033,tecnico,4,2026,2,eyJraWQiOiJEZ0VqOWg3UkwxeE1mcTV6dm1XcnlhWHdPZTZ3eW9WRDFNMDBVeENYaUUwPSIsImFsZyI6IlJTMjU2In0.eyJzdWIiOiJlNDM4NDRkOC1hMDMxLTcwZDUtZjU3NC00YWU2YTI3MGI0MDkiLCJjb2duaXRvOmdyb3VwcyI6WyJ0ZWNuaWNvIl0sImVtYWlsX3ZlcmlmaWVkIjp0cnVlLCJpc3MiOiJodHRwczovL2NvZ25pdG8taWRwLnVzLWVhc3QtMS5hbWF6b25hd3MuY29tL3VzLWVhc3QtMV9RR2hSTkpOY3MiLCJjb2duaXRvOnVzZXJuYW1lIjoidGVjbmljby0wMzMiLCJvcmlnaW5fanRpIjoiZWU1OGU1YzQtNDI0ZS00ODIwLThhOWMtZjdkMTIwZWJiM2U5IiwiYXVkIjoiN2VxNWY0NmdtdDRjaGtwYWJncHVwMTdjZTYiLCJldmVudF9pZCI6IjBhZGUxOGEwLTU4YTYtNDU4OS1iZjcwLThkZGNhMjM2ODIzMSIsInRva2VuX3VzZSI6ImlkIiwiYXV0aF90aW1lIjoxNzc5OTg5NzA3LCJleHAiOjE3Nzk5OTMzMDcsImlhdCI6MTc3OTk4OTcwNywianRpIjoiYjdjMGU2ZmMtMWU0MC00MTNlLWIxMDktNGFkNTJhZWEzNTQ5IiwiZW1haWwiOiJ0ZWNuaWNvLTAzM0BiaXRlY28uY29tIn0.srun8zC44vG_eOcGnQ1elw2G5ActPz68fkvaFS6TjvnHrNm_KrcTDTviHRaas8pKgOy_LsGo_v39MZlFyxJO83EENbsyrfI4DCgZIKDW697uE_j2-1tTiACEY5QWfciFIIIPCa33iFi_gjTsSFOWGTibceQgjGOlruptRCZNFVtT6WqdLlPyp5BqGiasmlUG793zTevyLhAStNUgOhnFX0aGm2y7mf459uIzNmC4gDLagIx7Vzq_cv-8moe5x9jAIu2ECCJCYNNbNcNgnI0otdT4HKfj_FzMzT7nSsKFkhmMFEFqBbzq2wztzm2YjqAmxzhPFYTo3zYynJD1mQskuw
tecnico-034,tecnico,5,2026,3,eyJraWQiOiJEZ0VqOWg3UkwxeE1mcTV6dm1XcnlhWHdPZTZ3eW9WRDFNMDBVeENYaUUwPSIsImFsZyI6IlJTMjU2In0.eyJzdWIiOiJiNDA4NDQ2OC00MDMxLTcwNTctMjg4ZS1iMjRiZDZhZDQ0OGMiLCJjb2duaXRvOmdyb3VwcyI6WyJ0ZWNuaWNvIl0sImVtYWlsX3ZlcmlmaWVkIjp0cnVlLCJpc3MiOiJodHRwczovL2NvZ25pdG8taWRwLnVzLWVhc3QtMS5hbWF6b25hd3MuY29tL3VzLWVhc3QtMV9RR2hSTkpOY3MiLCJjb2duaXRvOnVzZXJuYW1lIjoidGVjbmljby0wMzQiLCJvcmlnaW5fanRpIjoiMjBlNTE5MTYtNGJiNC00YmVmLWE1M2MtM2ExZjQ1OGMxYzQzIiwiYXVkIjoiN2VxNWY0NmdtdDRjaGtwYWJncHVwMTdjZTYiLCJldmVudF9pZCI6ImQzMmMwMDkyLWNhMTItNDZhZi04NDczLWU4YWFmZGNiZGI1OSIsInRva2VuX3VzZSI6ImlkIiwiYXV0aF90aW1lIjoxNzc5OTg5NzA3LCJleHAiOjE3Nzk5OTMzMDcsImlhdCI6MTc3OTk4OTcwNywianRpIjoiOTRhMTA4NzctY2JiMi00NDE2LWJlYTYtMGY3NzVlYzFhMzkzIiwiZW1haWwiOiJ0ZWNuaWNvLTAzNEBiaXRlY28uY29tIn0.xFAxRBo9X138YZEaH7h5LZ22MjS-HyzyEleU3PnuCxji8-ckbqqsnZW4G7bC6W-Cw-JxAFq6NjDAU1PQQ-QoBajveGl2J4aKxkO-kamHtb4Rye-XwMxCJw1nI3hYmtHFb13tYj4qGuivGd4Qcj-RTOqz_Kk1wnQaS35P1w9i838gVXAZTBfE-ohIVP2mhEqCcHCTOCNI6VlMhBP3nnzNvKzGdeKHOS_k1ir34XbVeIl8RCIgQ9CT9nLf5mkf6aXX6DtD10POFiSQIiuO-ED6OaACbURT0JAzyeaJKMH3vLrx4bDmaDg9QsYNf0uQmsPPEImDRrZKeELxIeBmUspMMg
tecnico-035,tecnico,6,2026,4,eyJraWQiOiJEZ0VqOWg3UkwxeE1mcTV6dm1XcnlhWHdPZTZ3eW9WRDFNMDBVeENYaUUwPSIsImFsZyI6IlJTMjU2In0.eyJzdWIiOiI2NDQ4ZjQxOC0zMGUxLTcwYmYtNjU0Ni1iZjljNjFlNjlmYTYiLCJjb2duaXRvOmdyb3VwcyI6WyJ0ZWNuaWNvIl0sImVtYWlsX3ZlcmlmaWVkIjp0cnVlLCJpc3MiOiJodHRwczovL2NvZ25pdG8taWRwLnVzLWVhc3QtMS5hbWF6b25hd3MuY29tL3VzLWVhc3QtMV9RR2hSTkpOY3MiLCJjb2duaXRvOnVzZXJuYW1lIjoidGVjbmljby0wMzUiLCJvcmlnaW5fanRpIjoiYWI1NGQ1YzctMzY3Yy00OGMzLWFmMDMtODQyNGQ5NDkwNTAyIiwiYXVkIjoiN2VxNWY0NmdtdDRjaGtwYWJncHVwMTdjZTYiLCJldmVudF9pZCI6IjRjNjAwZmEzLTlmOGEtNGNjZS1iM2U5LWZlYzk5Y2Q4ZGY0YyIsInRva2VuX3VzZSI6ImlkIiwiYXV0aF90aW1lIjoxNzc5OTg5NzA4LCJleHAiOjE3Nzk5OTMzMDgsImlhdCI6MTc3OTk4OTcwOCwianRpIjoiOTA5YmYzYzctNzFlNS00YjQ5LWEyNTMtZDBjZmE3NTEzYzFkIiwiZW1haWwiOiJ0ZWNuaWNvLTAzNUBiaXRlY28uY29tIn0.MCssjBIIaIyiCCI56NqJ7h0GQMHNeW_vgWATWpr-jB16fjgaqlNelqBEmVazhotfFNRjyLu5QHODdfrRsywVJNT6PmS-Fhc3C8uqballenj4__XKooD3l9fjyGn1YdY2TeVqWreCI9GUDJG2fDDYnIFW-7WhDIVEWVzgh_cHWPY9JAkNhodyllURuaN0mx6dXOuh7rgWeMMK0DvfaDTt1oZI9GSHox_QqDONuSc61l7VALK1jF39u7hiblscWF2kPAcjwHTFdYammbwoe-K_wxP_GkJfMu3kL4xMT8sM16BjxcU3uZRz8y_s37eUDH3Vv7P6M3xQ9pzEQi4Jm9a4-A
tecnico-036,tecnico,7,2026,1,eyJraWQiOiJEZ0VqOWg3UkwxeE1mcTV6dm1XcnlhWHdPZTZ3eW9WRDFNMDBVeENYaUUwPSIsImFsZyI6IlJTMjU2In0.eyJzdWIiOiI1NDc4YTRjOC0zMGQxLTcwMzItNzgyNC1lMDk3NGRmODEyMTciLCJjb2duaXRvOmdyb3VwcyI6WyJ0ZWNuaWNvIl0sImVtYWlsX3ZlcmlmaWVkIjp0cnVlLCJpc3MiOiJodHRwczovL2NvZ25pdG8taWRwLnVzLWVhc3QtMS5hbWF6b25hd3MuY29tL3VzLWVhc3QtMV9RR2hSTkpOY3MiLCJjb2duaXRvOnVzZXJuYW1lIjoidGVjbmljby0wMzYiLCJvcmlnaW5fanRpIjoiNjgwMmY5NzMtNTZmNS00YTMyLThmMTYtZjdjOTJhNDU2YzcwIiwiYXVkIjoiN2VxNWY0NmdtdDRjaGtwYWJncHVwMTdjZTYiLCJldmVudF9pZCI6IjIzZGU3OWJkLWEzZjMtNDIxMi05OTM1LWM1YzI3ZjI5ZjUxNiIsInRva2VuX3VzZSI6ImlkIiwiYXV0aF90aW1lIjoxNzc5OTg5NzA4LCJleHAiOjE3Nzk5OTMzMDgsImlhdCI6MTc3OTk4OTcwOCwianRpIjoiZGY3NDQ1Y2UtNGI0ZS00NWY4LWIzMWEtMzBlYmQxNWM0NWMxIiwiZW1haWwiOiJ0ZWNuaWNvLTAzNkBiaXRlY28uY29tIn0.PC1XBSpqZ4_yGy-3sJefl7rescxrh-4uqJIMz8i17p6opQOKlPZy4MzPGlgwSpXmjGdT1LhDo_DGu_YoA0cbc1J1neUlAo-yhcNnBZ5ohdMk_qLOZKxPbv2-eD4Bc1WYqUAGmWNUSvmxZVntXweeMqSka_LcNH05JcV0L6sp54C_SwlzR5_6u6A88j1XYFYDrf5HtFXeIWmqxR8x0Ld-QGd7HMG5NBMBbZa5wrqAghOcJnK2d0tscCv-GJ6vCWGk7yP8o8ZeAWpX5kuZvSPQ5X-EbF2t2bd4A-9cKYrzRknPaPX1bUIWQbKBSWwcSm9yH8fuOoHizo8Bye7t1xyDfg
tecnico-037,tecnico,8,2026,2,eyJraWQiOiJEZ0VqOWg3UkwxeE1mcTV6dm1XcnlhWHdPZTZ3eW9WRDFNMDBVeENYaUUwPSIsImFsZyI6IlJTMjU2In0.eyJzdWIiOiJmNDE4ZjQxOC1lMDExLTcwMDYtOTMwNC1jZWQ3NGJhNGFiYjgiLCJjb2duaXRvOmdyb3VwcyI6WyJ0ZWNuaWNvIl0sImVtYWlsX3ZlcmlmaWVkIjp0cnVlLCJpc3MiOiJodHRwczovL2NvZ25pdG8taWRwLnVzLWVhc3QtMS5hbWF6b25hd3MuY29tL3VzLWVhc3QtMV9RR2hSTkpOY3MiLCJjb2duaXRvOnVzZXJuYW1lIjoidGVjbmljby0wMzciLCJvcmlnaW5fanRpIjoiYWE5Y2RiODItY2M5OS00OGI4LTkxMDYtZmQ0OWQ3ZTYyYmI4IiwiYXVkIjoiN2VxNWY0NmdtdDRjaGtwYWJncHVwMTdjZTYiLCJldmVudF9pZCI6ImM0ODljY2Y5LTU5YTItNDAyMi1hMjIwLWMzZDdmMzYzZjM5MiIsInRva2VuX3VzZSI6ImlkIiwiYXV0aF90aW1lIjoxNzc5OTg5NzA4LCJleHAiOjE3Nzk5OTMzMDgsImlhdCI6MTc3OTk4OTcwOCwianRpIjoiNTU3ZjcxZTctYmI2OS00MWM1LTgyNWQtZWM2YTE5NGI0ZTc5IiwiZW1haWwiOiJ0ZWNuaWNvLTAzN0BiaXRlY28uY29tIn0.LQaAQJ0TD_N3NbLWdY6W7BvLVx0HMNPnfBIL9OCpdhBkO8SXYf_rWWb7cNr4jziLqIjNCLNmkrbHw6gcBMxwWy0SFdJNMZEKNSYjhIcnxWh_SpXs5H4SWWSEBX1SlaVg--wio-LbT9BHzOYJ_79HjMMzujWVn70oo9OazuppKHTf-F44AvFfb1nxpWivbcQLbwm_JQQwAzls6xpnQ-ELcVm8JFXFqTH5NXh1x0q-sgtuMohRAnFiSXhj0OfMIn0v_QZwdj5CbmAeMGDDnUAVCWYF7-WdmsXPHXDOU4BOd-XibTEmsVd3LlAy-_sW8-eUuxlHZcUTaJ1TgAHb96lLqg
tecnico-038,tecnico,9,2026,3,eyJraWQiOiJEZ0VqOWg3UkwxeE1mcTV6dm1XcnlhWHdPZTZ3eW9WRDFNMDBVeENYaUUwPSIsImFsZyI6IlJTMjU2In0.eyJzdWIiOiI0NDQ4MzRhOC1kMDQxLTcwYTUtMGE1Zi01YmU0NWI2YzNkOGUiLCJjb2duaXRvOmdyb3VwcyI6WyJ0ZWNuaWNvIl0sImVtYWlsX3ZlcmlmaWVkIjp0cnVlLCJpc3MiOiJodHRwczovL2NvZ25pdG8taWRwLnVzLWVhc3QtMS5hbWF6b25hd3MuY29tL3VzLWVhc3QtMV9RR2hSTkpOY3MiLCJjb2duaXRvOnVzZXJuYW1lIjoidGVjbmljby0wMzgiLCJvcmlnaW5fanRpIjoiYWVhYjQ2M2QtNDBmOS00MmVhLTk5MWUtNDRhZWJkMmViZmYyIiwiYXVkIjoiN2VxNWY0NmdtdDRjaGtwYWJncHVwMTdjZTYiLCJldmVudF9pZCI6ImYxZmM0ZjhmLTVkN2MtNDVmNy1hNThhLTVkNzljNmVmOTdhNiIsInRva2VuX3VzZSI6ImlkIiwiYXV0aF90aW1lIjoxNzc5OTg5NzA4LCJleHAiOjE3Nzk5OTMzMDgsImlhdCI6MTc3OTk4OTcwOCwianRpIjoiOTRhYjBmM2YtMDFjMS00NDQyLTlmYTktNTNiMTM1YTIyMzdiIiwiZW1haWwiOiJ0ZWNuaWNvLTAzOEBiaXRlY28uY29tIn0.uci5Fk9bQMtpwnfzrDQiMk8dfifVzeFT_6cGtqlcBk9FnFbItTXwQg80eiVI7g1jvjaN3eFjcOFGkZ3Wp-fKRDTYIrKfebTNr4NkuZCNgFKXKe1_JKx2R-lT0pcYg5j0L7BYhf7znm_89BBkH53f1DIuU2TlafW63ate-Z4quS9z3653We6E5cmJtk_YxzKkdVijGSUHRz3KcRJNGqwMGq_1kvizzLrOQomOMph7DDLrVVzWanFi5yLwa4uYuFsNz4pM7QFO_nkHderi7-xoQynQcJSYLvEELocU6JCjGe5WLwOXc9IFMuydQXTDYYdk8_hn0xh8b8KyeWPV24Axlg
tecnico-039,tecnico,10,2026,4,eyJraWQiOiJEZ0VqOWg3UkwxeE1mcTV6dm1XcnlhWHdPZTZ3eW9WRDFNMDBVeENYaUUwPSIsImFsZyI6IlJTMjU2In0.eyJzdWIiOiI1NGQ4OTQ2OC1hMGYxLTcwYWQtMmM2Ni1kMjNhZjg0MzZkNTEiLCJjb2duaXRvOmdyb3VwcyI6WyJ0ZWNuaWNvIl0sImVtYWlsX3ZlcmlmaWVkIjp0cnVlLCJpc3MiOiJodHRwczovL2NvZ25pdG8taWRwLnVzLWVhc3QtMS5hbWF6b25hd3MuY29tL3VzLWVhc3QtMV9RR2hSTkpOY3MiLCJjb2duaXRvOnVzZXJuYW1lIjoidGVjbmljby0wMzkiLCJvcmlnaW5fanRpIjoiMDEyYzBlZmUtY2JmMy00N2ZkLTg3ZGYtNzgzZGIzZmI1OGU3IiwiYXVkIjoiN2VxNWY0NmdtdDRjaGtwYWJncHVwMTdjZTYiLCJldmVudF9pZCI6Ijc2MGJmOTFkLTRjZTctNDE1My1iZmEzLWQyOTMwYjg0YTBlYSIsInRva2VuX3VzZSI6ImlkIiwiYXV0aF90aW1lIjoxNzc5OTg5NzA5LCJleHAiOjE3Nzk5OTMzMDksImlhdCI6MTc3OTk4OTcwOSwianRpIjoiZDQyOTBkYTMtNThkZC00OTc1LWEyM2YtZjAzMDRkZjA2YjU2IiwiZW1haWwiOiJ0ZWNuaWNvLTAzOUBiaXRlY28uY29tIn0.WmPqjFFlgKfda40Qjq9zFndWhRdMLLzkTQzgXBAbHXpUKCAJooPSQIEMAQZc-pY-U1LKG-ZfD1P32K3pFDpkW9VJLVtk1YzkKBJEtu2BjYSq5brAT8_JxbgOUtgZ7hR0Ri0FrDFzcz9wrzrl7eDVNOuJ_eqJBQEMCojx_MwDhizlWoN7DHsYCtsM1fLEXxdbMgEs2YMXMIea31LIc-wBoJYXY8EER0FXI6LqITsfm2BGDkSIvPv1p_4EbfrfKgUAQBsVMj9HBr0eDp_Ub6wS7TZ7RTIwsW2qUxUND9-sEldMLvOWr8jKmS2TVL5m-LW5iXgvPw5J7GNPNnzphVjL3g
tecnico-040,tecnico,1,2026,1,eyJraWQiOiJEZ0VqOWg3UkwxeE1mcTV6dm1XcnlhWHdPZTZ3eW9WRDFNMDBVeENYaUUwPSIsImFsZyI6IlJTMjU2In0.eyJzdWIiOiI1NDQ4NzRjOC1lMDExLTcwMWQtZGE2Yi01YTUxNjc1NTdhNWUiLCJjb2duaXRvOmdyb3VwcyI6WyJ0ZWNuaWNvIl0sImVtYWlsX3ZlcmlmaWVkIjp0cnVlLCJpc3MiOiJodHRwczovL2NvZ25pdG8taWRwLnVzLWVhc3QtMS5hbWF6b25hd3MuY29tL3VzLWVhc3QtMV9RR2hSTkpOY3MiLCJjb2duaXRvOnVzZXJuYW1lIjoidGVjbmljby0wNDAiLCJvcmlnaW5fanRpIjoiNmY1NTUyYTYtYjM1Yy00OWJjLTk5MWUtOGUyMDE5NzIwY2VmIiwiYXVkIjoiN2VxNWY0NmdtdDRjaGtwYWJncHVwMTdjZTYiLCJldmVudF9pZCI6ImI4MzVmYzZiLWU2MDQtNDdlMi04ZDcyLTYxNDBiMTk1MjcxYiIsInRva2VuX3VzZSI6ImlkIiwiYXV0aF90aW1lIjoxNzc5OTg5NzA5LCJleHAiOjE3Nzk5OTMzMDksImlhdCI6MTc3OTk4OTcwOSwianRpIjoiOThhNTAzMDAtMjAwOS00YTcwLThkYzgtZjk5MjZhNmZhNjVkIiwiZW1haWwiOiJ0ZWNuaWNvLTA0MEBiaXRlY28uY29tIn0.DkpcDlNrkZb4LDSvireWIDawVs2W_SfB062b2-3AYslz32fK_H9gR79FAVQLuk5JuIlawCiQbmfKz-mdV_mVXKVuwqafMOfIIiBQS4unxxK461IxbI9bq5-ox2ERkWjL6v4q1scf59cH4Y7Gr4ByVYfm5rTkixytMdoq3b4yUVW2xfDysLG3Mbwrz9x_7A6BkLRt1ycXld-s__lcqVAOzvlp5KFjteba0di_JUAqzDsvWseVmU4r__OinVHactaDQs0wJEqsiOwCtsxsg3cSgCtir1p5eO60IS06RzdBhkkWnOHefcNhuNGSGqY7JktRTXkHYgX-UYDpvopxUL2Aeg
tecnico-041,tecnico,2,2026,2,eyJraWQiOiJEZ0VqOWg3UkwxeE1mcTV6dm1XcnlhWHdPZTZ3eW9WRDFNMDBVeENYaUUwPSIsImFsZyI6IlJTMjU2In0.eyJzdWIiOiIxNDE4NTQzOC02MDMxLTcwZDEtN2E0OS05OWZmNjBiNTNjN2MiLCJjb2duaXRvOmdyb3VwcyI6WyJ0ZWNuaWNvIl0sImVtYWlsX3ZlcmlmaWVkIjp0cnVlLCJpc3MiOiJodHRwczovL2NvZ25pdG8taWRwLnVzLWVhc3QtMS5hbWF6b25hd3MuY29tL3VzLWVhc3QtMV9RR2hSTkpOY3MiLCJjb2duaXRvOnVzZXJuYW1lIjoidGVjbmljby0wNDEiLCJvcmlnaW5fanRpIjoiODE4ODcwNGItYWZjMC00MDQ5LWFkZmItZjMxZDRjZmU3MTFiIiwiYXVkIjoiN2VxNWY0NmdtdDRjaGtwYWJncHVwMTdjZTYiLCJldmVudF9pZCI6IjA0YTNlNDBmLTZkMWYtNDNlMy1iYjIwLTg1MGIzMTNmYmFlYSIsInRva2VuX3VzZSI6ImlkIiwiYXV0aF90aW1lIjoxNzc5OTg5NzA5LCJleHAiOjE3Nzk5OTMzMDksImlhdCI6MTc3OTk4OTcwOSwianRpIjoiMTdkNjdkZjQtZWY4ZC00MmZhLWFlMDktM2VjNTI0YjQ3OWFlIiwiZW1haWwiOiJ0ZWNuaWNvLTA0MUBiaXRlY28uY29tIn0.T_xrKcxPLhxkeyeTDdQtJ5dMND76dmvoZF4L642tbbzDAspi5BMCsHH4ky6IetevuxFBAD4R-ayCr8_m_KE-676I_hY8wdRBBu4WIXEaAgDF1koVqOmWrp-9R2jhtJuFiV8VmiM34yJyWHaS4DprHXpWDtBW9WHUaOnbbskrOGPt3dxGhmJm-wb7_tRz09ZuQvceRyaMf62HzSj97yzN055nTOLceLt-ZMiTB2E8gON9r3_LxA9ou-FxmCnRgXhjPO59DZuZxgAupTY_-LnHcx8mxKCT92yDZ6zwApryDw8vNYXyssSRfj280lOP6a9d9JZStlR0WC7isDCKb-cL_Q
tecnico-042,tecnico,3,2026,3,eyJraWQiOiJEZ0VqOWg3UkwxeE1mcTV6dm1XcnlhWHdPZTZ3eW9WRDFNMDBVeENYaUUwPSIsImFsZyI6IlJTMjU2In0.eyJzdWIiOiI1NDg4NzRmOC0yMDYxLTcwZWYtZGM2MC1hZWE3OWIxYjliZWIiLCJjb2duaXRvOmdyb3VwcyI6WyJ0ZWNuaWNvIl0sImVtYWlsX3ZlcmlmaWVkIjp0cnVlLCJpc3MiOiJodHRwczovL2NvZ25pdG8taWRwLnVzLWVhc3QtMS5hbWF6b25hd3MuY29tL3VzLWVhc3QtMV9RR2hSTkpOY3MiLCJjb2duaXRvOnVzZXJuYW1lIjoidGVjbmljby0wNDIiLCJvcmlnaW5fanRpIjoiYjllNGU2YzYtZTA5My00MmU4LWFmMjgtYmU3NmQxYTJiZTZkIiwiYXVkIjoiN2VxNWY0NmdtdDRjaGtwYWJncHVwMTdjZTYiLCJldmVudF9pZCI6ImE1YmU0MzhkLTVlMjAtNDI4OC1hMmJkLWRiODE2YmM0N2RlMyIsInRva2VuX3VzZSI6ImlkIiwiYXV0aF90aW1lIjoxNzc5OTg5NzA5LCJleHAiOjE3Nzk5OTMzMDksImlhdCI6MTc3OTk4OTcwOSwianRpIjoiNmNiMGYzZDUtYTQ1Yi00MjMyLWEzMWMtZDY1ZTkyNWE4ODg0IiwiZW1haWwiOiJ0ZWNuaWNvLTA0MkBiaXRlY28uY29tIn0.vOE4wvczL3Ba47XZ-exsE_kG7FToCb0sugK7H7qKzYawtKTFVkIme2HJ_YUTEJYOMzJtjZYVNtLbOlGVZvwDlgYgMewFOkAGFSthaerPB6jAcb0m6t23aJyN9SYxFtWMBXryIFc8W9j297a33zy7aRATyuBxcva6AFUKhGqYZe6ysXzeG1IkXsX4svlWtXYDHYoSSm4qfA3P7pYghNqjA_65jvpCfmUv7I30-tPFdhFUgSPSYtruPz8Rcwkv2YfxJ0Oook9RYbrVbg8QmoXWZlKTu9br5BXmiP4niibbOT8uEzehpRKFOoLeYvpv8IsSZZXGwROlRKDgPjL0FXIJzg
tecnico-043,tecnico,4,2026,4,eyJraWQiOiJEZ0VqOWg3UkwxeE1mcTV6dm1XcnlhWHdPZTZ3eW9WRDFNMDBVeENYaUUwPSIsImFsZyI6IlJTMjU2In0.eyJzdWIiOiJhNDg4MjRjOC0wMDkxLTcwZTEtMGE1Zi02YzJjM2VhMDI1ZDAiLCJjb2duaXRvOmdyb3VwcyI6WyJ0ZWNuaWNvIl0sImVtYWlsX3ZlcmlmaWVkIjp0cnVlLCJpc3MiOiJodHRwczovL2NvZ25pdG8taWRwLnVzLWVhc3QtMS5hbWF6b25hd3MuY29tL3VzLWVhc3QtMV9RR2hSTkpOY3MiLCJjb2duaXRvOnVzZXJuYW1lIjoidGVjbmljby0wNDMiLCJvcmlnaW5fanRpIjoiMDc1NzkxMzYtZjI5Yy00ZWM0LTljMmEtZGIxZDZhNzM4YzhjIiwiYXVkIjoiN2VxNWY0NmdtdDRjaGtwYWJncHVwMTdjZTYiLCJldmVudF9pZCI6IjI0NjFhMzgzLTY4ZDctNGFhMC1hYmMxLWU0ZmU5MjBiMzljZSIsInRva2VuX3VzZSI6ImlkIiwiYXV0aF90aW1lIjoxNzc5OTg5NzEwLCJleHAiOjE3Nzk5OTMzMTAsImlhdCI6MTc3OTk4OTcxMCwianRpIjoiMDI5NWJiYTgtMzc0YS00NjlkLWI1ZDQtOGU0NDY3MzFlYWE1IiwiZW1haWwiOiJ0ZWNuaWNvLTA0M0BiaXRlY28uY29tIn0.TT-V4XdXWDyC81yYoH8V5XanvET_yFBKgYDtEaiuxvUrEj_SChJGOVKBu7mObGavJ8za9312aMCfAgjIYh-KmtTYctJoWEkjGGZP7NOWBVrjeusZ6U50n86OdDkws9g_TxzNkEJrI3IShmM3oIR0XHs0s_hDWJ6QBPcFgG8S0LL50I9sG_zHEwkgQESFB4JkUcsco2VY1uhXilCFwZ2vUYwLW2tROtT7ytWLtpUoaXgrxDFNOWZuneeeAng8xFVYDToZrUsEGNpoQEBX9MDM-WLeMbJLuOD8PUQqIqP44J6z28FhtyxF3HFyRsKYpH70WtqmqLa48k4UE66fh1sSRw
tecnico-044,tecnico,5,2026,1,eyJraWQiOiJEZ0VqOWg3UkwxeE1mcTV6dm1XcnlhWHdPZTZ3eW9WRDFNMDBVeENYaUUwPSIsImFsZyI6IlJTMjU2In0.eyJzdWIiOiIzNGY4ODRjOC1jMGExLTcwNjItOTg2Yy1jODY3MzljN2IzOGYiLCJjb2duaXRvOmdyb3VwcyI6WyJ0ZWNuaWNvIl0sImVtYWlsX3ZlcmlmaWVkIjp0cnVlLCJpc3MiOiJodHRwczovL2NvZ25pdG8taWRwLnVzLWVhc3QtMS5hbWF6b25hd3MuY29tL3VzLWVhc3QtMV9RR2hSTkpOY3MiLCJjb2duaXRvOnVzZXJuYW1lIjoidGVjbmljby0wNDQiLCJvcmlnaW5fanRpIjoiYmZjOWI1MWUtNzliOC00ZmE4LWI0NjQtMDRiZTVmZTdlYzgyIiwiYXVkIjoiN2VxNWY0NmdtdDRjaGtwYWJncHVwMTdjZTYiLCJldmVudF9pZCI6IjcwZTMyOWYyLWMzZDktNGUyYy05MWIxLTVkNTYxNTA4ZjA1ZSIsInRva2VuX3VzZSI6ImlkIiwiYXV0aF90aW1lIjoxNzc5OTg5NzEwLCJleHAiOjE3Nzk5OTMzMTAsImlhdCI6MTc3OTk4OTcxMCwianRpIjoiZGE3MjIzM2QtZDJmOC00ZjM4LThhM2ItMmZkN2IyNTA5ZjA1IiwiZW1haWwiOiJ0ZWNuaWNvLTA0NEBiaXRlY28uY29tIn0.A4HvZS2XtVYAnrDLWusosENfq3lPSZk2w2IM1eDtmk-cErRTURCUrrez0in0ZWvXOc3l23YyMeLe2etwvHYT4PUX1lemnwQEMQNnJd7V_d1-lRx7gYKIY5EHnsDdFhN3uG2Y9Db7KmHyx50x5FrISQ7sfVgJXkRDfF6qJIjC-MxSAxm11JyChyl0PIbqswSVnpFuIEo9JXjl64lFyJ7k6cQ4Wv3WGLIRwdYz_Ly68rxofPEntt6WlCiiI3rzduPVlCWVjoBKSUngKPdS1Vxzy6aQG1YVt6i0bSl6SU2z7X0oUEju4Q2tNrAlEcbEfApQvROxLNmqtcBXhoZKxdlqsg
tecnico-045,tecnico,6,2026,2,eyJraWQiOiJEZ0VqOWg3UkwxeE1mcTV6dm1XcnlhWHdPZTZ3eW9WRDFNMDBVeENYaUUwPSIsImFsZyI6IlJTMjU2In0.eyJzdWIiOiI3NDQ4ZTQxOC1mMDMxLTcwOWItYzM5OC1jMzg3MTliYjljMmUiLCJjb2duaXRvOmdyb3VwcyI6WyJ0ZWNuaWNvIl0sImVtYWlsX3ZlcmlmaWVkIjp0cnVlLCJpc3MiOiJodHRwczovL2NvZ25pdG8taWRwLnVzLWVhc3QtMS5hbWF6b25hd3MuY29tL3VzLWVhc3QtMV9RR2hSTkpOY3MiLCJjb2duaXRvOnVzZXJuYW1lIjoidGVjbmljby0wNDUiLCJvcmlnaW5fanRpIjoiOWVmMmY4MWYtYzA4Ny00NTdjLTkxMTQtZWQ0MDYwMjg0ZjQ0IiwiYXVkIjoiN2VxNWY0NmdtdDRjaGtwYWJncHVwMTdjZTYiLCJldmVudF9pZCI6ImJmYTg3ODQ5LTRmNWQtNDA0ZC04MGU4LTU2YjAzMGZhM2YwMCIsInRva2VuX3VzZSI6ImlkIiwiYXV0aF90aW1lIjoxNzc5OTg5NzEwLCJleHAiOjE3Nzk5OTMzMTAsImlhdCI6MTc3OTk4OTcxMCwianRpIjoiMTcwMGZkMmUtNzcxYS00M2MzLWIwYTktN2IxMGU0ZmQ5YjViIiwiZW1haWwiOiJ0ZWNuaWNvLTA0NUBiaXRlY28uY29tIn0.vcwEZE7Q-k-nQ6f_6C483BifLhfxpAYRbuee67T5ZaHhRiohJYxmP0lAM_QjGn3vPFQYjf3h3Q_ClPxFbGuh4cObZ98lOyyEJgyyfL-HGO4xEIUm1c6a3QhxC8Ck3uSs8TYc0796qm8gC4C3kXM3UwsVmIscZBuu_C5DTwZYamoE_IJXxlOy695SQx01A7UDZMEPi9SxOd0ga0CIkPlSP0LsH-c9Rt_gQWTr0W4QvOt79-3KM7sPkmmN7BfS7lpzdzNz-zcmvPqVM6CQ4hEqfsiVJc_MXhFdbNpEjD472MPVYH7yH9_1DKMBCVdpGcukeJCN7s4LwzcU49ietvbYPw
tecnico-046,tecnico,7,2026,3,eyJraWQiOiJEZ0VqOWg3UkwxeE1mcTV6dm1XcnlhWHdPZTZ3eW9WRDFNMDBVeENYaUUwPSIsImFsZyI6IlJTMjU2In0.eyJzdWIiOiIzNGQ4OTRjOC0zMDMxLTcwZDktMWYzYS0wMDJlY2RmZmU2MjYiLCJjb2duaXRvOmdyb3VwcyI6WyJ0ZWNuaWNvIl0sImVtYWlsX3ZlcmlmaWVkIjp0cnVlLCJpc3MiOiJodHRwczovL2NvZ25pdG8taWRwLnVzLWVhc3QtMS5hbWF6b25hd3MuY29tL3VzLWVhc3QtMV9RR2hSTkpOY3MiLCJjb2duaXRvOnVzZXJuYW1lIjoidGVjbmljby0wNDYiLCJvcmlnaW5fanRpIjoiYmUxYjFiY2YtZDdkOS00NzE4LTlhNjEtNzJlZWQxYzYyOWIyIiwiYXVkIjoiN2VxNWY0NmdtdDRjaGtwYWJncHVwMTdjZTYiLCJldmVudF9pZCI6IjI5ZGU5OTBkLWJmMWQtNDY3My1iNWY3LTdiZjAzNTNhMWY5ZCIsInRva2VuX3VzZSI6ImlkIiwiYXV0aF90aW1lIjoxNzc5OTg5NzEwLCJleHAiOjE3Nzk5OTMzMTAsImlhdCI6MTc3OTk4OTcxMCwianRpIjoiZGNjNDM5M2ItZWU2YS00YmZmLWE0OTUtMzA2ZTM4Yzg0OTdiIiwiZW1haWwiOiJ0ZWNuaWNvLTA0NkBiaXRlY28uY29tIn0.GAvv76QLyb4RP03jOPG3VUFR0di4GpYYZ8AmyI7E8UJzDCjETyJb1LkqF2kF5jEKHgrE_klhNLIRa-wAlE4JerOrTSCkgxPGTO5scXjSuGuqgQ-8qQryEpNfupx9S5DbzJQ7p93wmRYlJtSULV3Brjc4oXtU_WXkngV9AlwQLRSbOQFGU5cFrOUDe133WVyBpDDlEkiGRodPr7zNNs0SRBMyv-6UdNkOqbIw1BdmxW7TDlYQun7rMerl5RZV64BtlLj7w3wXlolBTt7b8zW_82_VpqIQIGzsY1Abd2ZkdXpAYhgEmG9dYJzC4XPpywW3SbTRbX2sSC_0QPyRyzz2bQ
tecnico-047,tecnico,8,2026,4,eyJraWQiOiJEZ0VqOWg3UkwxeE1mcTV6dm1XcnlhWHdPZTZ3eW9WRDFNMDBVeENYaUUwPSIsImFsZyI6IlJTMjU2In0.eyJzdWIiOiI0NGI4YzRhOC0zMDMxLTcwNGYtNDc5Ny1kMTM0M2IzZjNjMzQiLCJjb2duaXRvOmdyb3VwcyI6WyJ0ZWNuaWNvIl0sImVtYWlsX3ZlcmlmaWVkIjp0cnVlLCJpc3MiOiJodHRwczovL2NvZ25pdG8taWRwLnVzLWVhc3QtMS5hbWF6b25hd3MuY29tL3VzLWVhc3QtMV9RR2hSTkpOY3MiLCJjb2duaXRvOnVzZXJuYW1lIjoidGVjbmljby0wNDciLCJvcmlnaW5fanRpIjoiYzFkMjM1YzktNWMxMS00YWU5LTliM2YtNzE5YmY5MGU1MmU2IiwiYXVkIjoiN2VxNWY0NmdtdDRjaGtwYWJncHVwMTdjZTYiLCJldmVudF9pZCI6IjkzYmI1MTY0LTVjZjktNDAzZC05YjI4LTdkZjAwZDI1MjcyNiIsInRva2VuX3VzZSI6ImlkIiwiYXV0aF90aW1lIjoxNzc5OTg5NzEwLCJleHAiOjE3Nzk5OTMzMTAsImlhdCI6MTc3OTk4OTcxMSwianRpIjoiZjQ0ODZhZDMtMDU1ZS00MTk3LWI1N2YtYzNkNTZkZTllM2E4IiwiZW1haWwiOiJ0ZWNuaWNvLTA0N0BiaXRlY28uY29tIn0.dVJ4YjQ_rGfIhDGJOu_Cisesn0YvjnMHuEraiehe7TK8d-ieUSfS27P1EYOkw7hrGuWaiXXJv0k_-Pt5JsrtGuFfKmGZdJNx0qVkn8nlcX69rfYJueZsdJa7-_UKudGZm_8JbWeY7RpKXD5SpWWtA3ybWlBEDrAijqVB2At0CpCumPi4ivKLowCtuGuCuwL7pShebbz3JNpJLbv91CySGcjyrN7DuitCqrw9PxQnDIst23dgnnP-FhgNSvwmZV3WW-6FVm67yPzI21yxT99EqsovDVAgIY9j2L-W9xM12iNWw3egOevdN7xbVQ936iMyzXlVCmMmnpnVlxbjUZNQNA
tecnico-048,tecnico,9,2026,1,eyJraWQiOiJEZ0VqOWg3UkwxeE1mcTV6dm1XcnlhWHdPZTZ3eW9WRDFNMDBVeENYaUUwPSIsImFsZyI6IlJTMjU2In0.eyJzdWIiOiIzNDI4ZjQ5OC1kMDIxLTcwYjAtNTU3OS02MjhkYTIyMzUyZTQiLCJjb2duaXRvOmdyb3VwcyI6WyJ0ZWNuaWNvIl0sImVtYWlsX3ZlcmlmaWVkIjp0cnVlLCJpc3MiOiJodHRwczovL2NvZ25pdG8taWRwLnVzLWVhc3QtMS5hbWF6b25hd3MuY29tL3VzLWVhc3QtMV9RR2hSTkpOY3MiLCJjb2duaXRvOnVzZXJuYW1lIjoidGVjbmljby0wNDgiLCJvcmlnaW5fanRpIjoiZmIxMmNmNzktMTVhZC00OGE3LWJjNGItNzdkNGJlYjgwMGE4IiwiYXVkIjoiN2VxNWY0NmdtdDRjaGtwYWJncHVwMTdjZTYiLCJldmVudF9pZCI6IjEzOWUwMGRjLWNjNjUtNDRlYi04MjNhLWYzNzg3NzFjNzA4ZiIsInRva2VuX3VzZSI6ImlkIiwiYXV0aF90aW1lIjoxNzc5OTg5NzExLCJleHAiOjE3Nzk5OTMzMTEsImlhdCI6MTc3OTk4OTcxMSwianRpIjoiZGQ3ZmJiZDAtNzgwNS00MTM5LTkzODQtYTZkYjEzMDZiZjBjIiwiZW1haWwiOiJ0ZWNuaWNvLTA0OEBiaXRlY28uY29tIn0.nKQi-rxZ2HmXgUn6adUpwWI0aK3c4oxnqwPMXkU7kxZaq1FiX2zlo1SAd7_VvDyDr77vJVnMaofLUdCbSH5Qfbdz6hqVo5ekfw5A3Wj-6hvNid35t63z_Bpw70zCnWebFjIAHUqRgDMk3E4KU1XpjIA8dYg-u16W4BQfWtAt3JhhcfCjQBMG1xDHA6iKgCUKTxylEJc1L1lIsnGHsJKBmv36wur2-WRm4gV-Aq_BUBb1NgGIcXCq03PhKM9JgNXCsT7x6ZDhaVS2CzDie6lCd8E6hzoINo_i_qOKihfLvS9Nq-4F8H65xQpT_80A9iAg6Jh0e-CSv-7kVGzynUz-Gw
tecnico-049,tecnico,10,2026,2,eyJraWQiOiJEZ0VqOWg3UkwxeE1mcTV6dm1XcnlhWHdPZTZ3eW9WRDFNMDBVeENYaUUwPSIsImFsZyI6IlJTMjU2In0.eyJzdWIiOiJiNDk4NDQ1OC04MGMxLTcwYzQtY2U4Ny1iODkwYTJkMjlhMzgiLCJjb2duaXRvOmdyb3VwcyI6WyJ0ZWNuaWNvIl0sImVtYWlsX3ZlcmlmaWVkIjp0cnVlLCJpc3MiOiJodHRwczovL2NvZ25pdG8taWRwLnVzLWVhc3QtMS5hbWF6b25hd3MuY29tL3VzLWVhc3QtMV9RR2hSTkpOY3MiLCJjb2duaXRvOnVzZXJuYW1lIjoidGVjbmljby0wNDkiLCJvcmlnaW5fanRpIjoiOWNhNjI0MWUtZjc5YS00ODRkLTllYzMtZmY0MTJlODZlZDMwIiwiYXVkIjoiN2VxNWY0NmdtdDRjaGtwYWJncHVwMTdjZTYiLCJldmVudF9pZCI6IjYwOWVmMWMxLWViNDItNDdlOC1hMWVjLWM3YmI2MzEyNDk3ZCIsInRva2VuX3VzZSI6ImlkIiwiYXV0aF90aW1lIjoxNzc5OTg5NzExLCJleHAiOjE3Nzk5OTMzMTEsImlhdCI6MTc3OTk4OTcxMSwianRpIjoiZWJjYjM2ZTAtYzVlYy00ZTJmLWE5OTgtZmNhN2Q0ZTZlNDk2IiwiZW1haWwiOiJ0ZWNuaWNvLTA0OUBiaXRlY28uY29tIn0.MDf13iurYNxPdjUKAz-mAB5V9OWCb23M2v-V3GF9FXUEr4ohfFpGw6xCl6CZfteWm9gspB_GliE4SdBu3HH2gmXK9K_5Yxvcn81xIDyrQ1USD4rI3vCrQPPzEdOV89aNX0CcaBQrKl6JQXT8M2CqiU7kqMOOXLGFngjUvXEV3XeUmHvKOuCn_Gkyth0YPpcnF_ilEwKCFSbh3nGBEMGOoJhnPoS5MXktfstiIz5hkzWXYlE2jwi0cnxcQUWq0aN28gfCi2NMZIkrAsK3H4mgmL-Mp7MG-6SBZn5wPJhb0ps89JEu6um2BJuy9h0fS7w3WJph8Kx1le-5ehWmFBWUDQ
tecnico-050,tecnico,1,2026,3,eyJraWQiOiJEZ0VqOWg3UkwxeE1mcTV6dm1XcnlhWHdPZTZ3eW9WRDFNMDBVeENYaUUwPSIsImFsZyI6IlJTMjU2In0.eyJzdWIiOiI2NGU4YjQwOC0xMGIxLTcwMzUtMTg0OC04ZTY4N2E0M2M1ZGMiLCJjb2duaXRvOmdyb3VwcyI6WyJ0ZWNuaWNvIl0sImVtYWlsX3ZlcmlmaWVkIjp0cnVlLCJpc3MiOiJodHRwczovL2NvZ25pdG8taWRwLnVzLWVhc3QtMS5hbWF6b25hd3MuY29tL3VzLWVhc3QtMV9RR2hSTkpOY3MiLCJjb2duaXRvOnVzZXJuYW1lIjoidGVjbmljby0wNTAiLCJvcmlnaW5fanRpIjoiNzY2Nzc4ODEtNWEyMy00OTg3LWJjMmUtMzkwYmZlMmYzMGJiIiwiYXVkIjoiN2VxNWY0NmdtdDRjaGtwYWJncHVwMTdjZTYiLCJldmVudF9pZCI6IjFkZDA4YTQ3LWU0NjMtNGNiYS1iZDA0LTQyMzAwYTYxNDdjMiIsInRva2VuX3VzZSI6ImlkIiwiYXV0aF90aW1lIjoxNzc5OTg5NzExLCJleHAiOjE3Nzk5OTMzMTEsImlhdCI6MTc3OTk4OTcxMSwianRpIjoiMTg4NmM4ZWUtNzVhMi00MjFjLWFkMmEtODA2MGQzMDU2M2JiIiwiZW1haWwiOiJ0ZWNuaWNvLTA1MEBiaXRlY28uY29tIn0.Em__F-CttcStw_R8tsL0AL71zkpvacQlpeohP3tFU0AE3uQigymNFkE3XEms9N_Ulb0SRwzZDaKJRaP3FDHu7sFPDwsGHcmB3nEUsNEeK4pKvGSkwCd6JBQS8ZOSI_zUYiOMQQIjlXOy0WWn5m-7wLmWIkHfXjR1XS2ymgGIBNuLPbkqRzEotxI9dKW43RsbnCi3NIH8arIoK0rWJMyS4j3tsihOZaMA4wAyew0D4Nf6RGBb0DH-ak1W1eJjFeG3eKg8x76kS8uEmoH6oHDp-b1r7NGNwATiPfOU5Hfk7oOJ3BOC3_pxrXSg9Par_07c7pI1BksEAEGAX-LLDPHGrA
tecnico-051,tecnico,2,2026,4,eyJraWQiOiJEZ0VqOWg3UkwxeE1mcTV6dm1XcnlhWHdPZTZ3eW9WRDFNMDBVeENYaUUwPSIsImFsZyI6IlJTMjU2In0.eyJzdWIiOiI2NGI4YzRkOC0yMDUxLTcwNzktZjFjOC0wMDUzMjUzNTY3MzAiLCJjb2duaXRvOmdyb3VwcyI6WyJ0ZWNuaWNvIl0sImVtYWlsX3ZlcmlmaWVkIjp0cnVlLCJpc3MiOiJodHRwczovL2NvZ25pdG8taWRwLnVzLWVhc3QtMS5hbWF6b25hd3MuY29tL3VzLWVhc3QtMV9RR2hSTkpOY3MiLCJjb2duaXRvOnVzZXJuYW1lIjoidGVjbmljby0wNTEiLCJvcmlnaW5fanRpIjoiYzhlZjlkMjMtNDgyOS00YjFhLThjMGYtNjMyMmQ0ZjVkZWI3IiwiYXVkIjoiN2VxNWY0NmdtdDRjaGtwYWJncHVwMTdjZTYiLCJldmVudF9pZCI6IjJiNzYzNjc3LWU2MjgtNDNmNi04NGZiLTQ3NDI1MGFlYjIwNyIsInRva2VuX3VzZSI6ImlkIiwiYXV0aF90aW1lIjoxNzc5OTg5NzEyLCJleHAiOjE3Nzk5OTMzMTIsImlhdCI6MTc3OTk4OTcxMiwianRpIjoiNTQ1MDAxODMtYTE5MC00MzBiLTk3M2UtMGI0MjA1Zjk5YjFkIiwiZW1haWwiOiJ0ZWNuaWNvLTA1MUBiaXRlY28uY29tIn0.YO1AMeUIf-LFxFiEXsQ3DYTqW_poOcUN-QBDkhYs2uNmlpCqUyXuT-RCcnH1Cy7V5uDyll1r0N0ncnkVfZm30ya9XSjBPZdyf9pmiKYZg62i5Qn-wSG6ckdpalhqPhsZXv-tCwJZ3dLYui0cQGFiFgKnoxnQNx3oY7Q0-pezr4Gp9J9g8g03GzuSpT19s7WKlubD35uRhCXKwb3IHa4GP1kSXLG5uZD39I8EQFX4K345xZ2otIrj3JywnwXBhf3kegvAWccDntYs30NzykF-6fGHBn35GkS53XtSaM5v40M3tULcWWuUEuQB6ml5zOaIlgzHYJ9uWBdH4rZPqvm1oQ
tecnico-052,tecnico,3,2026,1,eyJraWQiOiJEZ0VqOWg3UkwxeE1mcTV6dm1XcnlhWHdPZTZ3eW9WRDFNMDBVeENYaUUwPSIsImFsZyI6IlJTMjU2In0.eyJzdWIiOiI2NDc4YjQ1OC1iMGIxLTcwZTEtMzYzYS0yNmVjYWZmNGMyZDMiLCJjb2duaXRvOmdyb3VwcyI6WyJ0ZWNuaWNvIl0sImVtYWlsX3ZlcmlmaWVkIjp0cnVlLCJpc3MiOiJodHRwczovL2NvZ25pdG8taWRwLnVzLWVhc3QtMS5hbWF6b25hd3MuY29tL3VzLWVhc3QtMV9RR2hSTkpOY3MiLCJjb2duaXRvOnVzZXJuYW1lIjoidGVjbmljby0wNTIiLCJvcmlnaW5fanRpIjoiYjliYTI2MjEtYTk5NS00ZTU5LWIzN2QtNzVjOGNkYWVhMzdkIiwiYXVkIjoiN2VxNWY0NmdtdDRjaGtwYWJncHVwMTdjZTYiLCJldmVudF9pZCI6ImI2YjY5YzdlLTEzODItNDc2Mi04YjQ2LWQyODgzMTUwMTM0MCIsInRva2VuX3VzZSI6ImlkIiwiYXV0aF90aW1lIjoxNzc5OTg5NzEyLCJleHAiOjE3Nzk5OTMzMTIsImlhdCI6MTc3OTk4OTcxMiwianRpIjoiN2JjZTZhMDctYzMwMy00YzBkLWI2MzktNzc1YzFhODk5YjViIiwiZW1haWwiOiJ0ZWNuaWNvLTA1MkBiaXRlY28uY29tIn0.mIv9BquXWojO63WkmpeYAjr_EE_rEmm4eTLDdZFxV8qMs8Ix2jffXQee5B_--uAwWMUnU8PuTUUAxEYtMkQA8A4klOojwG8dBEpbUMzP3xYYgXe69cGAHqfW5ua4uhFren75ocR53RpEuyWsX_-YODvAYzI0uP9ha9vFtMTz9-ZOfCzEvTWm4YYMuFFret-lYJ_2EUvcTDxoQvQ1cboT7ttXRbJT4OS6A_Rb7HV33Lo8yZR0arWOG541uBWS-ZabiPfE6FLh9Cnjq6UPljwDqdcrvYaOL7QsP95ifZgnKGMgwdf4aQb0JPD6-20M4PZsag0hQMkgZtox_zMBPhNhuw
tecnico-053,tecnico,4,2026,2,eyJraWQiOiJEZ0VqOWg3UkwxeE1mcTV6dm1XcnlhWHdPZTZ3eW9WRDFNMDBVeENYaUUwPSIsImFsZyI6IlJTMjU2In0.eyJzdWIiOiIyNGQ4YTRhOC04MDAxLTcwMDAtMGNjMS1jYTBlYzc3ODI0NWIiLCJjb2duaXRvOmdyb3VwcyI6WyJ0ZWNuaWNvIl0sImVtYWlsX3ZlcmlmaWVkIjp0cnVlLCJpc3MiOiJodHRwczovL2NvZ25pdG8taWRwLnVzLWVhc3QtMS5hbWF6b25hd3MuY29tL3VzLWVhc3QtMV9RR2hSTkpOY3MiLCJjb2duaXRvOnVzZXJuYW1lIjoidGVjbmljby0wNTMiLCJvcmlnaW5fanRpIjoiMjIwNzFhODgtZWZmMy00ZmEzLThiNDktOTdiNGIyMDBmNjU2IiwiYXVkIjoiN2VxNWY0NmdtdDRjaGtwYWJncHVwMTdjZTYiLCJldmVudF9pZCI6IjFhOGEzZjAwLTkzYTMtNGI2Ny1iZmIxLTZjOGFlOWQ3NjhhOCIsInRva2VuX3VzZSI6ImlkIiwiYXV0aF90aW1lIjoxNzc5OTg5NzEyLCJleHAiOjE3Nzk5OTMzMTIsImlhdCI6MTc3OTk4OTcxMiwianRpIjoiNDY2YWMyMDctYzk3ZC00MDBjLTg1M2EtZGE3MzdjMjExNjNmIiwiZW1haWwiOiJ0ZWNuaWNvLTA1M0BiaXRlY28uY29tIn0.5qHPOwBKpsHqbTkdvpWYeirHUbEAglVMQUWKyMalIhmCRLxNUgBcMIKusn4RNcYVG8GuqKWdIZdGt8nDiEoCD-7ofB-IqmZ5G-6BEiQq-nRbGPd2nAkRJLQoPhLF3fSNoNllE8HCKKTCAwZ7JRsIRHcAs6Is-2M7zkA49Lt508pfcZaUleDi4WJMxgS2ntclrQgnvVtSICOIWjdHZx3dd71Pw4DT7SF3Pe5MmExpD_WfCCp5JEvJOFAJBVPmE6Fpwxpw8FKY8iTF2D5YTGPjc-e4JmNUK9FqT8WDxsRttvE5Nq6EzasQRUVZHJHCQqAOSYeFbDLKfrQoLlyyyS6jOw
tecnico-054,tecnico,5,2026,3,eyJraWQiOiJEZ0VqOWg3UkwxeE1mcTV6dm1XcnlhWHdPZTZ3eW9WRDFNMDBVeENYaUUwPSIsImFsZyI6IlJTMjU2In0.eyJzdWIiOiJjNDY4ODQxOC0yMDExLTcwNzItNTM3ZS01NjYyZDJlMzVmNTkiLCJjb2duaXRvOmdyb3VwcyI6WyJ0ZWNuaWNvIl0sImVtYWlsX3ZlcmlmaWVkIjp0cnVlLCJpc3MiOiJodHRwczovL2NvZ25pdG8taWRwLnVzLWVhc3QtMS5hbWF6b25hd3MuY29tL3VzLWVhc3QtMV9RR2hSTkpOY3MiLCJjb2duaXRvOnVzZXJuYW1lIjoidGVjbmljby0wNTQiLCJvcmlnaW5fanRpIjoiMzEwNjgwYmEtOGVkNS00MDU1LTgyMjEtNDA3MGUzNDU4NjM2IiwiYXVkIjoiN2VxNWY0NmdtdDRjaGtwYWJncHVwMTdjZTYiLCJldmVudF9pZCI6IjFlZWRkMjkxLWZkMmItNGI3ZC04MTg0LTI2ZGIxNWQzMjFiZiIsInRva2VuX3VzZSI6ImlkIiwiYXV0aF90aW1lIjoxNzc5OTg5NzEyLCJleHAiOjE3Nzk5OTMzMTIsImlhdCI6MTc3OTk4OTcxMiwianRpIjoiNzVhZDI1OTYtOThiZS00MWZhLWIwOGUtZTFjN2EwNzQ0NDc0IiwiZW1haWwiOiJ0ZWNuaWNvLTA1NEBiaXRlY28uY29tIn0.lak_ZcmCYj3bLZV5od0OvknC41yGTf8hfa5OPuEq7KSjenGKJBep8gWSmL-Itp5XdAgPm6JPnU0gXfRvdcRazk0vNfFnCFjTs5NDzHVVxmn90KKQ60atEZhqY3rWsJx1kIq70tUrknOtauH9NRAKD0K-4RvgNUEMHNiKQF4drShKNTpYkTX0jjaOwACRWmWawMSQAE3kpR10-K_p1EZLxNsAqf6rZw51nbN4gcl2BaowRSW1qm__c4OdwIEFju3zrXqb2CJEvC3ywR94p-3BdUisNMmhLqBGRaYiPoezH9oCWGineNXgQOyhyLBT_hVX9CtcyXzRE2Ci3TLKSJx6kw
tecnico-055,tecnico,6,2026,4,eyJraWQiOiJEZ0VqOWg3UkwxeE1mcTV6dm1XcnlhWHdPZTZ3eW9WRDFNMDBVeENYaUUwPSIsImFsZyI6IlJTMjU2In0.eyJzdWIiOiI1NDc4MzQwOC03MDYxLTcwZWUtOTVhYi1jMDcyNWE2NjY5ZDIiLCJjb2duaXRvOmdyb3VwcyI6WyJ0ZWNuaWNvIl0sImVtYWlsX3ZlcmlmaWVkIjp0cnVlLCJpc3MiOiJodHRwczovL2NvZ25pdG8taWRwLnVzLWVhc3QtMS5hbWF6b25hd3MuY29tL3VzLWVhc3QtMV9RR2hSTkpOY3MiLCJjb2duaXRvOnVzZXJuYW1lIjoidGVjbmljby0wNTUiLCJvcmlnaW5fanRpIjoiNWNkMDU2MzgtMDlmMS00ZjdiLTljOTUtMjA2OTg2NzdlM2NkIiwiYXVkIjoiN2VxNWY0NmdtdDRjaGtwYWJncHVwMTdjZTYiLCJldmVudF9pZCI6ImI3OTJhYTY3LWIxMDItNDA5Ni04NmY0LTkwMGQ0NGJlZmFiNyIsInRva2VuX3VzZSI6ImlkIiwiYXV0aF90aW1lIjoxNzc5OTg5NzEzLCJleHAiOjE3Nzk5OTMzMTMsImlhdCI6MTc3OTk4OTcxMywianRpIjoiOWQ3YzNmMzYtYTM4ZS00YThjLWJjZmUtYjAzMTdlYzBiNmU2IiwiZW1haWwiOiJ0ZWNuaWNvLTA1NUBiaXRlY28uY29tIn0.pkbmsz7GQyQS2Cd3hm6yLQlZPBFUV8NmgVRJaFmsPuBE1WGy-6qI8A4bFY2EQypoOtA173kZ2IczoblafrtSWZdkxEo-n6zZ6jpAxcBiCCw-LuDTy8CnT3YAu77EoEDYlHyuIV1RhmWIW9ugi9JQukymAANqgUbTscDZjsTWawPhnw4Rb9xavauZO37XHe-dGxLHIVOoF-FSD83Kq09nYFiHCqX3bWILNsnVLYv6r3_hZD5bRifbZIcVpXdnSOOOUhTPEAZO9QJ5h6h3f1DEoAPJuyIBkgFBxIU9cRMwYnBB8rYtwEK_kyfB0wTC24O3NGaZd0105P2y_ohbDVLQew
tecnico-056,tecnico,7,2026,1,eyJraWQiOiJEZ0VqOWg3UkwxeE1mcTV6dm1XcnlhWHdPZTZ3eW9WRDFNMDBVeENYaUUwPSIsImFsZyI6IlJTMjU2In0.eyJzdWIiOiI2NDg4YzQyOC0yMGUxLTcwYWMtOWEwNS1mNTg2YjdiNzcyNmMiLCJjb2duaXRvOmdyb3VwcyI6WyJ0ZWNuaWNvIl0sImVtYWlsX3ZlcmlmaWVkIjp0cnVlLCJpc3MiOiJodHRwczovL2NvZ25pdG8taWRwLnVzLWVhc3QtMS5hbWF6b25hd3MuY29tL3VzLWVhc3QtMV9RR2hSTkpOY3MiLCJjb2duaXRvOnVzZXJuYW1lIjoidGVjbmljby0wNTYiLCJvcmlnaW5fanRpIjoiNWFmNzlmYTEtOTVkMS00MjVmLWIxZGMtM2Y4NDQ5OWNkYzI1IiwiYXVkIjoiN2VxNWY0NmdtdDRjaGtwYWJncHVwMTdjZTYiLCJldmVudF9pZCI6IjNjOTNiNjk1LTI0MTgtNGQxNC04YjAyLWI3MTlkZDU3ZTBjYiIsInRva2VuX3VzZSI6ImlkIiwiYXV0aF90aW1lIjoxNzc5OTg5NzEzLCJleHAiOjE3Nzk5OTMzMTMsImlhdCI6MTc3OTk4OTcxMywianRpIjoiZTc4NjdjMDgtYTI5Yi00OTBmLTg2NjYtZTgxZDFiZDY3ODhlIiwiZW1haWwiOiJ0ZWNuaWNvLTA1NkBiaXRlY28uY29tIn0.kvgdbIQcdmJCFDYbcQWQlA22O_h4kGniBoviZ5VhiKwzmN8f0p4S1NdzLO1pfC3Bd5eMVNRBun8oaXRe_ue6q_Bqx55uNSn4tLDz4Om5cAR9nD_y2t6jaHH70-MwKFs1gnfvV7fDAawzO99GbgdZvTEOSngfXZfUaTLJ7UFHJ925FyKpN588rm1rPGjDfed9pAgSHLL7Rfg2CxnNov0ZMrk_GclIOIyrawD1LZpTUwfBXomwSDY9Dj0WCVTf2WXlYFg_02zXtuAlp2h1T9ilYsYMsWfs_zyJ_Ut_bW1TaYklgH15DM18vdGzVkHj9B93btXJ7x9By0r6CnGsovmMXw
tecnico-057,tecnico,8,2026,2,eyJraWQiOiJEZ0VqOWg3UkwxeE1mcTV6dm1XcnlhWHdPZTZ3eW9WRDFNMDBVeENYaUUwPSIsImFsZyI6IlJTMjU2In0.eyJzdWIiOiJiNGE4YjQ5OC02MGExLTcwOTEtMTk5Yy04YjlhOGQwNTQyODQiLCJjb2duaXRvOmdyb3VwcyI6WyJ0ZWNuaWNvIl0sImVtYWlsX3ZlcmlmaWVkIjp0cnVlLCJpc3MiOiJodHRwczovL2NvZ25pdG8taWRwLnVzLWVhc3QtMS5hbWF6b25hd3MuY29tL3VzLWVhc3QtMV9RR2hSTkpOY3MiLCJjb2duaXRvOnVzZXJuYW1lIjoidGVjbmljby0wNTciLCJvcmlnaW5fanRpIjoiNTlkZTliZDEtYzFlMS00NjJiLWFhMGMtMzUxMWM4NmZmOTVmIiwiYXVkIjoiN2VxNWY0NmdtdDRjaGtwYWJncHVwMTdjZTYiLCJldmVudF9pZCI6IjdlMWJmOGJjLThmMzEtNGFkOC1hNmMzLWM1NjkxOWI4YWZlOSIsInRva2VuX3VzZSI6ImlkIiwiYXV0aF90aW1lIjoxNzc5OTg5NzEzLCJleHAiOjE3Nzk5OTMzMTMsImlhdCI6MTc3OTk4OTcxMywianRpIjoiYmQxZDQ1MDItMjMwMC00ZGUxLTk2MWYtZjMyYjNkYzRkYWU3IiwiZW1haWwiOiJ0ZWNuaWNvLTA1N0BiaXRlY28uY29tIn0.CYfnTdTAdIeBTk53Vb6K33wx4HWDgz4tDrswW0LuuERu_OIOFfpiwkcHD8gWtqcsVeV09Gjj60FKUJmspcDcgAJV9MVbBxCa4L7DWBoO0uhcBXM6LeolDhOsGFTNA1oOu5ClejEuY_ntF75fu4Dj7CNGe45LacTct92oy0lwJeVNGJ-T_V-OKCzhfTQV8ZxMRqbwdTaGW5S0Nnt35pGKNpsg5bLZOw6fsR4Sl2AEcigmjSZ2WVYkSccc7zLdu2rnSAkHxf3r8TQPbDNF7enZDj7WW-ozqm3Fa8jGs0j298zIYwBs-HHfkOPFrq-B_K7hwYFubEc6qc73oA4S2b2cxg
tecnico-058,tecnico,9,2026,3,eyJraWQiOiJEZ0VqOWg3UkwxeE1mcTV6dm1XcnlhWHdPZTZ3eW9WRDFNMDBVeENYaUUwPSIsImFsZyI6IlJTMjU2In0.eyJzdWIiOiIyNGI4ODQ3OC1jMDgxLTcwYzUtNGQzNi1hMTE4ZGE3NTZmZGYiLCJjb2duaXRvOmdyb3VwcyI6WyJ0ZWNuaWNvIl0sImVtYWlsX3ZlcmlmaWVkIjp0cnVlLCJpc3MiOiJodHRwczovL2NvZ25pdG8taWRwLnVzLWVhc3QtMS5hbWF6b25hd3MuY29tL3VzLWVhc3QtMV9RR2hSTkpOY3MiLCJjb2duaXRvOnVzZXJuYW1lIjoidGVjbmljby0wNTgiLCJvcmlnaW5fanRpIjoiMmMzOTY0N2UtODdiNi00YzZiLWIzNDYtYjI1NTAxODA3ZjAwIiwiYXVkIjoiN2VxNWY0NmdtdDRjaGtwYWJncHVwMTdjZTYiLCJldmVudF9pZCI6ImEzMGQ3MGJiLWJmNjAtNDA1My05MjFjLTdkYmZkMTZjYzA4ZCIsInRva2VuX3VzZSI6ImlkIiwiYXV0aF90aW1lIjoxNzc5OTg5NzE0LCJleHAiOjE3Nzk5OTMzMTQsImlhdCI6MTc3OTk4OTcxNCwianRpIjoiMWRiOTY0ODYtMDUwZi00ZmI1LTgwOTEtOWQxMDQzMGVkYTRiIiwiZW1haWwiOiJ0ZWNuaWNvLTA1OEBiaXRlY28uY29tIn0.hJ7LH8BtkHogZewb0r1c4fh-jjKqdPdZgF000OrtOYWzcRIoPdm2fSIozx7Y2a2gZ-e9O3DNI06vdl_UxDOpSZRSLGmFUQWQSTxAr7Y0YhfCb0Q7CmxqD0vPRS3Zi5K4KTsWM3hz3MH8Z6n3xNOf4Rw_iF-2fcE0QYavt8RX7nu9W--sWG8JR-MfGP-wWuh38rmwmMyus79LHd7uxjLAWkVLOw5JKVIpfyyxrlGx5qiYmvFHnXWCNdT-kI4coj15TVzXrPNo7yrl7puQWIuN_yEtazJrL24TSyOJRzlhRwtjcmo8X3G-hV6-xCnh_qp8oXGulLXm6WKKJX1-sy3TyQ
tecnico-059,tecnico,10,2026,4,eyJraWQiOiJEZ0VqOWg3UkwxeE1mcTV6dm1XcnlhWHdPZTZ3eW9WRDFNMDBVeENYaUUwPSIsImFsZyI6IlJTMjU2In0.eyJzdWIiOiI0NDU4YjRmOC04MDcxLTcwNTYtYzk2NC1mNDE4OGQ1MDdkOGIiLCJjb2duaXRvOmdyb3VwcyI6WyJ0ZWNuaWNvIl0sImVtYWlsX3ZlcmlmaWVkIjp0cnVlLCJpc3MiOiJodHRwczovL2NvZ25pdG8taWRwLnVzLWVhc3QtMS5hbWF6b25hd3MuY29tL3VzLWVhc3QtMV9RR2hSTkpOY3MiLCJjb2duaXRvOnVzZXJuYW1lIjoidGVjbmljby0wNTkiLCJvcmlnaW5fanRpIjoiYjUzNGZjN2YtMWRkNC00OGRlLWIzYjktZmVlZjgyNGQ0OWNhIiwiYXVkIjoiN2VxNWY0NmdtdDRjaGtwYWJncHVwMTdjZTYiLCJldmVudF9pZCI6Ijg1ODJjMjlmLTdmMGItNDA0NC1iNDFmLTZlM2QwYWEyZTU5NCIsInRva2VuX3VzZSI6ImlkIiwiYXV0aF90aW1lIjoxNzc5OTg5NzE0LCJleHAiOjE3Nzk5OTMzMTQsImlhdCI6MTc3OTk4OTcxNCwianRpIjoiYzk5NjM0ZDEtNmU4Ny00MzQ5LWE0OGItMDliMmM2MGRmZWYzIiwiZW1haWwiOiJ0ZWNuaWNvLTA1OUBiaXRlY28uY29tIn0.GNbvtq4OAoCn87vuJXXBedDHVbIaFVgJs7H1uH8F0yd1ZqQ5o7aPAMPnaVbuPKs1YaONY5skpfgSMXN414ZTjdh33j4wnyZrpir9IvZBT7dTMfq2SoHQU3XLm-1763gTn_xQApnyA8pyyT680hh-i2etuhpJJiH___6X9OO6dWyEy0IiegMnjQpUAo2zJTuf5qaXV1k1VOs1lguWHibdE7nodnVHsSo1uD_h9e2rtk6smS5NJ21ilzw2Zrdl4hggJB3dYRQolEpW8WkkpyHaEIwHbW2XmVLG6jqNBSeYiYSbFx0VrU0-rOoMVvdqUL173NnXNJn27wKVnmYYiQKpjA
tecnico-060,tecnico,1,2026,1,eyJraWQiOiJEZ0VqOWg3UkwxeE1mcTV6dm1XcnlhWHdPZTZ3eW9WRDFNMDBVeENYaUUwPSIsImFsZyI6IlJTMjU2In0.eyJzdWIiOiI1NDQ4NTQ1OC1iMDcxLTcwYWMtYzliMi02YzY0ZDVmM2MxZWIiLCJjb2duaXRvOmdyb3VwcyI6WyJ0ZWNuaWNvIl0sImVtYWlsX3ZlcmlmaWVkIjp0cnVlLCJpc3MiOiJodHRwczovL2NvZ25pdG8taWRwLnVzLWVhc3QtMS5hbWF6b25hd3MuY29tL3VzLWVhc3QtMV9RR2hSTkpOY3MiLCJjb2duaXRvOnVzZXJuYW1lIjoidGVjbmljby0wNjAiLCJvcmlnaW5fanRpIjoiZGE0NGQwYTgtZTE3NS00YTE5LWFiYWUtY2IxOTgzMjJjMGNlIiwiYXVkIjoiN2VxNWY0NmdtdDRjaGtwYWJncHVwMTdjZTYiLCJldmVudF9pZCI6ImUxZDgzYzg3LTIyNWUtNDdjNy1hZDM1LTViMjYyZDUxYWM2NiIsInRva2VuX3VzZSI6ImlkIiwiYXV0aF90aW1lIjoxNzc5OTg5NzE0LCJleHAiOjE3Nzk5OTMzMTQsImlhdCI6MTc3OTk4OTcxNCwianRpIjoiMjQ0NWE0ZjUtZDdhZi00ZmM4LWI0NjMtODg0NTM1MjM2Y2EzIiwiZW1haWwiOiJ0ZWNuaWNvLTA2MEBiaXRlY28uY29tIn0.E-WKw0TxS1wPHqdu9KB3amU6ABQNLYclNCofyZeAFmDF5RoSKElZzZstl_V9jI59OxiF-Q3_qePrcqbo6ZdInWSesj52LIK1J-7DxmZh6PYDh5XoNiC6QDyV9iXLHvpqG6OsWT7frBAj8W4C3kc0ea4lUhx-wi4F7pzF-3_KjMiSeud0eb4ClF70tWttcWWMsr05zkVZnJkbRNr-7xLNM9ms8nWPUlEDjkBdlA3PBRFGD1feYu4mgg5SbV7h43WL9SXun-ljmG2uBjiMitHvt0TvWLNkb4NcwnfwbNVjBhV3jxCIap4l7uc3-JxEtww9Vz7G0taDStX_Z3U0_SeYqg
tecnico-061,tecnico,2,2026,2,eyJraWQiOiJEZ0VqOWg3UkwxeE1mcTV6dm1XcnlhWHdPZTZ3eW9WRDFNMDBVeENYaUUwPSIsImFsZyI6IlJTMjU2In0.eyJzdWIiOiJiNDU4YjRhOC0xMGQxLTcwZDctN2ZiOC1iOTUxNDMyMDllNWEiLCJjb2duaXRvOmdyb3VwcyI6WyJ0ZWNuaWNvIl0sImVtYWlsX3ZlcmlmaWVkIjp0cnVlLCJpc3MiOiJodHRwczovL2NvZ25pdG8taWRwLnVzLWVhc3QtMS5hbWF6b25hd3MuY29tL3VzLWVhc3QtMV9RR2hSTkpOY3MiLCJjb2duaXRvOnVzZXJuYW1lIjoidGVjbmljby0wNjEiLCJvcmlnaW5fanRpIjoiNDAzMjI4ZWUtNjA4Ni00OTA1LTkyNTQtYjkzYTQ4N2JhYmZkIiwiYXVkIjoiN2VxNWY0NmdtdDRjaGtwYWJncHVwMTdjZTYiLCJldmVudF9pZCI6IjdiNjg0ODhlLTg1ZjYtNGYyNi1iOTViLTkyYWI1MWM2ZmQ0MiIsInRva2VuX3VzZSI6ImlkIiwiYXV0aF90aW1lIjoxNzc5OTg5NzE0LCJleHAiOjE3Nzk5OTMzMTQsImlhdCI6MTc3OTk4OTcxNCwianRpIjoiYjA0YzIzNTAtNDBmMy00M2IwLTk4MjMtYjg3ZjhkY2QzNmI5IiwiZW1haWwiOiJ0ZWNuaWNvLTA2MUBiaXRlY28uY29tIn0.YcJueP9lSNl-rNpMMSVCFUsH1CxCCEDugB8oG8VwspqyMHci0MuifN6MhiyfwWF7qmne2oGaxxkR-xCUI_fH0FRKnK97_sdld9f80-5W-GFy3SUDIDyA4DejshA1kWrisPp8giaAoO3wc7h7_2JWvd5RlqqbESARBEy5fAlTjIrWlm6wAytnK1qhyd_WlrSYEgNJLMmGBy9gFFnvpm7ARfUSVqxE9WN4er7-tBrWDYqBoQice4fXkDQpO2L-yUmr_wVfcKsUqT3OM5f3wUtJ-qR3mLBAkqomNGc9zcUdm5wfqHuSLg8VVGvBZfpuE_51UMeoX6FmsJ_SfKoJhiNM5A
tecnico-062,tecnico,3,2026,3,eyJraWQiOiJEZ0VqOWg3UkwxeE1mcTV6dm1XcnlhWHdPZTZ3eW9WRDFNMDBVeENYaUUwPSIsImFsZyI6IlJTMjU2In0.eyJzdWIiOiJlNDU4MzQ4OC0xMDcxLTcwMDQtOGI4Zi1lNmIyMGI2NjgyMDMiLCJjb2duaXRvOmdyb3VwcyI6WyJ0ZWNuaWNvIl0sImVtYWlsX3ZlcmlmaWVkIjp0cnVlLCJpc3MiOiJodHRwczovL2NvZ25pdG8taWRwLnVzLWVhc3QtMS5hbWF6b25hd3MuY29tL3VzLWVhc3QtMV9RR2hSTkpOY3MiLCJjb2duaXRvOnVzZXJuYW1lIjoidGVjbmljby0wNjIiLCJvcmlnaW5fanRpIjoiYzg3YjBhMTMtNzgxOS00NWE2LWE5NWUtODNiNDI3Mzc5ZjVjIiwiYXVkIjoiN2VxNWY0NmdtdDRjaGtwYWJncHVwMTdjZTYiLCJldmVudF9pZCI6IjhjMTMyNGIxLThkYzgtNDIyYy1iYmU1LTYxMzg4YjFiZDRiMSIsInRva2VuX3VzZSI6ImlkIiwiYXV0aF90aW1lIjoxNzc5OTg5NzE1LCJleHAiOjE3Nzk5OTMzMTUsImlhdCI6MTc3OTk4OTcxNSwianRpIjoiZjU5OTM1NzctNjYyNi00YzcyLTliYjctNDRiYzFjNzNlNzcwIiwiZW1haWwiOiJ0ZWNuaWNvLTA2MkBiaXRlY28uY29tIn0.OtYODwm1IiHTllMiqe45GieizjwWha9DgAl9aJBVhW342z7-Q84uD9H06nxxgG7GFM8735XQXr4gVzBTTi_4y9fyl7bHwAYaVim3Qlw6Jka9RghGhWmuHUmFDnZBeLawKWRbOeSvetzVPExjrFvqVMOc35CBt65ZUeJ9QeRU09xMNenkUlbLsHqKBitsv052lUiUmrJMNjM49S-aBLu86QYoVfG0HYvi0GWvdNDJaz2NDalA-XMccgln9q6EfyxazD0M07ZyiIdALXJuWz-NxkPyN7kHg7MGaFrCU-0sO-9lmV1cJu2inl6m9h9QHCppbqDU-qqesQLZnaT-63Gpww
tecnico-063,tecnico,4,2026,4,eyJraWQiOiJEZ0VqOWg3UkwxeE1mcTV6dm1XcnlhWHdPZTZ3eW9WRDFNMDBVeENYaUUwPSIsImFsZyI6IlJTMjU2In0.eyJzdWIiOiI5NDA4ZTQxOC0xMGQxLTcwYzYtMzI5MC1jYmFjYTU1YTJiZjgiLCJjb2duaXRvOmdyb3VwcyI6WyJ0ZWNuaWNvIl0sImVtYWlsX3ZlcmlmaWVkIjp0cnVlLCJpc3MiOiJodHRwczovL2NvZ25pdG8taWRwLnVzLWVhc3QtMS5hbWF6b25hd3MuY29tL3VzLWVhc3QtMV9RR2hSTkpOY3MiLCJjb2duaXRvOnVzZXJuYW1lIjoidGVjbmljby0wNjMiLCJvcmlnaW5fanRpIjoiMTE4ZTk2YjgtMDMxYS00Y2ZlLWJiMGUtNjE3ODFkMmJjYjVjIiwiYXVkIjoiN2VxNWY0NmdtdDRjaGtwYWJncHVwMTdjZTYiLCJldmVudF9pZCI6ImE1NjgzMDAzLTM5OTYtNDllZS1iZWU5LWJlMDVkYTk4YzAwNSIsInRva2VuX3VzZSI6ImlkIiwiYXV0aF90aW1lIjoxNzc5OTg5NzE1LCJleHAiOjE3Nzk5OTMzMTUsImlhdCI6MTc3OTk4OTcxNSwianRpIjoiNDc5ZWVhNGMtNWMzZS00NjUxLWJlYzEtODMyNjdhNDNlYmEzIiwiZW1haWwiOiJ0ZWNuaWNvLTA2M0BiaXRlY28uY29tIn0.MWPeGJsxcQ2u-AQG0Z8oC3rwGS96AqK49nWUr6MTCEbqobcrEh3CXgHRVo4cQbNccEf_L6o1J2McahhI72ww4wacIol23dlp70VhBs0x6sA4cPxQR8ZKes8XiP598iFxxA83RQ_x-vmqZsmJnlyxTnJmBz1OqWu7lcWnk866jDurQ0eWT3oISNDlsTCQlohIz0OA7mn5-QsA_14g49OIhifLatNbYDOur3Hi44oYvGsNcxNZoDh3v3_Uq86y2Q-3fwEE1HPSmvFjtRllMuZi_fdKG4gCLqYPP-hlNxjQu3oGqjpuN4vBsql0kCCCgnnrxh_lxoEMHJVOyU3HBdPF0Q
tecnico-064,tecnico,5,2026,1,eyJraWQiOiJEZ0VqOWg3UkwxeE1mcTV6dm1XcnlhWHdPZTZ3eW9WRDFNMDBVeENYaUUwPSIsImFsZyI6IlJTMjU2In0.eyJzdWIiOiJkNDc4MDQxOC1lMGUxLTcwYzEtYzA2Zi03MDk4MjY1OGZkYTAiLCJjb2duaXRvOmdyb3VwcyI6WyJ0ZWNuaWNvIl0sImVtYWlsX3ZlcmlmaWVkIjp0cnVlLCJpc3MiOiJodHRwczovL2NvZ25pdG8taWRwLnVzLWVhc3QtMS5hbWF6b25hd3MuY29tL3VzLWVhc3QtMV9RR2hSTkpOY3MiLCJjb2duaXRvOnVzZXJuYW1lIjoidGVjbmljby0wNjQiLCJvcmlnaW5fanRpIjoiNjJhYWIxMTktNjY3Ni00MTE3LTg3MjEtNDVlNjA5NDVjMTg1IiwiYXVkIjoiN2VxNWY0NmdtdDRjaGtwYWJncHVwMTdjZTYiLCJldmVudF9pZCI6IjcxY2FiYjNmLWNkYjEtNDcyNy05NzlmLWU0YmU1ZjdkYzhlMiIsInRva2VuX3VzZSI6ImlkIiwiYXV0aF90aW1lIjoxNzc5OTg5NzE1LCJleHAiOjE3Nzk5OTMzMTUsImlhdCI6MTc3OTk4OTcxNSwianRpIjoiZWZlY2EyOTEtNjA2Yi00NDNmLWEwYTMtN2E1ZjU0YzMzMWZhIiwiZW1haWwiOiJ0ZWNuaWNvLTA2NEBiaXRlY28uY29tIn0.ZENUPiS38_tnthkPltYL46A9M22z7hheBxHic1Twpd2Hm9aPPAmANkH252no17tRKY00_wYH3dH7GbP2viCfKk-nq2b1-diQZ1SR7jgVhnNC1B8PsgkZrBSaL-Q_lOvscq6QvroNxD9PuOxC03WQQar86nuaITI5u9q2Kyu1GQaEosdWm_i5qpbCdrnP-D8L2da3uqdj9b6aQSZRu04aYrEZIbutRD6GbfK-EnYVJTAn558ePmuTprXMZ47Mmp1fkax4kjNPlYvmgu9GQr4m13ztYv1b9EbNbTERj_rT3deNI4EGUQk0u_TEAuEDHti6Q1DftPCtuLfeVwykWDQpVQ
tecnico-065,tecnico,6,2026,2,eyJraWQiOiJEZ0VqOWg3UkwxeE1mcTV6dm1XcnlhWHdPZTZ3eW9WRDFNMDBVeENYaUUwPSIsImFsZyI6IlJTMjU2In0.eyJzdWIiOiJmNGQ4NzQ1OC1mMDgxLTcwYjYtNmZhOS1hOGI1NGQ2ZmFiZTAiLCJjb2duaXRvOmdyb3VwcyI6WyJ0ZWNuaWNvIl0sImVtYWlsX3ZlcmlmaWVkIjp0cnVlLCJpc3MiOiJodHRwczovL2NvZ25pdG8taWRwLnVzLWVhc3QtMS5hbWF6b25hd3MuY29tL3VzLWVhc3QtMV9RR2hSTkpOY3MiLCJjb2duaXRvOnVzZXJuYW1lIjoidGVjbmljby0wNjUiLCJvcmlnaW5fanRpIjoiMzdhODkyMmMtZWVlMC00MGQ4LWExYzctYmFkM2ZkODQzNzU5IiwiYXVkIjoiN2VxNWY0NmdtdDRjaGtwYWJncHVwMTdjZTYiLCJldmVudF9pZCI6IjU0Mjk1ZGE4LTFlNGEtNDBmMy1hMDNiLTVjZTE2Mzc1YjIyOSIsInRva2VuX3VzZSI6ImlkIiwiYXV0aF90aW1lIjoxNzc5OTg5NzE2LCJleHAiOjE3Nzk5OTMzMTYsImlhdCI6MTc3OTk4OTcxNiwianRpIjoiYmQ3MTUzMzctYTliMy00NjJkLWIzZmEtYTEyMTIzNzczMDM1IiwiZW1haWwiOiJ0ZWNuaWNvLTA2NUBiaXRlY28uY29tIn0.x6RAz-80HCIEIUETdTacmHNHMKb_xoAORITh6CYYnKRsTwxDnVu_NxO9TORnDxniw4A9cH1wXqCENSd663yKBd4UYEg853MUahwhde51RrKmPF3jmQsho_4LpqqktbjDcrZfd6ISEax2AX0j8RX4Iwd7cVx-uAVZQwT0X4uIuQm1DfEIQUXOMylkTkDHy-82c8QIGt1IdTb5W6NOsuSIpHZb1hJ-04cumPMzQYLZepMZxrNFhpsWQSt6DSA8igVBZ_Mgoyg4Jap4gcpKjZ1pRig7Vl-u6smmRbUUbP-qcED720-oHZC2VOJIsUPlBMDGq_BGhOWKZaJwOUNf37mkAw
tecnico-066,tecnico,7,2026,3,eyJraWQiOiJEZ0VqOWg3UkwxeE1mcTV6dm1XcnlhWHdPZTZ3eW9WRDFNMDBVeENYaUUwPSIsImFsZyI6IlJTMjU2In0.eyJzdWIiOiI3NGE4OTQzOC05MGIxLTcwMjMtYWM1Yi04YjlhZTRjNmE0M2YiLCJjb2duaXRvOmdyb3VwcyI6WyJ0ZWNuaWNvIl0sImVtYWlsX3ZlcmlmaWVkIjp0cnVlLCJpc3MiOiJodHRwczovL2NvZ25pdG8taWRwLnVzLWVhc3QtMS5hbWF6b25hd3MuY29tL3VzLWVhc3QtMV9RR2hSTkpOY3MiLCJjb2duaXRvOnVzZXJuYW1lIjoidGVjbmljby0wNjYiLCJvcmlnaW5fanRpIjoiZThjNTM0OGItZTVjYS00MzBjLTkyMjMtNTgyNGU5YjdhZWFhIiwiYXVkIjoiN2VxNWY0NmdtdDRjaGtwYWJncHVwMTdjZTYiLCJldmVudF9pZCI6IjRlYmRkOGU3LTJlNDAtNGQzOS1iNTJiLTBjZDMyMWE5NWI3ZCIsInRva2VuX3VzZSI6ImlkIiwiYXV0aF90aW1lIjoxNzc5OTg5NzE2LCJleHAiOjE3Nzk5OTMzMTYsImlhdCI6MTc3OTk4OTcxNiwianRpIjoiN2I0MzNhM2ItNGQ4ZS00MzEyLWIwYTYtYzg2YWIzNjk1NDE0IiwiZW1haWwiOiJ0ZWNuaWNvLTA2NkBiaXRlY28uY29tIn0.eXpMcZgcogu9ExsM4VNwDArLRvn18UE0LzhrtONlNTf6b5eNmcQ1HUm-nKeO493gk-0-Hnc105Pt1DZxwemaxID5a-pdec1VSDgBCgxrEjMQcv-z0dvpwvcHvt46-FZvYrkSIMc5FTZGbGPYQ6M1CK8rEUGms354QcTch6wqnPn5ffY59gKv21krRoEZCPUJ3GzhWt5Rmfez3GvLGfufAY_x55lq4vV1FtBL0jIuQvc91X2PMrU1MH4vd4cmoYduHjgwKxwE8ZsGANbQ1H9mI0TmulIRqz1dNKvCJAL06jrP9N_8_D-WPw1VooVezwruFu2IVfzfiIt4jPpZLSGXpA
tecnico-067,tecnico,8,2026,4,eyJraWQiOiJEZ0VqOWg3UkwxeE1mcTV6dm1XcnlhWHdPZTZ3eW9WRDFNMDBVeENYaUUwPSIsImFsZyI6IlJTMjU2In0.eyJzdWIiOiIyNDE4YjRkOC1mMDcxLTcwYmMtMmJmMi02ZWMwMzAyMjY5NmEiLCJjb2duaXRvOmdyb3VwcyI6WyJ0ZWNuaWNvIl0sImVtYWlsX3ZlcmlmaWVkIjp0cnVlLCJpc3MiOiJodHRwczovL2NvZ25pdG8taWRwLnVzLWVhc3QtMS5hbWF6b25hd3MuY29tL3VzLWVhc3QtMV9RR2hSTkpOY3MiLCJjb2duaXRvOnVzZXJuYW1lIjoidGVjbmljby0wNjciLCJvcmlnaW5fanRpIjoiMWE4YmE3NmYtY2IzOS00MmFiLTkzNmEtZWFjNDEyYTNjZGU5IiwiYXVkIjoiN2VxNWY0NmdtdDRjaGtwYWJncHVwMTdjZTYiLCJldmVudF9pZCI6ImQxYzM0YmJkLTgwNjktNDExZC1iNDZkLTIyYjRhZWYwYmUzZiIsInRva2VuX3VzZSI6ImlkIiwiYXV0aF90aW1lIjoxNzc5OTg5NzE2LCJleHAiOjE3Nzk5OTMzMTYsImlhdCI6MTc3OTk4OTcxNiwianRpIjoiYzhiMTBjNTAtMDcwOC00MmEzLTk5M2UtZDhkNDVmMTRmYWE5IiwiZW1haWwiOiJ0ZWNuaWNvLTA2N0BiaXRlY28uY29tIn0.Ek5g4tG0lOel81JUX5N9eUmexMMXigB16w_T3hAlIaS-Vlf0cqfFClSryiFk55fJfvxoDTMnI3tm_PA5Fxr5bhl6ibf1bL_9oy6GAAtxOj4HXalDzsPc4tEgO26E-MUbptvGfHBuxCL1oXJdNDhiKIiJeiA-t3anZnd49d4o0fSiUQ2ICgxWfm6FADoYXUO0ohhyRef94swQ2otyjCsgF38mkxQWGt7KSbVF7PaRn7jn1VHCE-WUE8WhFBcDuk2nzM4Eg-GtyygXkVjGdqHePEjXgBaOIxi2CJycRbRNLeY8sHdgaY7suFoK2gDZJh4UTNR-ERsBS5dSd-__cYWMZg
tecnico-068,tecnico,9,2026,1,eyJraWQiOiJEZ0VqOWg3UkwxeE1mcTV6dm1XcnlhWHdPZTZ3eW9WRDFNMDBVeENYaUUwPSIsImFsZyI6IlJTMjU2In0.eyJzdWIiOiIzNDc4NDRlOC03MGUxLTcwNjgtMGYxZS03ODY0MTE4ZThmNTkiLCJjb2duaXRvOmdyb3VwcyI6WyJ0ZWNuaWNvIl0sImVtYWlsX3ZlcmlmaWVkIjp0cnVlLCJpc3MiOiJodHRwczovL2NvZ25pdG8taWRwLnVzLWVhc3QtMS5hbWF6b25hd3MuY29tL3VzLWVhc3QtMV9RR2hSTkpOY3MiLCJjb2duaXRvOnVzZXJuYW1lIjoidGVjbmljby0wNjgiLCJvcmlnaW5fanRpIjoiNjM5MjY4MDYtY2IyOC00MTZjLTg4YTQtNWI3ZDJlMzE2YmIzIiwiYXVkIjoiN2VxNWY0NmdtdDRjaGtwYWJncHVwMTdjZTYiLCJldmVudF9pZCI6Ijc2ZGU1MjQ4LWVmY2YtNDFiNC04ZTNkLWY0ODQyNzY3ODVhMSIsInRva2VuX3VzZSI6ImlkIiwiYXV0aF90aW1lIjoxNzc5OTg5NzE2LCJleHAiOjE3Nzk5OTMzMTYsImlhdCI6MTc3OTk4OTcxNiwianRpIjoiYjM5YWFmNmYtNDgzYi00M2RmLWFiZDItMWMzOTJlM2MyMWIzIiwiZW1haWwiOiJ0ZWNuaWNvLTA2OEBiaXRlY28uY29tIn0.C2NbKITKjtMx7mLXzHDA-D_dOfaNWIbZq4OvAQ-ypn7ZC5tatXV_WffbGATeOqy_wpuTbnOSS-HJMH_8nq4qIySVwZzqchghZ359_asaOMfUw8m5-91GPM0jQd-9BEjCLZfZsjdis_0CoFRZXtgLhQXhX8F0edIrUbtyR4-9hoSw_XYl3lQWiXF5sh6R0jlNOFElu3zWe8pOdslZeu-G9ynwAs-2hp3WiBiv6bbWe41tSnh0Z2jTbpK86VE1v8Zl4seAt-KZuL9gjGsRWd9o9tYGapV31nn84j9lb8gxZiWSW19yBQLfEogJPLoTdg2y1bZfGeeQCEZS43HUwBXzNA
tecnico-069,tecnico,10,2026,2,eyJraWQiOiJEZ0VqOWg3UkwxeE1mcTV6dm1XcnlhWHdPZTZ3eW9WRDFNMDBVeENYaUUwPSIsImFsZyI6IlJTMjU2In0.eyJzdWIiOiJlNGQ4ZDQxOC04MDgxLTcwMmUtNzEwMC1mNzViNjI3NGY0ODgiLCJjb2duaXRvOmdyb3VwcyI6WyJ0ZWNuaWNvIl0sImVtYWlsX3ZlcmlmaWVkIjp0cnVlLCJpc3MiOiJodHRwczovL2NvZ25pdG8taWRwLnVzLWVhc3QtMS5hbWF6b25hd3MuY29tL3VzLWVhc3QtMV9RR2hSTkpOY3MiLCJjb2duaXRvOnVzZXJuYW1lIjoidGVjbmljby0wNjkiLCJvcmlnaW5fanRpIjoiYTc0MDVjM2ItNjhjMi00MGM2LTgwY2YtZmY3YTdkODZkMmYxIiwiYXVkIjoiN2VxNWY0NmdtdDRjaGtwYWJncHVwMTdjZTYiLCJldmVudF9pZCI6ImM0ZDZmMmQ1LTZlNjktNDY3OC1hZTYzLTZkYTVlY2MzMWY2MSIsInRva2VuX3VzZSI6ImlkIiwiYXV0aF90aW1lIjoxNzc5OTg5NzE3LCJleHAiOjE3Nzk5OTMzMTcsImlhdCI6MTc3OTk4OTcxNywianRpIjoiODdiYjY3YTgtNmQ0MS00ZjRhLTgyYzUtMzMzNmFlY2EzZDdiIiwiZW1haWwiOiJ0ZWNuaWNvLTA2OUBiaXRlY28uY29tIn0.leePaEaPdi4UWBvke6CYotQP-q_CcNyTkeHSpaPkZrSMCWt7Opnv7u2nccrL0BCbmuBk_fTFNDnpyBCTW0tryBt77FrexHMPrdFimLHSBlhVgB35DLve6WW0qECaGKcNQfkNhgyxW1jrMYsVDJVCYZbjunvRfPSMaKmNYMmQGYcvW_-H26c-er67CbQy_Qis_OhzjbwNrpsLlb0VekMXYBejRfPNt4R_o21VkrCwjXa_5epnuzavRd7KAGo39SPOF5_QrrD2z0kukKYoZxJy4sZDYBqoCemtRNO1LYLsiXUHOJziDSMeoPdf_6qUKVJqRd_ZwgSRDwwkX4Vj80c7WQ
tecnico-070,tecnico,1,2026,3,eyJraWQiOiJEZ0VqOWg3UkwxeE1mcTV6dm1XcnlhWHdPZTZ3eW9WRDFNMDBVeENYaUUwPSIsImFsZyI6IlJTMjU2In0.eyJzdWIiOiIyNDY4OTRjOC0wMDQxLTcwOGMtYTkxMS1hYjMyM2Y1NTQ1YmUiLCJjb2duaXRvOmdyb3VwcyI6WyJ0ZWNuaWNvIl0sImVtYWlsX3ZlcmlmaWVkIjp0cnVlLCJpc3MiOiJodHRwczovL2NvZ25pdG8taWRwLnVzLWVhc3QtMS5hbWF6b25hd3MuY29tL3VzLWVhc3QtMV9RR2hSTkpOY3MiLCJjb2duaXRvOnVzZXJuYW1lIjoidGVjbmljby0wNzAiLCJvcmlnaW5fanRpIjoiMzZhMjUzNmQtMmYzYy00ZDdlLTk2OTQtNmYxNDJlZjE3ZjNlIiwiYXVkIjoiN2VxNWY0NmdtdDRjaGtwYWJncHVwMTdjZTYiLCJldmVudF9pZCI6IjViNThhOGE2LTI0YTQtNDNiNS1iNGNkLTg2MjQzNzAzNTFmYyIsInRva2VuX3VzZSI6ImlkIiwiYXV0aF90aW1lIjoxNzc5OTg5NzE3LCJleHAiOjE3Nzk5OTMzMTcsImlhdCI6MTc3OTk4OTcxNywianRpIjoiMWU0NDAxNGEtYjhjYi00ODYyLWI3ZjUtZWRiMTc2Y2Q1MjU2IiwiZW1haWwiOiJ0ZWNuaWNvLTA3MEBiaXRlY28uY29tIn0.5DjrMNhY9Ldb41hDfOkgBR7ZaHteooi87aov_kKMXyE1Gx_dScnuvL0N2nn-98Q83tTG0yrbd4oajVxZkLNjy_8UmzftMnSrYQbS4QP5t8A9NSL5baC8jJPLKhSl0pN1ciudNpwLFWLvjKM6Wx9xknUnfki_T_ad1nsaNXrChVqwd0mbeswM8gOddC4v75r_R0r25mDXTo9-yBiPyp9MalON_Bv3f2wS27z71NUswLbUtTrpsdMjqE3vY9f5un0OmYO4ebQy4dFLO6SRUf2XQOGaWuFPEGe6JnVdN0aGDexhuo2sMhfOoJ2H_WrpZo2GEwz39TtySPQ15JfMKgrNhA
tecnico-071,tecnico,2,2026,4,eyJraWQiOiJEZ0VqOWg3UkwxeE1mcTV6dm1XcnlhWHdPZTZ3eW9WRDFNMDBVeENYaUUwPSIsImFsZyI6IlJTMjU2In0.eyJzdWIiOiIzNDc4MDQzOC1iMGQxLTcwMDgtMjdjMi01OGEwYzI5YzE3MDkiLCJjb2duaXRvOmdyb3VwcyI6WyJ0ZWNuaWNvIl0sImVtYWlsX3ZlcmlmaWVkIjp0cnVlLCJpc3MiOiJodHRwczovL2NvZ25pdG8taWRwLnVzLWVhc3QtMS5hbWF6b25hd3MuY29tL3VzLWVhc3QtMV9RR2hSTkpOY3MiLCJjb2duaXRvOnVzZXJuYW1lIjoidGVjbmljby0wNzEiLCJvcmlnaW5fanRpIjoiYWU5OGU0MDMtNTMwYy00ODY5LWJlMmMtZDJhMTlmZTk3MzFjIiwiYXVkIjoiN2VxNWY0NmdtdDRjaGtwYWJncHVwMTdjZTYiLCJldmVudF9pZCI6IjNjMjQ2YzQzLTAxYTEtNDFhMS05ZmUwLWFiNGJhM2YxN2ExMCIsInRva2VuX3VzZSI6ImlkIiwiYXV0aF90aW1lIjoxNzc5OTg5NzE3LCJleHAiOjE3Nzk5OTMzMTcsImlhdCI6MTc3OTk4OTcxNywianRpIjoiMjFkYWM1ZmEtZWU0Yi00OTg1LWI4OGItYjIwZjU1YjgyMzgwIiwiZW1haWwiOiJ0ZWNuaWNvLTA3MUBiaXRlY28uY29tIn0.FvzzJkdB0mkHxCEJj9wxowmkM7kYe8a3FGs1K5CJ8SK7JFevx413Rvf2qkuxQpf6oPoGMLs7AYYUuIu8eKZeBv48lkrAyrFDmExS2qVD7UHz7ZFmzCmY7k-nWAlyGDn7dsvU9Kpp_qYkG8zVjdZgMgVbvEOm0AkMBkHO5A2SnfENcO00e8lMTBlktTSAaZdlCq74Vmzzx9gf82MnzNHxAX_ipi1DolYyLJUtplofim6ZRdbH0B7vFRBiKO7_nBpCGH0vVnnMAoB4_woRgEt_2rrgnnZtwQ6aOyRZ5zkxgayhX4_qgsv6OP6j9JOYf7eipRKray6Xh1mGKguBHbyD5Q
tecnico-072,tecnico,3,2026,1,eyJraWQiOiJEZ0VqOWg3UkwxeE1mcTV6dm1XcnlhWHdPZTZ3eW9WRDFNMDBVeENYaUUwPSIsImFsZyI6IlJTMjU2In0.eyJzdWIiOiJkNDA4MDQ2OC0wMDgxLTcwM2EtYTYyMC1mOGI4ODVkNzA4ZGUiLCJjb2duaXRvOmdyb3VwcyI6WyJ0ZWNuaWNvIl0sImVtYWlsX3ZlcmlmaWVkIjp0cnVlLCJpc3MiOiJodHRwczovL2NvZ25pdG8taWRwLnVzLWVhc3QtMS5hbWF6b25hd3MuY29tL3VzLWVhc3QtMV9RR2hSTkpOY3MiLCJjb2duaXRvOnVzZXJuYW1lIjoidGVjbmljby0wNzIiLCJvcmlnaW5fanRpIjoiNTg4NmQwMzItNDc5OS00ODdlLTlkZGYtOTdmYWVjNzdhZWE1IiwiYXVkIjoiN2VxNWY0NmdtdDRjaGtwYWJncHVwMTdjZTYiLCJldmVudF9pZCI6IjE2OTA3NWE3LWViNWEtNGI1Mi1iMjYxLWEyYTQ5YmNkOTJlNCIsInRva2VuX3VzZSI6ImlkIiwiYXV0aF90aW1lIjoxNzc5OTg5NzE4LCJleHAiOjE3Nzk5OTMzMTgsImlhdCI6MTc3OTk4OTcxOCwianRpIjoiZTAzNjAwZjUtNmY3My00NDgyLWEzYTQtODNlODc1YTUwMGNlIiwiZW1haWwiOiJ0ZWNuaWNvLTA3MkBiaXRlY28uY29tIn0.LX__LAkbnXZrFMfbNNBITCFcEF0i42Gy0uUFMOUeOhOUUuEZj4CGlVMhSyKXvjCvWkrUkzxnPtSJVizHKqJ-YzGec38BXpbNBJJDQzKS-x6Mh56nIaE9Jf3TfAQwyN0wcz-MM2otLviAtgsfbLYXKHq2TBnQKSDDUdd8eKF36jl6vkB6qKkWlbsnh6tYJsF0Odvh1r4CO5P7HEYBKM18vKWgrCoLNYH32G3m6UlkxQa0HPlPk5Ggzl0OGm8k269HG12zBEhaiaUgxf0I7oGJtsZDxNc4tWDpsOccc-RPCcA8BVK91yfTyJ9CgYA5lRMrTQSBsOMTjgKDUr2nm5ZMLQ
tecnico-073,tecnico,4,2026,2,eyJraWQiOiJEZ0VqOWg3UkwxeE1mcTV6dm1XcnlhWHdPZTZ3eW9WRDFNMDBVeENYaUUwPSIsImFsZyI6IlJTMjU2In0.eyJzdWIiOiIyNGU4YTRlOC1lMDQxLTcwYzYtMjNmMi05MWFlOGY3YWI2YzMiLCJjb2duaXRvOmdyb3VwcyI6WyJ0ZWNuaWNvIl0sImVtYWlsX3ZlcmlmaWVkIjp0cnVlLCJpc3MiOiJodHRwczovL2NvZ25pdG8taWRwLnVzLWVhc3QtMS5hbWF6b25hd3MuY29tL3VzLWVhc3QtMV9RR2hSTkpOY3MiLCJjb2duaXRvOnVzZXJuYW1lIjoidGVjbmljby0wNzMiLCJvcmlnaW5fanRpIjoiYjlhY2ZiODUtMjk2Zi00M2ZlLTg3ZDEtZjdhNmNkZDljNjZjIiwiYXVkIjoiN2VxNWY0NmdtdDRjaGtwYWJncHVwMTdjZTYiLCJldmVudF9pZCI6ImUyNjRkMzcxLTczYWUtNGNjMC1hNzcyLTZiMzVhYjU3NWRjNSIsInRva2VuX3VzZSI6ImlkIiwiYXV0aF90aW1lIjoxNzc5OTg5NzE4LCJleHAiOjE3Nzk5OTMzMTgsImlhdCI6MTc3OTk4OTcxOCwianRpIjoiNDgyOTE0Y2UtZmFhYy00YzAzLWFlMjMtMTI2NGYzMjU3NjI4IiwiZW1haWwiOiJ0ZWNuaWNvLTA3M0BiaXRlY28uY29tIn0.AraHWdErP_gWfEw427p6IVu5Z7Zf5vPFUJLtCaGuzFYcUDi6_8MVeBTR3NgN4UL8v5kIsUdkJGFunjfl4IR1wGhFtY_K1xd1EuJgPQM3Ku_87XYVrSVZo_1zR1TFLPDdkakKpwaPWYhleCCqqozNQC6T1HXPmz0rZjCLxxaB4otLU_1Hrfwr3UMRg2GTCSV0k8RjRbc_8oMQGDIX9CHW4chgPX_7CqaiQgGJtgbfgWfHMsdKbv55NFS5VA2RhRWf0SYQzd12nWT0o6snL8ruiy7Zj1iW4wzryMTeV3oajZc3UaVDJFecC78uHKBw1uRAC2EZZ2MJCuv_nPCd05acAA
tecnico-074,tecnico,5,2026,3,eyJraWQiOiJEZ0VqOWg3UkwxeE1mcTV6dm1XcnlhWHdPZTZ3eW9WRDFNMDBVeENYaUUwPSIsImFsZyI6IlJTMjU2In0.eyJzdWIiOiJlNDQ4YTRhOC0wMDQxLTcwNWItNTMwYy1mYTJjYTQ1YjkwZWIiLCJjb2duaXRvOmdyb3VwcyI6WyJ0ZWNuaWNvIl0sImVtYWlsX3ZlcmlmaWVkIjp0cnVlLCJpc3MiOiJodHRwczovL2NvZ25pdG8taWRwLnVzLWVhc3QtMS5hbWF6b25hd3MuY29tL3VzLWVhc3QtMV9RR2hSTkpOY3MiLCJjb2duaXRvOnVzZXJuYW1lIjoidGVjbmljby0wNzQiLCJvcmlnaW5fanRpIjoiODhhZTMwNzMtMzI4OS00N2IyLTllNDEtYzQ4NGJkMmRlMmIyIiwiYXVkIjoiN2VxNWY0NmdtdDRjaGtwYWJncHVwMTdjZTYiLCJldmVudF9pZCI6ImVkYWZiYzliLTE1ODEtNGQ3YS05ZTY0LTljMjQwYTBiZGNjNCIsInRva2VuX3VzZSI6ImlkIiwiYXV0aF90aW1lIjoxNzc5OTg5NzE4LCJleHAiOjE3Nzk5OTMzMTgsImlhdCI6MTc3OTk4OTcxOCwianRpIjoiZjkzMjAzYTItMTIyNi00YjU5LTgwYmYtMzFhYjMyNDc0NzdjIiwiZW1haWwiOiJ0ZWNuaWNvLTA3NEBiaXRlY28uY29tIn0.q3_9jJCyFeRwBBiicvfDGIQJtIj7_F0VmbEnqzmZZ1XQWqyVOoaX8ymqicw-zJzAZbEsCf3GNoKyQ4VA93wQwYO1Tn1uL7QVJZCZ-FXcxuDPAvKU336OFp7dSqwOaP6pVpuezm4vQoh-alxcTx-XI2d-UvyyXTGr1tLNuhyC7Bzugpx15KsbADdVGEolNs3fhbXWXq79HSwavL4dqO5WtiLAr7tWkbOF0QYGd39kNi66LA94GOPvmj5jTFwhCls-Wi9knZ9jXdguwXseMvHF97sfxGrRn-KVWEHTjsZH_zNCruWNNrViE3byclGFtNfRnC-WbBDJ4e397r6H1YTGVQ
tecnico-075,tecnico,6,2026,4,eyJraWQiOiJEZ0VqOWg3UkwxeE1mcTV6dm1XcnlhWHdPZTZ3eW9WRDFNMDBVeENYaUUwPSIsImFsZyI6IlJTMjU2In0.eyJzdWIiOiJkNGE4YTQ2OC0yMDIxLTcwMjAtZjVjNi04ZDQzOThlNzMyNjIiLCJjb2duaXRvOmdyb3VwcyI6WyJ0ZWNuaWNvIl0sImVtYWlsX3ZlcmlmaWVkIjp0cnVlLCJpc3MiOiJodHRwczovL2NvZ25pdG8taWRwLnVzLWVhc3QtMS5hbWF6b25hd3MuY29tL3VzLWVhc3QtMV9RR2hSTkpOY3MiLCJjb2duaXRvOnVzZXJuYW1lIjoidGVjbmljby0wNzUiLCJvcmlnaW5fanRpIjoiNGY5NzAwNWQtNDA5NC00ZWNlLWIwNDgtOWU2MTBlMTBhNGVjIiwiYXVkIjoiN2VxNWY0NmdtdDRjaGtwYWJncHVwMTdjZTYiLCJldmVudF9pZCI6IjA2ODYxNGZhLTYzZWUtNGFlMS1iNDNiLTc4M2E3OWZkNzNjNCIsInRva2VuX3VzZSI6ImlkIiwiYXV0aF90aW1lIjoxNzc5OTg5NzE4LCJleHAiOjE3Nzk5OTMzMTgsImlhdCI6MTc3OTk4OTcxOCwianRpIjoiNzUxZGU5ZmUtZmExZi00ZGRkLWIwOTEtNWM4ZTlhY2JiYjBkIiwiZW1haWwiOiJ0ZWNuaWNvLTA3NUBiaXRlY28uY29tIn0.o6viHAYQKv8kaqWLEbeTEQ93SqmZIOib0ljfsCbsCqzMz2OWZOvrT2BmmKdO51nsuQ-lkood-PXgZf5kwslFHDPezKLQzjDLF4U1so8zWpl5mxQGVykaW_UoEZ37Ova0Erv5oAt3L_2QNwH_eU41N7JSIe8YPO6PJJzP-nnNBpy6WQZLt80VKcyO0WCJccLXXGkyeNukESJBJSB9JM1DoUcC2AbXyLa5EKGDrKVgBisp7ZSUD-VfRhxp7sjDnDhuEX4T67SFCt_mF5JLiuMxt-KY78VbeQRAB2lthAj0X4TgfoM-xqKQg-DgfvuWLL96Rb7rDaeb6V_OhBXWNKZJ_g
tecnico-076,tecnico,7,2026,1,eyJraWQiOiJEZ0VqOWg3UkwxeE1mcTV6dm1XcnlhWHdPZTZ3eW9WRDFNMDBVeENYaUUwPSIsImFsZyI6IlJTMjU2In0.eyJzdWIiOiJmNDY4MzQzOC0wMGExLTcwYWQtNzFmYS1iZWI0YmM1YmQ1MDUiLCJjb2duaXRvOmdyb3VwcyI6WyJ0ZWNuaWNvIl0sImVtYWlsX3ZlcmlmaWVkIjp0cnVlLCJpc3MiOiJodHRwczovL2NvZ25pdG8taWRwLnVzLWVhc3QtMS5hbWF6b25hd3MuY29tL3VzLWVhc3QtMV9RR2hSTkpOY3MiLCJjb2duaXRvOnVzZXJuYW1lIjoidGVjbmljby0wNzYiLCJvcmlnaW5fanRpIjoiNjhjMjg0NWYtMzdkOC00MDdkLTk4MGEtNjc5YWI1YzEwNTY3IiwiYXVkIjoiN2VxNWY0NmdtdDRjaGtwYWJncHVwMTdjZTYiLCJldmVudF9pZCI6IjcxMzk3MGYxLWFlMWUtNDU1OC05ODBjLWQ1NmEwYWY0M2E4NCIsInRva2VuX3VzZSI6ImlkIiwiYXV0aF90aW1lIjoxNzc5OTg5NzE5LCJleHAiOjE3Nzk5OTMzMTksImlhdCI6MTc3OTk4OTcxOSwianRpIjoiOWRlMTMwNjQtYzYyNS00NDJlLTk3NjUtYjgyZjdhYWZhNzI3IiwiZW1haWwiOiJ0ZWNuaWNvLTA3NkBiaXRlY28uY29tIn0.0xvgknQkeJra5aAx6uiLY2YSew12Heb4SaAazG47F8iGsMSQyxOunO4TntFZPkkimay7-IdcvW_kRhtnI9GzunBf4Ou_f5tQPqf_GgC0Wml0mdQLCSnV_c9LeGvdwBnBbCy6VSjTk3zHL1sJSR2vGVRhQ4zzf_viIg6-_3UBQA3MuPv6fAMRx5ePzTb6Gg1a7RtSMENegI7JNY3v9zNNJ6c0N20kpMT4FCpPZLsATEtiwp_BYsO2_s40yF6bZOyuKvZgkmWHnOZbfEWUM7iNCDnuL1eKyA0erpylm3ddKq7w-Ynhdm4g_4JaalwwCSW5D0c90pVDuGP6WEGpX2qM7A
tecnico-077,tecnico,8,2026,2,eyJraWQiOiJEZ0VqOWg3UkwxeE1mcTV6dm1XcnlhWHdPZTZ3eW9WRDFNMDBVeENYaUUwPSIsImFsZyI6IlJTMjU2In0.eyJzdWIiOiIzNDc4NTQwOC04MGQxLTcwOTItNjQzNy05NzNmMmE2MDUxZWYiLCJjb2duaXRvOmdyb3VwcyI6WyJ0ZWNuaWNvIl0sImVtYWlsX3ZlcmlmaWVkIjp0cnVlLCJpc3MiOiJodHRwczovL2NvZ25pdG8taWRwLnVzLWVhc3QtMS5hbWF6b25hd3MuY29tL3VzLWVhc3QtMV9RR2hSTkpOY3MiLCJjb2duaXRvOnVzZXJuYW1lIjoidGVjbmljby0wNzciLCJvcmlnaW5fanRpIjoiYzYwYzk2OGUtZDc2Ni00OWQzLTk2NDQtMTQzODUwN2QwYzhlIiwiYXVkIjoiN2VxNWY0NmdtdDRjaGtwYWJncHVwMTdjZTYiLCJldmVudF9pZCI6ImNhNGE0YWQ5LWMxY2YtNDVmZi1iMDVlLTVmMzMzODQ4NTk3MCIsInRva2VuX3VzZSI6ImlkIiwiYXV0aF90aW1lIjoxNzc5OTg5NzE5LCJleHAiOjE3Nzk5OTMzMTksImlhdCI6MTc3OTk4OTcxOSwianRpIjoiZWEwNzJhYWMtNDBkMi00NmJkLWE3MWQtN2M5YmM1ZDQ3YWNjIiwiZW1haWwiOiJ0ZWNuaWNvLTA3N0BiaXRlY28uY29tIn0.ISuPIavHSWq3C675qMVqKD7uSmAWH7Dsj5ll4rKrCd8KVuGfi4XdAeSvHoqc51v6fmBPBzDHLL_GrP4c3G5QRDaS03HaJYQcHgyDWXNtv1BJR3LSqrTF8h4dU_JkB55vyABiRrLwQA18aQCa1yAzteL8Tw-FMagfPmA5AmBUxTAfRjhLESsxNsFroG8ngRYK_MTVQ6hEIz3v02gsesb0-Mc8uxyITH-GzfqPnU6FW3rdVs6wpav2Q4qE6spwcRGRprpP6PuSx4HVD9xyAa3AJBIINOGpW8q_Uc44iemKOxze7SP0JGEXPZF9faLruUNRNvvY9aO4Z4L24VvypUSmZA
tecnico-078,tecnico,9,2026,3,eyJraWQiOiJEZ0VqOWg3UkwxeE1mcTV6dm1XcnlhWHdPZTZ3eW9WRDFNMDBVeENYaUUwPSIsImFsZyI6IlJTMjU2In0.eyJzdWIiOiJjNGE4NDQ2OC0xMDExLTcwYjItZjJiNC02NmUwMDIzMzQxYzAiLCJjb2duaXRvOmdyb3VwcyI6WyJ0ZWNuaWNvIl0sImVtYWlsX3ZlcmlmaWVkIjp0cnVlLCJpc3MiOiJodHRwczovL2NvZ25pdG8taWRwLnVzLWVhc3QtMS5hbWF6b25hd3MuY29tL3VzLWVhc3QtMV9RR2hSTkpOY3MiLCJjb2duaXRvOnVzZXJuYW1lIjoidGVjbmljby0wNzgiLCJvcmlnaW5fanRpIjoiMWNhNjBiY2EtZjgxZC00NWY4LWEwYjItZGM3ZGVmZDA4MTJjIiwiYXVkIjoiN2VxNWY0NmdtdDRjaGtwYWJncHVwMTdjZTYiLCJldmVudF9pZCI6IjBiZTk5Y2E0LTEwNDYtNDlkZS05ODkxLTRiMTVlMTE5OWM0NSIsInRva2VuX3VzZSI6ImlkIiwiYXV0aF90aW1lIjoxNzc5OTg5NzE5LCJleHAiOjE3Nzk5OTMzMTksImlhdCI6MTc3OTk4OTcxOSwianRpIjoiY2Q2OTcwZTktNzJlYi00NjI4LWFlOWEtMTQzZjk4NjQ1YTViIiwiZW1haWwiOiJ0ZWNuaWNvLTA3OEBiaXRlY28uY29tIn0.T62jKo14jBbP-ztW_8ESg8L_AlZywigDO1AUqe_rU-AlTZvjpvLRY8f-9y6jgbzSba4D7oL-LHFfUMGSO2fJ_IhUaIp7nOvY87Rf9QaEkiJONdEwdGfP0jM3PyBeRpHbHnPNfv6PJoAzTxJmniDEuxm67GGompkcVFDW4NrGrv_--4iJg0FjypTJlYjsWWrqizM89vP0gaJA8j_F0KnUf1fFuwbHIWqEG1U8leKbIIpMbwJEukuTdLUwP_YUevgTtMee6kA3tPz6S5iy_-9E2BcL9H3EkgPIhLI4FMfkLqPVZDuQFY6Ytm3eiG-zUcbsFZ4czg5TFkQnvuWsuMONiw
tecnico-079,tecnico,10,2026,4,eyJraWQiOiJEZ0VqOWg3UkwxeE1mcTV6dm1XcnlhWHdPZTZ3eW9WRDFNMDBVeENYaUUwPSIsImFsZyI6IlJTMjU2In0.eyJzdWIiOiJhNDM4ZjQ2OC0xMDAxLTcwMGMtOTkzNi02ODQ0MjA2NjM5MGQiLCJjb2duaXRvOmdyb3VwcyI6WyJ0ZWNuaWNvIl0sImVtYWlsX3ZlcmlmaWVkIjp0cnVlLCJpc3MiOiJodHRwczovL2NvZ25pdG8taWRwLnVzLWVhc3QtMS5hbWF6b25hd3MuY29tL3VzLWVhc3QtMV9RR2hSTkpOY3MiLCJjb2duaXRvOnVzZXJuYW1lIjoidGVjbmljby0wNzkiLCJvcmlnaW5fanRpIjoiYTFmY2FjNmYtNzkwYy00YjUwLTgyNTItNjEzZmYzNjFkNjJhIiwiYXVkIjoiN2VxNWY0NmdtdDRjaGtwYWJncHVwMTdjZTYiLCJldmVudF9pZCI6IjE0ZGM1NTUxLTg0YTItNGE4OC05ZmI5LTY3YzdjMWIzNjY3YiIsInRva2VuX3VzZSI6ImlkIiwiYXV0aF90aW1lIjoxNzc5OTg5NzE5LCJleHAiOjE3Nzk5OTMzMTksImlhdCI6MTc3OTk4OTcxOSwianRpIjoiNmNkZTBhNTEtNzE3YS00OWRlLWJjYjctNjdkNzlhZDg5YjdkIiwiZW1haWwiOiJ0ZWNuaWNvLTA3OUBiaXRlY28uY29tIn0.eJju-4hBKvR1aT9_j7fDcmJJNgx2vRPfEThBocRckjWadmDV0itxNQkgTXiOYRShbhtyt3urQCUigv7Dx_nEYpIVm5atvKimxd6pLo2p-I5Nnil3wgVupG3AHzIQzXf3VNay-PKqHKkiWd9BWSDGXVYgKxM0ZAjL2Xw_jBDwWRyqi-LxLIOGaC19IIfxW4N7xFSj68v-mY5Tt4deHPgy4KLGKSRkbFGozD6pVh8mvBrshimjxGTEzuj9EAwx9nBsGOsi6S9O5IfeHDQ0CTwyRqErJxQnL64KBYHyZzb19fQDWO8sUYHdl2oDAg45z-1-bRN6A8gwlDjay0rq91HTCQ
tecnico-080,tecnico,1,2026,1,eyJraWQiOiJEZ0VqOWg3UkwxeE1mcTV6dm1XcnlhWHdPZTZ3eW9WRDFNMDBVeENYaUUwPSIsImFsZyI6IlJTMjU2In0.eyJzdWIiOiJiNGI4NDRlOC1iMDYxLTcwMzQtMTA5OS0yYmNjYjJhNTJmYTAiLCJjb2duaXRvOmdyb3VwcyI6WyJ0ZWNuaWNvIl0sImVtYWlsX3ZlcmlmaWVkIjp0cnVlLCJpc3MiOiJodHRwczovL2NvZ25pdG8taWRwLnVzLWVhc3QtMS5hbWF6b25hd3MuY29tL3VzLWVhc3QtMV9RR2hSTkpOY3MiLCJjb2duaXRvOnVzZXJuYW1lIjoidGVjbmljby0wODAiLCJvcmlnaW5fanRpIjoiNDVmODI1NGItYTFiNi00Y2RlLTkxM2ItYzlkYzNlMzY1NWQzIiwiYXVkIjoiN2VxNWY0NmdtdDRjaGtwYWJncHVwMTdjZTYiLCJldmVudF9pZCI6Ijk5ZTBhOTJiLTZlNTktNDRhOS04MjIyLTBjZmRlNzAzYTkwYiIsInRva2VuX3VzZSI6ImlkIiwiYXV0aF90aW1lIjoxNzc5OTg5NzIwLCJleHAiOjE3Nzk5OTMzMjAsImlhdCI6MTc3OTk4OTcyMCwianRpIjoiZmEwZTBmNmYtZWI4Ny00YWM0LWIxZmYtN2RmNjZjMTg0NjZjIiwiZW1haWwiOiJ0ZWNuaWNvLTA4MEBiaXRlY28uY29tIn0.Q78zyGW4K7UpJ2eWviDOx1VBjs4m8rP0FQQudfenKbJeqznDuRt7G8aVI9l7pez0KphIPodMtFwp6F4UP7jnM9FgXu0mUhPtq5uOveB8o_nQupKHZyF072IgMi1pV-6-iBCzjbE3WckeqWrcde9r9EOrj2wem1-8Yly6dd8s_qLQOv2WiUKnfZU0Y1L6R9IK3W0GJv3Ts0A6VVfYFQKIX22FhfnRNlJuHsNl6JAuZiDZWB8zfqYtDut7jIQ9UoKveliqdfBLd_nbP-8ITyluAj05zGqZo60hWZaQ0eVh54FJX7s6FB90z_8hH-EXW5GXyZGSwVJYpI7q_2lkcRE8MA
tecnico-081,tecnico,2,2026,2,eyJraWQiOiJEZ0VqOWg3UkwxeE1mcTV6dm1XcnlhWHdPZTZ3eW9WRDFNMDBVeENYaUUwPSIsImFsZyI6IlJTMjU2In0.eyJzdWIiOiIzNDI4YzQ5OC02MDkxLTcwNWYtZmM5NS02OGZjMTg1MjQwM2IiLCJjb2duaXRvOmdyb3VwcyI6WyJ0ZWNuaWNvIl0sImVtYWlsX3ZlcmlmaWVkIjp0cnVlLCJpc3MiOiJodHRwczovL2NvZ25pdG8taWRwLnVzLWVhc3QtMS5hbWF6b25hd3MuY29tL3VzLWVhc3QtMV9RR2hSTkpOY3MiLCJjb2duaXRvOnVzZXJuYW1lIjoidGVjbmljby0wODEiLCJvcmlnaW5fanRpIjoiZGRlMGY2ZjItNzY2MC00OWE3LWI5MWYtZTQwNWIyOWNlNmEwIiwiYXVkIjoiN2VxNWY0NmdtdDRjaGtwYWJncHVwMTdjZTYiLCJldmVudF9pZCI6ImYyYWI2ZDI0LThjYTUtNGFiYy1iZDE0LTA4MmFiYjUxODFkZCIsInRva2VuX3VzZSI6ImlkIiwiYXV0aF90aW1lIjoxNzc5OTg5NzIwLCJleHAiOjE3Nzk5OTMzMjAsImlhdCI6MTc3OTk4OTcyMCwianRpIjoiMzUwYzE1NzUtNzdmNi00MWNhLWJkYzQtOTBjMGM4N2RhZWVlIiwiZW1haWwiOiJ0ZWNuaWNvLTA4MUBiaXRlY28uY29tIn0.5P-apoKNUqoafkN3tORL3SwUwNslFFqQXpD9I3ZdtJriRyletGbHQI7G9-9WKhK6R2c7zDtuJ53To46Iqb9hcLH-RQ5yWjx0kxgTKKu462Gyu_HxRjb0TCNTrD_2ldn8WKsafl7SGK8J8LNB1Cv-I82Ed60IYzDPtRWWRNz1ZvFqJCYh_w4CK2Ygh7bYYDkrvhaqkiNvMNDa1ejvOtR7Z2OO3YTyRs9iubldlk96weSKZ9wnZNpber7NRtPbANj3qw0dbV0L3R-P7YYCIaWTT8-OWlbDtxDkz5vMJ7NDgGhHpkWifVAbIk5xB0pa8beaBziDNdwFJCmSq57gcj5xUQ
tecnico-082,tecnico,3,2026,3,eyJraWQiOiJEZ0VqOWg3UkwxeE1mcTV6dm1XcnlhWHdPZTZ3eW9WRDFNMDBVeENYaUUwPSIsImFsZyI6IlJTMjU2In0.eyJzdWIiOiI0NDk4NzQ4OC04MDAxLTcwNWItNjhjNy1lOTBmZDdmYTgxM2UiLCJjb2duaXRvOmdyb3VwcyI6WyJ0ZWNuaWNvIl0sImVtYWlsX3ZlcmlmaWVkIjp0cnVlLCJpc3MiOiJodHRwczovL2NvZ25pdG8taWRwLnVzLWVhc3QtMS5hbWF6b25hd3MuY29tL3VzLWVhc3QtMV9RR2hSTkpOY3MiLCJjb2duaXRvOnVzZXJuYW1lIjoidGVjbmljby0wODIiLCJvcmlnaW5fanRpIjoiMDc4MThkNjMtY2E0Yy00M2ZkLTk3ZGItNGI0MDVhZmY5MDQ2IiwiYXVkIjoiN2VxNWY0NmdtdDRjaGtwYWJncHVwMTdjZTYiLCJldmVudF9pZCI6IjQ1NTRkYzI2LWJiNTktNDE4ZS05ODU0LTg1ODgxYWZlMTM0NCIsInRva2VuX3VzZSI6ImlkIiwiYXV0aF90aW1lIjoxNzc5OTg5NzIwLCJleHAiOjE3Nzk5OTMzMjAsImlhdCI6MTc3OTk4OTcyMCwianRpIjoiOWY1MmM4ODctN2I1Zi00MTU5LThjMzctY2JjMjA4MmQ4MzE0IiwiZW1haWwiOiJ0ZWNuaWNvLTA4MkBiaXRlY28uY29tIn0.t0mOcXkpIcCQwUqj4Yf5HshRCRyiFCc3WWZfFSGQEhpZ4Ktg6fcm0S6UXDyzBt6Q0jJ4PQoSF6_fb4p_g5KrJM7VTpp9p8XXuK5xni6du1Uvv3Dktfii6BafN0xebYb0gJKDvqwQITYN2UTiv9uL1OG8PQhZWSOkiYH_ZeI_XDGlU6_xdiZN64jiJp7G2J9I8FNgSMhIF1QvOxx9diYmqflq76G4A16s97JHZxuqFj-udqvYSYJqUgMmHaPqdnPsIeTwoC_F69k9ZdXges3WiiFFkZZLZJX48oAuopX_4wK_qiu3BdBb8vHGihfqRttjkdzFR06HdnmOPmoHj47UGg
tecnico-083,tecnico,4,2026,4,eyJraWQiOiJEZ0VqOWg3UkwxeE1mcTV6dm1XcnlhWHdPZTZ3eW9WRDFNMDBVeENYaUUwPSIsImFsZyI6IlJTMjU2In0.eyJzdWIiOiJkNDI4ZDQ3OC00MDExLTcwOGItZmM4OC0wMjU5YzRmNzYzMjAiLCJjb2duaXRvOmdyb3VwcyI6WyJ0ZWNuaWNvIl0sImVtYWlsX3ZlcmlmaWVkIjp0cnVlLCJpc3MiOiJodHRwczovL2NvZ25pdG8taWRwLnVzLWVhc3QtMS5hbWF6b25hd3MuY29tL3VzLWVhc3QtMV9RR2hSTkpOY3MiLCJjb2duaXRvOnVzZXJuYW1lIjoidGVjbmljby0wODMiLCJvcmlnaW5fanRpIjoiMWNmYmVjNDMtYTBiMC00NDkwLWE3NTctN2RlYzY5NTZiMWZiIiwiYXVkIjoiN2VxNWY0NmdtdDRjaGtwYWJncHVwMTdjZTYiLCJldmVudF9pZCI6ImRkMzE1YzZiLWQzMzctNDEwMi1iYzJlLWRhMTJjOWUyZDEwNyIsInRva2VuX3VzZSI6ImlkIiwiYXV0aF90aW1lIjoxNzc5OTg5NzIxLCJleHAiOjE3Nzk5OTMzMjEsImlhdCI6MTc3OTk4OTcyMSwianRpIjoiNjBkMTJhOGEtMWVlZC00NGJjLWE5NTQtNjIxZGRmMzlhNWE3IiwiZW1haWwiOiJ0ZWNuaWNvLTA4M0BiaXRlY28uY29tIn0.YY8jxIJXOeu_e6mco1fgkEQcTAz2U34ItWoH8-QskxlBCVQasTvVcrZEHxwq2BrWrQZHcNzPTezdTUi6OKUu1wkzt9smfkLazYX-oO1tdRBNHojjpbGJt1FXUwjpI08VUmWPVdPlSorixrbkTuK_lfmR2mCSqAxuqffiBMXiumidZoKpmnDO7KfwPSAG9h4M9Zhs-H9oiE8XsIMYVOpNQGA0urAfw7rM-HaKsP7OB6WHZpG1RYWeZMu86P4JPcVh2cgQup6vg_z1KfAxWqBh0IZcgHnOrK0welg-tlSLJLcSSIUZeArqJdrxS1ggztB9b2YULakvrxq0HT1abzn7gg
tecnico-084,tecnico,5,2026,1,eyJraWQiOiJEZ0VqOWg3UkwxeE1mcTV6dm1XcnlhWHdPZTZ3eW9WRDFNMDBVeENYaUUwPSIsImFsZyI6IlJTMjU2In0.eyJzdWIiOiJkNDM4MzQzOC03MGUxLTcwMjItZjkzYy1iMmM2NGE1Y2FlY2UiLCJjb2duaXRvOmdyb3VwcyI6WyJ0ZWNuaWNvIl0sImVtYWlsX3ZlcmlmaWVkIjp0cnVlLCJpc3MiOiJodHRwczovL2NvZ25pdG8taWRwLnVzLWVhc3QtMS5hbWF6b25hd3MuY29tL3VzLWVhc3QtMV9RR2hSTkpOY3MiLCJjb2duaXRvOnVzZXJuYW1lIjoidGVjbmljby0wODQiLCJvcmlnaW5fanRpIjoiNzMzNzZiY2EtZDA1ZS00ZWFmLWJkZjUtYjIxYTZlMWM5ZGQ3IiwiYXVkIjoiN2VxNWY0NmdtdDRjaGtwYWJncHVwMTdjZTYiLCJldmVudF9pZCI6Ijk3OWIyMGJlLTUzZjMtNDNmZS05YTIxLTYxZTIxMjlmOWQwYiIsInRva2VuX3VzZSI6ImlkIiwiYXV0aF90aW1lIjoxNzc5OTg5NzIxLCJleHAiOjE3Nzk5OTMzMjEsImlhdCI6MTc3OTk4OTcyMSwianRpIjoiYzUwY2Q0MTYtZTI1Ni00MWJlLWE1MWYtOGI1OWU3YjVlYzFhIiwiZW1haWwiOiJ0ZWNuaWNvLTA4NEBiaXRlY28uY29tIn0.or3g7XmPfPP8YGLrqxh1Qf_mepVbndiCDu998o63_SSF5aPHZ6BRRCECfMRmbvmAa9iRh4lu2ujdOs7T_3w6vj3Q4aRROJtB9czRdSqM1gyv7BbV61zUynXvaWtZlroLv97f1-zEL9rYFNhikClNG_psEvsuDQ7lbSF3c34etrSI_VTd5GsJa0KOvyTOVdmbmoLhPOjC8apk9DRDPWIsn3xPIcl6dFIcuj41n1LNy9VabY-jIHl-Fd0qhRQDHkUeLqLZSTIiFgEYYJ3e4c_K2uYENRD89sCIk5OOQJRIjbNsRqDFgisQdtpzB-wJxkauvDB41bdjD_8Rzv6igbn1Mg
tecnico-085,tecnico,6,2026,2,eyJraWQiOiJEZ0VqOWg3UkwxeE1mcTV6dm1XcnlhWHdPZTZ3eW9WRDFNMDBVeENYaUUwPSIsImFsZyI6IlJTMjU2In0.eyJzdWIiOiI3NDM4NTRmOC0xMGIxLTcwZjAtNzczNC1jNjBhYzMyNDk3YzMiLCJjb2duaXRvOmdyb3VwcyI6WyJ0ZWNuaWNvIl0sImVtYWlsX3ZlcmlmaWVkIjp0cnVlLCJpc3MiOiJodHRwczovL2NvZ25pdG8taWRwLnVzLWVhc3QtMS5hbWF6b25hd3MuY29tL3VzLWVhc3QtMV9RR2hSTkpOY3MiLCJjb2duaXRvOnVzZXJuYW1lIjoidGVjbmljby0wODUiLCJvcmlnaW5fanRpIjoiNmQ3YjVlMmUtYjBjMi00ZWUwLWIzZjItNmJkNGE3NjJjNjIyIiwiYXVkIjoiN2VxNWY0NmdtdDRjaGtwYWJncHVwMTdjZTYiLCJldmVudF9pZCI6ImU1NDE5YjczLWZkODUtNGRjNi1hMGIwLTRlOTg3MzQ3Y2E3ZCIsInRva2VuX3VzZSI6ImlkIiwiYXV0aF90aW1lIjoxNzc5OTg5NzIxLCJleHAiOjE3Nzk5OTMzMjEsImlhdCI6MTc3OTk4OTcyMSwianRpIjoiMDY0YTU0OWYtZmQ4MS00NDAwLWE3YTYtMTM4ZWRjYzE5YzYyIiwiZW1haWwiOiJ0ZWNuaWNvLTA4NUBiaXRlY28uY29tIn0.YR8nMaZTP55moODdcPjjZIBDBsVEMZF0ddNt93PmVa3iYH-usWxx4z1Bj6UNx8z9mdNbJz9xNX338s-DmYugn2z4Qrme3PeDIgYX5JKpjLvtTrwh9js7C1Yf_xKur0XI5EYjAArmTfAW4FNO3feXKXgOau_bL-GJqvVDQSlJzo79sfKHMzlymfwS2dLLAw1yxob1S8Tvw0Bq2_ppvdMvCCmYd-3-ZuvGl5OxmP_uwuvq_SZVMqYa909negGJBmXn4Xxcn--zeyGa4jrvZdJjnis5wXdafO4-q7IPyIjK_PbYRFD0tOXasPN28KI04JsZAa3RWZysl3_QwGpVgw45aw
tecnico-086,tecnico,7,2026,3,eyJraWQiOiJEZ0VqOWg3UkwxeE1mcTV6dm1XcnlhWHdPZTZ3eW9WRDFNMDBVeENYaUUwPSIsImFsZyI6IlJTMjU2In0.eyJzdWIiOiI4NGQ4OTRmOC0yMGExLTcwOTUtYTc5ZS1lNzA5YTAzMmMxZjIiLCJjb2duaXRvOmdyb3VwcyI6WyJ0ZWNuaWNvIl0sImVtYWlsX3ZlcmlmaWVkIjp0cnVlLCJpc3MiOiJodHRwczovL2NvZ25pdG8taWRwLnVzLWVhc3QtMS5hbWF6b25hd3MuY29tL3VzLWVhc3QtMV9RR2hSTkpOY3MiLCJjb2duaXRvOnVzZXJuYW1lIjoidGVjbmljby0wODYiLCJvcmlnaW5fanRpIjoiYWE4MjQ1MDQtODYyOC00NmFlLWI2N2MtOTlkNDZkZDMwZTA4IiwiYXVkIjoiN2VxNWY0NmdtdDRjaGtwYWJncHVwMTdjZTYiLCJldmVudF9pZCI6IjMyNjQ4YmZlLWRkZWYtNDBlMi05ZDY3LWIzNzk3NmRiZjRiYSIsInRva2VuX3VzZSI6ImlkIiwiYXV0aF90aW1lIjoxNzc5OTg5NzIxLCJleHAiOjE3Nzk5OTMzMjEsImlhdCI6MTc3OTk4OTcyMSwianRpIjoiYTk0OGExYjAtZjQ2MC00N2MzLWIzNmEtYmNjNjg4MzVlODQzIiwiZW1haWwiOiJ0ZWNuaWNvLTA4NkBiaXRlY28uY29tIn0.DVZu-5QT_BqsA-yW_b1dLJ4Sf0tdxO5vbjD6vF0BSVmGqHA2RPYYY3OEKKk-VnQ-U1u1SoFP93WJqQJZc-YbuZGMrMFunGp_ZYt3XZzE7ftzKcsqIYc2MWD6MEiIlrOlm2CvuMOOk9dG43FWncAEdFc8Ah_vREBZSjyaJUc7BP_BUaxKiqaVxzJP2ycKrbIUojh5yy7rhGo3bNEAzp4jRXazsjTYAJz_FjIGtIB8GsTXU5EMwuq5IhEEqC0lQtZ5_MfkASlHuwT-VLq9NDKIjw6gwIf9vkfY6O7k1JntvbdFDhMBoOC1LohDIumVIa-_-h0wUmBkcEDZ0FBVnG7WYA
tecnico-087,tecnico,8,2026,4,eyJraWQiOiJEZ0VqOWg3UkwxeE1mcTV6dm1XcnlhWHdPZTZ3eW9WRDFNMDBVeENYaUUwPSIsImFsZyI6IlJTMjU2In0.eyJzdWIiOiJmNGE4ZTQ3OC0wMDAxLTcwNWUtYjBmMS1kN2U1YWU0MGNmZDQiLCJjb2duaXRvOmdyb3VwcyI6WyJ0ZWNuaWNvIl0sImVtYWlsX3ZlcmlmaWVkIjp0cnVlLCJpc3MiOiJodHRwczovL2NvZ25pdG8taWRwLnVzLWVhc3QtMS5hbWF6b25hd3MuY29tL3VzLWVhc3QtMV9RR2hSTkpOY3MiLCJjb2duaXRvOnVzZXJuYW1lIjoidGVjbmljby0wODciLCJvcmlnaW5fanRpIjoiNjI5NTk4ZGEtZjUyNi00YjkzLWFjMzctNzYyMmZkOGUyOTg0IiwiYXVkIjoiN2VxNWY0NmdtdDRjaGtwYWJncHVwMTdjZTYiLCJldmVudF9pZCI6ImFmNzY3YTdiLWQ1ZWQtNDA1MS05Y2RjLTE3MTFkMmZlNjZmMiIsInRva2VuX3VzZSI6ImlkIiwiYXV0aF90aW1lIjoxNzc5OTg5NzIyLCJleHAiOjE3Nzk5OTMzMjIsImlhdCI6MTc3OTk4OTcyMiwianRpIjoiODUyMzhkZjItZjFmOS00MzdiLWE4NWUtZmE3ZDc2ZjRhZDZjIiwiZW1haWwiOiJ0ZWNuaWNvLTA4N0BiaXRlY28uY29tIn0.OXJ21paJLCCsWq0VDeFLHEYAUrDhWW6ZgtMJWUw1HHHG4HPpIu-alVYX_quYZoDV4LWCFNOWazY1Wqdyc6Yw1l3NmeokRCSmc__BKENQ0mPSW3xbzVibqfmgCYQ_tT2LuLqQdwFCJSHZbIMf7YgRgf3PWB0c24IPbLpFUc3zzuxTPDkhm45O3QNIT2yFADWuMdqQJH3cYT7eJi2dt90Fwz5yyyDvOWxul_eftba3UafmzNdF1ACHJKAMPWNvEWQ3XOx4-elxEZFjhe4GcEo4UAewQYpy_nuk8LWTcTQu_nEbEn1QYOHJaXQ3yBbnkpNheqeUT-ZKdn7QVeHUvwE61Q
tecnico-088,tecnico,9,2026,1,eyJraWQiOiJEZ0VqOWg3UkwxeE1mcTV6dm1XcnlhWHdPZTZ3eW9WRDFNMDBVeENYaUUwPSIsImFsZyI6IlJTMjU2In0.eyJzdWIiOiI4NGI4MzQ2OC03MGUxLTcwN2ItMGFjMi0wYTJlYWNhZjg2MzQiLCJjb2duaXRvOmdyb3VwcyI6WyJ0ZWNuaWNvIl0sImVtYWlsX3ZlcmlmaWVkIjp0cnVlLCJpc3MiOiJodHRwczovL2NvZ25pdG8taWRwLnVzLWVhc3QtMS5hbWF6b25hd3MuY29tL3VzLWVhc3QtMV9RR2hSTkpOY3MiLCJjb2duaXRvOnVzZXJuYW1lIjoidGVjbmljby0wODgiLCJvcmlnaW5fanRpIjoiZmJhMGU0MjMtZjQ2NS00ZDZhLTkzZDYtNDZmY2FjMjNkZjVhIiwiYXVkIjoiN2VxNWY0NmdtdDRjaGtwYWJncHVwMTdjZTYiLCJldmVudF9pZCI6Ijg3YzE3NDhlLWQ0MTMtNDQ4Yi1iZTAzLTJlMTZiN2I1MDAwNSIsInRva2VuX3VzZSI6ImlkIiwiYXV0aF90aW1lIjoxNzc5OTg5NzIyLCJleHAiOjE3Nzk5OTMzMjIsImlhdCI6MTc3OTk4OTcyMiwianRpIjoiYzNlZWE1M2YtNmE2ZS00MzBmLWE4NmItNjUwZmE3NTY5NDFlIiwiZW1haWwiOiJ0ZWNuaWNvLTA4OEBiaXRlY28uY29tIn0.1T0S1REnR7ZTGDp-LVbao21w0f1Qp2MMhiPngejbxmK8XiHzEWK-whRb-A6rOMv84xa-UiuCCSa_j9ZuSjGvbOaf8OUf69b_qSPAwoFLXAxqg_Qy5dxhVl0x5KpIn9CNk8EWefSVICYJty9NfeLzhZp9oTe2d-F27X_T45Soxg91ZqbXBnXB1qfRQMqnzcf5UneVcmiippWuP5XuxqvUNkF1oh8R5iXyjqHU4g3iQ3Hxm0QHWYiBJaRSWVg_IWnEIDq4RUxA9OXe05hdJc8iARHu4NHoJf6RyJ1tc_MK2LeoVWDI6rkHmFnuIEhyhlqnYK64nEoMtwhY2j0PIb1f6A
tecnico-089,tecnico,10,2026,2,eyJraWQiOiJEZ0VqOWg3UkwxeE1mcTV6dm1XcnlhWHdPZTZ3eW9WRDFNMDBVeENYaUUwPSIsImFsZyI6IlJTMjU2In0.eyJzdWIiOiJjNDA4ZjRkOC0wMDcxLTcwZjYtZDIyOC02MTZhYzk3NTk2YjAiLCJjb2duaXRvOmdyb3VwcyI6WyJ0ZWNuaWNvIl0sImVtYWlsX3ZlcmlmaWVkIjp0cnVlLCJpc3MiOiJodHRwczovL2NvZ25pdG8taWRwLnVzLWVhc3QtMS5hbWF6b25hd3MuY29tL3VzLWVhc3QtMV9RR2hSTkpOY3MiLCJjb2duaXRvOnVzZXJuYW1lIjoidGVjbmljby0wODkiLCJvcmlnaW5fanRpIjoiMGU4M2NlOTktMWJmOS00MzBjLTlkMTgtMjczNWQyNGZkZjhlIiwiYXVkIjoiN2VxNWY0NmdtdDRjaGtwYWJncHVwMTdjZTYiLCJldmVudF9pZCI6ImE5M2VlODEzLWU4NzAtNGJkZi1iMzg3LTI0ODhiNDUyNmJiNiIsInRva2VuX3VzZSI6ImlkIiwiYXV0aF90aW1lIjoxNzc5OTg5NzIyLCJleHAiOjE3Nzk5OTMzMjIsImlhdCI6MTc3OTk4OTcyMiwianRpIjoiMGU4MTIwY2EtMGViYy00Yjk5LThmODMtZTExMDliZThlNGQwIiwiZW1haWwiOiJ0ZWNuaWNvLTA4OUBiaXRlY28uY29tIn0.n414JgWoyTl0RG-96oc3hyPWXjs7WjJ06axL85FX55XezBx3l4gtG1ajUqH0mxO5TzyOMu9ngAyIZcLkX7zy1td3fIO29ROLf-InhyrdzDTIceO-9yE15-uiYwT3l2qJlzVUeagbihnog35Sn9Vm4ZCB9lXMOe-CbOCYfYo4MYHa7T2cYJqLtHTAol7LezvwbkPbXppALfnF78g1ddv8NBk3Ogs_-5ClrxZvLjMYvWe1yMI-E5TWeL_EoJF5xqtZWnjRcVpWf4zQTqhVzlkUuUeN1BdGp9EHN3soIUxSht5H8U3wlrTllFgQVQ2svQg635tpMR95IdzmsD24Q7p0vg
tecnico-090,tecnico,1,2026,3,eyJraWQiOiJEZ0VqOWg3UkwxeE1mcTV6dm1XcnlhWHdPZTZ3eW9WRDFNMDBVeENYaUUwPSIsImFsZyI6IlJTMjU2In0.eyJzdWIiOiI4NGQ4ZDQ5OC0xMGUxLTcwZjctM2U3OS03YzMyOTc4NTM0ODgiLCJjb2duaXRvOmdyb3VwcyI6WyJ0ZWNuaWNvIl0sImVtYWlsX3ZlcmlmaWVkIjp0cnVlLCJpc3MiOiJodHRwczovL2NvZ25pdG8taWRwLnVzLWVhc3QtMS5hbWF6b25hd3MuY29tL3VzLWVhc3QtMV9RR2hSTkpOY3MiLCJjb2duaXRvOnVzZXJuYW1lIjoidGVjbmljby0wOTAiLCJvcmlnaW5fanRpIjoiMWQ0YmViMzQtNzRmYS00NmMwLTg5NGMtYjdkNzc5ZmNhMjc5IiwiYXVkIjoiN2VxNWY0NmdtdDRjaGtwYWJncHVwMTdjZTYiLCJldmVudF9pZCI6IjlhYTNjOTNmLTgzZWItNDZjNS1iZDYwLTkxMzYyZmI2M2M1ZiIsInRva2VuX3VzZSI6ImlkIiwiYXV0aF90aW1lIjoxNzc5OTg5NzIzLCJleHAiOjE3Nzk5OTMzMjMsImlhdCI6MTc3OTk4OTcyMywianRpIjoiZDA1YzIxYzctZTBhMi00ZmU2LTgzMmQtMGQ4MjI4MjJkMjI1IiwiZW1haWwiOiJ0ZWNuaWNvLTA5MEBiaXRlY28uY29tIn0.pSKVgEeqmiEadrW3qzy5tye5OR38aTTFKQiFrD4UfWaK8iLFecpOrCFvqXgQlUVrMb208Wlh2iPAdx77wbhzuqGc49J3nDv1sOfdRLP1UVxdmgs-uVR7UV8tKpvXpS5kfWHwjAPl3ARnefgy530gVQv9nmY7rTAhUk5apm86ZSJgvxeU0bcOg6GYHizB_tMEB4-FlOHOQQ6EZEo5Y6jscOpSuZLahVWiMULGRhqaCR2wgtOd3mm0oKtlILblM1PTIcvUTY4r4tx8-Am_b4U1MD0iP6_S186IDxfrTuM7jdxXUWFO3lG584YWemHEdX-Jel34VBzgxumVL8y7Z6VnbQ
tecnico-091,tecnico,2,2026,4,eyJraWQiOiJEZ0VqOWg3UkwxeE1mcTV6dm1XcnlhWHdPZTZ3eW9WRDFNMDBVeENYaUUwPSIsImFsZyI6IlJTMjU2In0.eyJzdWIiOiI1NDI4YzRhOC0wMDIxLTcwZTUtN2NjZS0zMjc5NmM2NzhlMmIiLCJjb2duaXRvOmdyb3VwcyI6WyJ0ZWNuaWNvIl0sImVtYWlsX3ZlcmlmaWVkIjp0cnVlLCJpc3MiOiJodHRwczovL2NvZ25pdG8taWRwLnVzLWVhc3QtMS5hbWF6b25hd3MuY29tL3VzLWVhc3QtMV9RR2hSTkpOY3MiLCJjb2duaXRvOnVzZXJuYW1lIjoidGVjbmljby0wOTEiLCJvcmlnaW5fanRpIjoiNWZhZjM3MGQtMjEwMy00MGZjLTg4MDItNzQ1ODViY2RjY2QwIiwiYXVkIjoiN2VxNWY0NmdtdDRjaGtwYWJncHVwMTdjZTYiLCJldmVudF9pZCI6ImE1ZTg4MDFkLTNhZTktNDI5Yi05YWZhLTk1NzA5Zjk2NWNiMSIsInRva2VuX3VzZSI6ImlkIiwiYXV0aF90aW1lIjoxNzc5OTg5NzIzLCJleHAiOjE3Nzk5OTMzMjMsImlhdCI6MTc3OTk4OTcyMywianRpIjoiZWRkZmQwNjYtMmFkNC00NDBmLThkMzktZTNiNjJhZmEzYTM5IiwiZW1haWwiOiJ0ZWNuaWNvLTA5MUBiaXRlY28uY29tIn0.TOQUTRyr7pL-XcxbruYwjitfBcRXmnCnMt7YNV9q97DuGgukZOmVMZbH1A3iYlBj_DFlw1YWYT2s5H4VzJE9QCvAYzPZK6ajaGgZIwHPrN6zZft8Bb4DrnvzwtkJg0L3XMWwKAgJc0alSSJhrdUBSDMAEVPmpXxGhYjCQFc0e1uAw3PVQp7mdZQFNnE3ztLdMK5c35phXjb5GOM-QsbD-kFpaedfODM4x-lLa1UaesCYie1bZPjIGw_7ILSLaAbhVom9WbRm7iBbCjyiwFK72NSDXD2SwTeSJv6h94xhr0JETQ3OJOHn04daMVsclaQss6554YIAf75FHE8vPzenHA
tecnico-092,tecnico,3,2026,1,eyJraWQiOiJEZ0VqOWg3UkwxeE1mcTV6dm1XcnlhWHdPZTZ3eW9WRDFNMDBVeENYaUUwPSIsImFsZyI6IlJTMjU2In0.eyJzdWIiOiI2NDQ4MDQwOC0zMDkxLTcwZWQtYzJhNy0zYjhlYzU0NjZhYTQiLCJjb2duaXRvOmdyb3VwcyI6WyJ0ZWNuaWNvIl0sImVtYWlsX3ZlcmlmaWVkIjp0cnVlLCJpc3MiOiJodHRwczovL2NvZ25pdG8taWRwLnVzLWVhc3QtMS5hbWF6b25hd3MuY29tL3VzLWVhc3QtMV9RR2hSTkpOY3MiLCJjb2duaXRvOnVzZXJuYW1lIjoidGVjbmljby0wOTIiLCJvcmlnaW5fanRpIjoiMDYyYTZkNjItZDJkOS00ZTEzLThmYzQtOTJjZjBmZjAxNjRjIiwiYXVkIjoiN2VxNWY0NmdtdDRjaGtwYWJncHVwMTdjZTYiLCJldmVudF9pZCI6IjdlZWNmYzU0LThhZmYtNDAxOC05YWRmLTg2OGJlMzlhMTI1ZSIsInRva2VuX3VzZSI6ImlkIiwiYXV0aF90aW1lIjoxNzc5OTg5NzIzLCJleHAiOjE3Nzk5OTMzMjMsImlhdCI6MTc3OTk4OTcyMywianRpIjoiZDcxZjM2ODYtYmE0Ni00MzllLWI2NWEtYmVhNGQxOTBkYzE0IiwiZW1haWwiOiJ0ZWNuaWNvLTA5MkBiaXRlY28uY29tIn0.lrWe78bu-T_nioFYJu9Bavbkh7eE6jnqcF2XkXCRTHG21_AfSH1sFeLWYyqqpChNbzH_IqYHl_PXAI_TfIMCUrddB_FDR0pyfpDhpymMnFWD5kvPert4sXs9ebJ6fiKdmVmoYmZwdtA4--82H6-qzYvAKOG8F3jMV1x-f3ONDVy-IhwVfzx0WfH1mdVLaxMW8REnHkfW53CTuCJYd0agNNDwGlrlCYx2drNQluFmOPUghaibHRU5fL83SIGG-jRzHewOhrmtxIbcFoyktgz99spU308iDlL3OP_Q--_6V7zU5zG8BI1UC0pFM3lKv0XO9zL3WDv7CAwOKPxtxyPGEA
tecnico-093,tecnico,4,2026,2,eyJraWQiOiJEZ0VqOWg3UkwxeE1mcTV6dm1XcnlhWHdPZTZ3eW9WRDFNMDBVeENYaUUwPSIsImFsZyI6IlJTMjU2In0.eyJzdWIiOiJhNGE4MzQzOC04MDcxLTcwNGItN2VjMC1kYzJmYzU3YjJhMWIiLCJjb2duaXRvOmdyb3VwcyI6WyJ0ZWNuaWNvIl0sImVtYWlsX3ZlcmlmaWVkIjp0cnVlLCJpc3MiOiJodHRwczovL2NvZ25pdG8taWRwLnVzLWVhc3QtMS5hbWF6b25hd3MuY29tL3VzLWVhc3QtMV9RR2hSTkpOY3MiLCJjb2duaXRvOnVzZXJuYW1lIjoidGVjbmljby0wOTMiLCJvcmlnaW5fanRpIjoiZmQwNDk1ZjctNWMzNi00N2I2LTk0ODItODAwNGQ3ZmExOWRhIiwiYXVkIjoiN2VxNWY0NmdtdDRjaGtwYWJncHVwMTdjZTYiLCJldmVudF9pZCI6IjU4OGFhYTAyLTg4MmUtNGM4MS1hZDk2LThmODFjY2ZiZjdmNCIsInRva2VuX3VzZSI6ImlkIiwiYXV0aF90aW1lIjoxNzc5OTg5NzIzLCJleHAiOjE3Nzk5OTMzMjMsImlhdCI6MTc3OTk4OTcyMywianRpIjoiODkxNzQ4NTgtOTM0YS00ZTg3LWEyNGQtZGUzODIxNzNmM2E3IiwiZW1haWwiOiJ0ZWNuaWNvLTA5M0BiaXRlY28uY29tIn0.BFQmSI_Kw7_fWcRn-P71tqPz57YSkaMEZXfRLXPrBcF_jDuxx41otjCv7VT5uTewvS4tHx4ePNZqq_iMTJSNTaVAkrHb9B4phqCHkGNM6MoVHEMEFrIDXboW6KwtI3nRKLhNzMGfon3a9BiPWQe4Y0uVk6ISPbBBVO25GsV7_bteLgbId1AFP-QuyddBBn9HsszLePiqasLHaIVkt7TcBjoj79-CiJAPWc6AQlxDhZhtApEm36s-2jNFoVwj-x55j9IAKR_yNsD0cZ-KL0-09iWSudEVDOBJYjdj6nXK2Bp_fXxh7kLgvZKjTsMSzJAR5qOj__3QAZ12Ttxkl6P3mw
tecnico-094,tecnico,5,2026,3,eyJraWQiOiJEZ0VqOWg3UkwxeE1mcTV6dm1XcnlhWHdPZTZ3eW9WRDFNMDBVeENYaUUwPSIsImFsZyI6IlJTMjU2In0.eyJzdWIiOiIwNDQ4YjQyOC04MDkxLTcwZTctYjAzNi0zMzNiMWY3NzEzZDgiLCJjb2duaXRvOmdyb3VwcyI6WyJ0ZWNuaWNvIl0sImVtYWlsX3ZlcmlmaWVkIjp0cnVlLCJpc3MiOiJodHRwczovL2NvZ25pdG8taWRwLnVzLWVhc3QtMS5hbWF6b25hd3MuY29tL3VzLWVhc3QtMV9RR2hSTkpOY3MiLCJjb2duaXRvOnVzZXJuYW1lIjoidGVjbmljby0wOTQiLCJvcmlnaW5fanRpIjoiN2UwOTZkMTAtMDkzZS00OTgwLTg2MTgtNzczYWZhODRhMWFhIiwiYXVkIjoiN2VxNWY0NmdtdDRjaGtwYWJncHVwMTdjZTYiLCJldmVudF9pZCI6ImUwZTQ1MDFlLTBlNDMtNDllMy1iNGFiLTM5M2Y3NjA4NmMzYyIsInRva2VuX3VzZSI6ImlkIiwiYXV0aF90aW1lIjoxNzc5OTg5NzI0LCJleHAiOjE3Nzk5OTMzMjQsImlhdCI6MTc3OTk4OTcyNCwianRpIjoiNDBlMDQzZDUtZjBjNC00NjQzLTkwMDUtMTUzMzEzNTgyZTNkIiwiZW1haWwiOiJ0ZWNuaWNvLTA5NEBiaXRlY28uY29tIn0.MoOsoWcY9K3My2xeG69FLUd41tsbNwXhRIVMU9FPowbQB82mSa1ZShoeEtwIIShX83kZyoMlFHxPNBlcqCKYNYNyJ2tG4P1fPa4ZHSlbO4frOum30Y6CxBKsUxge6jjJ8r8J85NGX09SZK7DCOalAIiQYdn_GZtXd8f1BsDKhNiGmj_TaIXPJr8AX1ADqsAvmM6xH3uP0eymemnnrgU2Atfj5pPg5AfgMq-mIXGhPnoS6q5KNopYxU7exIN0EQQXLsrz2BCxO6Uandt1Oo-1gcGwLMhBAdLdAJGpVsiJ1B4vmYNg8s1fQlHxu6oLllqqRKpmux-TV70KE5Fe2vGFNQ
tecnico-095,tecnico,6,2026,4,eyJraWQiOiJEZ0VqOWg3UkwxeE1mcTV6dm1XcnlhWHdPZTZ3eW9WRDFNMDBVeENYaUUwPSIsImFsZyI6IlJTMjU2In0.eyJzdWIiOiJhNDI4MDQwOC02MGQxLTcwNjktNzEyYS04NTgxOWU1M2I3MzciLCJjb2duaXRvOmdyb3VwcyI6WyJ0ZWNuaWNvIl0sImVtYWlsX3ZlcmlmaWVkIjp0cnVlLCJpc3MiOiJodHRwczovL2NvZ25pdG8taWRwLnVzLWVhc3QtMS5hbWF6b25hd3MuY29tL3VzLWVhc3QtMV9RR2hSTkpOY3MiLCJjb2duaXRvOnVzZXJuYW1lIjoidGVjbmljby0wOTUiLCJvcmlnaW5fanRpIjoiNzU5OGQ3NGItMjdiNC00NDlkLWIzMzYtODM5M2VhMjA4ZmI4IiwiYXVkIjoiN2VxNWY0NmdtdDRjaGtwYWJncHVwMTdjZTYiLCJldmVudF9pZCI6IjY2Yjc3ODliLWQ3YjMtNDcyMC05Y2EyLTAwMDA4NmU5ZDkzZiIsInRva2VuX3VzZSI6ImlkIiwiYXV0aF90aW1lIjoxNzc5OTg5NzI0LCJleHAiOjE3Nzk5OTMzMjQsImlhdCI6MTc3OTk4OTcyNCwianRpIjoiOTNhNGRmOWMtMGNhNi00MDA2LTk2MGEtNGZiMjlmNjY3NWRkIiwiZW1haWwiOiJ0ZWNuaWNvLTA5NUBiaXRlY28uY29tIn0.xwfT4ph46-hqSy1TOHDXELkTGS6vE22CKHalRZHpj4cs8UYhMPj0v2CchapB1CzRJE2205M5dAsCYPTpcu7xVonLsW7hwvIXt80hcBlqJdSTeb3zgteyplIhxPCL_YhU6mtECNRc1gWMY9S23nv02XWzrcmkXcKoK9OdOQt07jEKt-OhUaJ64ww46nhRyR44IiHuJphmmbJPN75unRjCpFbEbhtJKpivljPtumUfilUSstQc9NuLXFNGnYdvLQUt2ftRoQVavwd2fXv6RdtnmRVkW3PF8ZO5KVJeCCXt8W9f39hRSdyknaSYruKDU7d8gyAMFtIykdBeZgOtAKCwfw
tecnico-096,tecnico,7,2026,1,eyJraWQiOiJEZ0VqOWg3UkwxeE1mcTV6dm1XcnlhWHdPZTZ3eW9WRDFNMDBVeENYaUUwPSIsImFsZyI6IlJTMjU2In0.eyJzdWIiOiI1NDM4YTQwOC1iMDExLTcwMzctZWIzYy0zMzY3MzRmZDUyMTkiLCJjb2duaXRvOmdyb3VwcyI6WyJ0ZWNuaWNvIl0sImVtYWlsX3ZlcmlmaWVkIjp0cnVlLCJpc3MiOiJodHRwczovL2NvZ25pdG8taWRwLnVzLWVhc3QtMS5hbWF6b25hd3MuY29tL3VzLWVhc3QtMV9RR2hSTkpOY3MiLCJjb2duaXRvOnVzZXJuYW1lIjoidGVjbmljby0wOTYiLCJvcmlnaW5fanRpIjoiYTEyOTY1N2MtN2QwNy00MzhlLTk5OTMtMzVkOGFhZGQzNDMyIiwiYXVkIjoiN2VxNWY0NmdtdDRjaGtwYWJncHVwMTdjZTYiLCJldmVudF9pZCI6IjQxNDM0MGQwLWU1YzMtNGZlZC1hOGMwLTM5NjBmOTI2NDBmZCIsInRva2VuX3VzZSI6ImlkIiwiYXV0aF90aW1lIjoxNzc5OTg5NzI0LCJleHAiOjE3Nzk5OTMzMjQsImlhdCI6MTc3OTk4OTcyNCwianRpIjoiNzdmMzY5YWUtNzU1OC00NGQzLTgyYjktMGFiNmY5Y2I3NTZhIiwiZW1haWwiOiJ0ZWNuaWNvLTA5NkBiaXRlY28uY29tIn0.spDqnmDRmDRu-ED-gTMf_-9cnR1jMJphMeRRbhnjk9hb4omzTnsxXQNznQ3rUCsaV1Q6H2jTyGYaGbxO0sPk7mHFs_7ZxcGF-T4i1ww0o-2nKYVAotzJyM65owe9seUSTp_LtZpopVWiZg2SMqbN5b2rZxNMOlq_08Yw5F6It-LOzy1q-pdFobcNHPsyE5Pea7NushPXu37tYhUllyNcu3gXvtff_-cTwK6bK4T70QAwxkV0md9NDTGDahd8BVjem6mV301mv_2TyTnSNtmafAUQp_NfbrO45vSTHTOW9300wbiYpnuZIcDNIMC9hTFVpGfdts5TpiQ3obGrEk1zug
tecnico-097,tecnico,8,2026,2,eyJraWQiOiJEZ0VqOWg3UkwxeE1mcTV6dm1XcnlhWHdPZTZ3eW9WRDFNMDBVeENYaUUwPSIsImFsZyI6IlJTMjU2In0.eyJzdWIiOiJiNGQ4MTQ1OC1hMDMxLTcwMjUtMjRhNy1iY2M2MGYyMTBkYzAiLCJjb2duaXRvOmdyb3VwcyI6WyJ0ZWNuaWNvIl0sImVtYWlsX3ZlcmlmaWVkIjp0cnVlLCJpc3MiOiJodHRwczovL2NvZ25pdG8taWRwLnVzLWVhc3QtMS5hbWF6b25hd3MuY29tL3VzLWVhc3QtMV9RR2hSTkpOY3MiLCJjb2duaXRvOnVzZXJuYW1lIjoidGVjbmljby0wOTciLCJvcmlnaW5fanRpIjoiMzM0ZGEwY2ItNGI0YS00MDg4LTg3NGYtMjQyZTkyMGYyMGRhIiwiYXVkIjoiN2VxNWY0NmdtdDRjaGtwYWJncHVwMTdjZTYiLCJldmVudF9pZCI6IjM0MmU3OTYyLWE4MzYtNGVjNi05MWRiLWYyMmE5NGIyMmJlNiIsInRva2VuX3VzZSI6ImlkIiwiYXV0aF90aW1lIjoxNzc5OTg5NzI0LCJleHAiOjE3Nzk5OTMzMjQsImlhdCI6MTc3OTk4OTcyNCwianRpIjoiMzA2MDRiODAtNDc3Zi00YjNmLWE1NGQtNjQwY2RiNTM2YjNjIiwiZW1haWwiOiJ0ZWNuaWNvLTA5N0BiaXRlY28uY29tIn0.tA9H4uFGyU2nwJnXkwEf0wBPLPkMcb0_5qdq-jpp8ZeOjybg55mmXblG6Aix_vuR7z9Jc7yuPo-IF890F3ZwPs0YTSFJGJRMlKeu_OvtSE6Ux00EXmbrc3Gw6NrmNIiPepjx6Njhii5MNGLh_WYBl46ndP2yHv-Fbi_OQ-iFslQRWpceW4IyRlo9HLqrLg6oGh6q_Vy5Ze7z4BOqcGlB20jAS0I7lPaib9jggYX5lhFG_fD9nCXaHbENSQf2p48AE6alR1gy3AVy_KSTf0_KKQzp5vKuJrAjoE8pSwq15jyZvudWAxPT8ZwQ8ppCvPmcGOQoVtdBFLYYkk3v9Zpqzw
tecnico-098,tecnico,9,2026,3,eyJraWQiOiJEZ0VqOWg3UkwxeE1mcTV6dm1XcnlhWHdPZTZ3eW9WRDFNMDBVeENYaUUwPSIsImFsZyI6IlJTMjU2In0.eyJzdWIiOiIwNGY4ODQ0OC1kMDAxLTcwZGItMTM1ZS0wNDBmNDg2MjY2NmUiLCJjb2duaXRvOmdyb3VwcyI6WyJ0ZWNuaWNvIl0sImVtYWlsX3ZlcmlmaWVkIjp0cnVlLCJpc3MiOiJodHRwczovL2NvZ25pdG8taWRwLnVzLWVhc3QtMS5hbWF6b25hd3MuY29tL3VzLWVhc3QtMV9RR2hSTkpOY3MiLCJjb2duaXRvOnVzZXJuYW1lIjoidGVjbmljby0wOTgiLCJvcmlnaW5fanRpIjoiMjc4YWFhMmQtYjlmNy00Y2U2LTk0MWYtMjhlODI3OGJiOGE2IiwiYXVkIjoiN2VxNWY0NmdtdDRjaGtwYWJncHVwMTdjZTYiLCJldmVudF9pZCI6IjliNGYwMTYxLTY5ZGItNDZmMy05NzExLTEyOGRjNzlmMGNiOSIsInRva2VuX3VzZSI6ImlkIiwiYXV0aF90aW1lIjoxNzc5OTg5NzI1LCJleHAiOjE3Nzk5OTMzMjUsImlhdCI6MTc3OTk4OTcyNSwianRpIjoiOTI4MDIxNDAtOWZmOC00Njg2LWI3MzMtMDkxNWVkNzlmYTBhIiwiZW1haWwiOiJ0ZWNuaWNvLTA5OEBiaXRlY28uY29tIn0.wz826njNUsoQxXdN9Q_o8ypkoArQRdYI5_igX3g3d7mPeaFaMGjRkGfNnm7EOypKgKkGGiLQRjfAwjjy8PtTEAJ1QH3f-jmz6msOblTEUMYT6quqYbIzOd7KUuk8setvYW9zfSBHGifA8J2GFDuYkBVorWCy_BDUUs2fdtKq_givRe_L5dXYOasd4sH-lYWUcJ-ks9TDZULWIB8lo8kFYjBX-wpOv3XGgmZBLhJkYlVPdpVVNAGi0loLGaKd12Lrh3lkUncJdwRzBuqyyrbdYQ6XJxRg-3FafB1mSHJLnGh55m9l4b70xlY4EhZkqP7xdZAHqaLijG1G3khP0G7F2Q
tecnico-099,tecnico,10,2026,4,eyJraWQiOiJEZ0VqOWg3UkwxeE1mcTV6dm1XcnlhWHdPZTZ3eW9WRDFNMDBVeENYaUUwPSIsImFsZyI6IlJTMjU2In0.eyJzdWIiOiIwNDY4MDQ1OC0yMDExLTcwNTctM2I0OC02ZTJlYzljZTIyYzciLCJjb2duaXRvOmdyb3VwcyI6WyJ0ZWNuaWNvIl0sImVtYWlsX3ZlcmlmaWVkIjp0cnVlLCJpc3MiOiJodHRwczovL2NvZ25pdG8taWRwLnVzLWVhc3QtMS5hbWF6b25hd3MuY29tL3VzLWVhc3QtMV9RR2hSTkpOY3MiLCJjb2duaXRvOnVzZXJuYW1lIjoidGVjbmljby0wOTkiLCJvcmlnaW5fanRpIjoiYzY1YWI4OTAtMTU5NS00YjQ5LWJlYzctOWQ2NTM2MDc5YTE3IiwiYXVkIjoiN2VxNWY0NmdtdDRjaGtwYWJncHVwMTdjZTYiLCJldmVudF9pZCI6IjgzYzNiZTFkLTc3MWItNDY5NS1iMGYwLTNmODI4OWJlNzJkNCIsInRva2VuX3VzZSI6ImlkIiwiYXV0aF90aW1lIjoxNzc5OTg5NzI1LCJleHAiOjE3Nzk5OTMzMjUsImlhdCI6MTc3OTk4OTcyNSwianRpIjoiMzA3YmNmMjItNDk0ZC00M2UxLWI2MDctNDIwNjE0OTBmMzEyIiwiZW1haWwiOiJ0ZWNuaWNvLTA5OUBiaXRlY28uY29tIn0.Y037EPhW36DEvfIh5T_qhScltTMCgGEs-P1B30W32x2zs2e7_MqenWU9Dv02d1v0Su3Jy8nRjgfdRpl_As50MNIldB9pu96NF8kTxoSjMPbYiMCfe6YnzbCG7KPILNwGDbJwvbn7w4FZIpdrDMymuIZpKVE4EPBAYUXK_x5MqjfOKZkeG_8so7twZZokgZ0GxNU4iQNGXNfDk2TpdPiAtW2SqDAdY_aOz-peIlqnzlEOPdX_BOMzFZuVWO6bS0GtzoBS7nMCjbS69eS8lZdAzzrYRaYdXITGjrFazz8L75HC56cA03GAnQ6DQp0gdaS74Od1d9i2ZcALXGhuhFRW2Q
tecnico-100,tecnico,1,2026,1,eyJraWQiOiJEZ0VqOWg3UkwxeE1mcTV6dm1XcnlhWHdPZTZ3eW9WRDFNMDBVeENYaUUwPSIsImFsZyI6IlJTMjU2In0.eyJzdWIiOiI1NDk4ZTRhOC1mMGIxLTcwZjgtMmMyMS1jNWUyZjEzNTdlZGUiLCJjb2duaXRvOmdyb3VwcyI6WyJ0ZWNuaWNvIl0sImVtYWlsX3ZlcmlmaWVkIjp0cnVlLCJpc3MiOiJodHRwczovL2NvZ25pdG8taWRwLnVzLWVhc3QtMS5hbWF6b25hd3MuY29tL3VzLWVhc3QtMV9RR2hSTkpOY3MiLCJjb2duaXRvOnVzZXJuYW1lIjoidGVjbmljby0xMDAiLCJvcmlnaW5fanRpIjoiYTFhZmE5MTYtMDM2OS00MWRlLWEyZDUtNDg3Y2U0MjMxZDM3IiwiYXVkIjoiN2VxNWY0NmdtdDRjaGtwYWJncHVwMTdjZTYiLCJldmVudF9pZCI6IjNmNTEwMzhhLThiODYtNDRjMy04ZDMzLTE2YzI0ZjhhMTExMyIsInRva2VuX3VzZSI6ImlkIiwiYXV0aF90aW1lIjoxNzc5OTg5NzI1LCJleHAiOjE3Nzk5OTMzMjUsImlhdCI6MTc3OTk4OTcyNSwianRpIjoiNDE1NjJiNzItODQ0ZS00NjdkLWE2ZTYtNmM0N2M4MjMxODM0IiwiZW1haWwiOiJ0ZWNuaWNvLTEwMEBiaXRlY28uY29tIn0.fiZPps8xPoLGq_YvNiIqG_BjqedZC7Gj-Wdsayj_DVeNagmbHq0T_-kZyUrSm5Bj90rrILFM6eLib4hcHHYb4aDGXjfdWy1B5k60bRhzLh1wbLEoo0sC0vJfARXpdyBUemMiLI5kim1CROREviKhLYjIFgfOEw07I5KI0zIvk60Mj5XeJ4Ld7UgEWXG9mVw_iSasNix7KhKsjTHbjP5GXIEN2OrdoixfWJjyQAuglSTqv0rrsfV6oDHTm6NbF3iHGsYUg0E-pjOM9luAsxQY2TaiYSEh0DXv97ApaDvw6f0zCqbeYrt2VC7nO8p7Qqcp_HUBZMmC0ZNw8cosf6Tcbw
tecnico-101,tecnico,2,2026,2,eyJraWQiOiJEZ0VqOWg3UkwxeE1mcTV6dm1XcnlhWHdPZTZ3eW9WRDFNMDBVeENYaUUwPSIsImFsZyI6IlJTMjU2In0.eyJzdWIiOiIyNDQ4OTQ4OC1mMGUxLTcwZTUtODg4NC00Y2ExZGMzZDE4ZmYiLCJjb2duaXRvOmdyb3VwcyI6WyJ0ZWNuaWNvIl0sImVtYWlsX3ZlcmlmaWVkIjp0cnVlLCJpc3MiOiJodHRwczovL2NvZ25pdG8taWRwLnVzLWVhc3QtMS5hbWF6b25hd3MuY29tL3VzLWVhc3QtMV9RR2hSTkpOY3MiLCJjb2duaXRvOnVzZXJuYW1lIjoidGVjbmljby0xMDEiLCJvcmlnaW5fanRpIjoiMzQ4ODE4ZjEtNTFkYi00ZGE1LTkyOTctYmZjNzRlMGRiMzhjIiwiYXVkIjoiN2VxNWY0NmdtdDRjaGtwYWJncHVwMTdjZTYiLCJldmVudF9pZCI6IjJiN2Y3ZmU4LWQ4MTgtNGEyNC05NzQ3LThiMmI2OTQ2NzY1MyIsInRva2VuX3VzZSI6ImlkIiwiYXV0aF90aW1lIjoxNzc5OTg5NzI2LCJleHAiOjE3Nzk5OTMzMjYsImlhdCI6MTc3OTk4OTcyNiwianRpIjoiNDBkZDkzNWMtNmNiMC00MmMyLWEyNDktYTdkNmZlNjllNGU1IiwiZW1haWwiOiJ0ZWNuaWNvLTEwMUBiaXRlY28uY29tIn0.wXYg4CIvHdlULD8sNpWPn2CW9W14L-yjtylnW_UweaLEivQYOCGEgQasi5VqwUXsMiOokwPbNLjpVh6mGskBrlkMnFhecHVF6DWO381uAABp-iFOKCmjLVsCtr9oW5pflBEsRV76qVCY4ZqNzwo534-KzXB1ZdncXtxydXdETHNjFWFyfa6JlU8OBUXOCkPrBZNqmn0exgCyBG5cbP-bki6B4F23n-34Pk0LreKMSbXp01UhL9i8127qyoLkXZkqXWBkc2WYxil_aUmqeFS46zU4XpDenSiDbzb5KvdASfxNJNwz_Xix9kI7d-H3aYCCNScn8ES4FPntvhDTmEFZ-A
tecnico-102,tecnico,3,2026,3,eyJraWQiOiJEZ0VqOWg3UkwxeE1mcTV6dm1XcnlhWHdPZTZ3eW9WRDFNMDBVeENYaUUwPSIsImFsZyI6IlJTMjU2In0.eyJzdWIiOiIxNDY4YTQzOC1iMDQxLTcwZWItNzhiNy0yZTUwNjNiODIyMzkiLCJjb2duaXRvOmdyb3VwcyI6WyJ0ZWNuaWNvIl0sImVtYWlsX3ZlcmlmaWVkIjp0cnVlLCJpc3MiOiJodHRwczovL2NvZ25pdG8taWRwLnVzLWVhc3QtMS5hbWF6b25hd3MuY29tL3VzLWVhc3QtMV9RR2hSTkpOY3MiLCJjb2duaXRvOnVzZXJuYW1lIjoidGVjbmljby0xMDIiLCJvcmlnaW5fanRpIjoiNDBiYzA2MjAtOWJlZi00M2YwLTk0ODYtNDUzYmQ0ODE4ZDhjIiwiYXVkIjoiN2VxNWY0NmdtdDRjaGtwYWJncHVwMTdjZTYiLCJldmVudF9pZCI6IjAwMjBkMGQzLWE2MTUtNDM5ZS05MGY4LTI3YWMyMzE5YWY1MCIsInRva2VuX3VzZSI6ImlkIiwiYXV0aF90aW1lIjoxNzc5OTg5NzI2LCJleHAiOjE3Nzk5OTMzMjYsImlhdCI6MTc3OTk4OTcyNiwianRpIjoiY2E0YzRkOGItOTM0Yy00MjY2LTg1ZGUtZTQzMzExZTQ5ZGRiIiwiZW1haWwiOiJ0ZWNuaWNvLTEwMkBiaXRlY28uY29tIn0.MBbRYkNLPqxiyDfetmq5xLs1QLktnTlBnJtKWkFtWmYEWv4rtOIuDTo8-l3sHbc8knXY1lc0H_-yWsjX3hcTyF77BPBb06aTBpmwfsriqgxMlP9-lle7e6I3mid4wPbYq6efTwjPA_0sJhudrmV4W3H53YCJ89hDPRK_4TBmLlDiwIvsnZcYkceUwYrExTLosz-7Eucjc9nz0YKoSvKkJNkezFCe0Ffg-pmZATul6VBJqwJO2Te8IHtT4fQTomHxqRJsJxpmejngsJKLH4Gx6d0Mtyeycq-ZqgDwO3dRxmOKmnnDt_P3qNXa93S07rBndSsgM-USzR7xR3SLjwM5-w
tecnico-103,tecnico,4,2026,4,eyJraWQiOiJEZ0VqOWg3UkwxeE1mcTV6dm1XcnlhWHdPZTZ3eW9WRDFNMDBVeENYaUUwPSIsImFsZyI6IlJTMjU2In0.eyJzdWIiOiJmNDg4ZTRkOC01MDMxLTcwNDctZDU0OS05ZDVkZGIwZTVkZWEiLCJjb2duaXRvOmdyb3VwcyI6WyJ0ZWNuaWNvIl0sImVtYWlsX3ZlcmlmaWVkIjp0cnVlLCJpc3MiOiJodHRwczovL2NvZ25pdG8taWRwLnVzLWVhc3QtMS5hbWF6b25hd3MuY29tL3VzLWVhc3QtMV9RR2hSTkpOY3MiLCJjb2duaXRvOnVzZXJuYW1lIjoidGVjbmljby0xMDMiLCJvcmlnaW5fanRpIjoiZDU0NGExZjAtOWFjNS00ZmRhLWE0M2YtOTlkYTY1ODRjOTk5IiwiYXVkIjoiN2VxNWY0NmdtdDRjaGtwYWJncHVwMTdjZTYiLCJldmVudF9pZCI6IjdjZWIzNTJkLWM3MDUtNDk5YS04MjQ2LTcwZDQ1NzExODQxMiIsInRva2VuX3VzZSI6ImlkIiwiYXV0aF90aW1lIjoxNzc5OTg5NzI2LCJleHAiOjE3Nzk5OTMzMjYsImlhdCI6MTc3OTk4OTcyNiwianRpIjoiMjkyYWE5ODYtYmVmYS00Y2QyLWI1NmYtYTE2ODI5ZDRlMTQ1IiwiZW1haWwiOiJ0ZWNuaWNvLTEwM0BiaXRlY28uY29tIn0.hE8jKlo9JAtY_exIQXM6X69qmU9uQjl_PKlSVzgU1yhRefP-yM9ASMqVxsdXYvETR2sixDLkQ4AuncnVSyRQKD82oB3_PN7A1SFKw5G_BAk7JiiR0db8SAoRdmtr8kZjKBXcSFXcfMicAQb6VRw0eM_BQ6IbvYFnfcyYvk5019tVHmslT5Nio1n4mGOwE0yD2UtN_Wekrb-yErKKbo7Vp9475Xe4qYcxvPUKWXt9xBNCG8Lkiduhj-da-fGUCx0jvpJ3ljxXYSWOUrdYrdfB31dmAuVB1l-xT3sROukrzE8gTAEpk8mKbuZTunRRzi4U3EqxsTa7HphwU6L9kM_nYw
tecnico-104,tecnico,5,2026,1,eyJraWQiOiJEZ0VqOWg3UkwxeE1mcTV6dm1XcnlhWHdPZTZ3eW9WRDFNMDBVeENYaUUwPSIsImFsZyI6IlJTMjU2In0.eyJzdWIiOiJkNDg4ZDRkOC0wMGUxLTcwM2QtZTFjNC1hNTg3ZjVkNDZlOTciLCJjb2duaXRvOmdyb3VwcyI6WyJ0ZWNuaWNvIl0sImVtYWlsX3ZlcmlmaWVkIjp0cnVlLCJpc3MiOiJodHRwczovL2NvZ25pdG8taWRwLnVzLWVhc3QtMS5hbWF6b25hd3MuY29tL3VzLWVhc3QtMV9RR2hSTkpOY3MiLCJjb2duaXRvOnVzZXJuYW1lIjoidGVjbmljby0xMDQiLCJvcmlnaW5fanRpIjoiYmM2NDdhMDUtZGZlOC00ODUzLWI5OTQtZjUwZDk5YmNkYTVhIiwiYXVkIjoiN2VxNWY0NmdtdDRjaGtwYWJncHVwMTdjZTYiLCJldmVudF9pZCI6IjAzYTRhMGQ0LTMyYzktNGJlZC1hNjY0LTE4YjZiNjZiYWQ2YSIsInRva2VuX3VzZSI6ImlkIiwiYXV0aF90aW1lIjoxNzc5OTg5NzI3LCJleHAiOjE3Nzk5OTMzMjcsImlhdCI6MTc3OTk4OTcyNywianRpIjoiNzAyMTJmN2EtMmU0OC00NzRmLWI5OTktNDdiODY4OWNlNGVkIiwiZW1haWwiOiJ0ZWNuaWNvLTEwNEBiaXRlY28uY29tIn0.B6ab1w76IYMqTMJAJXxACmOrYP4WUj7HGzwF1tgI4NBeQ9SMAhOeZo8dsAMGHOhwjjKkur1BIcSHnkanAsyfEs5X1tXr7KbIfOvgKhLWlXgiBGWsdGgga9jwyuVt1kVGVcBIIYMyZqVITyUAa_TSeOfqtfhV-Bl4VIYndIlQZEA6WWABMSQwR0jaVCdXvhnucdfFqEKlu_hxiVaS94dYThMkS8mAsq89Km2WiLoRox6OIHxcqbCTj0c-VRY3xanL5tPGu6dem6gn3xrdbFDNnZZRWh4u8wPzduMXob2QPzUQ6l-grr1Gnp83EBBXIl_bSEtO-vJgXjICOP3LGs5WXw
tecnico-105,tecnico,6,2026,2,eyJraWQiOiJEZ0VqOWg3UkwxeE1mcTV6dm1XcnlhWHdPZTZ3eW9WRDFNMDBVeENYaUUwPSIsImFsZyI6IlJTMjU2In0.eyJzdWIiOiJlNDU4NzRjOC1kMDAxLTcwZTMtNWNjOC1hM2Y3NTAyZWI2NmYiLCJjb2duaXRvOmdyb3VwcyI6WyJ0ZWNuaWNvIl0sImVtYWlsX3ZlcmlmaWVkIjp0cnVlLCJpc3MiOiJodHRwczovL2NvZ25pdG8taWRwLnVzLWVhc3QtMS5hbWF6b25hd3MuY29tL3VzLWVhc3QtMV9RR2hSTkpOY3MiLCJjb2duaXRvOnVzZXJuYW1lIjoidGVjbmljby0xMDUiLCJvcmlnaW5fanRpIjoiM2JiYzNjNmEtMDEyZC00YmYwLWI1YmQtYjhmZTFhYjJiYmYyIiwiYXVkIjoiN2VxNWY0NmdtdDRjaGtwYWJncHVwMTdjZTYiLCJldmVudF9pZCI6ImZlYjkzOWE2LTk5NTItNGY3Ny1iNjZmLWNiNmM3OGFmMmZlZiIsInRva2VuX3VzZSI6ImlkIiwiYXV0aF90aW1lIjoxNzc5OTg5NzI3LCJleHAiOjE3Nzk5OTMzMjcsImlhdCI6MTc3OTk4OTcyNywianRpIjoiMjgyOTYwZWQtNjgyYS00MjM0LWJhMjctOGE5YzEzODQyMjZiIiwiZW1haWwiOiJ0ZWNuaWNvLTEwNUBiaXRlY28uY29tIn0.V6CiaxpuwqcsDnf7NE3JZI0FoSIyiphjSco_myB9hi0CIVX7sUe7QLZrkAjEVNTYi_xSGmBiddre1L_BiwNUFr2T3BS6nTxDhhHJZd11DLIA7-4zfG-uQMO4MdfbhkCOqLtTz8WJcj3FAhnFe8JWKqZZnx3EI53nqJJpGlgdkzePO91G-SBvq_mx8i6f8KUOZJovpNMVx-qohyPqMkVgh8qF5vbgl8AQgP423qqKOlmJi7ARZAHD4rT24vq-f5UJo0yg6rH2Lz9OGWHspI-6vbyiTe4boJU-5CehqrsAfhSZF2ekOqEfNHYLN9WS2SW36NbVZbVEQ3ynnSPUdLtnug
tecnico-106,tecnico,7,2026,3,eyJraWQiOiJEZ0VqOWg3UkwxeE1mcTV6dm1XcnlhWHdPZTZ3eW9WRDFNMDBVeENYaUUwPSIsImFsZyI6IlJTMjU2In0.eyJzdWIiOiJiNDk4NDRlOC05MGExLTcwMWMtOTFiNS02ZDkzYWJmMThlY2YiLCJjb2duaXRvOmdyb3VwcyI6WyJ0ZWNuaWNvIl0sImVtYWlsX3ZlcmlmaWVkIjp0cnVlLCJpc3MiOiJodHRwczovL2NvZ25pdG8taWRwLnVzLWVhc3QtMS5hbWF6b25hd3MuY29tL3VzLWVhc3QtMV9RR2hSTkpOY3MiLCJjb2duaXRvOnVzZXJuYW1lIjoidGVjbmljby0xMDYiLCJvcmlnaW5fanRpIjoiMGRmYWZlZGUtNDIxOS00ZmM5LTljYWEtOTNlZTNjODZjYjc4IiwiYXVkIjoiN2VxNWY0NmdtdDRjaGtwYWJncHVwMTdjZTYiLCJldmVudF9pZCI6IjU0NjlmNzlhLWE1MTAtNGMxNy05YWJkLTgwNWI0OTcwNDQ3YyIsInRva2VuX3VzZSI6ImlkIiwiYXV0aF90aW1lIjoxNzc5OTg5NzI3LCJleHAiOjE3Nzk5OTMzMjcsImlhdCI6MTc3OTk4OTcyNywianRpIjoiYmY1NzI5NTktZmE2Ny00MGFhLWIzYTItYWQ0NmRmODFlZGFhIiwiZW1haWwiOiJ0ZWNuaWNvLTEwNkBiaXRlY28uY29tIn0.ZL15pkjE9H2N-S43TfYEOWKAnhRMDc_alpJdP1nGfd82Zl0QxHwLrPG2uwvIJcW1CyZpe2NBbOi84mAGIfJwMvKBzqegqdkk8in1aSY3j8IIDAjq_SXFT1tgCpa6CPl_fhRl-Lz7vm8amzc_Lfhp2TvDndzq0Aie9y41IU3GoguMS5Qcs5qeVCpVo4K-QZVfTpTq-avZIuRKRVa1liMbJG_GxgGwL1Ud0CkkG0EDvsu9xR83NPswfVpAbqLyytOxKVl8KUa2Gp5D-OLXdAaiAAi0Vud3ihbbL9II2CRi0T2XgHgBsWmyl1JpjILSjDMr98FrAgV-1GGp7vC29lrkGw
tecnico-107,tecnico,8,2026,4,eyJraWQiOiJEZ0VqOWg3UkwxeE1mcTV6dm1XcnlhWHdPZTZ3eW9WRDFNMDBVeENYaUUwPSIsImFsZyI6IlJTMjU2In0.eyJzdWIiOiJiNDM4YzQ4OC0xMDgxLTcwMzMtYzBkYS1jZGM5YzNlMmI2YzAiLCJjb2duaXRvOmdyb3VwcyI6WyJ0ZWNuaWNvIl0sImVtYWlsX3ZlcmlmaWVkIjp0cnVlLCJpc3MiOiJodHRwczovL2NvZ25pdG8taWRwLnVzLWVhc3QtMS5hbWF6b25hd3MuY29tL3VzLWVhc3QtMV9RR2hSTkpOY3MiLCJjb2duaXRvOnVzZXJuYW1lIjoidGVjbmljby0xMDciLCJvcmlnaW5fanRpIjoiODBmMjQxNzktOGFhZi00ZjA4LTgwMTItNTIwNzlmZmViNjQ0IiwiYXVkIjoiN2VxNWY0NmdtdDRjaGtwYWJncHVwMTdjZTYiLCJldmVudF9pZCI6IjViZmM0ZjBkLTU5N2EtNGM1Yi1iOWM5LTliNzVlMjQzMmUzNyIsInRva2VuX3VzZSI6ImlkIiwiYXV0aF90aW1lIjoxNzc5OTg5NzI3LCJleHAiOjE3Nzk5OTMzMjcsImlhdCI6MTc3OTk4OTcyNywianRpIjoiZTQ2Zjc0YzEtMDU0Zi00ZWFmLTk2MzUtYmY1MWE0YjE5ODcwIiwiZW1haWwiOiJ0ZWNuaWNvLTEwN0BiaXRlY28uY29tIn0.qPQ19uJs8L_h1T2OBDsGxbyX8q7-Wn-ZPIXzRG-YpzT_8RtlGk4cC1ycgJLN8bHRHZ6DPK14Bk_xCR2acjGltcUp689QLnwKFpNK7LnIUgM-wm652gHk3Yc7NpUp_XvSQ7IvTpyJIa-_PnZoLsAAjtrcBZdARCQCKgkt-teJy2cIy6OVsrrG5kTvAfTHzwBbnBaZvxUvT7sl4Fe6-8Z7aXb4l4EccvSvss_hSkV-HZV0dHcEePxeNmTw9PAzSzICi90iWeK4xSY7HKYeiZgU20l5n1PQTpuNettlk8XTQf7Nqw-ePhc78PaqZOiOMLGtOzwsJP7NRKJi9OqouvZyxA
tecnico-108,tecnico,9,2026,1,eyJraWQiOiJEZ0VqOWg3UkwxeE1mcTV6dm1XcnlhWHdPZTZ3eW9WRDFNMDBVeENYaUUwPSIsImFsZyI6IlJTMjU2In0.eyJzdWIiOiIwNGM4YzRhOC1jMDcxLTcwZTQtYjczYS0xODQ3MDM0ZDFlMmQiLCJjb2duaXRvOmdyb3VwcyI6WyJ0ZWNuaWNvIl0sImVtYWlsX3ZlcmlmaWVkIjp0cnVlLCJpc3MiOiJodHRwczovL2NvZ25pdG8taWRwLnVzLWVhc3QtMS5hbWF6b25hd3MuY29tL3VzLWVhc3QtMV9RR2hSTkpOY3MiLCJjb2duaXRvOnVzZXJuYW1lIjoidGVjbmljby0xMDgiLCJvcmlnaW5fanRpIjoiYTczODMzYjEtN2ExNi00YzI2LTg5ODUtNWVkOGMyNDQ2OTJmIiwiYXVkIjoiN2VxNWY0NmdtdDRjaGtwYWJncHVwMTdjZTYiLCJldmVudF9pZCI6ImE1MTgzNGIxLWU1OTgtNDAwZC04YTYyLWYyMTI5NjFkMWEwMSIsInRva2VuX3VzZSI6ImlkIiwiYXV0aF90aW1lIjoxNzc5OTg5NzI4LCJleHAiOjE3Nzk5OTMzMjgsImlhdCI6MTc3OTk4OTcyOCwianRpIjoiOTA1MzIzZjQtYjIxNC00MWVjLWJkMWItZGUxMzc0ZGIyNDQ2IiwiZW1haWwiOiJ0ZWNuaWNvLTEwOEBiaXRlY28uY29tIn0.H1AlaIr8W6NLXwHtCkrx0aN071BzehODqhcxcmd51gl_Em7n2Y6COp4w0aEbEdB14sLr-OM0Dj_vwRQFhw9ZM3yp3FRirdo-Iy7HlKJ6WjGEVYNy6L6u_PfFsjCPwfVbJXMC9TVr-TC812QlPDTwb1BKhr-m6js3g_ZoyizEcDsW0e7hmzHd_fK92nDdz01M2uIrPAxaoPIvgNYzgksRFzVIwNH1JXuCaFRoe_--bvTv-RXjrd8PppgiAcaCZPEASqi6UUxsEtTn8su2AdIx_-3enz9E6NeoJapslOjvz7EaIH8PlimXmwvjl41y1w3GiF_1TP4_a3KuGEcmWeuP0g
tecnico-109,tecnico,10,2026,2,eyJraWQiOiJEZ0VqOWg3UkwxeE1mcTV6dm1XcnlhWHdPZTZ3eW9WRDFNMDBVeENYaUUwPSIsImFsZyI6IlJTMjU2In0.eyJzdWIiOiJiNDg4ZjRiOC00MDMxLTcwOGUtZjQ2YS1lOWZhZDMzZWQ2MzAiLCJjb2duaXRvOmdyb3VwcyI6WyJ0ZWNuaWNvIl0sImVtYWlsX3ZlcmlmaWVkIjp0cnVlLCJpc3MiOiJodHRwczovL2NvZ25pdG8taWRwLnVzLWVhc3QtMS5hbWF6b25hd3MuY29tL3VzLWVhc3QtMV9RR2hSTkpOY3MiLCJjb2duaXRvOnVzZXJuYW1lIjoidGVjbmljby0xMDkiLCJvcmlnaW5fanRpIjoiYWE3NTE4NjQtOTcxZS00YmFlLTk0YjEtMzI1Y2I5MTcxOTQzIiwiYXVkIjoiN2VxNWY0NmdtdDRjaGtwYWJncHVwMTdjZTYiLCJldmVudF9pZCI6IjliNDU3MzBkLWQyMDAtNGFkMy1iMDM3LTkwYzk4MWM3ZTBlOCIsInRva2VuX3VzZSI6ImlkIiwiYXV0aF90aW1lIjoxNzc5OTg5NzI4LCJleHAiOjE3Nzk5OTMzMjgsImlhdCI6MTc3OTk4OTcyOCwianRpIjoiZjYwMDNiYjctMmZhMi00OThlLWE3MWItYjc4OTVhZTgzMDhhIiwiZW1haWwiOiJ0ZWNuaWNvLTEwOUBiaXRlY28uY29tIn0.gAE2wFo_poI-fIN4lGJ8z67vJgE29NN84XkpT9Fa4R_UvYdLmO_Fn0DFS8ZaKzaMjUy0Czy1_A9NsBXfFXWkhKFSM-Go6_zb3mQZlFArDPF3ckwu_JkPZe259AdnsAozCWc698roMBSa4pE_8a0THM6VKv9yPYH8Ah_y1tNG0UuvKwAqR4AgQmEuFhR1NRgUDakX6B5AxlRRsCdHfVFaR0qylRawRVwwfbnbzOVOJLKEF6T-bQ7n3L0EDc9Q4HgUVGdbzylBo31l8Tp9nVa4f0mfOBthUrtc2w5KqC8Q5gvDgl30ZF2ozN_cKFB4JnEvINOLmCqx3SIKQDhqjPW-_w
tecnico-110,tecnico,1,2026,3,eyJraWQiOiJEZ0VqOWg3UkwxeE1mcTV6dm1XcnlhWHdPZTZ3eW9WRDFNMDBVeENYaUUwPSIsImFsZyI6IlJTMjU2In0.eyJzdWIiOiJkNGQ4MDQ4OC05MGExLTcwZDAtNmI4MC03MDM0NzQ3YWYwODQiLCJjb2duaXRvOmdyb3VwcyI6WyJ0ZWNuaWNvIl0sImVtYWlsX3ZlcmlmaWVkIjp0cnVlLCJpc3MiOiJodHRwczovL2NvZ25pdG8taWRwLnVzLWVhc3QtMS5hbWF6b25hd3MuY29tL3VzLWVhc3QtMV9RR2hSTkpOY3MiLCJjb2duaXRvOnVzZXJuYW1lIjoidGVjbmljby0xMTAiLCJvcmlnaW5fanRpIjoiYzVhMzEyNGEtOGE3ZS00YjdmLWJjYmQtMGQ0NTNjZjY2MDBhIiwiYXVkIjoiN2VxNWY0NmdtdDRjaGtwYWJncHVwMTdjZTYiLCJldmVudF9pZCI6IjllZjAyNTJjLTg3ZmMtNGIzYy04NzRiLWQ2MjZiNWVlYmI3YiIsInRva2VuX3VzZSI6ImlkIiwiYXV0aF90aW1lIjoxNzc5OTg5NzI4LCJleHAiOjE3Nzk5OTMzMjgsImlhdCI6MTc3OTk4OTcyOCwianRpIjoiYjQ1OWUyZGQtYjVmYi00MWM0LWI4MzUtYTE5OTNiNWYxZDljIiwiZW1haWwiOiJ0ZWNuaWNvLTExMEBiaXRlY28uY29tIn0.0v_ZmYQKWmZumQuHrEmWiwmQlW6yNcImfWTaZu_ccozBGGczoz0PPB_mn3kcqcq4jepfRH4MvyQz0m-WSi_tl_wCRfo0yRg-Zxh5O6nizznvOyGY1G3_5C0JCWpc0eyaRnW5EcOOGM47_EWXZaCrvaTDz6v493cEpnN43PDteXxrZVjNX2yDyWA0P2CfSaeB2mEl-aUww6SUKMGf7l6K3Of7mvef56lugm30i4GCl_6RDNafM1tqToB-Uc6iMGlRY44Py5-5zFLjPRbzjv4CqtSVChNL_ooQQcBuKAzUVj_f0c12-i-mh7rSOu9e7afyYCM79ajsdIgsQC7aF3pReg
tecnico-111,tecnico,2,2026,4,eyJraWQiOiJEZ0VqOWg3UkwxeE1mcTV6dm1XcnlhWHdPZTZ3eW9WRDFNMDBVeENYaUUwPSIsImFsZyI6IlJTMjU2In0.eyJzdWIiOiJhNGE4MjQ3OC0zMDUxLTcwMjMtMjZkZC1mNjlkYzNjYTMzNzAiLCJjb2duaXRvOmdyb3VwcyI6WyJ0ZWNuaWNvIl0sImVtYWlsX3ZlcmlmaWVkIjp0cnVlLCJpc3MiOiJodHRwczovL2NvZ25pdG8taWRwLnVzLWVhc3QtMS5hbWF6b25hd3MuY29tL3VzLWVhc3QtMV9RR2hSTkpOY3MiLCJjb2duaXRvOnVzZXJuYW1lIjoidGVjbmljby0xMTEiLCJvcmlnaW5fanRpIjoiODBiOGQ0MTQtOGUwYi00NzM5LTg5MDgtNDcxMzYzNWI4ZTk0IiwiYXVkIjoiN2VxNWY0NmdtdDRjaGtwYWJncHVwMTdjZTYiLCJldmVudF9pZCI6IjgzN2NlNDlmLTcxNzQtNDkxNi04ZmQ1LTA5YzcyMzU5N2IxMCIsInRva2VuX3VzZSI6ImlkIiwiYXV0aF90aW1lIjoxNzc5OTg5NzI4LCJleHAiOjE3Nzk5OTMzMjgsImlhdCI6MTc3OTk4OTcyOCwianRpIjoiMTg5OTc1ZDktNzQyMi00YzU5LTk4NTEtMjNjMDY1M2MwMjE2IiwiZW1haWwiOiJ0ZWNuaWNvLTExMUBiaXRlY28uY29tIn0.C9BseLmgbBMZ9sJUrvV7R9tzCtfpVJqKd2Kxv-gWamM8cr2kOcuhPagNbS3AH3hBOAipZBT0yD8VdboMSZ5nKqbThnHz2vC5GRKuh4UcUUamrnGYbXedIenkO_dFOzKesTRjRjim0b-fbthAFp_-oXvs7m3ph_tVNa_O_kC-lJ1N7v-UoqLfab4bVIg5KR1DWN3Uugs6Df0gIecteAFvNqdkX23uC4OndBf5-0D75WIqxO2dOUDMA3AmblDDQCyHWxr3wrAg89OKLIlZiytt5d0c36ZBlGERe65c25hxWUu9FN0YRljmyPKg3sMiapgYf6loKlRo_6nTiq97MMNcAA
tecnico-112,tecnico,3,2026,1,eyJraWQiOiJEZ0VqOWg3UkwxeE1mcTV6dm1XcnlhWHdPZTZ3eW9WRDFNMDBVeENYaUUwPSIsImFsZyI6IlJTMjU2In0.eyJzdWIiOiJiNGY4ZjRlOC1jMGQxLTcwYWQtOGM0Yy0zMmRjMmJlYjFjMTYiLCJjb2duaXRvOmdyb3VwcyI6WyJ0ZWNuaWNvIl0sImVtYWlsX3ZlcmlmaWVkIjp0cnVlLCJpc3MiOiJodHRwczovL2NvZ25pdG8taWRwLnVzLWVhc3QtMS5hbWF6b25hd3MuY29tL3VzLWVhc3QtMV9RR2hSTkpOY3MiLCJjb2duaXRvOnVzZXJuYW1lIjoidGVjbmljby0xMTIiLCJvcmlnaW5fanRpIjoiMDk5OGIxNGYtYWNkNi00NTFlLTllOTItZDJhYjJjZWRiNjA1IiwiYXVkIjoiN2VxNWY0NmdtdDRjaGtwYWJncHVwMTdjZTYiLCJldmVudF9pZCI6IjIwZjhlOGU2LTAzMzctNDU3NC05NzFmLTc3MzgwN2VlZjMxMSIsInRva2VuX3VzZSI6ImlkIiwiYXV0aF90aW1lIjoxNzc5OTg5NzI5LCJleHAiOjE3Nzk5OTMzMjksImlhdCI6MTc3OTk4OTcyOSwianRpIjoiZjk3ODQxMDAtYTY5MS00ZDAwLWIwNWItMGQ5NDYxNmM2MThhIiwiZW1haWwiOiJ0ZWNuaWNvLTExMkBiaXRlY28uY29tIn0.G752__p717ssw13Qi21NsJhBbJA2TFR-b2k4BYYeLr_5Uk7uc9MMBPEyPgPrHDuhL8bGs2kUJYyb_je2Bt7pcu59dDzCK7wW8tWoDyPq_u6Nymx8tNq9FpYNzRkI1AIkCORfeKrvnAChC2n0FAPiWJ7mqp6V2-F9zExNcmTxDpaPxrr6LfK73hjRxiEIRqB2ACc1VKQLS4iATjLOuT3OJo61aNjelQbSM_RQrejESlwITjIHRDiD-Wf4mYcTbhft9dZx5fFPIYpjMZY06ywNeD2cj9dqrwd-8KtxD6LZgDj0BlHHnA6pH5LB4Hi07v1xyUOazQ-1s3XvIXnErzsf7A
tecnico-113,tecnico,4,2026,2,eyJraWQiOiJEZ0VqOWg3UkwxeE1mcTV6dm1XcnlhWHdPZTZ3eW9WRDFNMDBVeENYaUUwPSIsImFsZyI6IlJTMjU2In0.eyJzdWIiOiI2NDY4MzQ0OC1iMDAxLTcwMTktZTI2NC1mMWU3YmUxNDY5ZTMiLCJjb2duaXRvOmdyb3VwcyI6WyJ0ZWNuaWNvIl0sImVtYWlsX3ZlcmlmaWVkIjp0cnVlLCJpc3MiOiJodHRwczovL2NvZ25pdG8taWRwLnVzLWVhc3QtMS5hbWF6b25hd3MuY29tL3VzLWVhc3QtMV9RR2hSTkpOY3MiLCJjb2duaXRvOnVzZXJuYW1lIjoidGVjbmljby0xMTMiLCJvcmlnaW5fanRpIjoiNTg1OTBjYTAtN2EwYy00OWIxLWJjYzUtNzgyYmRjYmUwZjQ1IiwiYXVkIjoiN2VxNWY0NmdtdDRjaGtwYWJncHVwMTdjZTYiLCJldmVudF9pZCI6ImQ3MTQ1MzhkLTMxZTQtNDQ2NC04MjNjLWZhZDhhOGM5N2YwNyIsInRva2VuX3VzZSI6ImlkIiwiYXV0aF90aW1lIjoxNzc5OTg5NzI5LCJleHAiOjE3Nzk5OTMzMjksImlhdCI6MTc3OTk4OTcyOSwianRpIjoiOWEzMjNlZmItYjBmYS00ZDJmLWExMmMtNjAwZDAzMmFjOTE4IiwiZW1haWwiOiJ0ZWNuaWNvLTExM0BiaXRlY28uY29tIn0.NivGsPp3gf865EMFbGSNmJBDu67LhhgkUjzq1WUurf7zYF2UwE_YtWMqykLNX8QauCZWAbwRnBisWFgvk2FGBulmW8bX4hm9RKn4vgOMUEo-TMn7gy-WHt0902Oj6N3uvCNpCzF5P9bG4o4p4JpV8wifalyx8ltwD5RpIRwBNZ5wieFF1H9veKYO_MBvBkhmD695LWgTCmFLz-y1xX0S0CMJQ01MelGTEymEIelHhD6IGEqHb1vFhUjwmMVBgKC6nYosEbHc4xqHOdvzQTFV8gF3YUm-Tp72LtfVUTa7C8U-BIYkdmgLUwvk3HCn1-jGp1q4R_7P1FpmuZj01yKFUA
tecnico-114,tecnico,5,2026,3,eyJraWQiOiJEZ0VqOWg3UkwxeE1mcTV6dm1XcnlhWHdPZTZ3eW9WRDFNMDBVeENYaUUwPSIsImFsZyI6IlJTMjU2In0.eyJzdWIiOiJmNDc4NDQyOC1hMDgxLTcwZjctYmM3NC04ZjliNzA4ZDM2ZGIiLCJjb2duaXRvOmdyb3VwcyI6WyJ0ZWNuaWNvIl0sImVtYWlsX3ZlcmlmaWVkIjp0cnVlLCJpc3MiOiJodHRwczovL2NvZ25pdG8taWRwLnVzLWVhc3QtMS5hbWF6b25hd3MuY29tL3VzLWVhc3QtMV9RR2hSTkpOY3MiLCJjb2duaXRvOnVzZXJuYW1lIjoidGVjbmljby0xMTQiLCJvcmlnaW5fanRpIjoiNjU0NDc2MmUtNGFlMC00YjI0LTlhY2UtNmY1ZDdjZDI0MjA4IiwiYXVkIjoiN2VxNWY0NmdtdDRjaGtwYWJncHVwMTdjZTYiLCJldmVudF9pZCI6IjhlMzRhMDYzLTQ1NjUtNDVmOS1iYTg5LTEzYzMzMmUwOTYzNyIsInRva2VuX3VzZSI6ImlkIiwiYXV0aF90aW1lIjoxNzc5OTg5NzI5LCJleHAiOjE3Nzk5OTMzMjksImlhdCI6MTc3OTk4OTcyOSwianRpIjoiMDRkNDUzZjktNGI4ZC00NWNlLWI3NDUtNjUyOWRkNjZmMzQ4IiwiZW1haWwiOiJ0ZWNuaWNvLTExNEBiaXRlY28uY29tIn0.UeN2Bb4Z_hqKWjspWMKUNP2k5H5n8yHVwmCfTgYbAeE_Sy2fgY_Tyeba4hNZ0dMmkvR3B2gpLuJD6OmGtVnuCS6giy-RXYnckxgXYR5mgmtxnen5KBfwyQpCo0YmX3APZ0TvLnat0XaeJ3pegXcUwouM0lOpf7_WFf6ObxUTn1N6c0a2fHdZldTFlI2yIcWJA-0VNaZ0AiYX0q64TQkHofcd8NvikSFssDSqqIW7XeO9pep-TGXLXRHY-knmZ7FJ-j9MwjizU0H1qa-7oxWFaxxNO-jZ340orrYeKPMczGc0GtJ5oG_TJVx3ogYJ_74l3T3QA4CVQ4G0Y8tS-hk9Jw
tecnico-115,tecnico,6,2026,4,eyJraWQiOiJEZ0VqOWg3UkwxeE1mcTV6dm1XcnlhWHdPZTZ3eW9WRDFNMDBVeENYaUUwPSIsImFsZyI6IlJTMjU2In0.eyJzdWIiOiJhNGI4MzQ2OC1mMGExLTcwYjUtODlhZi1mYWUwODgzNGNmNGUiLCJjb2duaXRvOmdyb3VwcyI6WyJ0ZWNuaWNvIl0sImVtYWlsX3ZlcmlmaWVkIjp0cnVlLCJpc3MiOiJodHRwczovL2NvZ25pdG8taWRwLnVzLWVhc3QtMS5hbWF6b25hd3MuY29tL3VzLWVhc3QtMV9RR2hSTkpOY3MiLCJjb2duaXRvOnVzZXJuYW1lIjoidGVjbmljby0xMTUiLCJvcmlnaW5fanRpIjoiMDYxOWU2NTMtZWI4NC00NzJkLTkyOGQtZjUxOWMzNGM1YmVkIiwiYXVkIjoiN2VxNWY0NmdtdDRjaGtwYWJncHVwMTdjZTYiLCJldmVudF9pZCI6ImU1ZmIwYmQ1LTcxOWMtNGRiZi05NDlmLWExOWIyM2Q2NTBhNCIsInRva2VuX3VzZSI6ImlkIiwiYXV0aF90aW1lIjoxNzc5OTg5NzMwLCJleHAiOjE3Nzk5OTMzMzAsImlhdCI6MTc3OTk4OTczMCwianRpIjoiNjNjMTc4MTMtMjczYi00NmM2LWJhZDgtNTQzNzQ0YTE3YTlkIiwiZW1haWwiOiJ0ZWNuaWNvLTExNUBiaXRlY28uY29tIn0.1LT33I7VdlOwPCTLy-ZB5_2RmjZudHsGP4kUl6YUVTRDQp5GxRdCw01L8LMQw2P7-okRZel6lkKaSq8l3GcDoV-WfnIMoz2V119kLcrnPXJlQ-JTSl8gCI3jFbAU1uLqRY3kIQkACSeo9H6yzkoIkbkK9WYELg18UEP6LOQ7hDL_DeM_3-iM9_fwwof-dJKIi7_AY3HjaUDQvt76dEq-hnQ3x89Z1a_0AUg6RFhvHh645wtjhaUvK7Mcd2VXKhp08mT81Vqopm7rgeDNyStNpSxzXQwGya8QKwgEcXlZRGlmDuz8GKjP7ERbpDUWJqjdiCxgX3wHDjNV9OfFKVNaoQ
tecnico-116,tecnico,7,2026,1,eyJraWQiOiJEZ0VqOWg3UkwxeE1mcTV6dm1XcnlhWHdPZTZ3eW9WRDFNMDBVeENYaUUwPSIsImFsZyI6IlJTMjU2In0.eyJzdWIiOiIwNGU4MTRkOC01MDcxLTcwMmUtZmNlOC0zZGYwZmJkMDNjMjciLCJjb2duaXRvOmdyb3VwcyI6WyJ0ZWNuaWNvIl0sImVtYWlsX3ZlcmlmaWVkIjp0cnVlLCJpc3MiOiJodHRwczovL2NvZ25pdG8taWRwLnVzLWVhc3QtMS5hbWF6b25hd3MuY29tL3VzLWVhc3QtMV9RR2hSTkpOY3MiLCJjb2duaXRvOnVzZXJuYW1lIjoidGVjbmljby0xMTYiLCJvcmlnaW5fanRpIjoiYTI3NzgzM2ItYWFhMC00M2MzLWI5YWQtNmM1ZmZjMTdiZGFhIiwiYXVkIjoiN2VxNWY0NmdtdDRjaGtwYWJncHVwMTdjZTYiLCJldmVudF9pZCI6ImI1ODNiMTM5LTM1NjItNDFhZi05YzU2LTA4MmUwYjJkODU4MyIsInRva2VuX3VzZSI6ImlkIiwiYXV0aF90aW1lIjoxNzc5OTg5NzMwLCJleHAiOjE3Nzk5OTMzMzAsImlhdCI6MTc3OTk4OTczMCwianRpIjoiNTJmZWRmOGUtYWFmNi00YTcxLWJkZjEtYTA4ZGFhYTAyZDUxIiwiZW1haWwiOiJ0ZWNuaWNvLTExNkBiaXRlY28uY29tIn0.fMUSdSoAu-O070Uzcv8fJkayAqenFomlyuh33PV0Vm0O-dlzmsGppqwaOnWGUK1x-gYtj1jydH0EHI9_z8v-ck5XBOAfcAvmC84VHJ7gqrcBiA6zZ9CjcGawGCxfbWXaHxsri5hNXrqMd5kHxvfk7BeP-fHVZOWnPdMuDOY38ED4emanR_NMiddm0YVe5-yvwrGdK-DE1mRGvMWvZFUhoga357moHEPYFZ_JcxigiIkxl8n9WUCXnJqBrHLjAe2shKwITgHIWR8GHUSqQwyH5sAOoNpENU7eNDx8sUC-IA0_kxMWTY1hKX9_cjRaCciCohKGpMoevGkDihUNQYrjVA
tecnico-117,tecnico,8,2026,2,eyJraWQiOiJEZ0VqOWg3UkwxeE1mcTV6dm1XcnlhWHdPZTZ3eW9WRDFNMDBVeENYaUUwPSIsImFsZyI6IlJTMjU2In0.eyJzdWIiOiI5NGI4ZTQ3OC1lMGQxLTcwMTQtNDZkZC01NWU1N2Q4NjYwNDIiLCJjb2duaXRvOmdyb3VwcyI6WyJ0ZWNuaWNvIl0sImVtYWlsX3ZlcmlmaWVkIjp0cnVlLCJpc3MiOiJodHRwczovL2NvZ25pdG8taWRwLnVzLWVhc3QtMS5hbWF6b25hd3MuY29tL3VzLWVhc3QtMV9RR2hSTkpOY3MiLCJjb2duaXRvOnVzZXJuYW1lIjoidGVjbmljby0xMTciLCJvcmlnaW5fanRpIjoiMGFkOWRiNTItYTNhMC00NDkzLWI3MTAtY2IzY2U5NGMzZDQxIiwiYXVkIjoiN2VxNWY0NmdtdDRjaGtwYWJncHVwMTdjZTYiLCJldmVudF9pZCI6IjJmZjU4ZTg2LWEyZTQtNDA2Mi1hYTgyLTFjMGQyYWYxODdlNiIsInRva2VuX3VzZSI6ImlkIiwiYXV0aF90aW1lIjoxNzc5OTg5NzMwLCJleHAiOjE3Nzk5OTMzMzAsImlhdCI6MTc3OTk4OTczMCwianRpIjoiMTgwZGRkZmYtZDhlOC00YTE1LTkxM2YtNTdiZmYyYmE1ZTA5IiwiZW1haWwiOiJ0ZWNuaWNvLTExN0BiaXRlY28uY29tIn0.K1FXMKGO8YPfrRt7eFr7zvGRTnGt9XHq2g9CXr-UBie_QpDJ0Jd5wgeW8L3q3NsStlAv4Finm3GpcBzHjTwPspYh9tE1nUzaXNSpo1-BoxfNRcVALYdv1zC3mIBHn5EmkZavELN-4LGGWALn7pRRY0tDGSHZMQ6VDr37z8YIRWCn2nmU-K5KbCoCvvumhjYQnPZSO8nX9q44nVuzXl_L0k2LRwyTZSYJPEGGygmW1lx1pUqJbKw4vd82qSaD3UQNG2DsSF70_Lplh6OTYxGKKxpXPG7Di2AqMc3ZZxXSzYY_Ix9RCB6uF5-IibZXzTJvrtsL_7hSZSMpDNQKqednXw
tecnico-118,tecnico,9,2026,3,eyJraWQiOiJEZ0VqOWg3UkwxeE1mcTV6dm1XcnlhWHdPZTZ3eW9WRDFNMDBVeENYaUUwPSIsImFsZyI6IlJTMjU2In0.eyJzdWIiOiI3NDY4MTQ5OC04MDMxLTcwZmYtN2E2YS0xN2I2YjQzOTA1NGUiLCJjb2duaXRvOmdyb3VwcyI6WyJ0ZWNuaWNvIl0sImVtYWlsX3ZlcmlmaWVkIjp0cnVlLCJpc3MiOiJodHRwczovL2NvZ25pdG8taWRwLnVzLWVhc3QtMS5hbWF6b25hd3MuY29tL3VzLWVhc3QtMV9RR2hSTkpOY3MiLCJjb2duaXRvOnVzZXJuYW1lIjoidGVjbmljby0xMTgiLCJvcmlnaW5fanRpIjoiMGY3MzI5YWEtMjc0My00N2JhLWFjNTQtY2QxNzYxY2Y4NmJhIiwiYXVkIjoiN2VxNWY0NmdtdDRjaGtwYWJncHVwMTdjZTYiLCJldmVudF9pZCI6ImNmMGMxNzE0LWRlNzMtNGYwYy05ZWY2LTc0MTk5NTU2ZDE1YSIsInRva2VuX3VzZSI6ImlkIiwiYXV0aF90aW1lIjoxNzc5OTg5NzMwLCJleHAiOjE3Nzk5OTMzMzAsImlhdCI6MTc3OTk4OTczMCwianRpIjoiMDY0NWI1ZTUtNjM3ZC00NWM1LTlmNTMtZWQzZWVmYTcxYWQ5IiwiZW1haWwiOiJ0ZWNuaWNvLTExOEBiaXRlY28uY29tIn0.40gwKe2sSnn6kXRApL4VERWo8Gn0o1cdYpz2Nq4yf6A32Do7rWflwxXekXUGRKbn_iSNT2Qzqt_KZS4h6pD-sG7uwcOLGYxjtg1Fk2ztgKmnMFWpgRe2-4BYT8ToTRqbNhqDw3I5uA5-W7lQ0o8d9nF9oi6BAkEkvJUR9JY3wA-18ePY8z_Mtg6dts5WcwI2BPVpm2MP5jVKQ6tn7oOCQVyzcs_dvK_K_PxDh3sIkszmcG9A1p4ui6tHjPK1k3OfM0Z1-YOsaFdnTdYuwhNAei1a0rJ_SxPtUOgLmYIXMdhLEoGQqbdQuDsQ_KbO87PK3KvCWUKN5-7zAcFPO_WIBA
tecnico-119,tecnico,10,2026,4,eyJraWQiOiJEZ0VqOWg3UkwxeE1mcTV6dm1XcnlhWHdPZTZ3eW9WRDFNMDBVeENYaUUwPSIsImFsZyI6IlJTMjU2In0.eyJzdWIiOiIyNDQ4NTQ3OC0wMDIxLTcwM2QtM2FmNy01ZWU1MmEwZDVmNTMiLCJjb2duaXRvOmdyb3VwcyI6WyJ0ZWNuaWNvIl0sImVtYWlsX3ZlcmlmaWVkIjp0cnVlLCJpc3MiOiJodHRwczovL2NvZ25pdG8taWRwLnVzLWVhc3QtMS5hbWF6b25hd3MuY29tL3VzLWVhc3QtMV9RR2hSTkpOY3MiLCJjb2duaXRvOnVzZXJuYW1lIjoidGVjbmljby0xMTkiLCJvcmlnaW5fanRpIjoiZmVjMGExZmEtYzk3Zi00ODE4LTkwNDUtNzIwNWRiNzIwMDVlIiwiYXVkIjoiN2VxNWY0NmdtdDRjaGtwYWJncHVwMTdjZTYiLCJldmVudF9pZCI6IjAyYjFjMmRjLWQ3ZGYtNGI4MC05ODY1LTU3OWYwNjk5MjAwNSIsInRva2VuX3VzZSI6ImlkIiwiYXV0aF90aW1lIjoxNzc5OTg5NzMxLCJleHAiOjE3Nzk5OTMzMzEsImlhdCI6MTc3OTk4OTczMSwianRpIjoiZDQxMTI2MzMtNjA2OS00YzY2LWE3OTAtMWVlYTBiMzY3YzRhIiwiZW1haWwiOiJ0ZWNuaWNvLTExOUBiaXRlY28uY29tIn0.lDqrrLL4KpMECzusiknpXdvl3zQvxxfkT4AbeshmLnLxQ8H5OxF5uvxxlRdWicqKdLOGxb1FTyWO5X7mXNsHtFgXouGZN9VFym0eXyTV4h4VqYcIr8LEqeGDOfox3Lq4RQeaGBMXoAQr2yrbN88jp-zneb3r7DfBf3KqVa0pgzn3-UIBSt1q8YVqh0lCE2QW835EWpb_NODBQzbFaqugV2JpOktZ091odyUd1oYEbI9IzhJ051p16vSpEPzIpWHowe0M_i-60bCxRJ1Gl-cEEh2vmWvLOhj-hAehLAb8UhchXBJVKMUxuvaESPBbyWtrn5lbqIVfgk8hWIUFtfzNTw
tecnico-120,tecnico,1,2026,1,eyJraWQiOiJEZ0VqOWg3UkwxeE1mcTV6dm1XcnlhWHdPZTZ3eW9WRDFNMDBVeENYaUUwPSIsImFsZyI6IlJTMjU2In0.eyJzdWIiOiI4NGY4YjQ4OC1kMDcxLTcwYTYtZmQ5YS1mYmRlMThlZjJiZjAiLCJjb2duaXRvOmdyb3VwcyI6WyJ0ZWNuaWNvIl0sImVtYWlsX3ZlcmlmaWVkIjp0cnVlLCJpc3MiOiJodHRwczovL2NvZ25pdG8taWRwLnVzLWVhc3QtMS5hbWF6b25hd3MuY29tL3VzLWVhc3QtMV9RR2hSTkpOY3MiLCJjb2duaXRvOnVzZXJuYW1lIjoidGVjbmljby0xMjAiLCJvcmlnaW5fanRpIjoiMTU2NmZmYTMtZTk3My00NTc0LTg2YWItYzNkZDI0M2Y3MmUxIiwiYXVkIjoiN2VxNWY0NmdtdDRjaGtwYWJncHVwMTdjZTYiLCJldmVudF9pZCI6ImY4N2Y4Yzk1LTFkYjUtNDRiNy1iN2QxLWNhNTQyMzQwNTk0YiIsInRva2VuX3VzZSI6ImlkIiwiYXV0aF90aW1lIjoxNzc5OTg5NzMxLCJleHAiOjE3Nzk5OTMzMzEsImlhdCI6MTc3OTk4OTczMSwianRpIjoiODUwMGY5ZmEtN2Q4Yy00ZGFhLTlkYjItYmE0YmM3ZTljNzAxIiwiZW1haWwiOiJ0ZWNuaWNvLTEyMEBiaXRlY28uY29tIn0.x4iPvOsL9_AB9Jp7ffyGHnYy-tE4E4lvkMMnZKcikAKCgYmM-SBwXGPl75uSgwIk9GJDegs_kssTVCv84WGvphPqi8E3scV_navfTsfPTxatAiD1BQlFPPIWThU25ix0DWM_M42ScwS8-uwUzMIDsSCPEsU4hsvuwBrzzTPofXpigUvwQ6VWz1IV526hNhX8TQFSEzEkp33A6LSifmM8MsR3CNB_UxiPSHwog5cNczl4hsdrhmUxopZugQVsdLexMG8kTHbuRH-vzQ3Ui_r4glNC5GDHxGar8l_5C_Ak-iRrLpHASHNQyseBQIYuJbmEvSSQ1IelL5C5hXRJCO01ng
tecnico-121,tecnico,2,2026,2,eyJraWQiOiJEZ0VqOWg3UkwxeE1mcTV6dm1XcnlhWHdPZTZ3eW9WRDFNMDBVeENYaUUwPSIsImFsZyI6IlJTMjU2In0.eyJzdWIiOiIxNGQ4ODQ1OC04MDIxLTcwOTgtM2ZlYS04ODM1YTU2MTNlYWYiLCJjb2duaXRvOmdyb3VwcyI6WyJ0ZWNuaWNvIl0sImVtYWlsX3ZlcmlmaWVkIjp0cnVlLCJpc3MiOiJodHRwczovL2NvZ25pdG8taWRwLnVzLWVhc3QtMS5hbWF6b25hd3MuY29tL3VzLWVhc3QtMV9RR2hSTkpOY3MiLCJjb2duaXRvOnVzZXJuYW1lIjoidGVjbmljby0xMjEiLCJvcmlnaW5fanRpIjoiZGUwM2FjYWMtOTlhZi00ZjY5LWJmZWItMmQwNDM2YzEwZjJkIiwiYXVkIjoiN2VxNWY0NmdtdDRjaGtwYWJncHVwMTdjZTYiLCJldmVudF9pZCI6IjUwMzk3ZWMzLTkwOTItNDAwYS04YjBhLTQzZmFhNDM4MTNjMCIsInRva2VuX3VzZSI6ImlkIiwiYXV0aF90aW1lIjoxNzc5OTg5NzMxLCJleHAiOjE3Nzk5OTMzMzEsImlhdCI6MTc3OTk4OTczMSwianRpIjoiZWVmNDViMTItMTI1Ni00OWFmLTgzYWMtNGEwNGE0Yzc4ZTk3IiwiZW1haWwiOiJ0ZWNuaWNvLTEyMUBiaXRlY28uY29tIn0.0yr8GM4nfDEXuaExgH83pNM9hn5pLhIeP1UGlCgNrn0VhlNdvAnoNxbHXMbE16rEbiE_s3hJFKx2TzkSk_ShUkZ5tf4MqjjALRWwFyz-XGOw7tp1hOR5qmyUIEic2Crh8WgctqviQXKpgbXYjpphysOTZwhItFL1rTMgo6E-ZMyo1wcYZZSNj8IoWDP04LaX9g9IjN18-ZFEXHWVx7yI-wWWq-bAUXsrk4hmW3qMTpB8YVxl9WrPElkdkJ9Urs8XY24MZYMDpkelwVt8uAAlY_CB2zmvAisz8wv3ZySSatQfBi-5j133JIzpvQ1uBYflBAIIJnDtZGTpGMEBh2bk4Q
tecnico-122,tecnico,3,2026,3,eyJraWQiOiJEZ0VqOWg3UkwxeE1mcTV6dm1XcnlhWHdPZTZ3eW9WRDFNMDBVeENYaUUwPSIsImFsZyI6IlJTMjU2In0.eyJzdWIiOiI1NGM4ZDQyOC0wMDIxLTcwMzQtYzNjOC1iMmM4NjFiNTVhYjIiLCJjb2duaXRvOmdyb3VwcyI6WyJ0ZWNuaWNvIl0sImVtYWlsX3ZlcmlmaWVkIjp0cnVlLCJpc3MiOiJodHRwczovL2NvZ25pdG8taWRwLnVzLWVhc3QtMS5hbWF6b25hd3MuY29tL3VzLWVhc3QtMV9RR2hSTkpOY3MiLCJjb2duaXRvOnVzZXJuYW1lIjoidGVjbmljby0xMjIiLCJvcmlnaW5fanRpIjoiNjNkYmJhZGMtY2YyMC00NDgzLTliMGQtODBkOWUyMzEzZmY3IiwiYXVkIjoiN2VxNWY0NmdtdDRjaGtwYWJncHVwMTdjZTYiLCJldmVudF9pZCI6Ijc0ODVkNDAyLWU2MjUtNDMwZS05ZWI0LTg3OTA3ZWY2ZWU1MSIsInRva2VuX3VzZSI6ImlkIiwiYXV0aF90aW1lIjoxNzc5OTg5NzMyLCJleHAiOjE3Nzk5OTMzMzIsImlhdCI6MTc3OTk4OTczMiwianRpIjoiZTVkYjZmYTQtYTVhMC00MDU2LTgzMjQtODEyZTNhMTU5MWVkIiwiZW1haWwiOiJ0ZWNuaWNvLTEyMkBiaXRlY28uY29tIn0.s7CSs-powuMP_rPit0azN1r2deCItDRMZyAF3JDX4BOehv6gv6FHC5gmiOGvPGLGWZMbtPNj9ouADbDXoKcYhygXq-OLhyG5UVS3pGKu7i0BKEPNxD1wYKYNWw67oVzEgoDGgilT5JHTSGlHCDkcebTmJfSXqU12Ma4hZ_8F1Kvy3WJmWd81oiE2QESKfeHaRsX_1vqIbjt6ee2JQcv9pnsy95ixbAA_eZNbbETf7Weu9FmbxzRj6JPIdPRwyUmsQ086BZV6LlGZARUDapM196EFdS4TnGnllOiMl2frMWaO4pMlTRs3xwVduebMYMJ3H14R53kNqIhiQJuJjFrcUg
tecnico-123,tecnico,4,2026,4,eyJraWQiOiJEZ0VqOWg3UkwxeE1mcTV6dm1XcnlhWHdPZTZ3eW9WRDFNMDBVeENYaUUwPSIsImFsZyI6IlJTMjU2In0.eyJzdWIiOiI1NDY4ODQwOC0yMGQxLTcwYjYtZDBlNi00N2YyYmJjNGI4OWQiLCJjb2duaXRvOmdyb3VwcyI6WyJ0ZWNuaWNvIl0sImVtYWlsX3ZlcmlmaWVkIjp0cnVlLCJpc3MiOiJodHRwczovL2NvZ25pdG8taWRwLnVzLWVhc3QtMS5hbWF6b25hd3MuY29tL3VzLWVhc3QtMV9RR2hSTkpOY3MiLCJjb2duaXRvOnVzZXJuYW1lIjoidGVjbmljby0xMjMiLCJvcmlnaW5fanRpIjoiNjk0YWY0MzQtNzgwZi00NjExLWJmNzctNzJjMDZkYTJiMmRiIiwiYXVkIjoiN2VxNWY0NmdtdDRjaGtwYWJncHVwMTdjZTYiLCJldmVudF9pZCI6ImZmMWY5MDcxLTY3ODMtNDhhZS1hYjA5LTIzNTUzNGNjOTFiOCIsInRva2VuX3VzZSI6ImlkIiwiYXV0aF90aW1lIjoxNzc5OTg5NzMyLCJleHAiOjE3Nzk5OTMzMzIsImlhdCI6MTc3OTk4OTczMiwianRpIjoiNTc4YWE0YTktY2Y2NS00MmY4LTg5YzctZTA3MjhmNjIxM2NiIiwiZW1haWwiOiJ0ZWNuaWNvLTEyM0BiaXRlY28uY29tIn0.Nf6YYlDdTrYy74fJ5rFbGdlJmqL-GTqID4jPlSORs2WBJqdp0sHRhctpHHRJcAO7YIn2dXmH46IyHkvnBzGL9-1qEqi2UgLFgTRhy_UtrmpvjI8HW2Kb-fT1-uITWt8xs6zK5s7C4_wEk0myO-n_3gXNP3GFdrlMDZS_sfoGrWX1W9ENHhHoy6WAfLFz1rJsOIJMJIkYAaj0IhSN_HuK-Npgn9el9-3O8vcQeIEqOKJOjhMNS531YeFVrvhOydf--Y2R7c49Cx3YfGE8koA-s_AbSRyJ7ZA3SoCD1E6xOGBjR2jSY4cPQFeL9j4jBcABnPtR7n3Vfy4mPgIBGvMahg
tecnico-124,tecnico,5,2026,1,eyJraWQiOiJEZ0VqOWg3UkwxeE1mcTV6dm1XcnlhWHdPZTZ3eW9WRDFNMDBVeENYaUUwPSIsImFsZyI6IlJTMjU2In0.eyJzdWIiOiI4NGQ4OTRkOC1lMDIxLTcwOWYtNmYzOS1mYTJlNzM4MWZiZDIiLCJjb2duaXRvOmdyb3VwcyI6WyJ0ZWNuaWNvIl0sImVtYWlsX3ZlcmlmaWVkIjp0cnVlLCJpc3MiOiJodHRwczovL2NvZ25pdG8taWRwLnVzLWVhc3QtMS5hbWF6b25hd3MuY29tL3VzLWVhc3QtMV9RR2hSTkpOY3MiLCJjb2duaXRvOnVzZXJuYW1lIjoidGVjbmljby0xMjQiLCJvcmlnaW5fanRpIjoiOTU1ODRiYjEtYmI0Mi00MzZkLWE2OWEtNDkzM2I4ZjBjYzFmIiwiYXVkIjoiN2VxNWY0NmdtdDRjaGtwYWJncHVwMTdjZTYiLCJldmVudF9pZCI6IjA1ODJiOTgxLTgyODktNDVhNy1hODhlLTE2OTExZDZkNGUzOSIsInRva2VuX3VzZSI6ImlkIiwiYXV0aF90aW1lIjoxNzc5OTg5NzMyLCJleHAiOjE3Nzk5OTMzMzIsImlhdCI6MTc3OTk4OTczMiwianRpIjoiODdhYzkxMDktOWI2MC00MDY0LTlhYjYtZDM3MThhY2MzMDUyIiwiZW1haWwiOiJ0ZWNuaWNvLTEyNEBiaXRlY28uY29tIn0.qLRuABY7v8vPxItNNraap-zj7NizV5kAsjd5GOrBYqw9nxZP0GCNz1EG1aHynyrD1gnhtTsgdX5rB_0eFsaeSrUjuhQjGEY-tmt54H-gOhnP2n4HwpGDspam6xg18cV_AxqJx736zM7rh5j8wY6xEi2Q9WQIGX1oycM2tEL3ojbtzOjNFlXl0fvR1Ak0rhxUqnRH5EGzf-WfXJnft-C5ocigXhWa9cb-wrN6CaZHBn2CCafk9xwMKTBku7BH9hCm9baVtrA39KsPATqs9ZYWo4gzlbg89Hj998VtqrIsBWL-ISFTIfwjkZUiQESP6XnSj8UO2P63suh2p_MpVYCX3g
tecnico-125,tecnico,6,2026,2,eyJraWQiOiJEZ0VqOWg3UkwxeE1mcTV6dm1XcnlhWHdPZTZ3eW9WRDFNMDBVeENYaUUwPSIsImFsZyI6IlJTMjU2In0.eyJzdWIiOiJmNDM4YjQ0OC00MDMxLTcwMjItMjAwNC0wNzQ1NGNmN2ViODEiLCJjb2duaXRvOmdyb3VwcyI6WyJ0ZWNuaWNvIl0sImVtYWlsX3ZlcmlmaWVkIjp0cnVlLCJpc3MiOiJodHRwczovL2NvZ25pdG8taWRwLnVzLWVhc3QtMS5hbWF6b25hd3MuY29tL3VzLWVhc3QtMV9RR2hSTkpOY3MiLCJjb2duaXRvOnVzZXJuYW1lIjoidGVjbmljby0xMjUiLCJvcmlnaW5fanRpIjoiYzE1MGFkOWUtOWViZS00YjViLWE5NTEtOTVkNzI2YWQwZDlkIiwiYXVkIjoiN2VxNWY0NmdtdDRjaGtwYWJncHVwMTdjZTYiLCJldmVudF9pZCI6IjYxNDZjNTNlLTc2M2EtNGI3Mi05MjRiLWJhODQxODhjNjA3MSIsInRva2VuX3VzZSI6ImlkIiwiYXV0aF90aW1lIjoxNzc5OTg5NzMyLCJleHAiOjE3Nzk5OTMzMzIsImlhdCI6MTc3OTk4OTczMiwianRpIjoiNDU5NjQ0NjgtMzhjMC00YzFmLTgxMTctMzNhZGU4MTcwZjU2IiwiZW1haWwiOiJ0ZWNuaWNvLTEyNUBiaXRlY28uY29tIn0.fjTXY79z_Z5D_1wPKn0UU5HzBf49DOtCfKV7AwH6YT2QCujXtZ1QuqJnUbqxvqwonCARs2nCzPCOO1KldRgo0dJZdUudRtoX8QWaWwJiCP_M1dJehNn7x76mDo4wmDZEdpGmrJExOw3XvlC_cFuNF86CEQpiwf_d4Z7QBhYGrp1FKQB8_6i9iicngsuzrS4fivnGcECp2Lyxr9fkLmV0s01gRW4JWdM2tR0Ve2x6VF5RDVUyAzHaqbNi0aHUFRp86MMe5c4auavhbAmbNewnwP3WX5mOyUGM5qsCzCMcRvrvWyJXf737R8tGZ6jLv29dFfIvRnTk-YZI0BH7atg3PQ
tecnico-126,tecnico,7,2026,3,eyJraWQiOiJEZ0VqOWg3UkwxeE1mcTV6dm1XcnlhWHdPZTZ3eW9WRDFNMDBVeENYaUUwPSIsImFsZyI6IlJTMjU2In0.eyJzdWIiOiJlNGI4MTQ4OC0wMDExLTcwMTUtMWFhYy0wMzU5MGU1MTRlYjkiLCJjb2duaXRvOmdyb3VwcyI6WyJ0ZWNuaWNvIl0sImVtYWlsX3ZlcmlmaWVkIjp0cnVlLCJpc3MiOiJodHRwczovL2NvZ25pdG8taWRwLnVzLWVhc3QtMS5hbWF6b25hd3MuY29tL3VzLWVhc3QtMV9RR2hSTkpOY3MiLCJjb2duaXRvOnVzZXJuYW1lIjoidGVjbmljby0xMjYiLCJvcmlnaW5fanRpIjoiZjAyNmRmZDMtYzE0NS00YTA4LTljYTMtZDc2YjA3NWU0ZThkIiwiYXVkIjoiN2VxNWY0NmdtdDRjaGtwYWJncHVwMTdjZTYiLCJldmVudF9pZCI6IjFiYmY1MzU1LWVhOWYtNDZiNC04YTcwLTI5YzY2YjNiYmQ2YiIsInRva2VuX3VzZSI6ImlkIiwiYXV0aF90aW1lIjoxNzc5OTg5NzMzLCJleHAiOjE3Nzk5OTMzMzMsImlhdCI6MTc3OTk4OTczMywianRpIjoiODg1YjRmMGItOGY3Yy00MmI3LTgyZmEtYzNhNzM1MjI0Njk3IiwiZW1haWwiOiJ0ZWNuaWNvLTEyNkBiaXRlY28uY29tIn0.b1weFpjj50AmWuFwU7FFUYyAUAdMkcHUHH8ikYMRjGI4kjELwVa02oUvvjjEivMDKhFQaiy-hkJHMnbBgoLAAAoK-8oysFW39MX2kfYYeSwxD-bo683fmYQgS6MPyAqiePI9y0DQH4ululIHaHSeueyITbtsPZ3CVUiGhlzwqY_ptZ7DDpfXr6cKKHfIvNrwO3D18QSJewjgvSxc3AibEO72OkIGhwT-dYhARXmQVNyk9C0zLyI-6yYO5ca8RZsEKgLnpPzjmB2p28bQzEpXBGDl3tQ0MxjTXP1KiiC8flHrrgD1P_DN1QdWdBYBhVvQvG9unXwR739hxTFMkpu41w
tecnico-127,tecnico,8,2026,4,eyJraWQiOiJEZ0VqOWg3UkwxeE1mcTV6dm1XcnlhWHdPZTZ3eW9WRDFNMDBVeENYaUUwPSIsImFsZyI6IlJTMjU2In0.eyJzdWIiOiJmNGQ4NjQ3OC1lMDExLTcwZTgtOWI5OS0xZTMyYTE0Njc1ODciLCJjb2duaXRvOmdyb3VwcyI6WyJ0ZWNuaWNvIl0sImVtYWlsX3ZlcmlmaWVkIjp0cnVlLCJpc3MiOiJodHRwczovL2NvZ25pdG8taWRwLnVzLWVhc3QtMS5hbWF6b25hd3MuY29tL3VzLWVhc3QtMV9RR2hSTkpOY3MiLCJjb2duaXRvOnVzZXJuYW1lIjoidGVjbmljby0xMjciLCJvcmlnaW5fanRpIjoiYWYwNTAzNTItNzg1Zi00Njk3LTg2MzUtMTk5M2U4NGM0MWQ3IiwiYXVkIjoiN2VxNWY0NmdtdDRjaGtwYWJncHVwMTdjZTYiLCJldmVudF9pZCI6ImM3ZTNjYWQ3LTM3YzMtNDhjNi04OTA1LTliYzk1NDA3YmRmMCIsInRva2VuX3VzZSI6ImlkIiwiYXV0aF90aW1lIjoxNzc5OTg5NzMzLCJleHAiOjE3Nzk5OTMzMzMsImlhdCI6MTc3OTk4OTczMywianRpIjoiYjBkYTAyNDItMmU3Ny00NWE4LTg1ZWEtNjU1OGU0MzY3ZWVhIiwiZW1haWwiOiJ0ZWNuaWNvLTEyN0BiaXRlY28uY29tIn0.V6NDUbwcP1pKkoTVtXjXpxJEZFp1ruaXYs5AclhZixvhNEbKrfSdGaLDtmBPSaioU7SbgGYXHnmXXbiac2wvYYOw5-cc4Qgp8jJNKK9UsiwqkBIGtD0bbk5ti1pur327yjyVoomOa__qSv4hGnG1wDM_RQzN0BwNd7JJPDN6ON9d4yTaiDdP4pXWWGS6I9GK9XPocfkZ9f-Gkz4Kum1Tmyjej8ug2LioRa_YSzhe9RPcHX_fqB06KkQVHYm_1sX61LdVNsvAZdiEbPmYjam4EqpkRCqBArX_TrhT-GQEwWZLlEi6jX76xkNh3ie8nCfO7Q3Ed2c72efojT0JqHHLog
tecnico-128,tecnico,9,2026,1,eyJraWQiOiJEZ0VqOWg3UkwxeE1mcTV6dm1XcnlhWHdPZTZ3eW9WRDFNMDBVeENYaUUwPSIsImFsZyI6IlJTMjU2In0.eyJzdWIiOiI4NDI4OTQzOC0zMGQxLTcwNGYtMTZiMi01YzliYjNjNDM4ZTMiLCJjb2duaXRvOmdyb3VwcyI6WyJ0ZWNuaWNvIl0sImVtYWlsX3ZlcmlmaWVkIjp0cnVlLCJpc3MiOiJodHRwczovL2NvZ25pdG8taWRwLnVzLWVhc3QtMS5hbWF6b25hd3MuY29tL3VzLWVhc3QtMV9RR2hSTkpOY3MiLCJjb2duaXRvOnVzZXJuYW1lIjoidGVjbmljby0xMjgiLCJvcmlnaW5fanRpIjoiNGVjYWVhNDItMzAzNC00ZTA3LWI0NmUtZmZhZThlMjQ0MDliIiwiYXVkIjoiN2VxNWY0NmdtdDRjaGtwYWJncHVwMTdjZTYiLCJldmVudF9pZCI6IjU1NjI1YmUxLWExZDUtNGZiYi04MTIzLThhZWY0MzE2ODhhNiIsInRva2VuX3VzZSI6ImlkIiwiYXV0aF90aW1lIjoxNzc5OTg5NzMzLCJleHAiOjE3Nzk5OTMzMzMsImlhdCI6MTc3OTk4OTczMywianRpIjoiOTc2NDFiMjAtNjJmNy00ZTFmLWIyYzQtYzBhZDQ1ZDZkOTQ3IiwiZW1haWwiOiJ0ZWNuaWNvLTEyOEBiaXRlY28uY29tIn0.YyQX7Iqz388e0TFaW38THspFF5gtqePgLgbpjTTYGouBTGB2ehjMbbKPNQ-kFMZujb91COz5wEkcSSUwcliZudBvbNiVInIQvjLUchY9frVcexOQBVd8w-s4oX-NdgBhp8zByEQoIuR7L19viUvlr7qkmve2jTDreO1zSNoGEOsEAFNyxmXdmGq68DwHcsWcvOzWoh8UT7_jYasl71bgB85pTLYeZL6opzrKnNUg-tYhT_Cs09xlLcO8O45muQr4zV3hmnNns9mdeZnR2ktdqSm5q61yQpzGjRIJe2E29PDUoCXBcCbSMg5mjU1CCx3fAHFK6xjI0Wp42XhTJfp13g
tecnico-129,tecnico,10,2026,2,eyJraWQiOiJEZ0VqOWg3UkwxeE1mcTV6dm1XcnlhWHdPZTZ3eW9WRDFNMDBVeENYaUUwPSIsImFsZyI6IlJTMjU2In0.eyJzdWIiOiJhNDE4ZTRkOC05MGExLTcwNjAtYTZkYS04MWU5MTc0MjNkNWQiLCJjb2duaXRvOmdyb3VwcyI6WyJ0ZWNuaWNvIl0sImVtYWlsX3ZlcmlmaWVkIjp0cnVlLCJpc3MiOiJodHRwczovL2NvZ25pdG8taWRwLnVzLWVhc3QtMS5hbWF6b25hd3MuY29tL3VzLWVhc3QtMV9RR2hSTkpOY3MiLCJjb2duaXRvOnVzZXJuYW1lIjoidGVjbmljby0xMjkiLCJvcmlnaW5fanRpIjoiMDFiNDRmMzItZDQ0Ni00MTNiLThkYTYtYWM1OTMzNTRlMTFlIiwiYXVkIjoiN2VxNWY0NmdtdDRjaGtwYWJncHVwMTdjZTYiLCJldmVudF9pZCI6IjY4NDg0Yjg2LTBjZTctNDJjZC04ODFjLTIzYjFlNmM2NjBhNyIsInRva2VuX3VzZSI6ImlkIiwiYXV0aF90aW1lIjoxNzc5OTg5NzM0LCJleHAiOjE3Nzk5OTMzMzQsImlhdCI6MTc3OTk4OTczNCwianRpIjoiODI2ZDQ0MzQtZWM0Mi00NjVlLThlNWEtMjJmODc0ZjAwZmJjIiwiZW1haWwiOiJ0ZWNuaWNvLTEyOUBiaXRlY28uY29tIn0.n0CVFANlOVeSx0LJejtATvtvZ9E7bVhSsmLXoBP2aHcvIdgKhWStvpkPjPivdQZZHGofDaNguLcOo9eaFl8I2D4tlQpRTJvZJ5E-G769wndn5yMdFeqS69vMz_g9sBxlbM2hf3QgTxd4j-eLRWE8H1xmxg8479KMD1cJecUteXQC3zSvw7V3mY7mC5JjpR4sA7Ek35yNh65M5HAh-dc64AoiIyTXNcee727i3Z2nr_AdAtvsp47tDP9J899-kqo9TZ6yJZdOu698K1gBXMeJHLyDB0e66csxgkz2DZUEPKCFP1QmqXLN4jePcy2PeWrK6MxQYKf6Wo6Fgxub3srqTA
tecnico-130,tecnico,1,2026,3,eyJraWQiOiJEZ0VqOWg3UkwxeE1mcTV6dm1XcnlhWHdPZTZ3eW9WRDFNMDBVeENYaUUwPSIsImFsZyI6IlJTMjU2In0.eyJzdWIiOiJmNGM4NTRiOC01MDYxLTcwNmQtMzFiNC0wNzQ2MmZiNDQ3YTkiLCJjb2duaXRvOmdyb3VwcyI6WyJ0ZWNuaWNvIl0sImVtYWlsX3ZlcmlmaWVkIjp0cnVlLCJpc3MiOiJodHRwczovL2NvZ25pdG8taWRwLnVzLWVhc3QtMS5hbWF6b25hd3MuY29tL3VzLWVhc3QtMV9RR2hSTkpOY3MiLCJjb2duaXRvOnVzZXJuYW1lIjoidGVjbmljby0xMzAiLCJvcmlnaW5fanRpIjoiOGMzZjdjMDQtYjFkMS00YzE4LTg1Y2QtNzljZTcxNjYyNGRmIiwiYXVkIjoiN2VxNWY0NmdtdDRjaGtwYWJncHVwMTdjZTYiLCJldmVudF9pZCI6ImQ4ZDMwZmRkLTEyOGUtNDU4NC1iYmUwLWE5ZTAxMDVjOTk4YSIsInRva2VuX3VzZSI6ImlkIiwiYXV0aF90aW1lIjoxNzc5OTg5NzM0LCJleHAiOjE3Nzk5OTMzMzQsImlhdCI6MTc3OTk4OTczNCwianRpIjoiN2E5NTJhZDQtMjZjNS00MGM1LWI2NzItNzI2MzVmODEyMjEzIiwiZW1haWwiOiJ0ZWNuaWNvLTEzMEBiaXRlY28uY29tIn0.QhwdSNvmDyG53M9Y61s55xPTn6wFL-FFf-apHYVXpbxzJPuEkBW5dNDspClAtik57laDn2oBbZq1PGYxeNh--9wVZgBLWanSdmHMTuqBWGIee_s1lwVMyg6-rxmgmE6Llw0xnMmKLemo884YeWAWm6kaC01dRYTA2uCTUrpSxy0QfcoglyhbShR56froQ98_XeDx2vBZF586apJA8NCzgKbeodlGzv2DFoeASFA36SGzL6oOF4aGpUsGifjZ08pmaaUq0Rmk87EX6ZtOBu-w8r91o_Ds6DLlZMkOE9dvEsgc19BAgPvUON9DzsXjjINHO9YYh3xf2e9f6-dqqDXC9A
tecnico-131,tecnico,2,2026,4,eyJraWQiOiJEZ0VqOWg3UkwxeE1mcTV6dm1XcnlhWHdPZTZ3eW9WRDFNMDBVeENYaUUwPSIsImFsZyI6IlJTMjU2In0.eyJzdWIiOiJlNGQ4MzRiOC1hMDAxLTcwZGMtODgxZi04MzdmMjQ0NDM3ZjMiLCJjb2duaXRvOmdyb3VwcyI6WyJ0ZWNuaWNvIl0sImVtYWlsX3ZlcmlmaWVkIjp0cnVlLCJpc3MiOiJodHRwczovL2NvZ25pdG8taWRwLnVzLWVhc3QtMS5hbWF6b25hd3MuY29tL3VzLWVhc3QtMV9RR2hSTkpOY3MiLCJjb2duaXRvOnVzZXJuYW1lIjoidGVjbmljby0xMzEiLCJvcmlnaW5fanRpIjoiNTk0NTY4NTAtMjU1Zi00NWQxLWJiNTQtYzdiY2ZhZjU0ODgwIiwiYXVkIjoiN2VxNWY0NmdtdDRjaGtwYWJncHVwMTdjZTYiLCJldmVudF9pZCI6IjUxODlhNTVmLWY1ZGEtNDA5OS1hYTBjLTAyOTkxMTFmNjdiMSIsInRva2VuX3VzZSI6ImlkIiwiYXV0aF90aW1lIjoxNzc5OTg5NzM0LCJleHAiOjE3Nzk5OTMzMzQsImlhdCI6MTc3OTk4OTczNCwianRpIjoiMzMzZDEwZTMtNzU3ZS00ZDJjLWJmNWEtZWZlMmNlMjczYWMzIiwiZW1haWwiOiJ0ZWNuaWNvLTEzMUBiaXRlY28uY29tIn0.4qFPmsNuluYVzF0sChcf94YGwq9j4l1k4WcEF3OhUVGp9cWf6xSZRZPrk7C9kskVUsYGefilrXk0u85SG7nRXdap6eI4Ag_dRfbUOKzY43tha61RNKAHlY5iLAn_DXZnnVq9t-TMliLdbekgjy0vxUvlm6M9r1ghJy19Hm2mD5D6kc3g2Gmj_ABnoceBGDSiwG_GkXlTg_9mswmpua77DnOC6hcunYlO64hM0lXuHUhSfB_M1O9XvIfawwL2Rjy1CsOc90IGGMjEUpa1Llq672A_l67yWULIHHcdd67J9UC_LLcjjUJ5lx5nX1xY4y73FOEL6jtEpLiPSQ0sUbDMpQ
tecnico-132,tecnico,3,2026,1,eyJraWQiOiJEZ0VqOWg3UkwxeE1mcTV6dm1XcnlhWHdPZTZ3eW9WRDFNMDBVeENYaUUwPSIsImFsZyI6IlJTMjU2In0.eyJzdWIiOiJiNGY4ODQ0OC1mMGExLTcwODAtODE0ZS1mZGUxNjljYjNlNjkiLCJjb2duaXRvOmdyb3VwcyI6WyJ0ZWNuaWNvIl0sImVtYWlsX3ZlcmlmaWVkIjp0cnVlLCJpc3MiOiJodHRwczovL2NvZ25pdG8taWRwLnVzLWVhc3QtMS5hbWF6b25hd3MuY29tL3VzLWVhc3QtMV9RR2hSTkpOY3MiLCJjb2duaXRvOnVzZXJuYW1lIjoidGVjbmljby0xMzIiLCJvcmlnaW5fanRpIjoiYjJhMTFmZGEtNjU3Zi00ZjE2LTkxZDItNjUyZjA3OGVhZjIwIiwiYXVkIjoiN2VxNWY0NmdtdDRjaGtwYWJncHVwMTdjZTYiLCJldmVudF9pZCI6IjkzZTE3MjdiLTkzYWQtNDhmMi1iMDYwLTllZDk4NDI5NjNmZiIsInRva2VuX3VzZSI6ImlkIiwiYXV0aF90aW1lIjoxNzc5OTg5NzM0LCJleHAiOjE3Nzk5OTMzMzQsImlhdCI6MTc3OTk4OTczNCwianRpIjoiMDQxNGU0MjEtMjQwOC00OGM1LWI3MWItMzI3MjJjYzljMTNkIiwiZW1haWwiOiJ0ZWNuaWNvLTEzMkBiaXRlY28uY29tIn0.I9BDbLosx2ylplj875tVGx3UdeFhkwu-fEps7r8pAPIC_iF-kfOgTX5ymJDkb_LnMoHwDE5NOsAvzRaLy3aCwHP3N-pHOVIkfL6e_Xldbw-UTlFacJYJ2lfhz4axwF_FhWIxARlw8sfgHjfRh0NgzQcpMn2O8SQXoNklsVj5WOaKD-AN_X11JxiRSAAZ8rjQ0dzu37_SDJqDumlzP1qUoMS2bhE8CMkwgTaudEgGWLuqUUeUhrZhnYlrnkpCWbblwJScbN1JfsuXTB_1qP2_FxRDZzlfOWx5DY6MxftTjgsHvQSy_2sVjsDVsCYmI7FN3N9TZn0zSyFTI-Q5hmtcCg
tecnico-133,tecnico,4,2026,2,eyJraWQiOiJEZ0VqOWg3UkwxeE1mcTV6dm1XcnlhWHdPZTZ3eW9WRDFNMDBVeENYaUUwPSIsImFsZyI6IlJTMjU2In0.eyJzdWIiOiJhNDA4ODQxOC1kMDYxLTcwNzQtOTA3YS04ZjI2YzFmY2E3MTIiLCJjb2duaXRvOmdyb3VwcyI6WyJ0ZWNuaWNvIl0sImVtYWlsX3ZlcmlmaWVkIjp0cnVlLCJpc3MiOiJodHRwczovL2NvZ25pdG8taWRwLnVzLWVhc3QtMS5hbWF6b25hd3MuY29tL3VzLWVhc3QtMV9RR2hSTkpOY3MiLCJjb2duaXRvOnVzZXJuYW1lIjoidGVjbmljby0xMzMiLCJvcmlnaW5fanRpIjoiOTJiOWY2ZjktYzRkMi00NzkwLWEzYTMtMDE1ZmYzZjVkYzczIiwiYXVkIjoiN2VxNWY0NmdtdDRjaGtwYWJncHVwMTdjZTYiLCJldmVudF9pZCI6IjY3M2RlZWMxLTAzMTctNDk3OC1hMDc1LWJjZGRiYTljNzBmNyIsInRva2VuX3VzZSI6ImlkIiwiYXV0aF90aW1lIjoxNzc5OTg5NzM1LCJleHAiOjE3Nzk5OTMzMzUsImlhdCI6MTc3OTk4OTczNSwianRpIjoiYjhkNDljYzAtYjI5OS00NTgyLTk4MmYtODMzNDkxMDdlYzAyIiwiZW1haWwiOiJ0ZWNuaWNvLTEzM0BiaXRlY28uY29tIn0.UUwBUKJGb_QDNeOZkL50a8f0Qa_v-m-K0_swxcicGygZ2ni7lKCfv0qmRLZdOq82dc1s6zxvzU9aiDo5IwLJkDKXEBvHwaOPJoRbIRBCnYgIlgOtbM_vIspa0C7UVMGJ0hsAoDT0ouRFTP1uJUBsjDEKwrV0wdca7EcMLzVzZwH6cIDfYim293RatEBpeClqejDcZRSUA5LZcAIxmZEwr5HLwiCqRlf18Wc9CASPuW1RXZIGFFPIRJ8NKZ9puF21inU4XlEWMbZsWMyrOnu8h6OVO8jGqB65CgCllLKJoUV5nbdw-B6svP4LUwIQTEcbUBO0SmI0Shn_od7vcdPXbQ
tecnico-134,tecnico,5,2026,3,eyJraWQiOiJEZ0VqOWg3UkwxeE1mcTV6dm1XcnlhWHdPZTZ3eW9WRDFNMDBVeENYaUUwPSIsImFsZyI6IlJTMjU2In0.eyJzdWIiOiI2NDc4ZDQyOC1lMDcxLTcwMWUtOTA5OS0zN2EwZTFhOTljMjAiLCJjb2duaXRvOmdyb3VwcyI6WyJ0ZWNuaWNvIl0sImVtYWlsX3ZlcmlmaWVkIjp0cnVlLCJpc3MiOiJodHRwczovL2NvZ25pdG8taWRwLnVzLWVhc3QtMS5hbWF6b25hd3MuY29tL3VzLWVhc3QtMV9RR2hSTkpOY3MiLCJjb2duaXRvOnVzZXJuYW1lIjoidGVjbmljby0xMzQiLCJvcmlnaW5fanRpIjoiNDUwMTUxNmUtY2U4My00NzI4LTg5ZTItODE3ZDExZDI0MGNhIiwiYXVkIjoiN2VxNWY0NmdtdDRjaGtwYWJncHVwMTdjZTYiLCJldmVudF9pZCI6IjFkYWFmOTBmLTBlMGMtNGEyYi1iZGE0LWZkMGRhYzVhMWJmMiIsInRva2VuX3VzZSI6ImlkIiwiYXV0aF90aW1lIjoxNzc5OTg5NzM1LCJleHAiOjE3Nzk5OTMzMzUsImlhdCI6MTc3OTk4OTczNSwianRpIjoiNzY1N2JlZjAtN2MzMS00Yjk2LTg1MGYtMGNlMTExYTcxZTVkIiwiZW1haWwiOiJ0ZWNuaWNvLTEzNEBiaXRlY28uY29tIn0.ycGADemzoq51yB-WIlS1Orv8ZXLwj7Nx9F3vsewfOlMtjES9DEm27iQ-3lZmVFXtjZ0M0fo_Ixee2euBqh8JwytgNDFE-91V__JzYuBjLMlndg9eAUhpORRAjK4LVBUHbjyEFGKp1XSx3wHSPpFKKy_evynTO1dsul1vgF9l6qA-uM2FtlJRnWIHAx30Hg0Ja29b347JuTDPlJbXuO-RdAD8d9JTLm9lXM0UkekXQzDUm3gNkSufhUsk1dYMDlVaOUxgQ2dqRWkvX_DDb-VWqFZgARO6HjyeY9uC-LZs9AtJ4Q7eTA_g36XsPFYcbkmsYptIcOuVKLTkudVH8PLesQ
tecnico-135,tecnico,6,2026,4,eyJraWQiOiJEZ0VqOWg3UkwxeE1mcTV6dm1XcnlhWHdPZTZ3eW9WRDFNMDBVeENYaUUwPSIsImFsZyI6IlJTMjU2In0.eyJzdWIiOiIwNDE4ZDQ0OC03MGExLTcwYmUtNDUzMC00NjE3ZDhhN2U3MGYiLCJjb2duaXRvOmdyb3VwcyI6WyJ0ZWNuaWNvIl0sImVtYWlsX3ZlcmlmaWVkIjp0cnVlLCJpc3MiOiJodHRwczovL2NvZ25pdG8taWRwLnVzLWVhc3QtMS5hbWF6b25hd3MuY29tL3VzLWVhc3QtMV9RR2hSTkpOY3MiLCJjb2duaXRvOnVzZXJuYW1lIjoidGVjbmljby0xMzUiLCJvcmlnaW5fanRpIjoiYjBjNzMxN2MtY2E0ZC00MDUyLTk5MDQtOWI2YTBkOWFhMzcyIiwiYXVkIjoiN2VxNWY0NmdtdDRjaGtwYWJncHVwMTdjZTYiLCJldmVudF9pZCI6Ijk4MWY1YTdlLTE5NWItNDMzYy04OWVjLTBlMGYwNGZjZTM3MCIsInRva2VuX3VzZSI6ImlkIiwiYXV0aF90aW1lIjoxNzc5OTg5NzM1LCJleHAiOjE3Nzk5OTMzMzUsImlhdCI6MTc3OTk4OTczNSwianRpIjoiYTBiY2Y3YWYtNGFjYy00YWVmLTllMDgtOTk1NDIxMjM3N2NkIiwiZW1haWwiOiJ0ZWNuaWNvLTEzNUBiaXRlY28uY29tIn0.OpXJQC6yu8abDnfXk3JEq5vwSmsDx2u9JFfMp2jbtVm-K8USQ8N0pudl0BNQbSVS8aSARY14WnB9AwQlsa3HLw9dDaDsydczjkJYYN01W4nx9vysLjzwWyIKk0JDBXLpFynjyYVpXt64-tbLP7f9xvDtkymiuesWhUUHsIKclIE_1-c3WFVhoSspKLK1jqx1pQmPhM-opUAPo9NODxnLubjD1nAgzNbPOIhWr0bufyQ8rNFTBjjBAQ1WWsg_QEUixs75OliYOSI-QfNcfGURQ1_t1MnW2cjzrlKpZZD8nJrVl9EOlO7pr0_77woNfBQIFmrbZZaeGW3Mu8X0A0rvcQ
tecnico-136,tecnico,7,2026,1,eyJraWQiOiJEZ0VqOWg3UkwxeE1mcTV6dm1XcnlhWHdPZTZ3eW9WRDFNMDBVeENYaUUwPSIsImFsZyI6IlJTMjU2In0.eyJzdWIiOiJhNDA4NTRjOC03MGMxLTcwMWItMTU3YS1jOGI1YjA5Y2FlYTAiLCJjb2duaXRvOmdyb3VwcyI6WyJ0ZWNuaWNvIl0sImVtYWlsX3ZlcmlmaWVkIjp0cnVlLCJpc3MiOiJodHRwczovL2NvZ25pdG8taWRwLnVzLWVhc3QtMS5hbWF6b25hd3MuY29tL3VzLWVhc3QtMV9RR2hSTkpOY3MiLCJjb2duaXRvOnVzZXJuYW1lIjoidGVjbmljby0xMzYiLCJvcmlnaW5fanRpIjoiZTE5MWQ4MjctYTk0MS00YjI3LTgxMTgtYzVmZTAyMjk2NDUyIiwiYXVkIjoiN2VxNWY0NmdtdDRjaGtwYWJncHVwMTdjZTYiLCJldmVudF9pZCI6ImQyOTVjOTI0LTYzOWItNDdlMS04OTc2LTVhMzc2YWRjYTU5ZiIsInRva2VuX3VzZSI6ImlkIiwiYXV0aF90aW1lIjoxNzc5OTg5NzM1LCJleHAiOjE3Nzk5OTMzMzUsImlhdCI6MTc3OTk4OTczNSwianRpIjoiNjI0NTUzNjItMTEyNy00OGRlLWFiZDEtZDA3Y2I4MmYwM2JjIiwiZW1haWwiOiJ0ZWNuaWNvLTEzNkBiaXRlY28uY29tIn0.Jrp_sAM0Ujp8JfAnRIzgNFWeuiuxfiXAIjTWvaFRP5N1a5LoorAM7LFHizaMJ4CR8d_Ol25kgweNYfM0-JT_AmZVyutKEsQQSNk18BwSkjoupcpuUBJKiiugeTfUwSFTuKy6SC97XfiRoAgBj0J1XUkfY0PhzDjjyylYOR78gG6H4kQ8DXCnq55FrE2CuagCfNSWHHVEGHWxK1Ukc6UlmlWSspGTGmC4GEeKb8_iFQFQRqLOnO7QgX1aHcqTN4eZP_i0-XB8O0_zjJFT9-vVWOGwwXWvOOfLck3l4iOrIjPsKN8x__9dJ4xAyjt8emvmz6AlbXbzWV3EMoIy7Y3OSQ
tecnico-137,tecnico,8,2026,2,eyJraWQiOiJEZ0VqOWg3UkwxeE1mcTV6dm1XcnlhWHdPZTZ3eW9WRDFNMDBVeENYaUUwPSIsImFsZyI6IlJTMjU2In0.eyJzdWIiOiJhNDk4MDQ3OC00MGMxLTcwMTgtODI5MC1mMWQ5ODJhZWU4NjUiLCJjb2duaXRvOmdyb3VwcyI6WyJ0ZWNuaWNvIl0sImVtYWlsX3ZlcmlmaWVkIjp0cnVlLCJpc3MiOiJodHRwczovL2NvZ25pdG8taWRwLnVzLWVhc3QtMS5hbWF6b25hd3MuY29tL3VzLWVhc3QtMV9RR2hSTkpOY3MiLCJjb2duaXRvOnVzZXJuYW1lIjoidGVjbmljby0xMzciLCJvcmlnaW5fanRpIjoiYzA4MjE4MjAtNGVmYi00N2U1LWIxZTQtZTE4ZjAxYzE4ZmI0IiwiYXVkIjoiN2VxNWY0NmdtdDRjaGtwYWJncHVwMTdjZTYiLCJldmVudF9pZCI6ImJiNGZmMDc0LWI4ZmItNDY3My04YmI5LTZjMGI2ZjVlN2NhNCIsInRva2VuX3VzZSI6ImlkIiwiYXV0aF90aW1lIjoxNzc5OTg5NzM2LCJleHAiOjE3Nzk5OTMzMzYsImlhdCI6MTc3OTk4OTczNiwianRpIjoiZjYzNGY5ZjAtZmQ3Ny00ZmIzLTk3MTAtOGFiM2Y2NDA4OWM3IiwiZW1haWwiOiJ0ZWNuaWNvLTEzN0BiaXRlY28uY29tIn0.v1Yf2BRZjXzzY30zjHh57OgdZGTFEdjQl6_w7H9_4bVqtMiDxJ9sXfjCkf02abCY4EmLwK4J77C8L3IC537frm0JRHgQNlZrgoRGCIk-FBDu7PYQqwmyvM_hh8cn2bGx1Mu4P8EMmpkEB8to7CI_tat9LZegnSs2j8MqNy7M4wpCu4Aw0RROtiqgDmS8IU99r0GZoByTn3aIONMORMgchWXiajAiWBdU9hVNAI4WjQWTJ4EZDkyb-R008Tebkku_z0HQyo_ttzJeSAFkchokfLRXmNlBjiKGfhVcCmW77s96rFbzFU56QeckfSHvlEmOk29wON3jOg8T0X4-T6mOZA
tecnico-138,tecnico,9,2026,3,eyJraWQiOiJEZ0VqOWg3UkwxeE1mcTV6dm1XcnlhWHdPZTZ3eW9WRDFNMDBVeENYaUUwPSIsImFsZyI6IlJTMjU2In0.eyJzdWIiOiI4NGM4ZDQ1OC0xMGExLTcwYzMtNmQ0Yy03NTBlYTIyMGNkODIiLCJjb2duaXRvOmdyb3VwcyI6WyJ0ZWNuaWNvIl0sImVtYWlsX3ZlcmlmaWVkIjp0cnVlLCJpc3MiOiJodHRwczovL2NvZ25pdG8taWRwLnVzLWVhc3QtMS5hbWF6b25hd3MuY29tL3VzLWVhc3QtMV9RR2hSTkpOY3MiLCJjb2duaXRvOnVzZXJuYW1lIjoidGVjbmljby0xMzgiLCJvcmlnaW5fanRpIjoiYmI4Y2IxMTMtZTEwNC00OTZmLTgxOWUtYTEwOTgwNjk1ZjE3IiwiYXVkIjoiN2VxNWY0NmdtdDRjaGtwYWJncHVwMTdjZTYiLCJldmVudF9pZCI6IjE3NTc4MGIzLTlmYTEtNDgwOS05OWFkLTg4MzM3NGEyMTJkMyIsInRva2VuX3VzZSI6ImlkIiwiYXV0aF90aW1lIjoxNzc5OTg5NzM2LCJleHAiOjE3Nzk5OTMzMzYsImlhdCI6MTc3OTk4OTczNiwianRpIjoiZWYxZTAyMTctZTA0YS00OWY5LTk0Y2EtNGY5NWY1YmQxOWI0IiwiZW1haWwiOiJ0ZWNuaWNvLTEzOEBiaXRlY28uY29tIn0.o5_vnyButXTqbOOW7T2e9p3MJt2LDwoNQNre69HuT-CXCe8gdrjSQ0jLMxx0rRUOZoLj4_xkqAAYfi9kRVb4ywP3EE7xQqSxXHNK1YIaig58IgREFblOexShcS3EGnsE7Ob7Opzx5DZvGhKt0yeNcRrQNj9_140xFURpweEq1PjbmhJGBj1I1IqsOKnluahH0ERSoicZEs-OX1NdNlXcT29JfbYl4LuQLrJEkZ4nXhXqTGql6lHhwwpyXJ5s044LaqQdniWb-jikXFaRxh7RyODPsz23si4vET4LyirhJuM1wqzEkkGBIDEmsHMA4p-J6_MNw00DG0aYuhqC_fSPDg
tecnico-139,tecnico,10,2026,4,eyJraWQiOiJEZ0VqOWg3UkwxeE1mcTV6dm1XcnlhWHdPZTZ3eW9WRDFNMDBVeENYaUUwPSIsImFsZyI6IlJTMjU2In0.eyJzdWIiOiI2NDk4MjRkOC00MGMxLTcwZWMtZmZkZi0yYTNhYTgxNTE4YTUiLCJjb2duaXRvOmdyb3VwcyI6WyJ0ZWNuaWNvIl0sImVtYWlsX3ZlcmlmaWVkIjp0cnVlLCJpc3MiOiJodHRwczovL2NvZ25pdG8taWRwLnVzLWVhc3QtMS5hbWF6b25hd3MuY29tL3VzLWVhc3QtMV9RR2hSTkpOY3MiLCJjb2duaXRvOnVzZXJuYW1lIjoidGVjbmljby0xMzkiLCJvcmlnaW5fanRpIjoiYmJjNDNlMWEtNjhhZC00YTIwLWI1MzUtMTFiN2MyZGNlYzQ1IiwiYXVkIjoiN2VxNWY0NmdtdDRjaGtwYWJncHVwMTdjZTYiLCJldmVudF9pZCI6ImJlNTk5ZDg0LTMzYzAtNGMxZS1iZDU3LTI5YTU3MWEyZjY3MCIsInRva2VuX3VzZSI6ImlkIiwiYXV0aF90aW1lIjoxNzc5OTg5NzM2LCJleHAiOjE3Nzk5OTMzMzYsImlhdCI6MTc3OTk4OTczNiwianRpIjoiZTExZDUyNGEtYmFlOC00ZGE2LTliZjAtOGUzMzc3MmY1Y2IwIiwiZW1haWwiOiJ0ZWNuaWNvLTEzOUBiaXRlY28uY29tIn0.BhPCHjQLGa2waMa8Ebyk0cfJ4YFeVSju3eGEYThOkLlt4P65N8fvZrJjB50AnIsv50By4qjNty-xxjVv_o4Rns7lGs_3xbfpduM9n9tkwwBaasL2s9VPkps4l7wEv2TAAzPBe2L4M2W3etZyOZqQhyGQhFPt0znoodhmCvc_RUB4nOnBwkosdD7_NRvh-Kz5VctDtLD7H3vduDY6cdPOyj90rsoIAG7m1WCfKUsnBF47cJil5ZPn7Xxjo2xt_96Sdmc7DW7zKwXlGVxYPbIgh6SqdW1KYx1cUiF0dldTNbkTDjw8tUoJDeTLNTa3g9QN4i9ilvs24OSWgn12AjVRnw
tecnico-140,tecnico,1,2026,1,eyJraWQiOiJEZ0VqOWg3UkwxeE1mcTV6dm1XcnlhWHdPZTZ3eW9WRDFNMDBVeENYaUUwPSIsImFsZyI6IlJTMjU2In0.eyJzdWIiOiIxNDQ4YzQ2OC04MDUxLTcwMDEtZGU0OC1lMzg5NjM1YzRhY2UiLCJjb2duaXRvOmdyb3VwcyI6WyJ0ZWNuaWNvIl0sImVtYWlsX3ZlcmlmaWVkIjp0cnVlLCJpc3MiOiJodHRwczovL2NvZ25pdG8taWRwLnVzLWVhc3QtMS5hbWF6b25hd3MuY29tL3VzLWVhc3QtMV9RR2hSTkpOY3MiLCJjb2duaXRvOnVzZXJuYW1lIjoidGVjbmljby0xNDAiLCJvcmlnaW5fanRpIjoiOTdhMWMxMWQtMmE0MC00NmNiLWI1ZTAtOTAwOTU2NDNkYjdkIiwiYXVkIjoiN2VxNWY0NmdtdDRjaGtwYWJncHVwMTdjZTYiLCJldmVudF9pZCI6ImNjYmFmNjQ5LWRjNGMtNDcyMC04ZWMwLThhYjQxNjE4NmU2ZSIsInRva2VuX3VzZSI6ImlkIiwiYXV0aF90aW1lIjoxNzc5OTg5NzM3LCJleHAiOjE3Nzk5OTMzMzcsImlhdCI6MTc3OTk4OTczNywianRpIjoiZTI0ZjE4NzYtOGQwZC00ZmRiLWI5NzUtNGMyYzE0NTkwYzQ5IiwiZW1haWwiOiJ0ZWNuaWNvLTE0MEBiaXRlY28uY29tIn0.od4GqZEsAwOAv6vJtvvUCP37hib9SZ79GCD4VzfZKdv_xlaDS9REEQjUjumix9cNQZ3SDtIZVtx1Pk-DYJRGo4wgSjfAfnI-dgu3x69wf6eD3VzQpRP-CQWG21nfr_p940shI0heK5-FEcWcedJQXnfCTYIXCFL35fuIoqlAC62OTCsLFLKWVn3CrjSutKINz_OOShj3jPT7UepP85Znn6l544JF4YWf0Mt6p5PixVDUW562HPpv0K5IquBILkqc70neT5AmKPaYo0LgQj_aENAXCeFOKDesZeSO9HltwnXmyzG1EA9kTtJ4g5X9bT8DMWBFN7JTmhZF8g-U1_yK4A
tecnico-141,tecnico,2,2026,2,eyJraWQiOiJEZ0VqOWg3UkwxeE1mcTV6dm1XcnlhWHdPZTZ3eW9WRDFNMDBVeENYaUUwPSIsImFsZyI6IlJTMjU2In0.eyJzdWIiOiI0NGI4NTQ4OC05MDYxLTcwMDQtOWUxMS1iZGM4NjEzNmQzZmEiLCJjb2duaXRvOmdyb3VwcyI6WyJ0ZWNuaWNvIl0sImVtYWlsX3ZlcmlmaWVkIjp0cnVlLCJpc3MiOiJodHRwczovL2NvZ25pdG8taWRwLnVzLWVhc3QtMS5hbWF6b25hd3MuY29tL3VzLWVhc3QtMV9RR2hSTkpOY3MiLCJjb2duaXRvOnVzZXJuYW1lIjoidGVjbmljby0xNDEiLCJvcmlnaW5fanRpIjoiNDM4YmVlNDAtYjUzMi00YjhjLTgwNTktMThlY2QzZDg4ZjkzIiwiYXVkIjoiN2VxNWY0NmdtdDRjaGtwYWJncHVwMTdjZTYiLCJldmVudF9pZCI6ImEyMzgwNmU0LTM3YzUtNDU5Ny1iYmI1LTI0YjM2Y2E3ZDEyNiIsInRva2VuX3VzZSI6ImlkIiwiYXV0aF90aW1lIjoxNzc5OTg5NzM3LCJleHAiOjE3Nzk5OTMzMzcsImlhdCI6MTc3OTk4OTczNywianRpIjoiNzI3YzVhZmQtNjA4My00ODJkLTg2NTUtN2JkMmYzNGJlZDgyIiwiZW1haWwiOiJ0ZWNuaWNvLTE0MUBiaXRlY28uY29tIn0.4Wriehgxo3SCjK-K2ONTKRD2McaEYURWGpOq1m5jLuy-9H-qyDT4rt4-MAM4X76voCJhrhnEB8SuoGrNCWgfNUvU90HeANIyyfDGbSa78aTVl_nEAW5uLQwakIvuAEhj-y4VscXLVxr0YM70YdGBO-o74oNOy2jUEzoTSEKruAIS6j1zisqxZwSRY-dw6ZNxA5cFBDn8Pm7mR3H22ra0Vq4e_L_JuGdZ4c9own17cgPcUTR4OZfHN6vqoTOEbsHkkiuMA0HnJELZWDCdhy2klDYVeDSEe2FIyazjgMyXMrQOtqVMAw0rkPONMxJZxibiG3hmJ-WSk9LmrrRaH6_1OQ
tecnico-142,tecnico,3,2026,3,eyJraWQiOiJEZ0VqOWg3UkwxeE1mcTV6dm1XcnlhWHdPZTZ3eW9WRDFNMDBVeENYaUUwPSIsImFsZyI6IlJTMjU2In0.eyJzdWIiOiJmNDQ4MTRiOC00MGYxLTcwNjItZjNiYi1iMWZkNjg1OWU4ZDgiLCJjb2duaXRvOmdyb3VwcyI6WyJ0ZWNuaWNvIl0sImVtYWlsX3ZlcmlmaWVkIjp0cnVlLCJpc3MiOiJodHRwczovL2NvZ25pdG8taWRwLnVzLWVhc3QtMS5hbWF6b25hd3MuY29tL3VzLWVhc3QtMV9RR2hSTkpOY3MiLCJjb2duaXRvOnVzZXJuYW1lIjoidGVjbmljby0xNDIiLCJvcmlnaW5fanRpIjoiNDI3NWNkMTEtNDk1Ni00MGU3LWE4Y2MtZTk5YjVkNGVmMWViIiwiYXVkIjoiN2VxNWY0NmdtdDRjaGtwYWJncHVwMTdjZTYiLCJldmVudF9pZCI6ImQxOTg1NzBhLTQ1MGUtNGY3Ny1hMjQzLTdmMGRhNTk1NGU3MyIsInRva2VuX3VzZSI6ImlkIiwiYXV0aF90aW1lIjoxNzc5OTg5NzM3LCJleHAiOjE3Nzk5OTMzMzcsImlhdCI6MTc3OTk4OTczNywianRpIjoiMzcxNGMzZDYtMWQ2Ny00YTMwLTk3ZjYtODAwZTdjNDgyMThlIiwiZW1haWwiOiJ0ZWNuaWNvLTE0MkBiaXRlY28uY29tIn0.3oLwiBLQkDlPSmm-0veMQb90_GlrWDYQ6iQfAQD0wVgQPfzzDzmDRK6KUwMdhMW4ErvZ0y2d44e1RzLH_zaR2nNpE-T4xD6ulU2MeWMOqpC23UHEdI36UEfRos-HKWkzuHv46FFE5jYV8n0hHNUAOnKtSUmjcUazvjmlf7v81ll6dypuFeiEzVGDSYrwygyt_v7KA1A1IcxwcJgv-HHFijiZpoBYY5vlOdxXC2_3j-8Vv6OnwaZCJBCvtGgxfprBc7nyLayPsYftn5CM1Pwpj_xk1LXmXl4jyPv0wrIvd8lvynIpJxp1_tZoJvO-nR28uviyCLE9Md4PfVQtizqjbQ
tecnico-143,tecnico,4,2026,4,eyJraWQiOiJEZ0VqOWg3UkwxeE1mcTV6dm1XcnlhWHdPZTZ3eW9WRDFNMDBVeENYaUUwPSIsImFsZyI6IlJTMjU2In0.eyJzdWIiOiIyNGY4NTQwOC1hMDExLTcwYjMtNGQ0MS03NGU2ZTdjODUxZDQiLCJjb2duaXRvOmdyb3VwcyI6WyJ0ZWNuaWNvIl0sImVtYWlsX3ZlcmlmaWVkIjp0cnVlLCJpc3MiOiJodHRwczovL2NvZ25pdG8taWRwLnVzLWVhc3QtMS5hbWF6b25hd3MuY29tL3VzLWVhc3QtMV9RR2hSTkpOY3MiLCJjb2duaXRvOnVzZXJuYW1lIjoidGVjbmljby0xNDMiLCJvcmlnaW5fanRpIjoiYjdlOGM5ODMtNzFmYy00NjdlLWFhMjctNzg2ZGFkZTgwNzNkIiwiYXVkIjoiN2VxNWY0NmdtdDRjaGtwYWJncHVwMTdjZTYiLCJldmVudF9pZCI6ImU5MWUzNzNjLTAwMGMtNDFmYy1hOTNhLTZlZWFmZTFjZDZmZSIsInRva2VuX3VzZSI6ImlkIiwiYXV0aF90aW1lIjoxNzc5OTg5NzM3LCJleHAiOjE3Nzk5OTMzMzcsImlhdCI6MTc3OTk4OTczNywianRpIjoiYWFhNjc4NTEtOGJlZi00MDk0LTgxZTEtMTlhOTRlY2ZiNWJjIiwiZW1haWwiOiJ0ZWNuaWNvLTE0M0BiaXRlY28uY29tIn0.lggUMfuvVmCKYKKaOoZLVvtE1c3U8lgUPSSQm9ztBjLmWP_2Hjjd1mOoJSSXSr5Dhs5bn3z-RIihtO5K1JzPE8dCZlis6vpMyMR62YmPcfmdGfBHtTdb3ziZl8QqvdDsue6wg_8UJ2UZXnVIb6g21cLwK-BwPmDDRl5G6nSunxoRL4iG2JOHQbVNuzR-PBcXfR9ztA_1t02tPeM3Em0ICB9pWiwcctdj1IA5JD0gb_h9R2U7yB5gFk9UKxulh2dv1Xd1doS-s86ygKIsborZ83leqwjyBF7MsZfCDlleUYpY7J7IPQkU2pAO8MOR7tBU1AgKlDJAc9cDMVJIdZoB4Q
tecnico-144,tecnico,5,2026,1,eyJraWQiOiJEZ0VqOWg3UkwxeE1mcTV6dm1XcnlhWHdPZTZ3eW9WRDFNMDBVeENYaUUwPSIsImFsZyI6IlJTMjU2In0.eyJzdWIiOiI0NDM4ODQ0OC01MGMxLTcwMjktMjhjYy00ZjhhZmQ3ZDU3OGMiLCJjb2duaXRvOmdyb3VwcyI6WyJ0ZWNuaWNvIl0sImVtYWlsX3ZlcmlmaWVkIjp0cnVlLCJpc3MiOiJodHRwczovL2NvZ25pdG8taWRwLnVzLWVhc3QtMS5hbWF6b25hd3MuY29tL3VzLWVhc3QtMV9RR2hSTkpOY3MiLCJjb2duaXRvOnVzZXJuYW1lIjoidGVjbmljby0xNDQiLCJvcmlnaW5fanRpIjoiMzkzY2NjYTgtMWZjZS00ZTVhLTgzYmUtYzE4NDQ1MmNhZjg4IiwiYXVkIjoiN2VxNWY0NmdtdDRjaGtwYWJncHVwMTdjZTYiLCJldmVudF9pZCI6IjAxZDJmOGZlLWEzZTctNGY5Yi1iMzJjLWVkODk2MzVmZDAwNSIsInRva2VuX3VzZSI6ImlkIiwiYXV0aF90aW1lIjoxNzc5OTg5NzM4LCJleHAiOjE3Nzk5OTMzMzgsImlhdCI6MTc3OTk4OTczOCwianRpIjoiMzEwYTg3MjUtZmY2Yi00NzNkLWFiZWMtN2EzODQ3MzBhNjgyIiwiZW1haWwiOiJ0ZWNuaWNvLTE0NEBiaXRlY28uY29tIn0.cmCV4F48Nx2dzqktg1KCuJO0n2A3hMvW4IGISi9YGEtthTscHAvDaEuW4-iNzXZ6USvI6SjJ0TgdHbQ9RM8T0Cq-Zt46v5RPIALLDdZLT5xMZvaObbOZBvZ6zrJfmgO0LWkWUXgdyY2W-YXOnWdf3D6r1-go6kqj4y8DsY6zmYYoJFRAjnMO8e6XxA3xIIZ1O3U6lKVKHYbAaoQzDPC7ibW5YIcoPebGrX3rbsFFnaNuZDdmQ3Y1H_8ple29krNpCqeQqK9hIw15kwB3xCAmMtm4D1rm5F-Y7vKOzFsXWKlLQ70HQk5YMPLyHBDz4ubwGoMHZRTQQFVwMIflT17F6g
tecnico-145,tecnico,6,2026,2,eyJraWQiOiJEZ0VqOWg3UkwxeE1mcTV6dm1XcnlhWHdPZTZ3eW9WRDFNMDBVeENYaUUwPSIsImFsZyI6IlJTMjU2In0.eyJzdWIiOiJmNDI4NjRiOC02MDQxLTcwYjYtNjAyMi1kMmYwNzgwZWRhNDIiLCJjb2duaXRvOmdyb3VwcyI6WyJ0ZWNuaWNvIl0sImVtYWlsX3ZlcmlmaWVkIjp0cnVlLCJpc3MiOiJodHRwczovL2NvZ25pdG8taWRwLnVzLWVhc3QtMS5hbWF6b25hd3MuY29tL3VzLWVhc3QtMV9RR2hSTkpOY3MiLCJjb2duaXRvOnVzZXJuYW1lIjoidGVjbmljby0xNDUiLCJvcmlnaW5fanRpIjoiZTIwMThiYjctMGE5MC00YmViLWE3OTQtZmI5MWU1YzZmYzg4IiwiYXVkIjoiN2VxNWY0NmdtdDRjaGtwYWJncHVwMTdjZTYiLCJldmVudF9pZCI6IjI3MjllNWRkLTRlM2EtNDg2ZS05ZDk0LTYxMTg0ODgwMzk4MyIsInRva2VuX3VzZSI6ImlkIiwiYXV0aF90aW1lIjoxNzc5OTg5NzM4LCJleHAiOjE3Nzk5OTMzMzgsImlhdCI6MTc3OTk4OTczOCwianRpIjoiOGE0OTg1OTYtMGVlZC00MzUyLTk0ZGEtODMwOGJmZDU5YmEyIiwiZW1haWwiOiJ0ZWNuaWNvLTE0NUBiaXRlY28uY29tIn0.A5bIaAbenONG2XoFmBL8NEbHXDvW1ejFKzXRdT2bTN0gzfBYW_L_ChWAubcec-DV7JewSGG8xJ3KPcgASutlUmYoyGdSv6fYlDM7IbOGxepU9p0bHI7B2RlTuk3XvdUv7Mp_DmYqkoBIBTZp3wC22DQEEk3a5LvBMVx3cdlm91gaGucsJ_BCeE7_iZ-JPbfMz07HFe-9ct9QVDIzUsxCZPF4Nk1tp3x2JuvkC3OqjruZlBIKhtgdcNGbFML9Hi0CNyKFGinGQ_NCSCVC1gtXOZH8AXlShpTNKEWVhyY2MJKtPiDIaE9N7627QAfkQh8tC4Fecg78aXj2NK-6cBMdTg
tecnico-146,tecnico,7,2026,3,eyJraWQiOiJEZ0VqOWg3UkwxeE1mcTV6dm1XcnlhWHdPZTZ3eW9WRDFNMDBVeENYaUUwPSIsImFsZyI6IlJTMjU2In0.eyJzdWIiOiJiNDg4NTQ2OC03MGMxLTcwNTYtNDFhMi1jZTMwOTc0OTg3MzAiLCJjb2duaXRvOmdyb3VwcyI6WyJ0ZWNuaWNvIl0sImVtYWlsX3ZlcmlmaWVkIjp0cnVlLCJpc3MiOiJodHRwczovL2NvZ25pdG8taWRwLnVzLWVhc3QtMS5hbWF6b25hd3MuY29tL3VzLWVhc3QtMV9RR2hSTkpOY3MiLCJjb2duaXRvOnVzZXJuYW1lIjoidGVjbmljby0xNDYiLCJvcmlnaW5fanRpIjoiNmM1NTNmMjEtZDIwNS00M2MxLTg3OTAtNjZiNmZlZmFhYjM2IiwiYXVkIjoiN2VxNWY0NmdtdDRjaGtwYWJncHVwMTdjZTYiLCJldmVudF9pZCI6IjMyZGExNWEzLTA2N2UtNDBjOC05YzA0LTcxZjZhMjExYTdmOCIsInRva2VuX3VzZSI6ImlkIiwiYXV0aF90aW1lIjoxNzc5OTg5NzM4LCJleHAiOjE3Nzk5OTMzMzgsImlhdCI6MTc3OTk4OTczOCwianRpIjoiODdjMWNhYWQtZTBhOS00YjM1LWFiMTItZDQ1ZTc2MGFjZTMwIiwiZW1haWwiOiJ0ZWNuaWNvLTE0NkBiaXRlY28uY29tIn0.DGy8NYDInMswg5R7yh-PNoeAI3jK7P4TXPW3KFLHuRGimv4saVNmbhz9xdJ0siZkPQ66anadISLlq08k7mEAARGm8bYOTce7T26XWPR6kL9VFDqynY0YFi_6KxQVvEG6SuoYhh9jqGvO8c788w-eYwypPrROv9BfFXmKVAADn6Pv9y71LUtvlG_qBuQt3DG19IaWv22Gp3IIof4bQEwhjFRoxT1UEr_WGOs7BNxevosoMUaRiUfR1TPS-SQVCNjy9_Uhy2AAeWuHeAxbzUeE6UK6kZTYxE8CSgmnBs31W4irPNwWiPQoByvw3NObnTYNEeGDIs7a_zUXLP2YomtAhw
tecnico-147,tecnico,8,2026,4,eyJraWQiOiJEZ0VqOWg3UkwxeE1mcTV6dm1XcnlhWHdPZTZ3eW9WRDFNMDBVeENYaUUwPSIsImFsZyI6IlJTMjU2In0.eyJzdWIiOiJjNDU4MDRlOC1jMGMxLTcwZTYtNzk2NS1iNmY4NDkxYmE0N2YiLCJjb2duaXRvOmdyb3VwcyI6WyJ0ZWNuaWNvIl0sImVtYWlsX3ZlcmlmaWVkIjp0cnVlLCJpc3MiOiJodHRwczovL2NvZ25pdG8taWRwLnVzLWVhc3QtMS5hbWF6b25hd3MuY29tL3VzLWVhc3QtMV9RR2hSTkpOY3MiLCJjb2duaXRvOnVzZXJuYW1lIjoidGVjbmljby0xNDciLCJvcmlnaW5fanRpIjoiZGI5Y2ZhNWUtZTY1ZC00NGEwLThiZGEtODhmMGQ1OWI0ODg5IiwiYXVkIjoiN2VxNWY0NmdtdDRjaGtwYWJncHVwMTdjZTYiLCJldmVudF9pZCI6ImRlOWRkZWUwLWE0NmMtNDg0MS1iMjJiLTM3ZWQ3NWM4ZjhjYyIsInRva2VuX3VzZSI6ImlkIiwiYXV0aF90aW1lIjoxNzc5OTg5NzM4LCJleHAiOjE3Nzk5OTMzMzgsImlhdCI6MTc3OTk4OTczOCwianRpIjoiOTI2MDg0YWMtMjEzZi00NTAyLTlhMjQtYjcxMDU0ZmE5ZmQzIiwiZW1haWwiOiJ0ZWNuaWNvLTE0N0BiaXRlY28uY29tIn0.LiVaN6P-JbND_8xAqogzRGOtaOHISGTeO8GXbc_Xc6J5GDugu3V8PIqarmjcgH9Ou4YCHOB1AOhYpbWm-TB_ClQRjxtMdcTXlcgKw_u2S9ulnOjAClYF4DQhzpJWpg9gYkHvqoduyTcLgmlAYr-wHfv3JagvZ71fZ50lI7h_j5ktwx4ZJuL2j5qKZxy90dyuhJ7H1G8weI5vQ1a-lau1Y0xA56qDeJTPpN_epFdiXrW0z02xrwwSg4hXjL7Ed41tIFuuxETZRnJuY-_hFkBgBFlJXPilaqxxL7XPL5nR9xGPUAE0ykEafklsvjeI_Wjh1ViLn5Q9XrNoZy17Eb5zow
tecnico-148,tecnico,9,2026,1,eyJraWQiOiJEZ0VqOWg3UkwxeE1mcTV6dm1XcnlhWHdPZTZ3eW9WRDFNMDBVeENYaUUwPSIsImFsZyI6IlJTMjU2In0.eyJzdWIiOiIyNGE4NDRiOC1mMGUxLTcwOGQtZTI5Yy0xYmE4OGI1Nzg1YmYiLCJjb2duaXRvOmdyb3VwcyI6WyJ0ZWNuaWNvIl0sImVtYWlsX3ZlcmlmaWVkIjp0cnVlLCJpc3MiOiJodHRwczovL2NvZ25pdG8taWRwLnVzLWVhc3QtMS5hbWF6b25hd3MuY29tL3VzLWVhc3QtMV9RR2hSTkpOY3MiLCJjb2duaXRvOnVzZXJuYW1lIjoidGVjbmljby0xNDgiLCJvcmlnaW5fanRpIjoiMTIxZTc1N2EtNWFmNC00NTJhLTlmMzItY2Y5NGQxNmZiZTgyIiwiYXVkIjoiN2VxNWY0NmdtdDRjaGtwYWJncHVwMTdjZTYiLCJldmVudF9pZCI6ImEzNWZlNjIwLTJjNTYtNDA3MC1hOWVhLTg0YzYxYTcyNWFmNiIsInRva2VuX3VzZSI6ImlkIiwiYXV0aF90aW1lIjoxNzc5OTg5NzM5LCJleHAiOjE3Nzk5OTMzMzksImlhdCI6MTc3OTk4OTczOSwianRpIjoiMmQzYmM1NTAtOGYzYy00ODRiLTk5MDktODI1ZGI3NmNiMzUyIiwiZW1haWwiOiJ0ZWNuaWNvLTE0OEBiaXRlY28uY29tIn0.1x71WqhIHB2UFI4r7KVMa5WTZQI24mm8LWFY6lChAOQoJ22w2uCFaHeSrvRh0d76x_d_0Qj4l4QEIi_t7DYQTjbgJZ5PWxwCZTPshTdyLtTYqhDpXymXArMTINLtD2sVdcZcpXmyTWA2U7abymhuYDWvNsmc9HA8IcxSiCCE4x-K0eQI89-gha-3boA6gIANiOyHeR0ex-YpyWilr0fZQpDOXWiK-TV3pol9nxc4JNTN_vSJtwGYUgYOoxjYYUWTaU7flb01tEFpeylbOkyMDANhaScX4S13hJFyZ9cCzkNsYuk85ZRYQza4BK2NRzSnI6oJNv8tVXhGA1ujJyi-ew
tecnico-149,tecnico,10,2026,2,eyJraWQiOiJEZ0VqOWg3UkwxeE1mcTV6dm1XcnlhWHdPZTZ3eW9WRDFNMDBVeENYaUUwPSIsImFsZyI6IlJTMjU2In0.eyJzdWIiOiJlNDA4YTRmOC04MDUxLTcwNTQtYmM0My05YWNkNzJlNTEyNWUiLCJjb2duaXRvOmdyb3VwcyI6WyJ0ZWNuaWNvIl0sImVtYWlsX3ZlcmlmaWVkIjp0cnVlLCJpc3MiOiJodHRwczovL2NvZ25pdG8taWRwLnVzLWVhc3QtMS5hbWF6b25hd3MuY29tL3VzLWVhc3QtMV9RR2hSTkpOY3MiLCJjb2duaXRvOnVzZXJuYW1lIjoidGVjbmljby0xNDkiLCJvcmlnaW5fanRpIjoiMDRmNjMwZTktY2MxMy00N2M4LTg0YWUtOTJhMGM2YTVlNTliIiwiYXVkIjoiN2VxNWY0NmdtdDRjaGtwYWJncHVwMTdjZTYiLCJldmVudF9pZCI6ImZiZTQzYjZhLTY2OTYtNDM4Yy1iMTc3LWZjMzZlODIxOWVmYiIsInRva2VuX3VzZSI6ImlkIiwiYXV0aF90aW1lIjoxNzc5OTg5NzM5LCJleHAiOjE3Nzk5OTMzMzksImlhdCI6MTc3OTk4OTczOSwianRpIjoiMDM5MjQzZmEtMGE0ZS00MTMyLWIzOWUtZTAzZjhlYWNjODQ0IiwiZW1haWwiOiJ0ZWNuaWNvLTE0OUBiaXRlY28uY29tIn0.L8Uw599xZjEZ1LGIkIq3XaN52fgUoddmluW0rfDINXlvhiA4zj7Zte9pGKx4JFDCXTvJSE7u6yBQRmBCTwsNquIVByhSbWddUwfF95XIKpJ4RDaco53ZWQYDFzDxgqFjQfnUrkA7xqiDSBrsZlRtclsKLKMV9L0FpKJBc_uestI_1bOuWcAISOrYSo4d--IfbbnDRgj5aRKgbwlvUHS945rKDFQNaovqvDMxOlubRLpzvNynRa7hDZ5iw0uNWA4D_PmoD1bFNqsIPVLZH6tjjPK_hksc67Y8H5zx_qfM_7RJT6lybSzzgG_GP7AIZijuTFZLTQEPpacRFjEkq8Vr9A
tecnico-150,tecnico,1,2026,3,eyJraWQiOiJEZ0VqOWg3UkwxeE1mcTV6dm1XcnlhWHdPZTZ3eW9WRDFNMDBVeENYaUUwPSIsImFsZyI6IlJTMjU2In0.eyJzdWIiOiJjNDA4YzQ5OC0xMGUxLTcwM2YtNGM2Ny1kMTZjOGQyMTM1OTciLCJjb2duaXRvOmdyb3VwcyI6WyJ0ZWNuaWNvIl0sImVtYWlsX3ZlcmlmaWVkIjp0cnVlLCJpc3MiOiJodHRwczovL2NvZ25pdG8taWRwLnVzLWVhc3QtMS5hbWF6b25hd3MuY29tL3VzLWVhc3QtMV9RR2hSTkpOY3MiLCJjb2duaXRvOnVzZXJuYW1lIjoidGVjbmljby0xNTAiLCJvcmlnaW5fanRpIjoiNTJhYmM1ZTktZTIyMC00Y2NlLTgyOGUtYzU3OGI2NTk5OGFkIiwiYXVkIjoiN2VxNWY0NmdtdDRjaGtwYWJncHVwMTdjZTYiLCJldmVudF9pZCI6IjZlNzY3M2NmLWM5MjAtNDEwNC1iODJmLTdjMGE0YjA4MWNlOSIsInRva2VuX3VzZSI6ImlkIiwiYXV0aF90aW1lIjoxNzc5OTg5NzM5LCJleHAiOjE3Nzk5OTMzMzksImlhdCI6MTc3OTk4OTczOSwianRpIjoiMjU3MDc5ZjQtNmQzZi00MGMwLThhY2QtZjVhZTIzOWFkNGI4IiwiZW1haWwiOiJ0ZWNuaWNvLTE1MEBiaXRlY28uY29tIn0.a4LHLPikhfe4M2a8R-CAJG1g1MUWyigo0q33Z5jQMsG2iSWwtyDImlo-aOFotL41_y_KE39Yfnfl_zui-Ob4efqNym1HcW7egpAvK2pgpaEzlYDE_jnXZph7eGnv-13nUOiKAKQRw3NTYdTPr7CMyOF8kxHDfOAStt3tF0JZQW5xxTBwVh5xnz_7WM7fbbFD6CqAjBGbDuiwDrSoDRNSQHZh7--Bp-NfrrD7nGM3vkZ9lyQZxuu69UtttnxG37IcMzssZE6KEVc8BXuPPMgFRzbFBn2B3jp-uyENYQ165D3iP-e9P-UTV-JBTXDiCx_sXc43DJ9KPAKKBFtnyIPABg
tecnico-151,tecnico,2,2026,4,eyJraWQiOiJEZ0VqOWg3UkwxeE1mcTV6dm1XcnlhWHdPZTZ3eW9WRDFNMDBVeENYaUUwPSIsImFsZyI6IlJTMjU2In0.eyJzdWIiOiJhNDY4YjQ3OC1lMGIxLTcwOGMtNDc5My1kOGZkOTgyNWJkZTgiLCJjb2duaXRvOmdyb3VwcyI6WyJ0ZWNuaWNvIl0sImVtYWlsX3ZlcmlmaWVkIjp0cnVlLCJpc3MiOiJodHRwczovL2NvZ25pdG8taWRwLnVzLWVhc3QtMS5hbWF6b25hd3MuY29tL3VzLWVhc3QtMV9RR2hSTkpOY3MiLCJjb2duaXRvOnVzZXJuYW1lIjoidGVjbmljby0xNTEiLCJvcmlnaW5fanRpIjoiODNlNDQyZWItMjU4Yy00MmM1LWFlOWEtOGVhYzY5OWY5M2RlIiwiYXVkIjoiN2VxNWY0NmdtdDRjaGtwYWJncHVwMTdjZTYiLCJldmVudF9pZCI6IjM0ZmZmMmVjLTRhNjYtNDBjNS04ZDBkLWJjMmJiOTM0NzAxOSIsInRva2VuX3VzZSI6ImlkIiwiYXV0aF90aW1lIjoxNzc5OTg5NzM5LCJleHAiOjE3Nzk5OTMzMzksImlhdCI6MTc3OTk4OTczOSwianRpIjoiNjJjYmFmZjgtYTU4OC00ZjIyLTk4MzYtYjU4YjBjOGFmY2VmIiwiZW1haWwiOiJ0ZWNuaWNvLTE1MUBiaXRlY28uY29tIn0.LpmgCl3fGcDXpz1YV-xc1yHpjUXqZftI-DCU5Qb9Eau7uifHuI0Jzd__wCUtYV9yxT3TBXnd5TuF8Sp9W7vzB6me5gMeMheUBTQlAswYt2POhiJDjhwibw4N7_5ubo_m5yedBhMebT86ZUm2kSHPJTDZceWQAyjsR0zSdHdK6mzq72B19bHeWPv7PkTEaTB8pOggZucoOKdv77tjqHtCkv8s7Tt6QkY3xQsljms8w7l1gPb9ajiAVyFClyS7JyWpdFvcCxw0Lkdfmvj8q0G2aBsCMI-0KT5O8qubwRrPDCEQ7kuhR4-UyeqQUneuyTtOqA3tkbXFHnHPZbWWipPrHQ
tecnico-152,tecnico,3,2026,1,eyJraWQiOiJEZ0VqOWg3UkwxeE1mcTV6dm1XcnlhWHdPZTZ3eW9WRDFNMDBVeENYaUUwPSIsImFsZyI6IlJTMjU2In0.eyJzdWIiOiJiNGY4YzQ2OC0zMDcxLTcwOTktMzk4ZS0yODIxNzExZDQxYzciLCJjb2duaXRvOmdyb3VwcyI6WyJ0ZWNuaWNvIl0sImVtYWlsX3ZlcmlmaWVkIjp0cnVlLCJpc3MiOiJodHRwczovL2NvZ25pdG8taWRwLnVzLWVhc3QtMS5hbWF6b25hd3MuY29tL3VzLWVhc3QtMV9RR2hSTkpOY3MiLCJjb2duaXRvOnVzZXJuYW1lIjoidGVjbmljby0xNTIiLCJvcmlnaW5fanRpIjoiMGVkYWQ4YWUtODUwOC00Y2QwLWI0YzUtN2JjOTdiN2E3ZGQzIiwiYXVkIjoiN2VxNWY0NmdtdDRjaGtwYWJncHVwMTdjZTYiLCJldmVudF9pZCI6IjFkMDcwMTNkLWQwYmQtNDE4Zi1iNGNlLTRkNTg0YjBkZThlZiIsInRva2VuX3VzZSI6ImlkIiwiYXV0aF90aW1lIjoxNzc5OTg5NzQwLCJleHAiOjE3Nzk5OTMzNDAsImlhdCI6MTc3OTk4OTc0MCwianRpIjoiY2M1ZTgwZmQtOTQ4OS00YjI5LThmMDMtOGM5OTgwOTNhMzI0IiwiZW1haWwiOiJ0ZWNuaWNvLTE1MkBiaXRlY28uY29tIn0.kbEFOqPnNqmhYqZJwEeaeTT2BBWY6cmyGe7dFbqBcm2QLwXgswKxwMxt_hQPoDNE9G3XsgD3Vv9soNsNgiIfxLtTfEYbSz2Db99mg2wq5FfbEQnRj8vOaG-xGHd3KGzwvYCs-_NHIN7wpJKYfxPA6ZUQIajZBDqPLoZJ38Lc_d7PVATW441f0-VdlqhySw579sH8kgUIJTIfqBm1EPVlKQUM4bgyzqV-4g_T5rimQi_HewncHuaBwaRfTz5nsmcg6YB1RBahSMhqRyDCt17_PXFcuRLderaNqFINDwMRBfvI2r0esTR6EiPXe5X2Fsx_kM_7PLdTh56rUe9aIcnuKg
tecnico-153,tecnico,4,2026,2,eyJraWQiOiJEZ0VqOWg3UkwxeE1mcTV6dm1XcnlhWHdPZTZ3eW9WRDFNMDBVeENYaUUwPSIsImFsZyI6IlJTMjU2In0.eyJzdWIiOiI1NDA4NTQ5OC1hMGMxLTcwNzYtYWMwMy1iYWU2MDU0YTgxMDMiLCJjb2duaXRvOmdyb3VwcyI6WyJ0ZWNuaWNvIl0sImVtYWlsX3ZlcmlmaWVkIjp0cnVlLCJpc3MiOiJodHRwczovL2NvZ25pdG8taWRwLnVzLWVhc3QtMS5hbWF6b25hd3MuY29tL3VzLWVhc3QtMV9RR2hSTkpOY3MiLCJjb2duaXRvOnVzZXJuYW1lIjoidGVjbmljby0xNTMiLCJvcmlnaW5fanRpIjoiZDdiMjA4MjEtY2NjZi00MjU2LWIzZjktMDIxNzY5NzVmMzZiIiwiYXVkIjoiN2VxNWY0NmdtdDRjaGtwYWJncHVwMTdjZTYiLCJldmVudF9pZCI6IjhkOWIyMTdjLWNiZWQtNGY1Mi1iNjYxLTg0NjAyY2E5MTM5YSIsInRva2VuX3VzZSI6ImlkIiwiYXV0aF90aW1lIjoxNzc5OTg5NzQwLCJleHAiOjE3Nzk5OTMzNDAsImlhdCI6MTc3OTk4OTc0MCwianRpIjoiMGRkMmEwMmUtYzg3NC00MWQ5LTgwY2ItOWU4YWZlMzg1YzFkIiwiZW1haWwiOiJ0ZWNuaWNvLTE1M0BiaXRlY28uY29tIn0.RTK72X0noX644zpDBPasmq-aBAILPSJ-XsvnMQxBfSpAS4KG1Gr_RThA7b4rtaRwkSodCPqxv6YtHVmBfcwQBmzp5N1niL-9H-TKjjJSXFYengF0qfBTZHZ6C2_A6lgo7pJsMLVdmwytjdcx7ge0y-T29BT16gHX0Md9YCQac-22mAPOUdeIYT6SsCGG4b1BQlVIu82g2whKUtoMbm5lmmhoOOV9ZC9_pYnN1wmo44FKLUCS_BykFdUslSNEmUl_GIn3uZhFWQ8owO6XFe0BURx3Zan7wSavmkdszcf3IALofcZoiC_mpXwZPFLXPN_gYMAfpq59rOKMmfZo0hDLaA
tecnico-154,tecnico,5,2026,3,eyJraWQiOiJEZ0VqOWg3UkwxeE1mcTV6dm1XcnlhWHdPZTZ3eW9WRDFNMDBVeENYaUUwPSIsImFsZyI6IlJTMjU2In0.eyJzdWIiOiJkNGE4MDRlOC1kMDcxLTcwZDgtZDNmOC1mZWI0ZDAzOTUyMjkiLCJjb2duaXRvOmdyb3VwcyI6WyJ0ZWNuaWNvIl0sImVtYWlsX3ZlcmlmaWVkIjp0cnVlLCJpc3MiOiJodHRwczovL2NvZ25pdG8taWRwLnVzLWVhc3QtMS5hbWF6b25hd3MuY29tL3VzLWVhc3QtMV9RR2hSTkpOY3MiLCJjb2duaXRvOnVzZXJuYW1lIjoidGVjbmljby0xNTQiLCJvcmlnaW5fanRpIjoiM2Y0YWRhYTMtNmFjYS00ZjJmLTlmMGItMTQ1ZmJjYTJmYmQ2IiwiYXVkIjoiN2VxNWY0NmdtdDRjaGtwYWJncHVwMTdjZTYiLCJldmVudF9pZCI6IjVjNDg1MjA3LTgyNjctNGYyOC04OTI5LTAyMjAwNjBjYzE0MCIsInRva2VuX3VzZSI6ImlkIiwiYXV0aF90aW1lIjoxNzc5OTg5NzQwLCJleHAiOjE3Nzk5OTMzNDAsImlhdCI6MTc3OTk4OTc0MCwianRpIjoiNjMwNDBmMjQtZDBhNi00OWUzLTk3MzUtYzk1NGZmOGNiZjNmIiwiZW1haWwiOiJ0ZWNuaWNvLTE1NEBiaXRlY28uY29tIn0.ycxoVIJI6rODvnkU_McURrjxicmi0ii8dBFOBOrmceZUqGNalGxVnqwblF2mUME8_Rp-fae6DX-XSK6GdCZy9Eoa6ap0uzJcPhybkhr1dPrcxmyQRGkuyKTfhS6I4JnFVJYaCBIREU8zsHN1uQlWLby4ztJv-N1w5CVwglL1nOC8CQCgw8GewNItG4TBVhM6W5pnSXQ-cSbC1wJz4o8Dy6-_iNQZgqNmCnEd-8eVSStVVWhFO9A9H05T7dJc5xPuFPzLuKtLGsO-rDaKK-3WXYk1zgKKaMFlwwg0q-tgR_ow82z-p-YRW3iXpqaiweOt5Son71Uq2cwuYFfwyAWa7Q
tecnico-155,tecnico,6,2026,4,eyJraWQiOiJEZ0VqOWg3UkwxeE1mcTV6dm1XcnlhWHdPZTZ3eW9WRDFNMDBVeENYaUUwPSIsImFsZyI6IlJTMjU2In0.eyJzdWIiOiIxNGQ4ZDQ0OC04MGQxLTcwZDMtZWY0Mi1kMTc2NTczZDE2ZDIiLCJjb2duaXRvOmdyb3VwcyI6WyJ0ZWNuaWNvIl0sImVtYWlsX3ZlcmlmaWVkIjp0cnVlLCJpc3MiOiJodHRwczovL2NvZ25pdG8taWRwLnVzLWVhc3QtMS5hbWF6b25hd3MuY29tL3VzLWVhc3QtMV9RR2hSTkpOY3MiLCJjb2duaXRvOnVzZXJuYW1lIjoidGVjbmljby0xNTUiLCJvcmlnaW5fanRpIjoiNTJjZTZkNGMtYmFkOC00ZWU2LTlhNTEtYjQ2NGE0ZjZjMzY3IiwiYXVkIjoiN2VxNWY0NmdtdDRjaGtwYWJncHVwMTdjZTYiLCJldmVudF9pZCI6ImJlMGY1N2Y2LTNkZTQtNDNkOS1iYmE5LTM2YTZlMGFhMGEzMiIsInRva2VuX3VzZSI6ImlkIiwiYXV0aF90aW1lIjoxNzc5OTg5NzQxLCJleHAiOjE3Nzk5OTMzNDEsImlhdCI6MTc3OTk4OTc0MSwianRpIjoiYjkzYzU2YjYtNjE5My00YmRlLTgzOTItYTFmZjU4NmQzOGJhIiwiZW1haWwiOiJ0ZWNuaWNvLTE1NUBiaXRlY28uY29tIn0.aVFOWvOTaJDkCogA647HhUTUWpVb7HmRIwD6YL5sO-aCd-cijGt1vIxLve-MVTm7Z_ttvKf3nycyr3IEgQWfIKRSk7yRnysKuHYbgY6ky7Q9iXzy19FK8D2R7I_17zi-NVZ3OgzcennGHnJP3Go1GueFiZQ1OEOeGjCy_qsdKBs4B4AFiltgwtUZtzG8u6HhmDaEHebGny8weSkw5kKkdlSiTaKbzkqU-W9e1I1lKqDRC1jy0vR2iF3IG1quAEEiReg4J2bpiS_TGUuSOtyy2CLU289QKoVuGbYz7-Hh7G_SewjTZTB_bb4HIiXSPgjOEMXQPZO0HPI9cMeJvefy9Q
tecnico-156,tecnico,7,2026,1,eyJraWQiOiJEZ0VqOWg3UkwxeE1mcTV6dm1XcnlhWHdPZTZ3eW9WRDFNMDBVeENYaUUwPSIsImFsZyI6IlJTMjU2In0.eyJzdWIiOiI5NDQ4ODQ1OC1jMDUxLTcwOTMtNjkwNC01NjM4NGJkMDIwNjMiLCJjb2duaXRvOmdyb3VwcyI6WyJ0ZWNuaWNvIl0sImVtYWlsX3ZlcmlmaWVkIjp0cnVlLCJpc3MiOiJodHRwczovL2NvZ25pdG8taWRwLnVzLWVhc3QtMS5hbWF6b25hd3MuY29tL3VzLWVhc3QtMV9RR2hSTkpOY3MiLCJjb2duaXRvOnVzZXJuYW1lIjoidGVjbmljby0xNTYiLCJvcmlnaW5fanRpIjoiNjA4ZWM0NTYtZDA2MS00OWY0LTg3OWItOTdkMmFkZTU3YmE2IiwiYXVkIjoiN2VxNWY0NmdtdDRjaGtwYWJncHVwMTdjZTYiLCJldmVudF9pZCI6IjRhZmQzNmRhLWRiZTQtNGIxOC1iOTZiLTVlNmQxN2Q1NzYzYSIsInRva2VuX3VzZSI6ImlkIiwiYXV0aF90aW1lIjoxNzc5OTg5NzQxLCJleHAiOjE3Nzk5OTMzNDEsImlhdCI6MTc3OTk4OTc0MSwianRpIjoiNjk3OTY0MDgtYjQ5OC00NWY3LWE3NzAtNjIxYTVhNmViMDVkIiwiZW1haWwiOiJ0ZWNuaWNvLTE1NkBiaXRlY28uY29tIn0.p817ZETpN-iT95reB0JG3HxJHbNG-4mCmdcQCFQLpE5iyp2woRSVYmcNt88LSL3UVuZPUngrk6QRSxoRCe0y_prqGlGWuWJuKIfYqmWLRtbfgl27T1NrzitSdVvbRWIDJxNjDQhkCm8blLunxnPW2jYRidYW16vL-0zcItZ4e_WfhA8Ue9hG5d7zAS-JpTQzmgMF9U8E-vl2PuifWf2ZBhijEcp9SLjv3VLiyvmavedoMozZndvJL9yceCanrb6OLOO981cNlIeQ1wLIeyutVaPIvaQz2OzaHM3ivNLUJqOp_vCKdWdfCEdqOAPly6I7JEp2KPggphUUbht2JMUT9A
tecnico-157,tecnico,8,2026,2,eyJraWQiOiJEZ0VqOWg3UkwxeE1mcTV6dm1XcnlhWHdPZTZ3eW9WRDFNMDBVeENYaUUwPSIsImFsZyI6IlJTMjU2In0.eyJzdWIiOiIyNDY4NzRmOC1jMDYxLTcwNDItYWFjYS1mODk3MGY3ZDVhYjciLCJjb2duaXRvOmdyb3VwcyI6WyJ0ZWNuaWNvIl0sImVtYWlsX3ZlcmlmaWVkIjp0cnVlLCJpc3MiOiJodHRwczovL2NvZ25pdG8taWRwLnVzLWVhc3QtMS5hbWF6b25hd3MuY29tL3VzLWVhc3QtMV9RR2hSTkpOY3MiLCJjb2duaXRvOnVzZXJuYW1lIjoidGVjbmljby0xNTciLCJvcmlnaW5fanRpIjoiMTYwNmVhM2QtYTZhMy00OGM5LTg5ZTAtMDExZWM4YjQzNmExIiwiYXVkIjoiN2VxNWY0NmdtdDRjaGtwYWJncHVwMTdjZTYiLCJldmVudF9pZCI6IjU1M2EwMmM1LWI4MDUtNGE0OS1iMjc4LTc2ZjAzNjgxZjgwNiIsInRva2VuX3VzZSI6ImlkIiwiYXV0aF90aW1lIjoxNzc5OTg5NzQxLCJleHAiOjE3Nzk5OTMzNDEsImlhdCI6MTc3OTk4OTc0MSwianRpIjoiZWYwNGI3MWQtZGZmZi00MDllLTlhMGEtZjIwZDE2YjNkMzQzIiwiZW1haWwiOiJ0ZWNuaWNvLTE1N0BiaXRlY28uY29tIn0.nc6hoUNOghAYpxSnrTpN8gXACNdaS3EkWeD3-X69EAcfREIZVHK55AEOBKRXGSVf-XZNJV2EDQse31QvnPEMueWYJgCi2mRoQ2qCsNTQirMCYRzHgVOi_rPVWp4Y5VfO6whSbqxjoangHLRGY-mUvlNuM2FARmW-x-7abttdR_RDtMfk9mS8qVQQcvseI0TexII76eAOtGHSa2vxzzDWOTWMETlJtIUdshrDb2ugzkXBM64_HAooVBZ3_ei-qCVhQLF4VazfbLiMznVH118Uv4koFFvp7TMvI3bcFx9PCZC7Yto0ZbABwkz7M8FV2ZDRt9R_iyR3YCDIHijpWiCTaQ
tecnico-158,tecnico,9,2026,3,eyJraWQiOiJEZ0VqOWg3UkwxeE1mcTV6dm1XcnlhWHdPZTZ3eW9WRDFNMDBVeENYaUUwPSIsImFsZyI6IlJTMjU2In0.eyJzdWIiOiIxNDY4YjQ0OC01MDkxLTcwZGYtOWExMS1iNDM3MmIwOTMzOGQiLCJjb2duaXRvOmdyb3VwcyI6WyJ0ZWNuaWNvIl0sImVtYWlsX3ZlcmlmaWVkIjp0cnVlLCJpc3MiOiJodHRwczovL2NvZ25pdG8taWRwLnVzLWVhc3QtMS5hbWF6b25hd3MuY29tL3VzLWVhc3QtMV9RR2hSTkpOY3MiLCJjb2duaXRvOnVzZXJuYW1lIjoidGVjbmljby0xNTgiLCJvcmlnaW5fanRpIjoiZjBhZWY1MmYtNzlmNC00MzlhLWE1ZTUtODU4NTFlODk2OTY1IiwiYXVkIjoiN2VxNWY0NmdtdDRjaGtwYWJncHVwMTdjZTYiLCJldmVudF9pZCI6ImM3MzYyMTBlLWZkMjctNDk0NC05NGI0LTg1OTg1YWI4ZTc3NSIsInRva2VuX3VzZSI6ImlkIiwiYXV0aF90aW1lIjoxNzc5OTg5NzQxLCJleHAiOjE3Nzk5OTMzNDEsImlhdCI6MTc3OTk4OTc0MSwianRpIjoiZTU1MzQ1YjEtMTcxMC00MTEyLTk0MDYtZTk4NmZlYmM1ZjUxIiwiZW1haWwiOiJ0ZWNuaWNvLTE1OEBiaXRlY28uY29tIn0.Dl5s8Tk3rL2IXQloIS_kio9RhF8Wl41SiW8a2K6oZNeMobqFZCiJmRmbRhohzyatN59G8Iy84nYJ6FbI3rIi1_CP7w-1GG6MLf_bl63XD3y-enWA0YBPzdQ9P7ar2NJFA2LCykrSm1yzuHNTbcyDQ-k71dcrqh39GdciewzHKpVmFUZLuZEg-yH45PI1k--rbFhwGlrbxdznCmvNCwI-m3Z73HIv3Rjqj9CVDxkRZjZ0kqvq8nPe2aujYau7lpE-gXhoTtq9qdw5A1nbTrBYwVA7JDO507yj5yzNBSQqQQOJtX96lnJUXUQtxr_EDifRHVhbnk4gBs4doYWpn_oy_A
tecnico-159,tecnico,10,2026,4,eyJraWQiOiJEZ0VqOWg3UkwxeE1mcTV6dm1XcnlhWHdPZTZ3eW9WRDFNMDBVeENYaUUwPSIsImFsZyI6IlJTMjU2In0.eyJzdWIiOiIxNGY4ZDQwOC04MGQxLTcwODctZDljZS1iZTdkODk3ZWQxODciLCJjb2duaXRvOmdyb3VwcyI6WyJ0ZWNuaWNvIl0sImVtYWlsX3ZlcmlmaWVkIjp0cnVlLCJpc3MiOiJodHRwczovL2NvZ25pdG8taWRwLnVzLWVhc3QtMS5hbWF6b25hd3MuY29tL3VzLWVhc3QtMV9RR2hSTkpOY3MiLCJjb2duaXRvOnVzZXJuYW1lIjoidGVjbmljby0xNTkiLCJvcmlnaW5fanRpIjoiODIyMGIzMDktYTU0Zi00ZjBmLWJjMDYtODg0NDgyMzY4MWEyIiwiYXVkIjoiN2VxNWY0NmdtdDRjaGtwYWJncHVwMTdjZTYiLCJldmVudF9pZCI6IjI0NjgxZWU5LThhMWEtNGQyZS04M2E1LTM1M2YwMjgwMjIxNSIsInRva2VuX3VzZSI6ImlkIiwiYXV0aF90aW1lIjoxNzc5OTg5NzQyLCJleHAiOjE3Nzk5OTMzNDIsImlhdCI6MTc3OTk4OTc0MiwianRpIjoiMDM3ODBlMzItMjY1NS00NTk4LThjZDMtMzkxMTViMTRkNjJhIiwiZW1haWwiOiJ0ZWNuaWNvLTE1OUBiaXRlY28uY29tIn0.WQCWjoJxfkC5_dGwM4aHMRKt4kqCJFVcgzlL3Uhfla06Gdi1WxZZpoOQx5--xrNSkeXd0Cu3e0dchJONljgVaR7CxnKC5teICNpx5mBJQf9y2qJcXBi8WFNxpeoY2hL4B2YEcm4_zlkVyoBQveRcQOJH1k8UNWgKAix9cxVBcpX4v2aOGJLReyEMfbjMzYhfi45zuE3zr0P0slVeJr38g7yDhqMddAQxa_Xv29oh_PCF9klvNwGI7AjZQV949JurSRnqWvLcQozASlpK_PNhh_zLGVk7Z2tX38n-a2_4HSN38HKpjSpWqgZf743P179sBk6hJJn_pUZ62ohJ8fdOmw
tecnico-160,tecnico,1,2026,1,eyJraWQiOiJEZ0VqOWg3UkwxeE1mcTV6dm1XcnlhWHdPZTZ3eW9WRDFNMDBVeENYaUUwPSIsImFsZyI6IlJTMjU2In0.eyJzdWIiOiI0NDE4MTRhOC03MDAxLTcwMWMtZjA1MS05NjAxMGYxYzM1MjEiLCJjb2duaXRvOmdyb3VwcyI6WyJ0ZWNuaWNvIl0sImVtYWlsX3ZlcmlmaWVkIjp0cnVlLCJpc3MiOiJodHRwczovL2NvZ25pdG8taWRwLnVzLWVhc3QtMS5hbWF6b25hd3MuY29tL3VzLWVhc3QtMV9RR2hSTkpOY3MiLCJjb2duaXRvOnVzZXJuYW1lIjoidGVjbmljby0xNjAiLCJvcmlnaW5fanRpIjoiYzkxMDNlZTMtOWQ1Yi00ZjRkLThmYjEtZGNhNjBhMjM4OTE0IiwiYXVkIjoiN2VxNWY0NmdtdDRjaGtwYWJncHVwMTdjZTYiLCJldmVudF9pZCI6IjAxMTNiYjRlLWVjMzYtNDUyZi1iZWY4LTllMmJiN2JmNzgzYSIsInRva2VuX3VzZSI6ImlkIiwiYXV0aF90aW1lIjoxNzc5OTg5NzQyLCJleHAiOjE3Nzk5OTMzNDIsImlhdCI6MTc3OTk4OTc0MiwianRpIjoiNWVlODg0N2MtN2Y4NC00M2UwLWEyYWEtOGFjODZkMTdlNjIzIiwiZW1haWwiOiJ0ZWNuaWNvLTE2MEBiaXRlY28uY29tIn0.QTTKEwJobamXOF0J7xH9IqUHdd3d4YZRnDLBmtklxf6XbRgfTnTUrmuCBDwVh-cQSbsBaAAoX0oijtRVgPrQ7lwkDsTxCvdodrFwFtc3GVZ_nsyH2GS3EeIw1g82059QGU8_ELl-OkpMDCOtCYzheHGFY0YYMzFZ_gDD1-k-awzLin1LVRhdT37EximO1lKxMl1vpKpi08yf-nLKinlQCf5uq1NXK84KZ_en1fgxAqrr8CAl2BVj8v7uIE1t9yUTz2CakClAeGTpMaR-MRaI1poWvmPMqJljx0RoJy_cjkLljdeXIasssUVlc0LEDtDDY5x-_3woH9hmTJ1xDdWZTw
tecnico-161,tecnico,2,2026,2,eyJraWQiOiJEZ0VqOWg3UkwxeE1mcTV6dm1XcnlhWHdPZTZ3eW9WRDFNMDBVeENYaUUwPSIsImFsZyI6IlJTMjU2In0.eyJzdWIiOiI5NDk4MDRlOC1iMDYxLTcwMGEtZTJjYi1hMzU0ODNkY2ZlYmIiLCJjb2duaXRvOmdyb3VwcyI6WyJ0ZWNuaWNvIl0sImVtYWlsX3ZlcmlmaWVkIjp0cnVlLCJpc3MiOiJodHRwczovL2NvZ25pdG8taWRwLnVzLWVhc3QtMS5hbWF6b25hd3MuY29tL3VzLWVhc3QtMV9RR2hSTkpOY3MiLCJjb2duaXRvOnVzZXJuYW1lIjoidGVjbmljby0xNjEiLCJvcmlnaW5fanRpIjoiOTdlMTc1MWEtNjdjOS00YjFkLWI5OWUtZGYyMmEzZDZhZmE1IiwiYXVkIjoiN2VxNWY0NmdtdDRjaGtwYWJncHVwMTdjZTYiLCJldmVudF9pZCI6IjllZTYyYmQ4LWFkZDctNDAwYS1iOGYwLTAwZjBlZjA0ODA2NCIsInRva2VuX3VzZSI6ImlkIiwiYXV0aF90aW1lIjoxNzc5OTg5NzQyLCJleHAiOjE3Nzk5OTMzNDIsImlhdCI6MTc3OTk4OTc0MiwianRpIjoiZGRmYTk5YzYtMTA2Ni00NjQzLWIyM2UtNzJkN2M5YzQ2YTVlIiwiZW1haWwiOiJ0ZWNuaWNvLTE2MUBiaXRlY28uY29tIn0.xQoq0mODl8MSawOPfG5oS3tmCisQ9lrLWkrPezlFZhIFjm7DxThZnLKXRBLhLYqgIfO1WP4npSsmie8Cb2eZKbc1rv83bWkGrIQuDziisYjX9tJ5O6yOxZM_L32pfr53pc_ZQAWvhlQvKkiMsmcBwMbM8l6c5WgLKuT2fIQVb3zMdobrHQDwHO4Qeq9L0iVPPf5qkUhfpfI8vblXGZltdUsoC9CDewRmCT2pyqR4TIFdwUoU9NX_OQ3pYiZ_aIWEc7SaV11_Na4gFTc7YvMdR5qHfXGUkQZt68To1Mf-LV4sE1vVzeMZPbhgOi6KdYKoGXkLhwU6rO1HcC-vmCOu4Q
tecnico-162,tecnico,3,2026,3,eyJraWQiOiJEZ0VqOWg3UkwxeE1mcTV6dm1XcnlhWHdPZTZ3eW9WRDFNMDBVeENYaUUwPSIsImFsZyI6IlJTMjU2In0.eyJzdWIiOiIwNGU4NzQ4OC0yMDcxLTcwOGYtODBkYi1mNmE4YzU1YTBhNDIiLCJjb2duaXRvOmdyb3VwcyI6WyJ0ZWNuaWNvIl0sImVtYWlsX3ZlcmlmaWVkIjp0cnVlLCJpc3MiOiJodHRwczovL2NvZ25pdG8taWRwLnVzLWVhc3QtMS5hbWF6b25hd3MuY29tL3VzLWVhc3QtMV9RR2hSTkpOY3MiLCJjb2duaXRvOnVzZXJuYW1lIjoidGVjbmljby0xNjIiLCJvcmlnaW5fanRpIjoiZTAwZDI1NzYtNDI3MC00OWRmLWEwNDgtODhjNjNkYTY0MjhhIiwiYXVkIjoiN2VxNWY0NmdtdDRjaGtwYWJncHVwMTdjZTYiLCJldmVudF9pZCI6ImY5ZDJjMjYzLWFjNDktNDQ4Ni1hNzgyLTFlOGU0YjI1YWFhMiIsInRva2VuX3VzZSI6ImlkIiwiYXV0aF90aW1lIjoxNzc5OTg5NzQyLCJleHAiOjE3Nzk5OTMzNDIsImlhdCI6MTc3OTk4OTc0MywianRpIjoiZDQ3YmM1YTktNjgyOC00MDE5LTgzZDgtOTI4MDEwYWJlOTk0IiwiZW1haWwiOiJ0ZWNuaWNvLTE2MkBiaXRlY28uY29tIn0.O-q6Z0tn_L-aqIOMnNsr9dXz1AgIlCtISxKcTOcVS4WVzi0Uvfr-8e-2-kuTE9i9BmW11rKLB1R0yniBQNyhCKgMI7MrOFIumLWiRAwID36PebnkbE5NuxNwV_nzXA4-jz4hQ_GV9_eOapGDL1k89ft85xO2-XY93NvVivbWcZakNGVwMGYRpE_EHYFWm0rYZ2mSAS6BX3TwFZgR0NmObTXMAfsxm32pE6qDlu0YqWLA6TsZWaiO2oiAq52HXlM5z4LweHmRlD-nnPpd9y0kV0gtRFEdq11N6H_kPF3vkETsXmoUhyNpKleyZe45UN5AxLPa85rSbcT98TnDER43rw
tecnico-163,tecnico,4,2026,4,eyJraWQiOiJEZ0VqOWg3UkwxeE1mcTV6dm1XcnlhWHdPZTZ3eW9WRDFNMDBVeENYaUUwPSIsImFsZyI6IlJTMjU2In0.eyJzdWIiOiI0NGU4ZDQ4OC0zMGYxLTcwNDQtYjJhNS00YzAzMzQwYTEzZjMiLCJjb2duaXRvOmdyb3VwcyI6WyJ0ZWNuaWNvIl0sImVtYWlsX3ZlcmlmaWVkIjp0cnVlLCJpc3MiOiJodHRwczovL2NvZ25pdG8taWRwLnVzLWVhc3QtMS5hbWF6b25hd3MuY29tL3VzLWVhc3QtMV9RR2hSTkpOY3MiLCJjb2duaXRvOnVzZXJuYW1lIjoidGVjbmljby0xNjMiLCJvcmlnaW5fanRpIjoiMWQ5NTZlMjUtODMwOS00MGUwLWIwNWQtODA3YzgyMzAwNWQ1IiwiYXVkIjoiN2VxNWY0NmdtdDRjaGtwYWJncHVwMTdjZTYiLCJldmVudF9pZCI6IjIxZWZiZmI3LWZkOWItNDNmNS1hMzQ5LWE4MDdiNzQ2ZDA5MCIsInRva2VuX3VzZSI6ImlkIiwiYXV0aF90aW1lIjoxNzc5OTg5NzQzLCJleHAiOjE3Nzk5OTMzNDMsImlhdCI6MTc3OTk4OTc0MywianRpIjoiYmRhMDAyYmItOWY0NS00OWIzLTliMjAtMmRkYjgyNmJjNjJiIiwiZW1haWwiOiJ0ZWNuaWNvLTE2M0BiaXRlY28uY29tIn0.LsBmdZL5MwrcOd4PZScy4VS9J6YeLUke5w1ov6odN3Y3VOb1TSs9yHIrz1ZjJyXW4z5xlzIer_HWpKAYKl5Z1Cq82ghDVcl1v-kGRwYuHO1__82z5Bf52ny7ewJj-ntqxWAQbsT_qZ70HbivxDp-CHDcV9sNxk73L0aXouV_BqhpknQq6KyjJmSQCQ_ujylQ4tAGoxnkblI0CJYW0BHQhtP7zj8WhhzZSTGAMsWyScqMY63BcKI9vK69NCEpSlBsNNGvwRNaCvGJa6FBvuGwfiUp7mQuF2exCoOsCkkwtbdOxQ7crKOYY2JVMqyOB0rV0eXYnLEJ1-Mf-rmB0ApO8Q
tecnico-164,tecnico,5,2026,1,eyJraWQiOiJEZ0VqOWg3UkwxeE1mcTV6dm1XcnlhWHdPZTZ3eW9WRDFNMDBVeENYaUUwPSIsImFsZyI6IlJTMjU2In0.eyJzdWIiOiI0NGI4ZDQ4OC04MDExLTcwMTEtN2Q0ZC1hOTdiMTEyOGYzMTEiLCJjb2duaXRvOmdyb3VwcyI6WyJ0ZWNuaWNvIl0sImVtYWlsX3ZlcmlmaWVkIjp0cnVlLCJpc3MiOiJodHRwczovL2NvZ25pdG8taWRwLnVzLWVhc3QtMS5hbWF6b25hd3MuY29tL3VzLWVhc3QtMV9RR2hSTkpOY3MiLCJjb2duaXRvOnVzZXJuYW1lIjoidGVjbmljby0xNjQiLCJvcmlnaW5fanRpIjoiYjllNzI3ZDAtMTViMi00NDYwLWFlZmQtMTE5N2M1MDZhNTQ5IiwiYXVkIjoiN2VxNWY0NmdtdDRjaGtwYWJncHVwMTdjZTYiLCJldmVudF9pZCI6IjYyMzRmNTNjLTU3YTEtNGViOS1hMzVmLTU5NDc0ZjQ5NTM2YiIsInRva2VuX3VzZSI6ImlkIiwiYXV0aF90aW1lIjoxNzc5OTg5NzQzLCJleHAiOjE3Nzk5OTMzNDMsImlhdCI6MTc3OTk4OTc0MywianRpIjoiZGM5YTI0YmEtMGFhZS00MDk4LTk4MGQtZjEzMjBkNzUxNGNmIiwiZW1haWwiOiJ0ZWNuaWNvLTE2NEBiaXRlY28uY29tIn0.llXmMbNjnmh0izqJHtP9W2CnFBRiuX7pgWG2SrPTDNAWA-6KRHe_DKIjy6LXEL_L1nNnTEPaN__L2ANPL4Bf09KGbn5Ey-0VfEHYy0jDXZdVYMD-f4NTMiozB5kIgzk32vY6rQj-MlAAiQu5IbGUMCc1hA8HHfHJSu_3ILyawkVZJikzNYvXeXtk4hEGQwRAX0_aiV2lxmBk_NnfSKDFYCGaXrcihtmVV5iPl6HZHbTqDamuQSGK0WPOBuW2sxrKRDG-nq2mEyRC_KLw8PwWlnpLsDkKnzBbjV32oylLTycniHkUiQBegRjMPpkaJPUjBLcXpQ24Zi18eCouASL5iA
tecnico-165,tecnico,6,2026,2,eyJraWQiOiJEZ0VqOWg3UkwxeE1mcTV6dm1XcnlhWHdPZTZ3eW9WRDFNMDBVeENYaUUwPSIsImFsZyI6IlJTMjU2In0.eyJzdWIiOiI3NDc4ZDQ0OC1kMDQxLTcwNGYtZTRhMS03NzU3ZTg3OTNkOTciLCJjb2duaXRvOmdyb3VwcyI6WyJ0ZWNuaWNvIl0sImVtYWlsX3ZlcmlmaWVkIjp0cnVlLCJpc3MiOiJodHRwczovL2NvZ25pdG8taWRwLnVzLWVhc3QtMS5hbWF6b25hd3MuY29tL3VzLWVhc3QtMV9RR2hSTkpOY3MiLCJjb2duaXRvOnVzZXJuYW1lIjoidGVjbmljby0xNjUiLCJvcmlnaW5fanRpIjoiODIxNWNhYjItZTQwNi00NDUxLWFkNGItZjU5ZGI4YTU1MjUxIiwiYXVkIjoiN2VxNWY0NmdtdDRjaGtwYWJncHVwMTdjZTYiLCJldmVudF9pZCI6ImJjNDA4MzI2LTBjYmItNDhiMy1hYjMxLTMzNDFiZjU0MjZkNCIsInRva2VuX3VzZSI6ImlkIiwiYXV0aF90aW1lIjoxNzc5OTg5NzQzLCJleHAiOjE3Nzk5OTMzNDMsImlhdCI6MTc3OTk4OTc0MywianRpIjoiYzk4NmZmYTgtZWEwMy00MTgwLWFkYjItMGE0OTc5MjIwNjE5IiwiZW1haWwiOiJ0ZWNuaWNvLTE2NUBiaXRlY28uY29tIn0.ivUjkPhM7OkGL5gD6kHtcQu8GXG0D1SNUlKf__4PpA47EsEOeeD5lr0il6MpUFpvYcFAwlLdYwbcVAGECVs9aMc7i3fGyu_JDp52Ig7Fs6SOLDh3U6dBEjpPvFoc40qFiQ21Yg68YT_EEa7pD2QPlqvf9SnEAoiGjS8Q-EqPJ3KaUPfV92ClKjNYefSrYxdr4Wd5hYXcD__Lbdgr8r2cqbvH1D9tTujvaDy_VPz8QAZuRTO38FOmtL_BDOsMjg1gatasVipMmQWrhBiV8qTKEH4IpUZB2wUcNSHXzZEGE7D0Tk32LGvOc54dx5u1UX_gnflt5Xw3zva0LH7EBdLJGg
tecnico-166,tecnico,7,2026,3,eyJraWQiOiJEZ0VqOWg3UkwxeE1mcTV6dm1XcnlhWHdPZTZ3eW9WRDFNMDBVeENYaUUwPSIsImFsZyI6IlJTMjU2In0.eyJzdWIiOiI1NGY4NTQ4OC00MDgxLTcwYTAtZWZmMy0yYTE2OWFmMmIzZmMiLCJjb2duaXRvOmdyb3VwcyI6WyJ0ZWNuaWNvIl0sImVtYWlsX3ZlcmlmaWVkIjp0cnVlLCJpc3MiOiJodHRwczovL2NvZ25pdG8taWRwLnVzLWVhc3QtMS5hbWF6b25hd3MuY29tL3VzLWVhc3QtMV9RR2hSTkpOY3MiLCJjb2duaXRvOnVzZXJuYW1lIjoidGVjbmljby0xNjYiLCJvcmlnaW5fanRpIjoiZWYzZWJkZWMtZjIyYi00NjdlLWI5YWItZTNhNzlkOThmNDFlIiwiYXVkIjoiN2VxNWY0NmdtdDRjaGtwYWJncHVwMTdjZTYiLCJldmVudF9pZCI6ImMxM2RlNTdhLTBkN2YtNDA1Yi04MjdiLWNjMzY5ZjY4NjEyNiIsInRva2VuX3VzZSI6ImlkIiwiYXV0aF90aW1lIjoxNzc5OTg5NzQ0LCJleHAiOjE3Nzk5OTMzNDQsImlhdCI6MTc3OTk4OTc0NCwianRpIjoiY2YxMzE3ZTEtMzJlNy00ZDFiLTlkMTMtN2JkZDUzNzVkYTNkIiwiZW1haWwiOiJ0ZWNuaWNvLTE2NkBiaXRlY28uY29tIn0.p1cnpY4Jqpau8eDHG0XNAcg_0gGrtJIV2sL3DAsDZDBhWq1UroStnRwELGiKM7AG9EB8mpg9EKnXCAhTbkBGjNLXB0LjxWhoWllMqk4d8GnQrwiTolZR6xarXZ_xroljF_G6uxD84FrxiqBq2oXZPQ5DaCZ1dQLNAG16t_FmNUjR-xoFBz0SZLbHFJVRCMBVi0Q2g8iGR_ootA3fM3ZoFzDNhlZrZUfZei5s9UW2DVmMNAj6M4OvgAKpeci-YYCECaf9snTSrFdJkK7d1Ro3s-onKNauxkU2CGHSni-hqsLaMGA5WdaDjvf1rDfkvFcn0qAF7k-A1nKYVYSEBX_uAw
tecnico-167,tecnico,8,2026,4,eyJraWQiOiJEZ0VqOWg3UkwxeE1mcTV6dm1XcnlhWHdPZTZ3eW9WRDFNMDBVeENYaUUwPSIsImFsZyI6IlJTMjU2In0.eyJzdWIiOiIwNDc4MTQzOC02MDgxLTcwNjUtMzAyOS05M2RhNDFlZWE5ZGQiLCJjb2duaXRvOmdyb3VwcyI6WyJ0ZWNuaWNvIl0sImVtYWlsX3ZlcmlmaWVkIjp0cnVlLCJpc3MiOiJodHRwczovL2NvZ25pdG8taWRwLnVzLWVhc3QtMS5hbWF6b25hd3MuY29tL3VzLWVhc3QtMV9RR2hSTkpOY3MiLCJjb2duaXRvOnVzZXJuYW1lIjoidGVjbmljby0xNjciLCJvcmlnaW5fanRpIjoiMWRjZGE0OWQtMGUzMy00ZmJkLWI0ZTYtNjg4NjcwMWNmMjk2IiwiYXVkIjoiN2VxNWY0NmdtdDRjaGtwYWJncHVwMTdjZTYiLCJldmVudF9pZCI6IjExYTE3OTVlLTExMjktNGU3Ni04MWE0LWVmZTBjMmNlZDZlYSIsInRva2VuX3VzZSI6ImlkIiwiYXV0aF90aW1lIjoxNzc5OTg5NzQ0LCJleHAiOjE3Nzk5OTMzNDQsImlhdCI6MTc3OTk4OTc0NCwianRpIjoiZGZmYjBhYjgtZWU2YS00YzJmLThiNmItMTA2NjdhNzg4ZmI5IiwiZW1haWwiOiJ0ZWNuaWNvLTE2N0BiaXRlY28uY29tIn0.WvH-C1FUMQd4j-b20JqhL1Vf1lzPPXCex-aTkcsWPhvMsWJ7QAyKg81nGUFj1G3I8Mm6l3R5lM6PTWzD10AxT9yeRXo4RrzzhtOMA3LlCN4Kah-pwX64OVWrJ1FreE2B0SETecHKW2uxjV8z6DUWcAM-io7WKAe6efx9XPpoO3Bg_Gd0n9sdrRc6qHHSFKnVhCEybR4hEVziCasMkREKQZH35jsi6KRETQ2Vw1GP5xKRqGSetYmNWGvjrwnGBaI8MpVIhA58N9U0Uo6AUTxVJUTEGUCekA1_QMC29WVbqt28JNHkwDysij8zF0NLiIUDGHCg4izb-K00JYRaVMrf7g
tecnico-168,tecnico,9,2026,1,eyJraWQiOiJEZ0VqOWg3UkwxeE1mcTV6dm1XcnlhWHdPZTZ3eW9WRDFNMDBVeENYaUUwPSIsImFsZyI6IlJTMjU2In0.eyJzdWIiOiI5NGE4MjQxOC00MGExLTcwOWEtZWZiYS04YmZiM2I2MjE5MjQiLCJjb2duaXRvOmdyb3VwcyI6WyJ0ZWNuaWNvIl0sImVtYWlsX3ZlcmlmaWVkIjp0cnVlLCJpc3MiOiJodHRwczovL2NvZ25pdG8taWRwLnVzLWVhc3QtMS5hbWF6b25hd3MuY29tL3VzLWVhc3QtMV9RR2hSTkpOY3MiLCJjb2duaXRvOnVzZXJuYW1lIjoidGVjbmljby0xNjgiLCJvcmlnaW5fanRpIjoiNjBkMjAwMzItOGYyOS00ZDM1LTgzYzUtN2U2NjFiMWRiMjM0IiwiYXVkIjoiN2VxNWY0NmdtdDRjaGtwYWJncHVwMTdjZTYiLCJldmVudF9pZCI6IjVhMTRhNGE5LWQzN2UtNDU0NS04ODgzLTg0OTUyNjMyYjU5ZiIsInRva2VuX3VzZSI6ImlkIiwiYXV0aF90aW1lIjoxNzc5OTg5NzQ0LCJleHAiOjE3Nzk5OTMzNDQsImlhdCI6MTc3OTk4OTc0NCwianRpIjoiZTk4NjE4ODItZjBlZi00OTdjLTg2ZDktZDEwMjRlMDQ0MTU0IiwiZW1haWwiOiJ0ZWNuaWNvLTE2OEBiaXRlY28uY29tIn0.JDll_TxztQFJorXQ7S1PG6Qt6hQFrJ7SN0x5eIhSU85uJn1U288vMHMklxb4QaiadkDT-JvnQ-poQA0plt7rfj7EE8pa1hcaO1ghMDrG810-UktiOY7d8oqW4LyGuEI_f6UUNky4eHMHhIeHboa8VjMslyBcHJkD94OLyvAn7hunF44CGi9jTHWdBFMQ-OBUS-WIoBTJZNUUPjr9-oLsgDvQAT4u8v7SI2HHkh7wp4bYnpbZDVf7gXsxCOLizo0jbYH5FOj-x8OuCD8fa04g4dGS2tC8LSVp7s949vmonNPuFSP-VP1295VCNzJl0PImu1Lr5qG86OqhyU2lC4vZrw
tecnico-169,tecnico,10,2026,2,eyJraWQiOiJEZ0VqOWg3UkwxeE1mcTV6dm1XcnlhWHdPZTZ3eW9WRDFNMDBVeENYaUUwPSIsImFsZyI6IlJTMjU2In0.eyJzdWIiOiJjNGQ4NDRkOC1kMDIxLTcwMzgtNmY0OS1jZjYwMDA1MzRmZGMiLCJjb2duaXRvOmdyb3VwcyI6WyJ0ZWNuaWNvIl0sImVtYWlsX3ZlcmlmaWVkIjp0cnVlLCJpc3MiOiJodHRwczovL2NvZ25pdG8taWRwLnVzLWVhc3QtMS5hbWF6b25hd3MuY29tL3VzLWVhc3QtMV9RR2hSTkpOY3MiLCJjb2duaXRvOnVzZXJuYW1lIjoidGVjbmljby0xNjkiLCJvcmlnaW5fanRpIjoiMWJjZmQ2OGYtNmExNC00YmVjLWJkNDQtZTE5NTJhY2NlYTgxIiwiYXVkIjoiN2VxNWY0NmdtdDRjaGtwYWJncHVwMTdjZTYiLCJldmVudF9pZCI6Ijg0ZTdlZTcyLWYwMDItNGNlNi1iMjBjLWRkYWIzNmE4ZjNlNiIsInRva2VuX3VzZSI6ImlkIiwiYXV0aF90aW1lIjoxNzc5OTg5NzQ0LCJleHAiOjE3Nzk5OTMzNDQsImlhdCI6MTc3OTk4OTc0NCwianRpIjoiMGMwMGM3ZTYtYTdlNy00Nzc0LWEwNDItYjk4MDc0YjRjNmQ3IiwiZW1haWwiOiJ0ZWNuaWNvLTE2OUBiaXRlY28uY29tIn0.BoZ0KVS5vAt810CVjkkKXfXSgJ4MuX8lkRUsBKpLP7HDNOoB9I2PhcKfzObH8zjwaOThwx5wb9xncMUmMWCfNTuug5RTym9_JDwrUGHyOlzi3ZVEDB949eQrjRXVvjVpRoBCoeYQNHTOUY65DBawqUwD5GO8UlpcLBnhi9myWQ51i-h0pRnOgCJUjv43fepND8S19KGlzIzrG4s_cMPwgmGV2N168tM5tIcQkcfIcTzV8shqV8c_EceFh7ij7_doPJCeN_x92PZy5eDKQf0qtDa8bFGysGkIzzv1OEeCthf484OpuJ8AeDqxnywzvrJNEyW2WuMJzYYmNbOw2jcFZA
tecnico-170,tecnico,1,2026,3,eyJraWQiOiJEZ0VqOWg3UkwxeE1mcTV6dm1XcnlhWHdPZTZ3eW9WRDFNMDBVeENYaUUwPSIsImFsZyI6IlJTMjU2In0.eyJzdWIiOiJmNGU4ODQwOC01MDcxLTcwZGMtODRiMi02YjMyMjMyYzkxZTgiLCJjb2duaXRvOmdyb3VwcyI6WyJ0ZWNuaWNvIl0sImVtYWlsX3ZlcmlmaWVkIjp0cnVlLCJpc3MiOiJodHRwczovL2NvZ25pdG8taWRwLnVzLWVhc3QtMS5hbWF6b25hd3MuY29tL3VzLWVhc3QtMV9RR2hSTkpOY3MiLCJjb2duaXRvOnVzZXJuYW1lIjoidGVjbmljby0xNzAiLCJvcmlnaW5fanRpIjoiMDZlZGY5ZmMtMDIyYi00MTI0LTlkZDEtZjJhZDgzMmUyZjY1IiwiYXVkIjoiN2VxNWY0NmdtdDRjaGtwYWJncHVwMTdjZTYiLCJldmVudF9pZCI6ImM1NDk0OTBhLTk0YmQtNDEzOS04MjhiLWExZTAwMWVjNGRiZiIsInRva2VuX3VzZSI6ImlkIiwiYXV0aF90aW1lIjoxNzc5OTg5NzQ1LCJleHAiOjE3Nzk5OTMzNDUsImlhdCI6MTc3OTk4OTc0NSwianRpIjoiN2FlZTJmZDctMWU3OC00N2RmLWFjODgtZGNmNTA0NGIzOGU5IiwiZW1haWwiOiJ0ZWNuaWNvLTE3MEBiaXRlY28uY29tIn0.h5UXFCDyu1Wi8afykbovWfs52buQ5f7bRWjfvxp11BLfK8ckplgt_yDgUV6DYWKuDg8OCfVDv92G2XhoojziCbJS9wvh8xgP4Kza-FMagJ9rUwQKQa8fv1uURbVWUM2aHJXsItdUv6ZeVq-roNbjQ7XCiac82OdpdmNU3-eXfOtnv4Koj9iAwhRB6j-eH0Kcvr5A4hrllpeOqixA9MDpAyhOTMZ1W3PhpG8AWBSU6ClssZImojaZNOun1CI7TPqh71i2P9s9BYzDsVozt4-7LpYtC6df7-siOPikkYKmXMTqzvHV9bXOLf8lLWe6s9vvZ0e9FF3jeFe0kndXD1Houw
tecnico-171,tecnico,2,2026,4,eyJraWQiOiJEZ0VqOWg3UkwxeE1mcTV6dm1XcnlhWHdPZTZ3eW9WRDFNMDBVeENYaUUwPSIsImFsZyI6IlJTMjU2In0.eyJzdWIiOiIyNDQ4YTQ3OC1iMDIxLTcwZGUtYTViNi01OTMzM2UzNGRiYzYiLCJjb2duaXRvOmdyb3VwcyI6WyJ0ZWNuaWNvIl0sImVtYWlsX3ZlcmlmaWVkIjp0cnVlLCJpc3MiOiJodHRwczovL2NvZ25pdG8taWRwLnVzLWVhc3QtMS5hbWF6b25hd3MuY29tL3VzLWVhc3QtMV9RR2hSTkpOY3MiLCJjb2duaXRvOnVzZXJuYW1lIjoidGVjbmljby0xNzEiLCJvcmlnaW5fanRpIjoiYjVjZDNhOWYtYTk4Mi00NGM4LTk5ZWUtY2E0MzNmZGU1YWE2IiwiYXVkIjoiN2VxNWY0NmdtdDRjaGtwYWJncHVwMTdjZTYiLCJldmVudF9pZCI6IjdmMmQxNTUzLTAwYmMtNGE1YS1hNzg5LTAzMDM5OTc5YWIwZiIsInRva2VuX3VzZSI6ImlkIiwiYXV0aF90aW1lIjoxNzc5OTg5NzQ1LCJleHAiOjE3Nzk5OTMzNDUsImlhdCI6MTc3OTk4OTc0NSwianRpIjoiMDBhY2QwNmEtY2ViZS00MGRlLThkMzAtOTE0YTdmNDU1NmY3IiwiZW1haWwiOiJ0ZWNuaWNvLTE3MUBiaXRlY28uY29tIn0.lXjd3iew88MSQgsiZx5FRHeqFzL9l8hQR3cesbmUwul2qozzIL4BpEsVtWWn-FRefk1gg4A2ziMWUPHbpmfsC9azVUiDrvmvVT6Rdmp-tV70YG0zvee7LlQ1i8LLZSu86ie5iYWSPUUeeeRWbkpbl23EaMvxFcNL5hEkFH7Ld0ek8sgHRCxIjik_7iooI8YmFXZGx2qDgBd_elVCHH1SyE9rHMWmL-tZnXMR9lZ_y2wzEb0j-qik2DwDHz7Kt3rmpk6Xsf5LsszQFjWOD3kU0FFY9t0F0X9L432vfUdat5SL9Q08t9hMsqN6WeISI8fryGfrlVeVzVgk0ZIIY_W-BA
tecnico-172,tecnico,3,2026,1,eyJraWQiOiJEZ0VqOWg3UkwxeE1mcTV6dm1XcnlhWHdPZTZ3eW9WRDFNMDBVeENYaUUwPSIsImFsZyI6IlJTMjU2In0.eyJzdWIiOiI4NDE4ZDQzOC1iMDgxLTcwMTYtMjk4YS1jYzNlYzQ2MzFkMTgiLCJjb2duaXRvOmdyb3VwcyI6WyJ0ZWNuaWNvIl0sImVtYWlsX3ZlcmlmaWVkIjp0cnVlLCJpc3MiOiJodHRwczovL2NvZ25pdG8taWRwLnVzLWVhc3QtMS5hbWF6b25hd3MuY29tL3VzLWVhc3QtMV9RR2hSTkpOY3MiLCJjb2duaXRvOnVzZXJuYW1lIjoidGVjbmljby0xNzIiLCJvcmlnaW5fanRpIjoiMDNlOTA5NDUtZmI1MS00ZTIwLWFiYzgtZGM0N2JkNTBjODdmIiwiYXVkIjoiN2VxNWY0NmdtdDRjaGtwYWJncHVwMTdjZTYiLCJldmVudF9pZCI6Ijk2NzUwYmQ0LTMxYjctNDcxMC04NjIxLTE0MTZiMTFjZWIxNCIsInRva2VuX3VzZSI6ImlkIiwiYXV0aF90aW1lIjoxNzc5OTg5NzQ1LCJleHAiOjE3Nzk5OTMzNDUsImlhdCI6MTc3OTk4OTc0NSwianRpIjoiYmM4NmE5NWQtMDIyZC00M2UxLWJkYzMtMDU3YWY0MDdhMmQ1IiwiZW1haWwiOiJ0ZWNuaWNvLTE3MkBiaXRlY28uY29tIn0.eP0LwAasu7VN_Rzwr2RkIiLQz4YUgXS4pKV8sQVWy8BBIjPENkyqU-dOJSaxGKy2z_xCDONsHbBfMyB_dfTc4xwFbCtJpvCp7zEc7wUYU5JV0W4LgVNXoq8TCUapiTAAB4OMiiyQIbdMuq8-XzuHyAghtKtF-acemj1HbJbjDP6UJVszUYSrc_WunW3p-hfq0yzCUWiWM_erLKkmL1on_w6zQU2tFmEU39x6D_Ge61V6eU36BKgsX4AfsFvOiPqzfQWVJTszxKhrvNknik-rRSdymeR1hAkute5hHo9dAGSWHnr6mZDckzsHX4yKWaY-6KBwBKGdiwHYA1CbxCDBnw
tecnico-173,tecnico,4,2026,2,eyJraWQiOiJEZ0VqOWg3UkwxeE1mcTV6dm1XcnlhWHdPZTZ3eW9WRDFNMDBVeENYaUUwPSIsImFsZyI6IlJTMjU2In0.eyJzdWIiOiJkNGE4YTQ3OC1mMDMxLTcwMGUtMTdhYy05NWYwZWI3M2M1NWQiLCJjb2duaXRvOmdyb3VwcyI6WyJ0ZWNuaWNvIl0sImVtYWlsX3ZlcmlmaWVkIjp0cnVlLCJpc3MiOiJodHRwczovL2NvZ25pdG8taWRwLnVzLWVhc3QtMS5hbWF6b25hd3MuY29tL3VzLWVhc3QtMV9RR2hSTkpOY3MiLCJjb2duaXRvOnVzZXJuYW1lIjoidGVjbmljby0xNzMiLCJvcmlnaW5fanRpIjoiMTNjMThiZDgtODBmMi00M2QxLWFkYjMtODY2YzQ4ZjY4ZjM4IiwiYXVkIjoiN2VxNWY0NmdtdDRjaGtwYWJncHVwMTdjZTYiLCJldmVudF9pZCI6IjNlYWJjZDBkLTdmMmItNGVjMS1iMDA0LTJjMGI2YmQwYWVhZiIsInRva2VuX3VzZSI6ImlkIiwiYXV0aF90aW1lIjoxNzc5OTg5NzQ1LCJleHAiOjE3Nzk5OTMzNDUsImlhdCI6MTc3OTk4OTc0NiwianRpIjoiYjhmZDcwNWItZWNkNC00NjMzLTg1NjMtOTRiOTBmODMxMGUxIiwiZW1haWwiOiJ0ZWNuaWNvLTE3M0BiaXRlY28uY29tIn0.lvyKzuUqqR8FXDVS-WSQAeKnJyX0P0qOxrizVnNVpGYi170yaRFwWedphlWWtbQoGuTA_RX4-0hPjG2jFcNehg-a1tdvbhiHVhDw1IqKkZ0vT4LJqNCBl_gt9ywq_LXCsFi0QfnDid_w322ocGw8CIHtHK_a-mF8bISeIs32D2kXhU34rmtLD0AtF0lNnIuFHFHqD6UNunboD1jlPzsm14KfaClCCkLSr7-oWknxHMbFvJQvd89MV2W3reTQVAHDf8fc3giF-dxv8c989Co9nsar1nUmL3JoiBB9M18a7YCuEaLTnjk3YcqMvuGSxtLhRBWPGBDXL6ti8miAoaUoKA
tecnico-174,tecnico,5,2026,3,eyJraWQiOiJEZ0VqOWg3UkwxeE1mcTV6dm1XcnlhWHdPZTZ3eW9WRDFNMDBVeENYaUUwPSIsImFsZyI6IlJTMjU2In0.eyJzdWIiOiI1NDU4ZTRhOC03MGIxLTcwYzItMDE0Ny1kMTM5MWUzNjkxMDAiLCJjb2duaXRvOmdyb3VwcyI6WyJ0ZWNuaWNvIl0sImVtYWlsX3ZlcmlmaWVkIjp0cnVlLCJpc3MiOiJodHRwczovL2NvZ25pdG8taWRwLnVzLWVhc3QtMS5hbWF6b25hd3MuY29tL3VzLWVhc3QtMV9RR2hSTkpOY3MiLCJjb2duaXRvOnVzZXJuYW1lIjoidGVjbmljby0xNzQiLCJvcmlnaW5fanRpIjoiMjZhYTE5ZjItYTBmOS00YTQ2LWIwYzUtMjU4N2I4NWI4MTdiIiwiYXVkIjoiN2VxNWY0NmdtdDRjaGtwYWJncHVwMTdjZTYiLCJldmVudF9pZCI6ImM0NWRkODUyLWE2MjUtNGFmMi1iZTU3LTFmMTg5ZjJhMjQzZCIsInRva2VuX3VzZSI6ImlkIiwiYXV0aF90aW1lIjoxNzc5OTg5NzQ2LCJleHAiOjE3Nzk5OTMzNDYsImlhdCI6MTc3OTk4OTc0NiwianRpIjoiMTI1OTdiZjYtMDY2YS00N2NjLTgzNzgtMWQ3NGQ2MDNkM2IzIiwiZW1haWwiOiJ0ZWNuaWNvLTE3NEBiaXRlY28uY29tIn0.HCDs0VWzZGHVhU92DLWvAiFZLM9A3lyzST4LWQ6nEjpRp2D1sfYT4ld_84i4PgSbprd17pHIZXSK6nsWlSxhtgmnBcy7VcbzueRgwyMMeLCui6lnX0EQkcj6ety4bAaBv3MXIufzDWY6BfuAZOBu4y5in3E1EVFbmPgw0r0Mpq__N-6yqD7W4GPdQ3hsXbdOU-o-joIjoJeIsvysAUS8n_iAWEvJ5XKUeaLVdDdg73EnPh6H2AqSS_wnYsipGt-iDsVfRV-uxReC95ynJzA6Dd4SojKj3BIQxFVSo15XTKGOtrpNcezigRUl9leL8gHGLkoHeK0m2WlYtNM3GW-Q9A
tecnico-175,tecnico,6,2026,4,eyJraWQiOiJEZ0VqOWg3UkwxeE1mcTV6dm1XcnlhWHdPZTZ3eW9WRDFNMDBVeENYaUUwPSIsImFsZyI6IlJTMjU2In0.eyJzdWIiOiI1NDI4NTQ4OC00MDExLTcwNzMtMjFjNy04OGY0MmZiMDU1ZDUiLCJjb2duaXRvOmdyb3VwcyI6WyJ0ZWNuaWNvIl0sImVtYWlsX3ZlcmlmaWVkIjp0cnVlLCJpc3MiOiJodHRwczovL2NvZ25pdG8taWRwLnVzLWVhc3QtMS5hbWF6b25hd3MuY29tL3VzLWVhc3QtMV9RR2hSTkpOY3MiLCJjb2duaXRvOnVzZXJuYW1lIjoidGVjbmljby0xNzUiLCJvcmlnaW5fanRpIjoiNDlmOTJiNzgtNmIyMS00ZDgzLWEyNWUtNGY4YjQ2MjQ4NjY2IiwiYXVkIjoiN2VxNWY0NmdtdDRjaGtwYWJncHVwMTdjZTYiLCJldmVudF9pZCI6ImZjNWNiYWM0LTM2NTItNDdlNi04MGIxLWNlZWMxZGJlMzZjMCIsInRva2VuX3VzZSI6ImlkIiwiYXV0aF90aW1lIjoxNzc5OTg5NzQ2LCJleHAiOjE3Nzk5OTMzNDYsImlhdCI6MTc3OTk4OTc0NiwianRpIjoiNjkxOGVjYzctMmEzNi00YmQ2LTliNWYtZTg1N2JlYjBjZjUxIiwiZW1haWwiOiJ0ZWNuaWNvLTE3NUBiaXRlY28uY29tIn0.DUD19RYapdvAC1yAnd2lqyGB44onI9snUL8uYtcY9LW7UB-tzWEB4v-IbSVRTeQNL7cl4pnOD3lXh4HFWwgxZt-goISHXmTNtyHC3aDqY1ykB9Y1qWfwcC_xPKUy4LvfBztyzWwGXEZCWfm_AjDI--kZsAd_NIziMBXjipfV1yqdU3GWGcjwQz98q6HQ9YhPjrDXnsKdXEQFjdj5WOBK-Hn-cpbu4biWeGBF4_NHWE-b4nIEKy59AiZtG-kthLkAJZz0z8tFd5GiVga8hhFZi7bq9ruEqfx3nT9dvR4Y5Rv3kvv2pH57JBdQ99buFkqAomJkHYYNTheMDc7q0lx-Uw
tecnico-176,tecnico,7,2026,1,eyJraWQiOiJEZ0VqOWg3UkwxeE1mcTV6dm1XcnlhWHdPZTZ3eW9WRDFNMDBVeENYaUUwPSIsImFsZyI6IlJTMjU2In0.eyJzdWIiOiJjNGU4ODQ1OC05MGYxLTcwMWUtZmYwYy02ZjJlOTMyMTNhMTIiLCJjb2duaXRvOmdyb3VwcyI6WyJ0ZWNuaWNvIl0sImVtYWlsX3ZlcmlmaWVkIjp0cnVlLCJpc3MiOiJodHRwczovL2NvZ25pdG8taWRwLnVzLWVhc3QtMS5hbWF6b25hd3MuY29tL3VzLWVhc3QtMV9RR2hSTkpOY3MiLCJjb2duaXRvOnVzZXJuYW1lIjoidGVjbmljby0xNzYiLCJvcmlnaW5fanRpIjoiZjRiNDIxOTAtODdmYy00Mjc3LTkwZTEtMWM5MmNhYTcxNWY4IiwiYXVkIjoiN2VxNWY0NmdtdDRjaGtwYWJncHVwMTdjZTYiLCJldmVudF9pZCI6ImUyY2JjYjkzLTIzNDYtNGQ4Mi04ZDJhLWQzODhkNTMzODRlMiIsInRva2VuX3VzZSI6ImlkIiwiYXV0aF90aW1lIjoxNzc5OTg5NzQ2LCJleHAiOjE3Nzk5OTMzNDYsImlhdCI6MTc3OTk4OTc0NiwianRpIjoiZGQ0ODY3MTAtOTI5MC00YTIxLTkxZmMtNTk1YjQ1ZTE4YTExIiwiZW1haWwiOiJ0ZWNuaWNvLTE3NkBiaXRlY28uY29tIn0.2sPPcgm1z_6eq3iiZ1gLMgeRpbTXZJdB4dML-9h-KH503YIr3dADcDks9PG1QhNj5C49K7lSC6MQanHDIU-61VkkmYcL1zHyDe0qNRRmVhxgIi9gL7lbtxi-DkMiSABs2H60dmTH50PvP43YS0K73lddDLTYcSpI4pqP9DINNWPa34ktLrmUhjLtGmuKFUBsG0wJcaohOpIjCITZrhkWzqMdiA8iLEfANyW3TWXNc7NfO9JHcHJyExsi0qlLtrOUuR4djZb7K_7OZROc8TO3cksfPH5NILjYWKDcf9MkIekceO1potx_fRnkSOdmRpOdhbcAp0_MDXuYdOuYmG6Ciw
tecnico-177,tecnico,8,2026,2,eyJraWQiOiJEZ0VqOWg3UkwxeE1mcTV6dm1XcnlhWHdPZTZ3eW9WRDFNMDBVeENYaUUwPSIsImFsZyI6IlJTMjU2In0.eyJzdWIiOiJjNDg4ZjRkOC04MGUxLTcwMDgtMWY2OS1hZmU2Yzk0MjIyYzMiLCJjb2duaXRvOmdyb3VwcyI6WyJ0ZWNuaWNvIl0sImVtYWlsX3ZlcmlmaWVkIjp0cnVlLCJpc3MiOiJodHRwczovL2NvZ25pdG8taWRwLnVzLWVhc3QtMS5hbWF6b25hd3MuY29tL3VzLWVhc3QtMV9RR2hSTkpOY3MiLCJjb2duaXRvOnVzZXJuYW1lIjoidGVjbmljby0xNzciLCJvcmlnaW5fanRpIjoiZjY5MTM2OWMtYjZhNy00ZDczLWEyYzYtMTYxM2FhN2VlMWZlIiwiYXVkIjoiN2VxNWY0NmdtdDRjaGtwYWJncHVwMTdjZTYiLCJldmVudF9pZCI6ImQ0NDExNDEwLTA1NDAtNDI1NC1hNzMwLTNmZTViNTU4ZDQxZCIsInRva2VuX3VzZSI6ImlkIiwiYXV0aF90aW1lIjoxNzc5OTg5NzQ3LCJleHAiOjE3Nzk5OTMzNDcsImlhdCI6MTc3OTk4OTc0NywianRpIjoiZjg0NTgwZmItMjUxMy00OGVjLWI3NDctZjY4NGViMjdiYTViIiwiZW1haWwiOiJ0ZWNuaWNvLTE3N0BiaXRlY28uY29tIn0.T7gvJFrGyoB889heg5QnNFRinjF-K5w_M6o35XS2sU7KtXxjqfCdQMbzxZGG17r1BGb2fSu8jP83AvntMVHexIH_936Cy0MsQ4pOd7lwZdaf6pHEo9UUWHW_-uaxtWiZb-2TLy0ruLCZHMW31Gy4SuT1DTmdfPYQPZ_morIHJHt3QT3_VVwoqbdMogd-7pxTtnrfEqVSRqDxCcjRtBGMDLNN6TxncPYJsICVFrYyrHH5HVTh_sAhOEvtvu_VJST_r8e_CGu20lIM1eQZ-ule0BKBhkjnelM6JDvotuiTkszcl8bNfm5Kt_E_IyofLM_XMcIV2n9T50JBgLC-PPr0qg
tecnico-178,tecnico,9,2026,3,eyJraWQiOiJEZ0VqOWg3UkwxeE1mcTV6dm1XcnlhWHdPZTZ3eW9WRDFNMDBVeENYaUUwPSIsImFsZyI6IlJTMjU2In0.eyJzdWIiOiJhNGI4MTQwOC1hMDMxLTcwZDEtYzMwZC1iNzZkYTdkNmUyZTIiLCJjb2duaXRvOmdyb3VwcyI6WyJ0ZWNuaWNvIl0sImVtYWlsX3ZlcmlmaWVkIjp0cnVlLCJpc3MiOiJodHRwczovL2NvZ25pdG8taWRwLnVzLWVhc3QtMS5hbWF6b25hd3MuY29tL3VzLWVhc3QtMV9RR2hSTkpOY3MiLCJjb2duaXRvOnVzZXJuYW1lIjoidGVjbmljby0xNzgiLCJvcmlnaW5fanRpIjoiYzg0NjkxOTItZDNiYS00YjUwLWFjYmItNTMxMzNiZjg2MWYxIiwiYXVkIjoiN2VxNWY0NmdtdDRjaGtwYWJncHVwMTdjZTYiLCJldmVudF9pZCI6IjljMWQ0MzY1LWZlZDctNDQ1Mi1hMmJiLTM4MzMxYTBkZDk1YSIsInRva2VuX3VzZSI6ImlkIiwiYXV0aF90aW1lIjoxNzc5OTg5NzQ3LCJleHAiOjE3Nzk5OTMzNDcsImlhdCI6MTc3OTk4OTc0NywianRpIjoiN2NiOGQ4NzctNzhiOC00MGIwLThlYjMtZDdlZWEyOGYyNzJjIiwiZW1haWwiOiJ0ZWNuaWNvLTE3OEBiaXRlY28uY29tIn0.pph7F51fuu7ThW7Rs8ZLLDFZThrEVef0Yc9mrRxBhlFQERqNURl3QlcxgdJA-VrQibsOYmEg3w83BZ91OZI6JqTncTQ2tU9lar1urc5TNK7GbmkH176Zbf7gCgYstDtqqHi6z601Mx1U56XsXhRsbBUZCxZoPA4bsVJpf-NS5AtwDGNPigU-DRe_J92hQy2iL5UHfExJ3SLjTk25N3iPKGmkBakpiZw2_6gRF7Y30-DaYOOvpMLuRZaLc_G9gn5yr5Z-epQ1kZKylQwzeer2G5XY4ySkiPH61TtL99FfcMhUP969WmRAyzkybe2YYBqdnKXO-_MvsCC3I2FP3WLZOw
tecnico-179,tecnico,10,2026,4,eyJraWQiOiJEZ0VqOWg3UkwxeE1mcTV6dm1XcnlhWHdPZTZ3eW9WRDFNMDBVeENYaUUwPSIsImFsZyI6IlJTMjU2In0.eyJzdWIiOiI4NGI4NjRmOC00MDgxLTcwOTktYWZhNC01N2FjYTVmMGRhM2IiLCJjb2duaXRvOmdyb3VwcyI6WyJ0ZWNuaWNvIl0sImVtYWlsX3ZlcmlmaWVkIjp0cnVlLCJpc3MiOiJodHRwczovL2NvZ25pdG8taWRwLnVzLWVhc3QtMS5hbWF6b25hd3MuY29tL3VzLWVhc3QtMV9RR2hSTkpOY3MiLCJjb2duaXRvOnVzZXJuYW1lIjoidGVjbmljby0xNzkiLCJvcmlnaW5fanRpIjoiYTQyMjNlMTQtYzdiMC00ZWNhLTkxMWMtMTkwZWE0YzFhZWNiIiwiYXVkIjoiN2VxNWY0NmdtdDRjaGtwYWJncHVwMTdjZTYiLCJldmVudF9pZCI6ImQ4ZDQxMTY3LTUwOGMtNDVjZC04MjcxLTUwOTNhNDUwY2VhMSIsInRva2VuX3VzZSI6ImlkIiwiYXV0aF90aW1lIjoxNzc5OTg5NzQ3LCJleHAiOjE3Nzk5OTMzNDcsImlhdCI6MTc3OTk4OTc0NywianRpIjoiZWIyOTNhMDQtMmE3OS00Nzk3LTg4NTAtZjBhY2FjYWIzN2ZhIiwiZW1haWwiOiJ0ZWNuaWNvLTE3OUBiaXRlY28uY29tIn0.ehOSM5-oOMVV-7_UOTG2sCXcw7o4xQQn_g9vTH5_5aB8kmZp0z3k-Cef5EoRdonNACeDhzFq1lY66bOLR99WvL8Z9FXkywxVkznZ6l3eWYCswbrL411p_pyNYSNbHiV0NwetK1L8WUffSFYKyHf9SAXoDghPkQ38DFcin1AubknE-tlbxWaQVSE4mXFO6tt3o_wz-MOUkfjLMwOJtDqbK2ae1T3muYooHhAjIiXyZKTceo6lBlYWGvSOjWy-_ewOsiRPoDRXcUSqOaMPmkBzlMjPjfTgLsyfoWBFGnLOoqGhZ4QQ_1Hnot8WTtmAFgNTA_RLvrQE95sXl5gM4l58Qw
tecnico-180,tecnico,1,2026,1,eyJraWQiOiJEZ0VqOWg3UkwxeE1mcTV6dm1XcnlhWHdPZTZ3eW9WRDFNMDBVeENYaUUwPSIsImFsZyI6IlJTMjU2In0.eyJzdWIiOiJkNGE4MTQyOC04MDQxLTcwYWUtYjUyMC00MDQyNDc0ZGRhMWQiLCJjb2duaXRvOmdyb3VwcyI6WyJ0ZWNuaWNvIl0sImVtYWlsX3ZlcmlmaWVkIjp0cnVlLCJpc3MiOiJodHRwczovL2NvZ25pdG8taWRwLnVzLWVhc3QtMS5hbWF6b25hd3MuY29tL3VzLWVhc3QtMV9RR2hSTkpOY3MiLCJjb2duaXRvOnVzZXJuYW1lIjoidGVjbmljby0xODAiLCJvcmlnaW5fanRpIjoiYTZjNTAyNzUtMGQzNy00OTFlLTk3NzMtZTE1ZDhmODUyMzUyIiwiYXVkIjoiN2VxNWY0NmdtdDRjaGtwYWJncHVwMTdjZTYiLCJldmVudF9pZCI6ImEwZmFhYjBmLWM2NWMtNGYwMy1iNThiLWY5NDU2ZjY4MWIyNiIsInRva2VuX3VzZSI6ImlkIiwiYXV0aF90aW1lIjoxNzc5OTg5NzQ4LCJleHAiOjE3Nzk5OTMzNDgsImlhdCI6MTc3OTk4OTc0OCwianRpIjoiYzZjMzJhMTUtMGEyYS00ODdmLTllZjQtNzE2YWJlNjU0NTQwIiwiZW1haWwiOiJ0ZWNuaWNvLTE4MEBiaXRlY28uY29tIn0.NZKSTg894KmP8PtBt39zLdG_pm0au9Bbw5W7pGq2QimsnplF6E7wCYnYq4PNw-4zDrFo8ak4oWqKJ3Fe62-sVDQWEoTnB7-QsimoINNGkMcx8uKpkX5B3ysPxEmX-NGEpltmdYuXEhLDa3GzxKmqWkhR9N1KOFhauRAGF1C-52oGr_-lkTKGjViXqH4xiv_F1gwizFjbbvzk_N60i93I1QMqg1CT9Fb7SWsQ4KEaLgkJ_dmRAH01VLNfhiF_-bYBnIXICMLhybpnEwSgauFVzt3M8z8vWRfa4BivX_XAViC7mh9qqlC4VXbjE_CdowJKc38U0xsdlCAaJq_ZijV77A
tecnico-181,tecnico,2,2026,2,eyJraWQiOiJEZ0VqOWg3UkwxeE1mcTV6dm1XcnlhWHdPZTZ3eW9WRDFNMDBVeENYaUUwPSIsImFsZyI6IlJTMjU2In0.eyJzdWIiOiJkNGY4NzRkOC1jMDExLTcwNGUtODYyOS00N2RmNWY4YjM2YzYiLCJjb2duaXRvOmdyb3VwcyI6WyJ0ZWNuaWNvIl0sImVtYWlsX3ZlcmlmaWVkIjp0cnVlLCJpc3MiOiJodHRwczovL2NvZ25pdG8taWRwLnVzLWVhc3QtMS5hbWF6b25hd3MuY29tL3VzLWVhc3QtMV9RR2hSTkpOY3MiLCJjb2duaXRvOnVzZXJuYW1lIjoidGVjbmljby0xODEiLCJvcmlnaW5fanRpIjoiMWU0ZDAwNDQtZjgxZC00YTQ5LWFlODgtM2I5Y2VhNDAyMmEyIiwiYXVkIjoiN2VxNWY0NmdtdDRjaGtwYWJncHVwMTdjZTYiLCJldmVudF9pZCI6ImE2MzhhOGEyLWY1YjYtNDhiMy1hZjUyLWUwMTk4MTY0ODE5NyIsInRva2VuX3VzZSI6ImlkIiwiYXV0aF90aW1lIjoxNzc5OTg5NzQ4LCJleHAiOjE3Nzk5OTMzNDgsImlhdCI6MTc3OTk4OTc0OCwianRpIjoiZGMwZjgxMTAtMDA0ZC00NmExLTk2MDQtMTA5NThiZDhjNGMwIiwiZW1haWwiOiJ0ZWNuaWNvLTE4MUBiaXRlY28uY29tIn0.q34HHtiCyH04o0JI3GNxCAtF-icEtaygIqfWwS6-Hcqfo8_wjpMKD0Em-XEujCHItXuHDY3YMdzRZ1h0DAwlv6zYm2GHacJSM_Cpoep1UtO06_29fuj01SSk6Ui2gAQQWFDx2V_sPfp7tTrrYTbwVYpsItGd4TaaeuxzsYODcDL0iKgsHq_aH5sSAx2jlZulWH2loVhpcqvekb7EXv240LxmXdbsouEuVyqd_WK1lMTpr5yHLP9Qf4qDU7A3bgvfpBAe_RdoFmxqLvDWrMsZIvAuMYUs-UuIa1NNBiWrYiKEGlj9xcyfisJDZleThLaSF1YZ2Qz_D8qbuskeWcborg
tecnico-182,tecnico,3,2026,3,eyJraWQiOiJEZ0VqOWg3UkwxeE1mcTV6dm1XcnlhWHdPZTZ3eW9WRDFNMDBVeENYaUUwPSIsImFsZyI6IlJTMjU2In0.eyJzdWIiOiI4NDQ4NzRmOC1iMGMxLTcwYzMtZDc4Mi0wODc3NWVhN2U0OTUiLCJjb2duaXRvOmdyb3VwcyI6WyJ0ZWNuaWNvIl0sImVtYWlsX3ZlcmlmaWVkIjp0cnVlLCJpc3MiOiJodHRwczovL2NvZ25pdG8taWRwLnVzLWVhc3QtMS5hbWF6b25hd3MuY29tL3VzLWVhc3QtMV9RR2hSTkpOY3MiLCJjb2duaXRvOnVzZXJuYW1lIjoidGVjbmljby0xODIiLCJvcmlnaW5fanRpIjoiZDExMjQ3OTctMDc5Yy00N2ZjLWIxN2EtY2FlOTcxNTIzZTMxIiwiYXVkIjoiN2VxNWY0NmdtdDRjaGtwYWJncHVwMTdjZTYiLCJldmVudF9pZCI6Ijg2YTRiZTMxLTFiMmUtNGEzZS1hZjQ0LWM4ZDQ3OTIzNjA3YyIsInRva2VuX3VzZSI6ImlkIiwiYXV0aF90aW1lIjoxNzc5OTg5NzQ4LCJleHAiOjE3Nzk5OTMzNDgsImlhdCI6MTc3OTk4OTc0OCwianRpIjoiNTVlNTcyNTUtNjMwMC00ZWI5LTliMDctYTc1NGUwMmFjYzBlIiwiZW1haWwiOiJ0ZWNuaWNvLTE4MkBiaXRlY28uY29tIn0.2OFYMFS7oo7umKZK_zTOhOMzK7dVw93o1WbNgu44Akl6jbM40ERl6y-C1smYkie5m2cmcE72erAbcyUeV9OKlNwIQUyz9MYHO5t0YbXkNCiHH88lGpZrnmFuYbAgRHZg3AFeeCsRZqO5TeY5AhE5gkFJs2JIk_Itu5nJ21Pp1gSHsahnlLxbaInC4woFB-tGohOHLNvMgUOL5ZMaUm3z_YC9-U7n7vGMaJ6CxfdrdVAxQ6onem511s6rxPjm9jHpqk9c990bMOEQczQhnRIftWG_RX6xDYbutmsVQm5lbQjPgIiN9IDVjlYu0ywe1AzjFI88y4FAr4egTvaAfHCzZA
tecnico-183,tecnico,4,2026,4,eyJraWQiOiJEZ0VqOWg3UkwxeE1mcTV6dm1XcnlhWHdPZTZ3eW9WRDFNMDBVeENYaUUwPSIsImFsZyI6IlJTMjU2In0.eyJzdWIiOiI2NDM4YjQ4OC0zMGUxLTcwNjUtZGIzNi1kM2M4MTZhMzQ4YWQiLCJjb2duaXRvOmdyb3VwcyI6WyJ0ZWNuaWNvIl0sImVtYWlsX3ZlcmlmaWVkIjp0cnVlLCJpc3MiOiJodHRwczovL2NvZ25pdG8taWRwLnVzLWVhc3QtMS5hbWF6b25hd3MuY29tL3VzLWVhc3QtMV9RR2hSTkpOY3MiLCJjb2duaXRvOnVzZXJuYW1lIjoidGVjbmljby0xODMiLCJvcmlnaW5fanRpIjoiNTI3ZjQ5ZmEtZmFjNC00MTg1LTkxMDMtYTdiNTY3ODQzMTUxIiwiYXVkIjoiN2VxNWY0NmdtdDRjaGtwYWJncHVwMTdjZTYiLCJldmVudF9pZCI6IjQyZTAyYWFhLTVkNDktNGRjMy04Y2E3LWQ3MWE4ZjQ2ZDE0MiIsInRva2VuX3VzZSI6ImlkIiwiYXV0aF90aW1lIjoxNzc5OTg5NzQ4LCJleHAiOjE3Nzk5OTMzNDgsImlhdCI6MTc3OTk4OTc0OCwianRpIjoiZjQ3MWZmZTQtNzEyOS00OWNmLTgwMmYtYjhjNmRiZjdkMzRkIiwiZW1haWwiOiJ0ZWNuaWNvLTE4M0BiaXRlY28uY29tIn0.sFaEqGNB2YMIqpHAN-azq0zi9lKFhDxHZpPE0XfuzWe0EyyMRMeyN8r25okkfyn342N5zpneI2h_Casvx903sMOA_ADGAX1ocWRy_M7zTaXJThWSH7F4_fxJxorEVZqkDaFaA3F1U8h-FMF56Z25UL4P7mL4l-7Yz3WwwCccIw0n3fgj-j0JHWv24drMBKNBtVxIeDyw8joCr8_xfW6GaniM0m_BgFfoC3BTxLke0v4xZYwWO-MGbBj1FwZoXlZm3H8HDL0hDIVsZtGROhGVTEk3VXryovca2Is1hoUhjTNfvuQdXp9OP3Ao_c_bMRbcwvSyrbkXXtBxqjsTlz29Ew
tecnico-184,tecnico,5,2026,1,eyJraWQiOiJEZ0VqOWg3UkwxeE1mcTV6dm1XcnlhWHdPZTZ3eW9WRDFNMDBVeENYaUUwPSIsImFsZyI6IlJTMjU2In0.eyJzdWIiOiIxNGE4NjRkOC1lMGMxLTcwN2YtNzFjYy1hNWIxOGNkZmU4Y2QiLCJjb2duaXRvOmdyb3VwcyI6WyJ0ZWNuaWNvIl0sImVtYWlsX3ZlcmlmaWVkIjp0cnVlLCJpc3MiOiJodHRwczovL2NvZ25pdG8taWRwLnVzLWVhc3QtMS5hbWF6b25hd3MuY29tL3VzLWVhc3QtMV9RR2hSTkpOY3MiLCJjb2duaXRvOnVzZXJuYW1lIjoidGVjbmljby0xODQiLCJvcmlnaW5fanRpIjoiZTEwYWY2YmYtNDU4Ny00NTRkLWE2ZWEtMWE4N2E4MzM0MjVmIiwiYXVkIjoiN2VxNWY0NmdtdDRjaGtwYWJncHVwMTdjZTYiLCJldmVudF9pZCI6IjczMzk3YjNkLTU3ODQtNDViYy05Mzc1LThiYWQ5M2Y3MTVhZiIsInRva2VuX3VzZSI6ImlkIiwiYXV0aF90aW1lIjoxNzc5OTg5NzQ5LCJleHAiOjE3Nzk5OTMzNDksImlhdCI6MTc3OTk4OTc0OSwianRpIjoiN2U5NTMyMGMtZDA1Yi00YTg4LWE4MmYtMDM5YjhmZDk3YTA4IiwiZW1haWwiOiJ0ZWNuaWNvLTE4NEBiaXRlY28uY29tIn0.gyz9ceFYE5dARrp0EM0broqLVy0RPxDPLDf2kEESnS4W4aV16-TzrqpdvghqREW_qlf_xVlldZhpXpbsL84TMhJMl-OolY4816eFZFOXlHWXpFbo0eP7FNZeS5dBR9-wZ1BbYmQn7GKs37Lr98uHaHYJriGTHqnM30XrK2q-DKb_QVNdqzKQUTh-1m-jgCiLLQJszj9aNGMJcwE8BVjuQbYiV4WAdRmS36991oiVLWGBQh1VkDb0SQaaP0SkGyLkXrMQGDEGG5-7Ug7qC_pJM3sBTlgbvhDCJg9RjwY2fPPDGAI81Z5PJJWHSswV5HEdSEuKYpxY5obXU3ETWClYqA
tecnico-185,tecnico,6,2026,2,eyJraWQiOiJEZ0VqOWg3UkwxeE1mcTV6dm1XcnlhWHdPZTZ3eW9WRDFNMDBVeENYaUUwPSIsImFsZyI6IlJTMjU2In0.eyJzdWIiOiJjNDA4NzQ3OC1kMGIxLTcwZGYtOGEyMS1jYWM4ZDQ5MGJjNDIiLCJjb2duaXRvOmdyb3VwcyI6WyJ0ZWNuaWNvIl0sImVtYWlsX3ZlcmlmaWVkIjp0cnVlLCJpc3MiOiJodHRwczovL2NvZ25pdG8taWRwLnVzLWVhc3QtMS5hbWF6b25hd3MuY29tL3VzLWVhc3QtMV9RR2hSTkpOY3MiLCJjb2duaXRvOnVzZXJuYW1lIjoidGVjbmljby0xODUiLCJvcmlnaW5fanRpIjoiY2Y0NzI1MDMtOGNhMy00YjUxLTg2YTAtZmVhYWI3ZTgzMTk0IiwiYXVkIjoiN2VxNWY0NmdtdDRjaGtwYWJncHVwMTdjZTYiLCJldmVudF9pZCI6ImNmMjM2NzgyLTBkYjktNGE2MS04NWJiLTMyOTMzNDQ3YzM3NyIsInRva2VuX3VzZSI6ImlkIiwiYXV0aF90aW1lIjoxNzc5OTg5NzQ5LCJleHAiOjE3Nzk5OTMzNDksImlhdCI6MTc3OTk4OTc0OSwianRpIjoiMTA0OWQ5MTAtNDAxZC00NzUzLTgzM2QtMWExNjg5MzQ5ZmNmIiwiZW1haWwiOiJ0ZWNuaWNvLTE4NUBiaXRlY28uY29tIn0.pE9vyYFWqQOaXdT0r3Iug0VGj5x4lFb-O5BOTnwCMSkbrkXXApkyW7zjPyILtLyKhZ2lWNqCMfv8J47e2QL36CEOcqowKkHSf0iqXMam-9YOUHR7VF-x4sq4XdD_Ude4QFM0vK5F0XW1kL7TvgzaYrZWxaTdph8r8PKUahrNnjb1wapliHIFL7_MQYZAh9Drp1WrnlvDD5_y9U0QDnW9v3BzwgSg6kMcrZcLtho6r6HdQj3t9aULogDP9fQlAcUWLpDZUojLW2tZYvJLnKQ_ceFAojDJCQko6xjH0IiED9KB9md-spIUGIbcMeCnWVzCRPpNQ4H58zdnnqh8AEEmdg
tecnico-186,tecnico,7,2026,3,eyJraWQiOiJEZ0VqOWg3UkwxeE1mcTV6dm1XcnlhWHdPZTZ3eW9WRDFNMDBVeENYaUUwPSIsImFsZyI6IlJTMjU2In0.eyJzdWIiOiJjNDg4NzQ3OC1mMGQxLTcwMTMtNDg5OC0zMmY2NTdiNTM0NzIiLCJjb2duaXRvOmdyb3VwcyI6WyJ0ZWNuaWNvIl0sImVtYWlsX3ZlcmlmaWVkIjp0cnVlLCJpc3MiOiJodHRwczovL2NvZ25pdG8taWRwLnVzLWVhc3QtMS5hbWF6b25hd3MuY29tL3VzLWVhc3QtMV9RR2hSTkpOY3MiLCJjb2duaXRvOnVzZXJuYW1lIjoidGVjbmljby0xODYiLCJvcmlnaW5fanRpIjoiNjI4MDY3MmItODIzYS00ZGVlLWI2NDgtNzEyNzYxMWEzMDU4IiwiYXVkIjoiN2VxNWY0NmdtdDRjaGtwYWJncHVwMTdjZTYiLCJldmVudF9pZCI6Ijc2MjZkOWJiLWI2ZGEtNDU1MC04NjA3LTFjNGMzNzkzOTJlZiIsInRva2VuX3VzZSI6ImlkIiwiYXV0aF90aW1lIjoxNzc5OTg5NzQ5LCJleHAiOjE3Nzk5OTMzNDksImlhdCI6MTc3OTk4OTc0OSwianRpIjoiM2MxNTdiOWUtZTg4OC00NzhmLTgzNmUtMDhkYmE0ZjcwYTkzIiwiZW1haWwiOiJ0ZWNuaWNvLTE4NkBiaXRlY28uY29tIn0.n-APgDKW7jVspmXltVXlZbZM2kaWCDsBhJj8HVMsKnYK3WMmHBBZnaNqAz0F6SQ6IKa3qf843Z3-nqPVPMAd7LZlsckQm0CKp26u3mO4LPLZg5qbFP5b9dAcdT3nhNo_fUDow2a4Lm13BVGALX6ntdUN4vVksEKzWTbniftB7Le7lpjmFvUDXjEhlNsJyYTmcGM0etofgtVaD09pAv6XzFRedegQN2Kg3kz5miTUp2C5Ay3Zk_c58G_XMimgZuH-TzEawaw9xl_-_l6zxqc_o8yKOjKDJ8aGlMADEybI9Mq28dg8BzHf4ooWJfsg_-2CQHdbc2YTSfGX-qf-0qdh8A
tecnico-187,tecnico,8,2026,4,eyJraWQiOiJEZ0VqOWg3UkwxeE1mcTV6dm1XcnlhWHdPZTZ3eW9WRDFNMDBVeENYaUUwPSIsImFsZyI6IlJTMjU2In0.eyJzdWIiOiJjNGU4NzRhOC0zMGQxLTcwMWQtNDNiYy1lOWExMTViNmNmZWUiLCJjb2duaXRvOmdyb3VwcyI6WyJ0ZWNuaWNvIl0sImVtYWlsX3ZlcmlmaWVkIjp0cnVlLCJpc3MiOiJodHRwczovL2NvZ25pdG8taWRwLnVzLWVhc3QtMS5hbWF6b25hd3MuY29tL3VzLWVhc3QtMV9RR2hSTkpOY3MiLCJjb2duaXRvOnVzZXJuYW1lIjoidGVjbmljby0xODciLCJvcmlnaW5fanRpIjoiOTczYTFhN2ItNjNmYy00NjRiLThiNTMtNDgyZGViMTk1YThiIiwiYXVkIjoiN2VxNWY0NmdtdDRjaGtwYWJncHVwMTdjZTYiLCJldmVudF9pZCI6IjYyOTU1NjBjLTRmOTgtNDQ4NS1iOTZlLWEzODMxZGU5MjNjYyIsInRva2VuX3VzZSI6ImlkIiwiYXV0aF90aW1lIjoxNzc5OTg5NzQ5LCJleHAiOjE3Nzk5OTMzNDksImlhdCI6MTc3OTk4OTc1MCwianRpIjoiOTQxNzgyY2MtZjA2Zi00N2M1LWIwYzctNTY2MzI0NjNlMDRmIiwiZW1haWwiOiJ0ZWNuaWNvLTE4N0BiaXRlY28uY29tIn0.KalLLSOAB9IyhmLF1ohKoxCDG2KXRrN9SX3_WrjCPQf8B8Vt7Af12EVAFgWA46i6ucoR4SVvKc8XI8RUO21H-KgLndAEQKUAB_2A5Uc_Prp2n2mm2Nn_ocXu4QClhBCaOyv7lhbjnuOYdEc2_90Y--IPa9f2POj8xWSB5nIFxoMvKeqDee8GjC1iVoI1vPh1CygcASIvUvPbYctNuAAfDwmkw9_fvO1o7giXh7utoa7r53o7ulyVoNBZdyzEUa1WbcJ6wlhyz8kdm89I0BkHShbAvomoT6xugH8laE_ZMUlGQHd2kwxaLhU-caIrPqLxfeIP_MPGbv0D_wGjBEiujg
tecnico-188,tecnico,9,2026,1,eyJraWQiOiJEZ0VqOWg3UkwxeE1mcTV6dm1XcnlhWHdPZTZ3eW9WRDFNMDBVeENYaUUwPSIsImFsZyI6IlJTMjU2In0.eyJzdWIiOiI3NDU4NzQ4OC0zMDgxLTcwYzEtZWE3ZS0zNzY0MDc1NThmNDgiLCJjb2duaXRvOmdyb3VwcyI6WyJ0ZWNuaWNvIl0sImVtYWlsX3ZlcmlmaWVkIjp0cnVlLCJpc3MiOiJodHRwczovL2NvZ25pdG8taWRwLnVzLWVhc3QtMS5hbWF6b25hd3MuY29tL3VzLWVhc3QtMV9RR2hSTkpOY3MiLCJjb2duaXRvOnVzZXJuYW1lIjoidGVjbmljby0xODgiLCJvcmlnaW5fanRpIjoiYjYxYjcwZTctN2Q0Yi00YmY3LTkzOTMtOWMyMmE1Yjk0OWE1IiwiYXVkIjoiN2VxNWY0NmdtdDRjaGtwYWJncHVwMTdjZTYiLCJldmVudF9pZCI6ImQwZDAxYjFlLTZjMjAtNGQwMC05NWUyLTAzOWQwMWIxNTA2MCIsInRva2VuX3VzZSI6ImlkIiwiYXV0aF90aW1lIjoxNzc5OTg5NzUwLCJleHAiOjE3Nzk5OTMzNTAsImlhdCI6MTc3OTk4OTc1MCwianRpIjoiOWM1MTE4N2MtOGEyOS00MmNmLWIxOTItZWRjNGE0NmZlMzAzIiwiZW1haWwiOiJ0ZWNuaWNvLTE4OEBiaXRlY28uY29tIn0.DkjQyxlJvuXjGpJy-edMsVYMNQaYEedPvSyQJGuurT8kc3GsI66WdtYld1SP7CyDWpG4SFwHBQ8C4rYFA38V-Vm1-yMjwX09nSuxVb8CXZDXzbea3d5uBURtSWvIQ0i6_HDI-V84oUD4wDvMaKpQhiKNaa9qOJ3rhCPJm7krqo2TURSiVmt6nxYmEmH0eVFq4rJ8ho5N39h3DXs_4yGi5KKogO6LPkklrCYNtz69-ZMmoc73y7QDjGnnUkcI2J3E8gPnNEjuyOzQAFwjRoPxNWzEJRUYo0eh5RAtyd4gwz2C29IpU-ABklb8zWY6BTLq45WEZAnA1EcbBwnplbjZCw
tecnico-189,tecnico,10,2026,2,eyJraWQiOiJEZ0VqOWg3UkwxeE1mcTV6dm1XcnlhWHdPZTZ3eW9WRDFNMDBVeENYaUUwPSIsImFsZyI6IlJTMjU2In0.eyJzdWIiOiJiNDI4ZDQ3OC02MDUxLTcwMTUtYjgwMi1iNzQ0ZjgwOTYwYWYiLCJjb2duaXRvOmdyb3VwcyI6WyJ0ZWNuaWNvIl0sImVtYWlsX3ZlcmlmaWVkIjp0cnVlLCJpc3MiOiJodHRwczovL2NvZ25pdG8taWRwLnVzLWVhc3QtMS5hbWF6b25hd3MuY29tL3VzLWVhc3QtMV9RR2hSTkpOY3MiLCJjb2duaXRvOnVzZXJuYW1lIjoidGVjbmljby0xODkiLCJvcmlnaW5fanRpIjoiMGI0ZTQzMTAtYTY3ZC00NDhhLWI4M2YtMDViOGIwMjM3NWYwIiwiYXVkIjoiN2VxNWY0NmdtdDRjaGtwYWJncHVwMTdjZTYiLCJldmVudF9pZCI6IjEwOWE2NzRiLTMyMmItNGZmMC1hMmY4LTYyYzUzMTVhNjE5NyIsInRva2VuX3VzZSI6ImlkIiwiYXV0aF90aW1lIjoxNzc5OTg5NzUwLCJleHAiOjE3Nzk5OTMzNTAsImlhdCI6MTc3OTk4OTc1MCwianRpIjoiNWQ5YzE5MDAtOGQ0Mi00Y2JmLThjZDEtNWJlMWJkYzU4ZTM4IiwiZW1haWwiOiJ0ZWNuaWNvLTE4OUBiaXRlY28uY29tIn0.e1lHOhC4m6w25ikN9kFjdo1Hxps7iWaWBaKxoJ-hz7ylFWJo5PHgteAZxK2wj1c-Zu9hm5o7PtdgNMqcSsnVp89CyT6e9posdluJIGQAaT55GliVrpLKZ67KREExR5PezPGzigg1MSJJVLsMxZ_hFY6JVrdOl_Oxf2JioWe9AUbUFpYb_uU0nzLWcquzcVZCwh0a4i7ZmzID8QOq-Ok5pzzWWExtq8qHpe1Hjy_anCWMonyICOCTcTGdclJenfSAmvoYE6bV2LOuAwGgUyyt4ohVTTdsRn_m_xOWfRL51iYJctU7kw_0kxfkDrINxorLJ9rakoRTln6MlAc8lQKOuw
tecnico-190,tecnico,1,2026,3,eyJraWQiOiJEZ0VqOWg3UkwxeE1mcTV6dm1XcnlhWHdPZTZ3eW9WRDFNMDBVeENYaUUwPSIsImFsZyI6IlJTMjU2In0.eyJzdWIiOiI2NGI4ODQzOC02MGMxLTcwOTktM2ExZi1kOTc0MGQ0NGY2NTUiLCJjb2duaXRvOmdyb3VwcyI6WyJ0ZWNuaWNvIl0sImVtYWlsX3ZlcmlmaWVkIjp0cnVlLCJpc3MiOiJodHRwczovL2NvZ25pdG8taWRwLnVzLWVhc3QtMS5hbWF6b25hd3MuY29tL3VzLWVhc3QtMV9RR2hSTkpOY3MiLCJjb2duaXRvOnVzZXJuYW1lIjoidGVjbmljby0xOTAiLCJvcmlnaW5fanRpIjoiOTQ3ZGU3N2ItNjE1Mi00ZjFjLWExMWUtNjlhNWEzYWIyNzA2IiwiYXVkIjoiN2VxNWY0NmdtdDRjaGtwYWJncHVwMTdjZTYiLCJldmVudF9pZCI6IjRjYTBkNTJkLWZkYjUtNDJjOC05MGFmLWE5NmM2ZDRhZWMxMiIsInRva2VuX3VzZSI6ImlkIiwiYXV0aF90aW1lIjoxNzc5OTg5NzUwLCJleHAiOjE3Nzk5OTMzNTAsImlhdCI6MTc3OTk4OTc1MCwianRpIjoiYWQzYzFlYTAtYzUyMy00MDU3LTk4MzEtZjRmZDMyYjFlM2E1IiwiZW1haWwiOiJ0ZWNuaWNvLTE5MEBiaXRlY28uY29tIn0.h_0jhdHNaIrb6nM009bsvFi7g--YNYFV77H19fQcWLf0tnmtF3uIsoPJ0nTXidQ4kFVRoZo54IPVMTUI_tacShnNXKjcWdRYQfPcg2pWNm-NGVSyzrazHnTMN5lpC2szYIx-bUnscaQl8NvNVCDhhe3aQ-fqQ39nVSMpYwpMnWfUFj9z7D_ARbJaVBkbe7TreqAAvfpOlB7JU7hBz59zZ4UQKJK86PSFm5U7z-qxIlrIyGUnBZYHpsMCVWPltN5-lr6dSpBroRvSxs0OUub8ayMOG1EFC_xL7SvqzZArAWAf5wOlsq9U5bgQpwY2vbIJ9VLILgI-dhX7mYvHI2AHSw
tecnico-191,tecnico,2,2026,4,eyJraWQiOiJEZ0VqOWg3UkwxeE1mcTV6dm1XcnlhWHdPZTZ3eW9WRDFNMDBVeENYaUUwPSIsImFsZyI6IlJTMjU2In0.eyJzdWIiOiJhNDg4ZjQ2OC0xMDkxLTcwNzYtNjBhOS1hMjk4MWY4ZTU1MDYiLCJjb2duaXRvOmdyb3VwcyI6WyJ0ZWNuaWNvIl0sImVtYWlsX3ZlcmlmaWVkIjp0cnVlLCJpc3MiOiJodHRwczovL2NvZ25pdG8taWRwLnVzLWVhc3QtMS5hbWF6b25hd3MuY29tL3VzLWVhc3QtMV9RR2hSTkpOY3MiLCJjb2duaXRvOnVzZXJuYW1lIjoidGVjbmljby0xOTEiLCJvcmlnaW5fanRpIjoiYzViZDA2ZGYtZmNjNS00NmU3LWE4MjgtMTU2NjE3ZDZmNzUzIiwiYXVkIjoiN2VxNWY0NmdtdDRjaGtwYWJncHVwMTdjZTYiLCJldmVudF9pZCI6IjdmZjg0NmRiLTdkODEtNDY3NS1iNzE5LWYxOTA1YzBlNTdiZCIsInRva2VuX3VzZSI6ImlkIiwiYXV0aF90aW1lIjoxNzc5OTg5NzUxLCJleHAiOjE3Nzk5OTMzNTEsImlhdCI6MTc3OTk4OTc1MSwianRpIjoiOWZiYTk4ZWEtODE5Mi00YjQ2LThkNDEtZmEyNzMwYzA0YTE5IiwiZW1haWwiOiJ0ZWNuaWNvLTE5MUBiaXRlY28uY29tIn0.aOCmfgEK47ZeEaCYVsx9sh8e8L_Ryt3W63MMhn-5sSiPDtINiHybgXcxGPV5GXIPPpByZoD-Kxj-wfRqzZ_tjPNTg1zfI2ZV_ShTE64oFyxGLyy3eH_Gd_dK40FwINWqiA8cZGAugLfuRPlgQ4luKTSe2XwpzYMxbqnicoG3J1c-AEMzKGX3SRPgwo5HlHwNBcWPyF2STzEji56P6YTNuImQA5oCxZMswV9VyzpHMqfnExEOrpdpdf_A5bggKCwRz5V1INFypfd7sgNti1BxvcI8QUcLJpH45NJTWr1QIkDBjt25vJwDokmYENS38fIUMmFshB6fRy-atmsiUqIjSg
tecnico-192,tecnico,3,2026,1,eyJraWQiOiJEZ0VqOWg3UkwxeE1mcTV6dm1XcnlhWHdPZTZ3eW9WRDFNMDBVeENYaUUwPSIsImFsZyI6IlJTMjU2In0.eyJzdWIiOiIzNGY4NDQ3OC1iMGQxLTcwYmQtODQ4MS05M2RiNjQ2NWRjN2QiLCJjb2duaXRvOmdyb3VwcyI6WyJ0ZWNuaWNvIl0sImVtYWlsX3ZlcmlmaWVkIjp0cnVlLCJpc3MiOiJodHRwczovL2NvZ25pdG8taWRwLnVzLWVhc3QtMS5hbWF6b25hd3MuY29tL3VzLWVhc3QtMV9RR2hSTkpOY3MiLCJjb2duaXRvOnVzZXJuYW1lIjoidGVjbmljby0xOTIiLCJvcmlnaW5fanRpIjoiOWNkYzQ0MzctZTZiNS00NDI5LTg0YzctNGM5MTVkNTM1MTgwIiwiYXVkIjoiN2VxNWY0NmdtdDRjaGtwYWJncHVwMTdjZTYiLCJldmVudF9pZCI6ImY0MTM3OWM4LTNhZjYtNDZmNS04MzA0LTE0NDhiNjAxMjczZCIsInRva2VuX3VzZSI6ImlkIiwiYXV0aF90aW1lIjoxNzc5OTg5NzUxLCJleHAiOjE3Nzk5OTMzNTEsImlhdCI6MTc3OTk4OTc1MSwianRpIjoiODAwM2UyMTktZDVkYS00YTMwLTgzMTQtYTEyZDY1MGQ1MjNiIiwiZW1haWwiOiJ0ZWNuaWNvLTE5MkBiaXRlY28uY29tIn0.QjLNaYxLCZAua_Sq7RQh4iRZIwjSTNWW_997SZUdIB9eS48ljAc6hwcrh4qu_qMpBSSoKyswYotpXvfj6tzQvPwGDnu6fyOvzR_FGh__ArSQDwKoDbaNAa3AXanlm5Gr874h-j71_znPIonyYjE9x93DtIJwHm7Lg5uhifjTeInrRBDGymjkllxwtEQfjq0YZ2NwkxWc3dJIyHgkx60DHXzB5vfgyjkGGEgMnxLjxGPBr2uQvkIKNMBHDT31S6QhufnQnpOH16gLYo_Zlb3ANHFCY7aHK8yJUHvQl-MMKhKY9xADCU-uwT21lqY2UdR_FBaiC578tgb-GVP3oyZ8aA
tecnico-193,tecnico,4,2026,2,eyJraWQiOiJEZ0VqOWg3UkwxeE1mcTV6dm1XcnlhWHdPZTZ3eW9WRDFNMDBVeENYaUUwPSIsImFsZyI6IlJTMjU2In0.eyJzdWIiOiI4NDI4YzQ1OC1hMDUxLTcwNDUtMTEyYi04Y2ZlZTI4Njc5ZDEiLCJjb2duaXRvOmdyb3VwcyI6WyJ0ZWNuaWNvIl0sImVtYWlsX3ZlcmlmaWVkIjp0cnVlLCJpc3MiOiJodHRwczovL2NvZ25pdG8taWRwLnVzLWVhc3QtMS5hbWF6b25hd3MuY29tL3VzLWVhc3QtMV9RR2hSTkpOY3MiLCJjb2duaXRvOnVzZXJuYW1lIjoidGVjbmljby0xOTMiLCJvcmlnaW5fanRpIjoiZGJkMTFiNmMtYWU3Zi00OGYwLWI3MzUtMjljMmM2NWY0MTg4IiwiYXVkIjoiN2VxNWY0NmdtdDRjaGtwYWJncHVwMTdjZTYiLCJldmVudF9pZCI6ImYyNDdkZmNkLWNhNmItNGZlNC1hNmM2LWRmN2RjYTJkOGUwMSIsInRva2VuX3VzZSI6ImlkIiwiYXV0aF90aW1lIjoxNzc5OTg5NzUxLCJleHAiOjE3Nzk5OTMzNTEsImlhdCI6MTc3OTk4OTc1MSwianRpIjoiMDNhN2ViY2UtZDAzYy00MDM3LTliNDAtOGE5ZWViNmUyMGNjIiwiZW1haWwiOiJ0ZWNuaWNvLTE5M0BiaXRlY28uY29tIn0.uC0B1MO_bj_5s47jpwYSiy-2kWtZrq9xIiLPnoz14yHl_2eTez4FEOSDTACDV6tolYYlZBQ6emJLYzirTARVo2E8qEzGRxoB_3VtsR1fSZAV5dbHDGnii_LsqanpAdFjo1yzfG_gqmyjZ7j-f9v5LxffHRtXDOjD-y1FThjEAKnUN-wZsEt-_dLdj8n5_kmWi6MrQjKr_ak7IouwjeerR9V9aG1h_-gnpUEk4S-htdzS76kkJDieGMBYqRFGyTgWtk3DYRqFK54JBMNhI9tLBPCyPz3mStniW5f-BTuNOCdm93xFJEVbSQd4VDZfn7m_JNCbeIvTbVOTyo7_eiduSg
tecnico-194,tecnico,5,2026,3,eyJraWQiOiJEZ0VqOWg3UkwxeE1mcTV6dm1XcnlhWHdPZTZ3eW9WRDFNMDBVeENYaUUwPSIsImFsZyI6IlJTMjU2In0.eyJzdWIiOiI1NGE4MTRhOC0yMGQxLTcwMjItNzM0ZS02NWJjYzg2MDhkYzEiLCJjb2duaXRvOmdyb3VwcyI6WyJ0ZWNuaWNvIl0sImVtYWlsX3ZlcmlmaWVkIjp0cnVlLCJpc3MiOiJodHRwczovL2NvZ25pdG8taWRwLnVzLWVhc3QtMS5hbWF6b25hd3MuY29tL3VzLWVhc3QtMV9RR2hSTkpOY3MiLCJjb2duaXRvOnVzZXJuYW1lIjoidGVjbmljby0xOTQiLCJvcmlnaW5fanRpIjoiYzkyNzBiNGUtZDUwNi00YTIyLWJmM2QtNDJlMjIwZDhhY2QwIiwiYXVkIjoiN2VxNWY0NmdtdDRjaGtwYWJncHVwMTdjZTYiLCJldmVudF9pZCI6IjIzYmZhNGRkLTY0ZjgtNGRkMS05NmQ5LTI4OTc2MGQ1NTg5MCIsInRva2VuX3VzZSI6ImlkIiwiYXV0aF90aW1lIjoxNzc5OTg5NzUxLCJleHAiOjE3Nzk5OTMzNTEsImlhdCI6MTc3OTk4OTc1MSwianRpIjoiMmQwNWVjYjUtYzk1Ny00MGJhLWI3NjAtNzkxYzBkMDA4YzNhIiwiZW1haWwiOiJ0ZWNuaWNvLTE5NEBiaXRlY28uY29tIn0.EKapK5X1ineSfo5RSXJwjqwXCORgLoQpY3Kycd_Hb_CNwPVEju4maWHqkhYb-dHSdRM5ByJapPK2iGbnVftMFiX4IldCk49sqtNuZMfpj0UWq-uFBbPZpviy49gpN6aF3wE1nZus0rhg7tUCju1TzB-GosfAVTL32GB7K7xS62_vJ0JcxCaa_esmRxQDkNpcuKjQUWBC662aGMlmuShtq-AP4WHt8zFe_By9fHnMhtTZYPw8z8EQDgGO9E-Xq9CpryI-4Hs9EZN1uQvZ-Q9tNTfE6Oc4gJg3XcZSLIkE3t5qY8gvBkAizza1mdzQoY-SDkY_IgtkSsPGIUM6n5aTiQ
tecnico-195,tecnico,6,2026,4,eyJraWQiOiJEZ0VqOWg3UkwxeE1mcTV6dm1XcnlhWHdPZTZ3eW9WRDFNMDBVeENYaUUwPSIsImFsZyI6IlJTMjU2In0.eyJzdWIiOiJkNDU4OTQ4OC1mMGIxLTcwYmEtODNiYy01NWNjY2MyN2U5YmEiLCJjb2duaXRvOmdyb3VwcyI6WyJ0ZWNuaWNvIl0sImVtYWlsX3ZlcmlmaWVkIjp0cnVlLCJpc3MiOiJodHRwczovL2NvZ25pdG8taWRwLnVzLWVhc3QtMS5hbWF6b25hd3MuY29tL3VzLWVhc3QtMV9RR2hSTkpOY3MiLCJjb2duaXRvOnVzZXJuYW1lIjoidGVjbmljby0xOTUiLCJvcmlnaW5fanRpIjoiOGYzYTNmZjUtNGIxYy00YjA1LTk1NjktODJlMGY0NDlhZDg4IiwiYXVkIjoiN2VxNWY0NmdtdDRjaGtwYWJncHVwMTdjZTYiLCJldmVudF9pZCI6IjcwOGEwZDQwLWE1ZTctNGNkZS05YjQwLWNlM2NiNmY5MGUzNCIsInRva2VuX3VzZSI6ImlkIiwiYXV0aF90aW1lIjoxNzc5OTg5NzUyLCJleHAiOjE3Nzk5OTMzNTIsImlhdCI6MTc3OTk4OTc1MiwianRpIjoiZWE0YzdjNTktMjIyNS00M2M3LThjZWItNTdiNjM2ZThjYmYyIiwiZW1haWwiOiJ0ZWNuaWNvLTE5NUBiaXRlY28uY29tIn0.E4lI7G-abfsoAP7-Q0EhwJXVgQFk4KoKjkqXLpAoexfSLBkYCuHxbVbe2OsvDCHT1tmDpxiCmUF_ILOeoPDJ6Q3pepOgpN7HgKhxFIEEttGY4_Em7dZa1622O5hY2u32y7y93fN4BusO8zfBnrP5rF3ceTYQDIgLuZiXFnBpd24RdrUMIIx_o2ebZOJjco2HsTtFQuPANbtbW1o9bO1gEHIWEPyl3mXWdSgiuIicLhLsMBBeWIoq6tBwFUfymwhNK7gTm0YIfLF8X9_eA-9rzM0mhhlzA-t7HenDQ8is35F06eatRlDTbmjiWnc8bKTNsJ8_bo0pn_DtZVos1vupKw
tecnico-196,tecnico,7,2026,1,eyJraWQiOiJEZ0VqOWg3UkwxeE1mcTV6dm1XcnlhWHdPZTZ3eW9WRDFNMDBVeENYaUUwPSIsImFsZyI6IlJTMjU2In0.eyJzdWIiOiI2NDc4ZjRlOC04MDYxLTcwOWEtMDAzNS0yZGMyNzU5MDUzYjEiLCJjb2duaXRvOmdyb3VwcyI6WyJ0ZWNuaWNvIl0sImVtYWlsX3ZlcmlmaWVkIjp0cnVlLCJpc3MiOiJodHRwczovL2NvZ25pdG8taWRwLnVzLWVhc3QtMS5hbWF6b25hd3MuY29tL3VzLWVhc3QtMV9RR2hSTkpOY3MiLCJjb2duaXRvOnVzZXJuYW1lIjoidGVjbmljby0xOTYiLCJvcmlnaW5fanRpIjoiODg4N2FmZDYtZGJmNi00YWFlLThlMDgtNDZmMzIyNDNkNTUyIiwiYXVkIjoiN2VxNWY0NmdtdDRjaGtwYWJncHVwMTdjZTYiLCJldmVudF9pZCI6IjY2ODkxYTdhLTdmNjEtNDRmYy1iNjVhLThlNmE0MDcxNzY0NSIsInRva2VuX3VzZSI6ImlkIiwiYXV0aF90aW1lIjoxNzc5OTg5NzUyLCJleHAiOjE3Nzk5OTMzNTIsImlhdCI6MTc3OTk4OTc1MiwianRpIjoiMWZlZWI1NWMtNGJmZS00MGRiLWE0YzktNGQ5OGY5NzIxMzAwIiwiZW1haWwiOiJ0ZWNuaWNvLTE5NkBiaXRlY28uY29tIn0.jvllrj0J0R-Kvc4lI4IZ30QrAUVdd5gSMEO6rBIMNlrQgf1FL4r0BxD8iJUae-ELNFKXqtQyclVVj-HDLaJBXkDJUTrJFpQUsKWndBMf_YhnkytAPqY3hhyDZtVTDxlhT7MNCMn0byO_cSiup05nRWeqNqNrQIs38qsjnZ8WqQjVDHkeQMph0O_p16UNqvAhg1maob0lpT2lL2eG_6FxwVq-2DWIl9Pqn30Y9rKWawWDQUCJqzZb5mX9QITb1b-Qv2b_zyEpvFXffo7n8hKJYz-yYRj0UHlEDvuuljC195REK1SX60YIAg6HjrPqyEIGYmdU4xRiRRA0hM3HWL8-lw
tecnico-197,tecnico,8,2026,2,eyJraWQiOiJEZ0VqOWg3UkwxeE1mcTV6dm1XcnlhWHdPZTZ3eW9WRDFNMDBVeENYaUUwPSIsImFsZyI6IlJTMjU2In0.eyJzdWIiOiI5NDc4NTRjOC02MDUxLTcwNTMtNDRmYS1kOWU3MTljYWQ2MGEiLCJjb2duaXRvOmdyb3VwcyI6WyJ0ZWNuaWNvIl0sImVtYWlsX3ZlcmlmaWVkIjp0cnVlLCJpc3MiOiJodHRwczovL2NvZ25pdG8taWRwLnVzLWVhc3QtMS5hbWF6b25hd3MuY29tL3VzLWVhc3QtMV9RR2hSTkpOY3MiLCJjb2duaXRvOnVzZXJuYW1lIjoidGVjbmljby0xOTciLCJvcmlnaW5fanRpIjoiZmQ3NTkzOGMtMGNiYy00ZWM4LWExZTItN2Y1MWMxNTA5N2M0IiwiYXVkIjoiN2VxNWY0NmdtdDRjaGtwYWJncHVwMTdjZTYiLCJldmVudF9pZCI6IjE2NzUwZjk5LTkxZTgtNDQ5NC1hMGY4LTkwOTY3OTg0NDc2OSIsInRva2VuX3VzZSI6ImlkIiwiYXV0aF90aW1lIjoxNzc5OTg5NzUyLCJleHAiOjE3Nzk5OTMzNTIsImlhdCI6MTc3OTk4OTc1MiwianRpIjoiMWIzYzNhNTUtMDcwYi00YjU0LWI5ZjMtOGQ5OGY5MDM1ZDMzIiwiZW1haWwiOiJ0ZWNuaWNvLTE5N0BiaXRlY28uY29tIn0.gaKymyLBk2Xgk4a7jAW1hgqYZ8gQgSaSPtcnWOUQAvl4F1_dHdI6BeLuf9xdI3-PxM0R7cW03vyG2-_eJbAuUV_ZM6dN2sUrGZKqUJDkgL6WWeMGW7shnQoXsUPr5IIgsJKlpi99OHc76xrti8Cuf_fV7aJ7S56ZvVIu63XO28Au36M2d9jKp14a1scpFwn8QFz9ewcz6Y6TdaMROOzVwr1ZMtEf3MEQX4JujM6frQmU8qe2hKuWfPwRtE2sHqYHBzOYY9PLFaaz8L8Fcy-Q55AwUji1JR5AaDTmtXrDmWP3WkaVDKJubI9Jui3EyhZOjXfb3A3FGVV5zhT0QTLl3w
tecnico-198,tecnico,9,2026,3,eyJraWQiOiJEZ0VqOWg3UkwxeE1mcTV6dm1XcnlhWHdPZTZ3eW9WRDFNMDBVeENYaUUwPSIsImFsZyI6IlJTMjU2In0.eyJzdWIiOiJiNDU4MzQ0OC1mMDQxLTcwNzktZWVhMy0xYTlkMTljYjYxNzgiLCJjb2duaXRvOmdyb3VwcyI6WyJ0ZWNuaWNvIl0sImVtYWlsX3ZlcmlmaWVkIjp0cnVlLCJpc3MiOiJodHRwczovL2NvZ25pdG8taWRwLnVzLWVhc3QtMS5hbWF6b25hd3MuY29tL3VzLWVhc3QtMV9RR2hSTkpOY3MiLCJjb2duaXRvOnVzZXJuYW1lIjoidGVjbmljby0xOTgiLCJvcmlnaW5fanRpIjoiMDI4YThiODktOTZmZC00Y2VkLTgzODAtYzA0YzkyMWMxYzc1IiwiYXVkIjoiN2VxNWY0NmdtdDRjaGtwYWJncHVwMTdjZTYiLCJldmVudF9pZCI6IjdhMGQzZDg2LTkxNzMtNDQyNy05ZGNjLWYwZWU5ZTIxODE3OCIsInRva2VuX3VzZSI6ImlkIiwiYXV0aF90aW1lIjoxNzc5OTg5NzUzLCJleHAiOjE3Nzk5OTMzNTMsImlhdCI6MTc3OTk4OTc1MywianRpIjoiYzc5NzRkNTgtMDdjZS00MGYyLWEzMDEtOTg0MTk1NDE3YjVmIiwiZW1haWwiOiJ0ZWNuaWNvLTE5OEBiaXRlY28uY29tIn0.tME8Aog1fPyN7fiblbL8KbtvViQp4S78Q51A2T3WtcD56dcFyfAUMAt4ufl9HKJKNC-cC-w-HUU0yCVsTKckbt5He2hxQn6c_P8i5lyq_U1G3eV_4JXCZF0HmPPPc6CW_ZOJNEbL-dbMxyjkKUThH94PdlpGY4LUGU6q5-fj9GnI3hNEGKL_zQ_4_que0kfFORtqy27u6kdVg24LgND005vBBwtp_L45wXhVp3oy_m7oyiBmn4wbIWGkRXODBC5YE2aF2x-sPQYba4A_Gdz6_shM_e-N9RMifNtOdpbwAzJaueEBJ7XFpzZJ4J_YNn-Ylr5zwzlqEfvwt9zDQnol_g
tecnico-199,tecnico,10,2026,4,eyJraWQiOiJEZ0VqOWg3UkwxeE1mcTV6dm1XcnlhWHdPZTZ3eW9WRDFNMDBVeENYaUUwPSIsImFsZyI6IlJTMjU2In0.eyJzdWIiOiI5NGM4ZjRkOC04MDQxLTcwMjgtY2RhNy1mYmM5ZjY0MzI1YmQiLCJjb2duaXRvOmdyb3VwcyI6WyJ0ZWNuaWNvIl0sImVtYWlsX3ZlcmlmaWVkIjp0cnVlLCJpc3MiOiJodHRwczovL2NvZ25pdG8taWRwLnVzLWVhc3QtMS5hbWF6b25hd3MuY29tL3VzLWVhc3QtMV9RR2hSTkpOY3MiLCJjb2duaXRvOnVzZXJuYW1lIjoidGVjbmljby0xOTkiLCJvcmlnaW5fanRpIjoiMjdlNzE0ZDctMmE3Yi00MDMwLWIxMTktZDhkYjUxM2ZkMzVhIiwiYXVkIjoiN2VxNWY0NmdtdDRjaGtwYWJncHVwMTdjZTYiLCJldmVudF9pZCI6ImUxNzY1NDVjLTdhYTMtNDI2Yi1hNDZjLWVhNzlkNTRlYzljMiIsInRva2VuX3VzZSI6ImlkIiwiYXV0aF90aW1lIjoxNzc5OTg5NzUzLCJleHAiOjE3Nzk5OTMzNTMsImlhdCI6MTc3OTk4OTc1MywianRpIjoiM2M2MGI0MDMtY2M4Ny00ZjJiLTgxMGYtYTNiMDYyZWZlZDU2IiwiZW1haWwiOiJ0ZWNuaWNvLTE5OUBiaXRlY28uY29tIn0.HirIFRUOi-pCwxnDSGfYJNGTDyuC1sl8Fno8Gw63StECFLwvWmxQlBa5nQHi3g2x4WPQUfVWBCMZ6-r71Alus2hcLKdjesrDnM7ZFLfJOQ_wTDNVbvD_yu_8Zhq2_XC5HBrgvvtAPZtYNRNIH-IA_8qJckbvWOaqV5bps1QyQ1SEGdkmXf6s5wcOxJX0ir4H2r5kA6uEIqzsORLI6EJKoDu39bB0UBGVS4XEqPPLYutXYs1V8IFFW8lHniyf8FZ4Bz61hwZA7B-m2KKmq2Ar53e7wYiOqu5vmFPn8WpPU8fMhHFquUmumhqg9f9PnldEozuhRSijU7UWhVu4FleW0Q
tecnico-200,tecnico,1,2026,1,eyJraWQiOiJEZ0VqOWg3UkwxeE1mcTV6dm1XcnlhWHdPZTZ3eW9WRDFNMDBVeENYaUUwPSIsImFsZyI6IlJTMjU2In0.eyJzdWIiOiJjNDM4NDQ0OC00MDgxLTcwYjYtZmMzNC05YzM1MWZiOTE3MGEiLCJjb2duaXRvOmdyb3VwcyI6WyJ0ZWNuaWNvIl0sImVtYWlsX3ZlcmlmaWVkIjp0cnVlLCJpc3MiOiJodHRwczovL2NvZ25pdG8taWRwLnVzLWVhc3QtMS5hbWF6b25hd3MuY29tL3VzLWVhc3QtMV9RR2hSTkpOY3MiLCJjb2duaXRvOnVzZXJuYW1lIjoidGVjbmljby0yMDAiLCJvcmlnaW5fanRpIjoiNjFhNjQ4ODAtMTIwOC00NGIwLWFlMGUtYWI5MTkzZmQzOWRlIiwiYXVkIjoiN2VxNWY0NmdtdDRjaGtwYWJncHVwMTdjZTYiLCJldmVudF9pZCI6IjM1ZDM3MjM1LTYwZjctNGQzOS1iMjRkLTg4NDc0MTdhMTRiMiIsInRva2VuX3VzZSI6ImlkIiwiYXV0aF90aW1lIjoxNzc5OTg5NzUzLCJleHAiOjE3Nzk5OTMzNTMsImlhdCI6MTc3OTk4OTc1MywianRpIjoiN2JkOGM3NDUtNjJlMC00Yjg2LTk2ODctOWI4Mjk5YTZiYTA3IiwiZW1haWwiOiJ0ZWNuaWNvLTIwMEBiaXRlY28uY29tIn0.T0pvov6Ouf2-nhPso9QOKadHTuMmxkgE_MgfFQw6XbHks0nkd-H_Al2TdBnBizVJAlsBcbxeT5TcmRa058qbp_FYaZvus1AwclzhLavyqUj3OuGPwDWADbbt0T9PbJNYoQvKLc5Xw_C4NjbXgKWVXcDA0fONj3ExKfjhNLZAfpn7MtDNbMsOAkI3i2TFobE0BTeok9K_tnH2btLS2J9E60DT-Zg5D49mJapQv7LFuh9Tzr6xF44fkOHPN19LdEKF6m96ZjH8oMcx_ZYxyD1QN9STLsUgu6E7v8G6BkI15J79CmKaE-7fbb502lQlIfc7aTfqtjmzXbSvrPczMznggw
tecnico-201,tecnico,2,2026,2,eyJraWQiOiJEZ0VqOWg3UkwxeE1mcTV6dm1XcnlhWHdPZTZ3eW9WRDFNMDBVeENYaUUwPSIsImFsZyI6IlJTMjU2In0.eyJzdWIiOiJhNDI4ODQ2OC03MDExLTcwYWEtYmI5My0xOWZkODdhZjdmYTMiLCJjb2duaXRvOmdyb3VwcyI6WyJ0ZWNuaWNvIl0sImVtYWlsX3ZlcmlmaWVkIjp0cnVlLCJpc3MiOiJodHRwczovL2NvZ25pdG8taWRwLnVzLWVhc3QtMS5hbWF6b25hd3MuY29tL3VzLWVhc3QtMV9RR2hSTkpOY3MiLCJjb2duaXRvOnVzZXJuYW1lIjoidGVjbmljby0yMDEiLCJvcmlnaW5fanRpIjoiYzYxMzhmNDUtYWI2ZC00MmI2LTgzMTUtMjliMWI1ZmM4ZTIwIiwiYXVkIjoiN2VxNWY0NmdtdDRjaGtwYWJncHVwMTdjZTYiLCJldmVudF9pZCI6IjM2YTBmYWUwLTdjNGQtNDhmYy05YWJmLTRlYTFjNGY4ZmRlNCIsInRva2VuX3VzZSI6ImlkIiwiYXV0aF90aW1lIjoxNzc5OTg5NzUzLCJleHAiOjE3Nzk5OTMzNTMsImlhdCI6MTc3OTk4OTc1MywianRpIjoiYWYxYWZkYTAtOWExNS00NmRiLWFiMWUtMTc5YjhmYTBkNTVlIiwiZW1haWwiOiJ0ZWNuaWNvLTIwMUBiaXRlY28uY29tIn0.ljYaQfdeVNDriasrE0qVvK5IPzhMcLN6Do_Gn_oV5gsASiYGzmKa7FCk3Xgyfv5N62kb_9vuw89OhfoXrp_eVeP_lYoYL4S3kvqUidUPRDQxySNnvqBB_RDNfPERkxtfghLFt7fkRiQh6ehkkywNcm3mLvncWmW-eSUDCy_pYkRZVigrT4LvZ6TYXLZjGvPdYm75AomaCwNB8okM8AeKLKhzVps2EitVUCPqgdWPkXQORDXT5FDRWto_dDd5sCHOkau0ZvG6VVa5DDDs4ULU1IKsHylMgpWe0Gf8KG-JHna3rPlwzHcS4hOTHlZMDtjl1lEtn4kLCLPGDXfKmp2bdw
tecnico-202,tecnico,3,2026,3,eyJraWQiOiJEZ0VqOWg3UkwxeE1mcTV6dm1XcnlhWHdPZTZ3eW9WRDFNMDBVeENYaUUwPSIsImFsZyI6IlJTMjU2In0.eyJzdWIiOiI2NDk4NDQxOC1iMDYxLTcwZjUtMzA5Ny1kNDQxYTcxYmFkZWMiLCJjb2duaXRvOmdyb3VwcyI6WyJ0ZWNuaWNvIl0sImVtYWlsX3ZlcmlmaWVkIjp0cnVlLCJpc3MiOiJodHRwczovL2NvZ25pdG8taWRwLnVzLWVhc3QtMS5hbWF6b25hd3MuY29tL3VzLWVhc3QtMV9RR2hSTkpOY3MiLCJjb2duaXRvOnVzZXJuYW1lIjoidGVjbmljby0yMDIiLCJvcmlnaW5fanRpIjoiYTk2ZGFhN2ItNTMwZi00OWVjLWIwYzAtMjk1NzU5NjZmYTEzIiwiYXVkIjoiN2VxNWY0NmdtdDRjaGtwYWJncHVwMTdjZTYiLCJldmVudF9pZCI6ImExZDRlZGU1LTQ0ZDQtNDkwMS05NGQ0LTJjYTdkMzBjZTU0NiIsInRva2VuX3VzZSI6ImlkIiwiYXV0aF90aW1lIjoxNzc5OTg5NzU0LCJleHAiOjE3Nzk5OTMzNTQsImlhdCI6MTc3OTk4OTc1NCwianRpIjoiYzk3Y2NjN2UtMjUxZS00YzU2LTk0ZDItNmJiYmEzZTFiYmM5IiwiZW1haWwiOiJ0ZWNuaWNvLTIwMkBiaXRlY28uY29tIn0.2hcXRYp7lN1I_-doygV3VJL3tLFbFMS5QCdLGniiz2KcWcF3wislGuUJXEFH-lHwW11JPPwAYr4ueaXuwY2ivzd41UTmUvWU8-f6gG9u5J80UNzBbhoWwhUwRj4BaK6T5K0qp66JsaKUeRZRLnOda19sc__HkimDwngdFAkcbi-U7Gy5AjzDC2oGJb_jFBxXIvwVZvD1GebdlnGUJtlpakI8xOLQsSsGKQg690RE2zu4cCAYpR_UMUbu7wa2D852o2Fdq9YQH-Y2Yv_uRXlLFq2TR92wlAukZh3ygXZ0g2mJ_YvNcHxDXup_8qAoyQQYiyBOUIhlx470wkojdrSjtQ
tecnico-203,tecnico,4,2026,4,eyJraWQiOiJEZ0VqOWg3UkwxeE1mcTV6dm1XcnlhWHdPZTZ3eW9WRDFNMDBVeENYaUUwPSIsImFsZyI6IlJTMjU2In0.eyJzdWIiOiJmNDQ4YzQxOC1iMDgxLTcwMmUtZjg2OC04N2Q0ZmNmZjIyNjQiLCJjb2duaXRvOmdyb3VwcyI6WyJ0ZWNuaWNvIl0sImVtYWlsX3ZlcmlmaWVkIjp0cnVlLCJpc3MiOiJodHRwczovL2NvZ25pdG8taWRwLnVzLWVhc3QtMS5hbWF6b25hd3MuY29tL3VzLWVhc3QtMV9RR2hSTkpOY3MiLCJjb2duaXRvOnVzZXJuYW1lIjoidGVjbmljby0yMDMiLCJvcmlnaW5fanRpIjoiNTNkNDE2MzMtZDRlZS00Y2EyLTk2ZjMtODFkMjgyOTM4MWU3IiwiYXVkIjoiN2VxNWY0NmdtdDRjaGtwYWJncHVwMTdjZTYiLCJldmVudF9pZCI6IjI3ZDg1ODlkLTY1NDAtNGEzMy1iNDg0LTRhY2VmMTM0YzM1YiIsInRva2VuX3VzZSI6ImlkIiwiYXV0aF90aW1lIjoxNzc5OTg5NzU0LCJleHAiOjE3Nzk5OTMzNTQsImlhdCI6MTc3OTk4OTc1NCwianRpIjoiMDQxYjE5YjgtOWI2MC00NDA0LThkZDAtNzc3YWRlZWYyMzNmIiwiZW1haWwiOiJ0ZWNuaWNvLTIwM0BiaXRlY28uY29tIn0.ihs8reC1Ymz6Q49yMuMHPis1QjOOPLQfN5sKr2S0zVEkToUFr_PKwiiC4gSp7GelpixhBqCGIognUFTfyfgJxsdv0etaw-G3GlALO_DWIjEAuFpgqhWSboLiDvhpqKQtkFdfAn_ZVJUYh443U0wiE9faZ_g52LdVE-orbRjZBdSNVaqA0XZX4tKt5Q4ABU9bqHFsnY0zfT_Yu9yE8fgP_x_cfRg2MCK553YNxkKMYUUxv5pxJDTde4eXflZH2f1FVZhiwjllmbS8nnrCVZqx5YciEVJYlHjfr0WpzzQFdAdz6OuuitAMGhr8kcgkVC4hzqzieZ00mYZctZHNkzDOFQ
tecnico-204,tecnico,5,2026,1,eyJraWQiOiJEZ0VqOWg3UkwxeE1mcTV6dm1XcnlhWHdPZTZ3eW9WRDFNMDBVeENYaUUwPSIsImFsZyI6IlJTMjU2In0.eyJzdWIiOiJkNDg4NzRmOC1iMDgxLTcwNjMtZTA1Ni05MzlmYTA4ZmNiZmUiLCJjb2duaXRvOmdyb3VwcyI6WyJ0ZWNuaWNvIl0sImVtYWlsX3ZlcmlmaWVkIjp0cnVlLCJpc3MiOiJodHRwczovL2NvZ25pdG8taWRwLnVzLWVhc3QtMS5hbWF6b25hd3MuY29tL3VzLWVhc3QtMV9RR2hSTkpOY3MiLCJjb2duaXRvOnVzZXJuYW1lIjoidGVjbmljby0yMDQiLCJvcmlnaW5fanRpIjoiY2M2ZDhkOGQtNGMxNy00YjUzLTg0M2UtZmNkYzRjYWIwZjJkIiwiYXVkIjoiN2VxNWY0NmdtdDRjaGtwYWJncHVwMTdjZTYiLCJldmVudF9pZCI6IjM3NzljNmQ3LTk5ODAtNDdlMy1hYzQ1LWJmNTM3YjhkYTBlYiIsInRva2VuX3VzZSI6ImlkIiwiYXV0aF90aW1lIjoxNzc5OTg5NzU0LCJleHAiOjE3Nzk5OTMzNTQsImlhdCI6MTc3OTk4OTc1NCwianRpIjoiYWExOGYxNTQtYTBlNi00N2I4LWIxZWQtYjEyYzU2Mjk0OTIyIiwiZW1haWwiOiJ0ZWNuaWNvLTIwNEBiaXRlY28uY29tIn0.T1Oa9Y9SYQ0XW3odssByrby80gkxrglZM5xHGQTWlwHny5Vz9olwVD_vrdD1Lci1yOHfqhjLzYDzVH-8sckSm9D-olQMP3lVXc3ISUQ5vKDd9vgexPS7LlFvwRhxDT6fhEJQdKuzQ7344Tv-kXLPMXmd6C4GG5Mj8F1H7EltnQzNxfoelbaFr0cgBrQgAEMm1SuVFBASDnbvPaes-VpVhzs9f8J1jcujw5cl8ixFd3k0gzKzlT8wKEUSEnMfQvaysf4TpNJvap_zws-Em_vrwY5WZLzq3C5YWGWXBdO5_ta7nGyzPCGZDRNx6fAznPyJap_FDEjdBCMTGbEYa3CUSw
tecnico-205,tecnico,6,2026,2,eyJraWQiOiJEZ0VqOWg3UkwxeE1mcTV6dm1XcnlhWHdPZTZ3eW9WRDFNMDBVeENYaUUwPSIsImFsZyI6IlJTMjU2In0.eyJzdWIiOiI3NGQ4ODQxOC0yMGUxLTcwODItNzViNC01MWQ1ZmUyNjBkY2YiLCJjb2duaXRvOmdyb3VwcyI6WyJ0ZWNuaWNvIl0sImVtYWlsX3ZlcmlmaWVkIjp0cnVlLCJpc3MiOiJodHRwczovL2NvZ25pdG8taWRwLnVzLWVhc3QtMS5hbWF6b25hd3MuY29tL3VzLWVhc3QtMV9RR2hSTkpOY3MiLCJjb2duaXRvOnVzZXJuYW1lIjoidGVjbmljby0yMDUiLCJvcmlnaW5fanRpIjoiNzVkYWZiM2EtNWE2NS00MzE5LWFhNzQtOTMzYWQyNWU5Nzk3IiwiYXVkIjoiN2VxNWY0NmdtdDRjaGtwYWJncHVwMTdjZTYiLCJldmVudF9pZCI6IjQ2MmEwYzRiLTk2ZDAtNDYyNS05NjA2LTJiZTQ3Yzg5YTNlMyIsInRva2VuX3VzZSI6ImlkIiwiYXV0aF90aW1lIjoxNzc5OTg5NzU0LCJleHAiOjE3Nzk5OTMzNTQsImlhdCI6MTc3OTk4OTc1NCwianRpIjoiMjlhN2NhOWItYzJmZS00N2JiLWFjNWEtN2JiNzA2NmM0OTM3IiwiZW1haWwiOiJ0ZWNuaWNvLTIwNUBiaXRlY28uY29tIn0.FaujjogUocpyoSOlS-EoOyYT39Umfdqkv2oO8yYomopSXCXDZyJJDJbBNOReVlXi4qWv_Wrygw3VkTjhliK8impFBouRyywBInol0tJAbCL5LhSzIG6RYLU7CmzYvYU2rKmDuD7Y3y3YYHYE2BQ-OAvLUxBnqPOx0AaZKsp5dlYyRHe12R2wDPaguwe_OHs3g8cVv39lRFfJ7E46sb8JeNSdh1sF0tzmUcFpsDVb6W5TRmh0sVdnUZbJ1cXanJJVPDPoEo0GTpbt0yvQD6iHuURaEJrnIYesQLqIF856JbK-F6-ieqDkkw6gjrRJsERruOPjNdnaasrNykDyqwQNuA
tecnico-206,tecnico,7,2026,3,eyJraWQiOiJEZ0VqOWg3UkwxeE1mcTV6dm1XcnlhWHdPZTZ3eW9WRDFNMDBVeENYaUUwPSIsImFsZyI6IlJTMjU2In0.eyJzdWIiOiJhNGY4NzRmOC1mMDUxLTcwNTEtMjU0Yi1iZDIwOTU0NTM1NzQiLCJjb2duaXRvOmdyb3VwcyI6WyJ0ZWNuaWNvIl0sImVtYWlsX3ZlcmlmaWVkIjp0cnVlLCJpc3MiOiJodHRwczovL2NvZ25pdG8taWRwLnVzLWVhc3QtMS5hbWF6b25hd3MuY29tL3VzLWVhc3QtMV9RR2hSTkpOY3MiLCJjb2duaXRvOnVzZXJuYW1lIjoidGVjbmljby0yMDYiLCJvcmlnaW5fanRpIjoiMTI0ZjUxODMtZjg5Yi00N2M4LWFhYTktOWQ4OTM5ZmE5YzE4IiwiYXVkIjoiN2VxNWY0NmdtdDRjaGtwYWJncHVwMTdjZTYiLCJldmVudF9pZCI6IjZjOGRlYTY4LWNhNDEtNGZjOC1iNDRkLTBlMDkyZWVjZDVhMiIsInRva2VuX3VzZSI6ImlkIiwiYXV0aF90aW1lIjoxNzc5OTg5NzU1LCJleHAiOjE3Nzk5OTMzNTUsImlhdCI6MTc3OTk4OTc1NSwianRpIjoiNjZiNTMyMmYtMzllYy00OTEzLTg5YjUtNTE3NWM4OTFkYmEzIiwiZW1haWwiOiJ0ZWNuaWNvLTIwNkBiaXRlY28uY29tIn0.3Zc0bQ51dyIrt_rIJm_iFyT1EtthMA_cLRJKANAPHbuXxVTKlLVeHlHpCy0MV3M0-y2wvHdfoE0fmg4P9_0xPbEmB_hbhvBgNEy7tlF9JWygXyeAwwuj5kAfXsZ7OSAn6ACRGP36h2qWPWIGG9X6YtlsHdE2460-M4uILmlEx8DJwbGxs0ufV_9GxGGcYBvvbbwr8JG4LShJpKUDKTvYra7xIXUq8Kh9ltIE5HDMMNklcyw29NkuoI5ZpwtilLAxa2MYwVQNV0xaUuJ-46gQNP6tjlTN9SotcYaCrbP0519Irh_Gq8-UZa87K90wLB0rxiQlQx3A8g2CYO9oR6FZXA
tecnico-207,tecnico,8,2026,4,eyJraWQiOiJEZ0VqOWg3UkwxeE1mcTV6dm1XcnlhWHdPZTZ3eW9WRDFNMDBVeENYaUUwPSIsImFsZyI6IlJTMjU2In0.eyJzdWIiOiI1NDE4YjQ1OC04MGQxLTcwNjEtMjU1OC1iNjIxZTJjYjljNTgiLCJjb2duaXRvOmdyb3VwcyI6WyJ0ZWNuaWNvIl0sImVtYWlsX3ZlcmlmaWVkIjp0cnVlLCJpc3MiOiJodHRwczovL2NvZ25pdG8taWRwLnVzLWVhc3QtMS5hbWF6b25hd3MuY29tL3VzLWVhc3QtMV9RR2hSTkpOY3MiLCJjb2duaXRvOnVzZXJuYW1lIjoidGVjbmljby0yMDciLCJvcmlnaW5fanRpIjoiYzI1MTAwZDItNDY2MS00YTQ0LTk4MGQtZmNmNTVjZDM3YjkxIiwiYXVkIjoiN2VxNWY0NmdtdDRjaGtwYWJncHVwMTdjZTYiLCJldmVudF9pZCI6ImU4NGMxYmFkLWE5ZDAtNDI3OS1iNWIwLTQ4NjIzMWM4ODQ4NCIsInRva2VuX3VzZSI6ImlkIiwiYXV0aF90aW1lIjoxNzc5OTg5NzU1LCJleHAiOjE3Nzk5OTMzNTUsImlhdCI6MTc3OTk4OTc1NSwianRpIjoiZThhOWJlNGMtYjg0ZS00YmZlLWIyMzktMWI4ZGMyMTEzNDcwIiwiZW1haWwiOiJ0ZWNuaWNvLTIwN0BiaXRlY28uY29tIn0.bXCrvD-PqDSSo_iTCj5St3ea3jJo-23O7Rr8rY2JOMq1mXMgJ8Ekpb5mMlcvlaXY-rJUvjbEF3fPGa3vXtPabM4iluSr3QZtpjJjmE9PsXQKz1AYy8OfhUcsVRyzDdZB_fXSFQ1o9nsqfQZpQsv6YmDDeJS3RbEibM0Whll0aQ8Pvalf1XqVbUexEshk5k0i71dkG_H1zgeYAKq7xBs61jT3TRks7W6hZtDlcV0mcO0VHfrLITYYTGTZ8G0mUiMdoobLaTAOQz-N8ENW1UJ8jk5CyCYmiyup5wtvmX8vPORplWHse0FsShWQV0_bz2HgNPcFJ8GX5grm-hzQZZKgYQ
tecnico-208,tecnico,9,2026,1,eyJraWQiOiJEZ0VqOWg3UkwxeE1mcTV6dm1XcnlhWHdPZTZ3eW9WRDFNMDBVeENYaUUwPSIsImFsZyI6IlJTMjU2In0.eyJzdWIiOiIwNDc4MzQ5OC04MDAxLTcwNjUtYjk2Yi1mMjNlNjkyYzMwNjgiLCJjb2duaXRvOmdyb3VwcyI6WyJ0ZWNuaWNvIl0sImVtYWlsX3ZlcmlmaWVkIjp0cnVlLCJpc3MiOiJodHRwczovL2NvZ25pdG8taWRwLnVzLWVhc3QtMS5hbWF6b25hd3MuY29tL3VzLWVhc3QtMV9RR2hSTkpOY3MiLCJjb2duaXRvOnVzZXJuYW1lIjoidGVjbmljby0yMDgiLCJvcmlnaW5fanRpIjoiNDgzNzdiNTgtNjJlNC00YzQ0LWI1MzAtNmVjMzY3YjdmYWFmIiwiYXVkIjoiN2VxNWY0NmdtdDRjaGtwYWJncHVwMTdjZTYiLCJldmVudF9pZCI6Ijg4OWVmNTFkLTAzZDUtNDBlMC1hN2RiLWM0YjE4OTA0YWUzOSIsInRva2VuX3VzZSI6ImlkIiwiYXV0aF90aW1lIjoxNzc5OTg5NzU1LCJleHAiOjE3Nzk5OTMzNTUsImlhdCI6MTc3OTk4OTc1NSwianRpIjoiZmE4NGIzZGMtODFjMy00MmNiLThkYjYtNTIwZDY0ZDUyNjk0IiwiZW1haWwiOiJ0ZWNuaWNvLTIwOEBiaXRlY28uY29tIn0.BHQMzxHXn7q04NQMlmRHjkcfWLRI-z6AVAeNlLfaYoIyqO6ZtrHfWyZhlhCwk1sopiNSC4GXCKaq8HlEkSf3J0-qwMK1W4Mn3_KMFrWZw5hLTixg1dhJCUZSvhPt-4nmKBejb4crl_C2kOQT1hrCavpjbsebXCFH6G8nU7BE0RLQBAFir3cFg701_dsemKOlqBuPt7AV9YW-wlt4RjxhUZ1Cc-nwznoV0yUYq5bgU2KeXgmfk-WuX0EbCwLiKrEFtEnRU3sGMY6W62RZ95-WWYlSaTRTUFjcnh6KbwApboxUOvp4WftGFHYV_DW_IJUqy7ayY4NxneQwkNrdtTysKA
tecnico-209,tecnico,10,2026,2,eyJraWQiOiJEZ0VqOWg3UkwxeE1mcTV6dm1XcnlhWHdPZTZ3eW9WRDFNMDBVeENYaUUwPSIsImFsZyI6IlJTMjU2In0.eyJzdWIiOiI0NGM4OTRlOC03MDYxLTcwMTktZDE5OC05YzEyN2EzNGUwYzIiLCJjb2duaXRvOmdyb3VwcyI6WyJ0ZWNuaWNvIl0sImVtYWlsX3ZlcmlmaWVkIjp0cnVlLCJpc3MiOiJodHRwczovL2NvZ25pdG8taWRwLnVzLWVhc3QtMS5hbWF6b25hd3MuY29tL3VzLWVhc3QtMV9RR2hSTkpOY3MiLCJjb2duaXRvOnVzZXJuYW1lIjoidGVjbmljby0yMDkiLCJvcmlnaW5fanRpIjoiZDE1ODg3YjctYTgzZS00ZDc2LWIzZDMtM2Q0ZTk2YjdmODdjIiwiYXVkIjoiN2VxNWY0NmdtdDRjaGtwYWJncHVwMTdjZTYiLCJldmVudF9pZCI6IjcyZGNjMGIyLWM4OWItNDg1OC04YzEzLWRhN2I4YWU2Njk5MiIsInRva2VuX3VzZSI6ImlkIiwiYXV0aF90aW1lIjoxNzc5OTg5NzU1LCJleHAiOjE3Nzk5OTMzNTUsImlhdCI6MTc3OTk4OTc1NSwianRpIjoiNjIyYjZhOTItZjk2NS00NjBjLTk0NmItMjU0Y2UwZTA0ZWI0IiwiZW1haWwiOiJ0ZWNuaWNvLTIwOUBiaXRlY28uY29tIn0.kO2PhJJks3cPx3jiNDM8PRqk7WeytvXi7TiEv5Mrdv18oXJg5Ryi_D2cBB45LWAdUnEM8N3B5PfFGv2iU_o-hNM0VNUifcGZE5LNrFWrUM6UdgGfpcgWto9DSfPf5X-UOnKexOljVZ6Zps8ytOteV3UNtmAGOetvIXORzWugSwUmHTZNMWJ3uLiwxf2hys2C2QXQBjcN0H34wzlzPaLVKmILZovwTZwy34MqfTEStnijxtHcAyLwIhGCzcX8rHsYoki1-581AF9C1UXXaePrVssRNkE-E6P09SEyw4VSvagk50_0lD1bCHn_hOtwXEXIZlmJYmyVoXisKdKZ1mVqog
tecnico-210,tecnico,1,2026,3,eyJraWQiOiJEZ0VqOWg3UkwxeE1mcTV6dm1XcnlhWHdPZTZ3eW9WRDFNMDBVeENYaUUwPSIsImFsZyI6IlJTMjU2In0.eyJzdWIiOiI5NGQ4ZDQyOC04MGIxLTcwZjMtNGM5Mi1lMTc5MjhkMTJmYmMiLCJjb2duaXRvOmdyb3VwcyI6WyJ0ZWNuaWNvIl0sImVtYWlsX3ZlcmlmaWVkIjp0cnVlLCJpc3MiOiJodHRwczovL2NvZ25pdG8taWRwLnVzLWVhc3QtMS5hbWF6b25hd3MuY29tL3VzLWVhc3QtMV9RR2hSTkpOY3MiLCJjb2duaXRvOnVzZXJuYW1lIjoidGVjbmljby0yMTAiLCJvcmlnaW5fanRpIjoiZmRmZWUyY2YtNmY1MC00NjBmLTk4ZGQtZjM3ZDFhMmY4NDY0IiwiYXVkIjoiN2VxNWY0NmdtdDRjaGtwYWJncHVwMTdjZTYiLCJldmVudF9pZCI6IjA1YTg5OTY3LTFkM2UtNDEwNS04MGYxLTk2ODMwNjM3YjM5OCIsInRva2VuX3VzZSI6ImlkIiwiYXV0aF90aW1lIjoxNzc5OTg5NzU2LCJleHAiOjE3Nzk5OTMzNTYsImlhdCI6MTc3OTk4OTc1NiwianRpIjoiZjAwYTdmM2YtOGRkNi00YjhkLTg0ZDYtMGUzNzZmNmVhMjFlIiwiZW1haWwiOiJ0ZWNuaWNvLTIxMEBiaXRlY28uY29tIn0.D63isSNZ_PCbEUaB7WTqDwkWZdunVH3GZ5TEE_UB5HxgY1GdEmFCegLoObjw_kBRnFVQbMykUBVg8tADoEssHvqT9gPMJQyHy6Zm0RMRKfaXWrKD2IvkRYJ4Xm1vpqaO0f0BhzyVc0hb5-qWHI3ZHl00YY4nNprbbWnn_QFFFxCQjsCGHdSkdg_0KvLgzDy_Wnpit9fwhFHsJjMmAz8HTtwbq0UmyLrQPf5VjmaGIe2My8K-SJHcGLexPxpQQUOCJToUn0tKNlQlHdJ0dBeyrVr-XB73lDwQOZR55AXydHVl7Dgg8xDNoutGIJvFg9U61Y_rAfnh8QoGLeNSjkm1Bw
tecnico-211,tecnico,2,2026,4,eyJraWQiOiJEZ0VqOWg3UkwxeE1mcTV6dm1XcnlhWHdPZTZ3eW9WRDFNMDBVeENYaUUwPSIsImFsZyI6IlJTMjU2In0.eyJzdWIiOiI0NGQ4MTQ0OC03MGUxLTcwMmYtZjk4MS02ZDYxMWRhMTRkZDEiLCJjb2duaXRvOmdyb3VwcyI6WyJ0ZWNuaWNvIl0sImVtYWlsX3ZlcmlmaWVkIjp0cnVlLCJpc3MiOiJodHRwczovL2NvZ25pdG8taWRwLnVzLWVhc3QtMS5hbWF6b25hd3MuY29tL3VzLWVhc3QtMV9RR2hSTkpOY3MiLCJjb2duaXRvOnVzZXJuYW1lIjoidGVjbmljby0yMTEiLCJvcmlnaW5fanRpIjoiMTg4YzNhY2ItMWY0OS00MDI1LTliNjEtZGM3ZGVjZmQxZDA1IiwiYXVkIjoiN2VxNWY0NmdtdDRjaGtwYWJncHVwMTdjZTYiLCJldmVudF9pZCI6ImVhMDgwNjAxLTA4ZjktNDljZS05NTU1LTZmMGNkMDQzMmIyYSIsInRva2VuX3VzZSI6ImlkIiwiYXV0aF90aW1lIjoxNzc5OTg5NzU2LCJleHAiOjE3Nzk5OTMzNTYsImlhdCI6MTc3OTk4OTc1NiwianRpIjoiMzMzMDk0NTEtNDczNC00MGViLWExNmUtYjQ4ZjM2NDFiNDZhIiwiZW1haWwiOiJ0ZWNuaWNvLTIxMUBiaXRlY28uY29tIn0.JeJTNmJmDYgQLTgltd3ciIbqCZIdk4MSL3jUBqyuWKrOWg8bkS5KS1QzG6OzYq0KdwLRKZZYlqj0N-m629G2c7HQbzg7EBEr3_5denmlsfnxknKYUOHuoFwl3VyI-x4NtUFForSrfQiXre1UL1TVQVqKwf-O4ecdi6eEui3T6sA62YayqiHUFm60SKFcMG8dEzcp4neHH2sft4nR5uZe55GZ5_WrcsF8derWYRaR10TSHM50qeCpis17ecyQwZDgNaPjJEM3f5rfpY-HXKLEcexj49BlF6IxgBf1rXIcmkvbis7-c8GwOjfzYbOlVebYIwSbFSD8Y2-IhdyGu__pxg
tecnico-212,tecnico,3,2026,1,eyJraWQiOiJEZ0VqOWg3UkwxeE1mcTV6dm1XcnlhWHdPZTZ3eW9WRDFNMDBVeENYaUUwPSIsImFsZyI6IlJTMjU2In0.eyJzdWIiOiJjNDk4MDQyOC0xMGIxLTcwYjgtNjFhNS1lNWVhM2I5ZGFkMjAiLCJjb2duaXRvOmdyb3VwcyI6WyJ0ZWNuaWNvIl0sImVtYWlsX3ZlcmlmaWVkIjp0cnVlLCJpc3MiOiJodHRwczovL2NvZ25pdG8taWRwLnVzLWVhc3QtMS5hbWF6b25hd3MuY29tL3VzLWVhc3QtMV9RR2hSTkpOY3MiLCJjb2duaXRvOnVzZXJuYW1lIjoidGVjbmljby0yMTIiLCJvcmlnaW5fanRpIjoiYTE4NzM4N2ItYzU5Yi00NjdlLWI2MTMtNTZmZTdmNTZjMzllIiwiYXVkIjoiN2VxNWY0NmdtdDRjaGtwYWJncHVwMTdjZTYiLCJldmVudF9pZCI6ImY2NjI3Y2U0LTMwNDctNGM3YS1iMGFjLTFjZTRjMzA3MWQ0ZSIsInRva2VuX3VzZSI6ImlkIiwiYXV0aF90aW1lIjoxNzc5OTg5NzU2LCJleHAiOjE3Nzk5OTMzNTYsImlhdCI6MTc3OTk4OTc1NiwianRpIjoiN2NlYTI0ODctNTQ3Yi00ZWM1LTk1MjctNTk1ZGU2MmI2NjVmIiwiZW1haWwiOiJ0ZWNuaWNvLTIxMkBiaXRlY28uY29tIn0.IAdI3uRamZWcQijVseq0NqCogRtWyGedkIpfiJAF8Aj-3W6diARVYTvyph4z8BaSA55sw1gqRMFoJPulzXKFIYg4z_ooOG9_KzQvYTkpVJVfNK4jLZkAFVeYIO8WiKMaxDPiI8LTVxDyVH-YKUEKRJiNH-jLGoIXFaG15SAxR3sStvWL6Qq0H9miTf3LrEXYpuxnRTHllE6aFWyD66sG2VxrWEUctbzWLAIMxRcWLReJOtfUSgVbKqRFgma4VyI4yqDmm444XToE9YbVktQ3bgsEIlk6xchiylZRDxXw1sUXaKmrLWyL7I76yq1uIeoWIl9p4sXojwtMNprzWdBRig
tecnico-213,tecnico,4,2026,2,eyJraWQiOiJEZ0VqOWg3UkwxeE1mcTV6dm1XcnlhWHdPZTZ3eW9WRDFNMDBVeENYaUUwPSIsImFsZyI6IlJTMjU2In0.eyJzdWIiOiI4NGU4ODQyOC0wMGUxLTcwYjctNDFiNy1kMDhlNmIwOTA0NTUiLCJjb2duaXRvOmdyb3VwcyI6WyJ0ZWNuaWNvIl0sImVtYWlsX3ZlcmlmaWVkIjp0cnVlLCJpc3MiOiJodHRwczovL2NvZ25pdG8taWRwLnVzLWVhc3QtMS5hbWF6b25hd3MuY29tL3VzLWVhc3QtMV9RR2hSTkpOY3MiLCJjb2duaXRvOnVzZXJuYW1lIjoidGVjbmljby0yMTMiLCJvcmlnaW5fanRpIjoiMGQ1OGJlNzUtNDUyZC00NmZmLTk1NDMtYWE1OTk4OWZhN2RjIiwiYXVkIjoiN2VxNWY0NmdtdDRjaGtwYWJncHVwMTdjZTYiLCJldmVudF9pZCI6IjAyNzMxNWY0LTg1MTctNGI4Yy04YzllLWI3ZTA5YTgxY2ZlMSIsInRva2VuX3VzZSI6ImlkIiwiYXV0aF90aW1lIjoxNzc5OTg5NzU2LCJleHAiOjE3Nzk5OTMzNTYsImlhdCI6MTc3OTk4OTc1NiwianRpIjoiZWE5OTFhZWUtM2JlMC00Y2E2LTk4ZjUtMTY5NDJmMDEyMDAxIiwiZW1haWwiOiJ0ZWNuaWNvLTIxM0BiaXRlY28uY29tIn0.4yq5cGXlWfVblq8ZM8xYM1a2YC-MF2uOlhEqorB9gjMRqKPuyUsyCfQS1q2VMSiph5fwdjyO8AmJ-S_JgJI_J-6NtIqy7VOzscT6LQ0ObjAm9Ps3T4-1BcqcYSOu06PcH8AdWvSzwlfijsgnron_EO9gZ839uxun2yU5uKoIlkbSGh1nyJskLvIv9UnlkIRYAu9wg2jL0znvPOaioWg1PRiHKoSkixeqVdFxVJPEcanBPRv8WgEh9Ktl5ymj_tllFzSYqwYHbr7y6Ys1WoUFg9Dy4CetQmo_F48oNb3jG3nqPmIgW8oHqNoJx2tM5b8Mf7Ekt2A-aLhpSrfPs_BSTA
tecnico-214,tecnico,5,2026,3,eyJraWQiOiJEZ0VqOWg3UkwxeE1mcTV6dm1XcnlhWHdPZTZ3eW9WRDFNMDBVeENYaUUwPSIsImFsZyI6IlJTMjU2In0.eyJzdWIiOiI5NDM4YjQ2OC1iMDIxLTcwNTQtMWMzNi05NTI5Zjg0MzAxODYiLCJjb2duaXRvOmdyb3VwcyI6WyJ0ZWNuaWNvIl0sImVtYWlsX3ZlcmlmaWVkIjp0cnVlLCJpc3MiOiJodHRwczovL2NvZ25pdG8taWRwLnVzLWVhc3QtMS5hbWF6b25hd3MuY29tL3VzLWVhc3QtMV9RR2hSTkpOY3MiLCJjb2duaXRvOnVzZXJuYW1lIjoidGVjbmljby0yMTQiLCJvcmlnaW5fanRpIjoiYmZkNWZlZTItYjg3Ny00OGQyLWJlYmMtMjg1MDQwNDRmNDEwIiwiYXVkIjoiN2VxNWY0NmdtdDRjaGtwYWJncHVwMTdjZTYiLCJldmVudF9pZCI6IjFmZWM2ODNjLWVhMzgtNGQzNy05MWEwLWI5ZTdiN2ZhODIyNyIsInRva2VuX3VzZSI6ImlkIiwiYXV0aF90aW1lIjoxNzc5OTg5NzU3LCJleHAiOjE3Nzk5OTMzNTcsImlhdCI6MTc3OTk4OTc1NywianRpIjoiMjM1OTExMDUtMDY1Ny00NDg2LWJlMzctYjI2YTI1OTAzMTNjIiwiZW1haWwiOiJ0ZWNuaWNvLTIxNEBiaXRlY28uY29tIn0.u7s27WEwEdVfgtR431jWZHZTUCyX4SOoa6On_YF9tKbVbVbkvmUneYHDyTjT7X9txPVi2mIwa64muL_40Hl3WGwuV7F5iQRThIUVcQHEUXfxabYlThNuAztXdepTYDiA_f-UNccfMQ7u7t5RZ5F7TGd4KmyJqtRKDugU3kk7MSQIjtAXLfv1aza18HCXKNO-aNWH55ooX5BXio2Y6hZLWGH0mFiDi2fwvNu5ZCT7N28kYDLSaeYOibfkBec0ZjI60LRNe0R_xHgGB2Q5rof7LP2J3QFep_7OW-wkJqg8C1l5FDEZQ8c4F-rGusK979-YqUSS0mVdfDlxz1BAgrRTwg
tecnico-215,tecnico,6,2026,4,eyJraWQiOiJEZ0VqOWg3UkwxeE1mcTV6dm1XcnlhWHdPZTZ3eW9WRDFNMDBVeENYaUUwPSIsImFsZyI6IlJTMjU2In0.eyJzdWIiOiIxNDA4OTQ5OC00MGMxLTcwNTgtZTNhZi02YjZkYjljZTEyNTIiLCJjb2duaXRvOmdyb3VwcyI6WyJ0ZWNuaWNvIl0sImVtYWlsX3ZlcmlmaWVkIjp0cnVlLCJpc3MiOiJodHRwczovL2NvZ25pdG8taWRwLnVzLWVhc3QtMS5hbWF6b25hd3MuY29tL3VzLWVhc3QtMV9RR2hSTkpOY3MiLCJjb2duaXRvOnVzZXJuYW1lIjoidGVjbmljby0yMTUiLCJvcmlnaW5fanRpIjoiN2QzNGRmZWYtOTY0ZS00MWFjLTkzYWMtODg1NGQ1MTUzNDA5IiwiYXVkIjoiN2VxNWY0NmdtdDRjaGtwYWJncHVwMTdjZTYiLCJldmVudF9pZCI6IjE0ZGMyYWZkLTNhZDctNDgxZS05ZDhhLTViNjlkMmZlMTM1ZCIsInRva2VuX3VzZSI6ImlkIiwiYXV0aF90aW1lIjoxNzc5OTg5NzU3LCJleHAiOjE3Nzk5OTMzNTcsImlhdCI6MTc3OTk4OTc1NywianRpIjoiNjQyODkwNGItMDAxZS00YmQ0LWFkMWQtMTBjMWYxYTdmMTc3IiwiZW1haWwiOiJ0ZWNuaWNvLTIxNUBiaXRlY28uY29tIn0.QmaUhduM7IPAy7xuiENLV_EfSy8FX4LN5yoqE5tC-oKHZjVWGXEUwzv5XXYDV5R-4IMnqesBwaLOWiLkNzzFqYXhc8kKrF-VDq0jNr_YNxVfZxURj9COu8YEinUZojuk6ZYOFt5kAk0ABgoNA61l0GWOR8CbD6530RNvqdH7xxbMEJWI6VajurXV-vuRzxJ0kU149AEMSHpeUrao-NMb0DQeD2IShKXIuqwsB_6m6nWJaa1MBmj7KdxJAaUmjQRT7WVVbUAiJarN_1XYA5rE4wHaCba_n7NOXFUJgpD9PF6QK_P1nIexkA2XU6nf0dY0JL4NZVNPVPNOlfEDcMNvdw
tecnico-216,tecnico,7,2026,1,eyJraWQiOiJEZ0VqOWg3UkwxeE1mcTV6dm1XcnlhWHdPZTZ3eW9WRDFNMDBVeENYaUUwPSIsImFsZyI6IlJTMjU2In0.eyJzdWIiOiJhNDQ4ZTQyOC0xMDQxLTcwY2MtZmQ0Yi1iMDdlMGI2Mzk5NjgiLCJjb2duaXRvOmdyb3VwcyI6WyJ0ZWNuaWNvIl0sImVtYWlsX3ZlcmlmaWVkIjp0cnVlLCJpc3MiOiJodHRwczovL2NvZ25pdG8taWRwLnVzLWVhc3QtMS5hbWF6b25hd3MuY29tL3VzLWVhc3QtMV9RR2hSTkpOY3MiLCJjb2duaXRvOnVzZXJuYW1lIjoidGVjbmljby0yMTYiLCJvcmlnaW5fanRpIjoiNzM2ZDMyMDctYmZkMy00M2Q5LWE0M2ItYWM0MmIxNzE4NzcxIiwiYXVkIjoiN2VxNWY0NmdtdDRjaGtwYWJncHVwMTdjZTYiLCJldmVudF9pZCI6ImRiOGVkMDcxLTVmZTYtNDExYS05Yzc5LThkNDQ3Nzk0MjIxZiIsInRva2VuX3VzZSI6ImlkIiwiYXV0aF90aW1lIjoxNzc5OTg5NzU3LCJleHAiOjE3Nzk5OTMzNTcsImlhdCI6MTc3OTk4OTc1NywianRpIjoiMDhkZDFlMGYtMzA4MS00ZTcyLWJmOGEtY2FmNmEyMGY1NzQ1IiwiZW1haWwiOiJ0ZWNuaWNvLTIxNkBiaXRlY28uY29tIn0.eXno6-mojKkDQen2wpuqP1i1qdAoQoMfFE3YnyLWhFBi59rbmCQCxFRYEhkEhsIkQOckb_qa0YSyn-lytbDSSqsvVXm2d7NAAFqUKKUnQUOp_teQp9xzC1UCEdCbbEKYxWmonSLbiYdQcJ-A61PcDchTUp9MSVo5O5hKLHMNbilieHYsmFjrTqvLf_OhPkCRp7Gn0lqP-9FjmSkhAaxhFyAD5tflTSuNEnaIRsjnufc5pZm7WCWf4tkdXz88c9QcrBEwYgT7e8lsIVUnrc17A_5gv4L-ZTATO3MO_BTH8ERsQN6MWROnRBBJu384rO_sZkZ86KPg22-5Fkd6YSlAsw
tecnico-217,tecnico,8,2026,2,eyJraWQiOiJEZ0VqOWg3UkwxeE1mcTV6dm1XcnlhWHdPZTZ3eW9WRDFNMDBVeENYaUUwPSIsImFsZyI6IlJTMjU2In0.eyJzdWIiOiI5NDA4YzRjOC0zMGMxLTcwN2MtMjVjZC04ZjJmNjA3N2VmZmEiLCJjb2duaXRvOmdyb3VwcyI6WyJ0ZWNuaWNvIl0sImVtYWlsX3ZlcmlmaWVkIjp0cnVlLCJpc3MiOiJodHRwczovL2NvZ25pdG8taWRwLnVzLWVhc3QtMS5hbWF6b25hd3MuY29tL3VzLWVhc3QtMV9RR2hSTkpOY3MiLCJjb2duaXRvOnVzZXJuYW1lIjoidGVjbmljby0yMTciLCJvcmlnaW5fanRpIjoiY2VlOTAxOTctMTk4YS00ODUzLWI1YzYtMjE4OGVkZWI2YWFkIiwiYXVkIjoiN2VxNWY0NmdtdDRjaGtwYWJncHVwMTdjZTYiLCJldmVudF9pZCI6ImFiZmY4OTJmLTc1NjktNDIzNC1hNGM4LTcyZGRiZmUyNzk2ZSIsInRva2VuX3VzZSI6ImlkIiwiYXV0aF90aW1lIjoxNzc5OTg5NzU4LCJleHAiOjE3Nzk5OTMzNTgsImlhdCI6MTc3OTk4OTc1OCwianRpIjoiNzBkNTZlMmItZTRkOC00OWY5LTllNDUtZjU2NjU2OWE0M2IwIiwiZW1haWwiOiJ0ZWNuaWNvLTIxN0BiaXRlY28uY29tIn0.aUEs9LajA9LbYvtjOcez5CMDtx2rLc0ezJWvC3qToRJybo1M5Scch-yV8VXoXyVdWtZDVhCoQgPnj9v6nvdLBPs-NGUU1Ds2DkIKfXuNQcFxLpppmiRwn-7Vod1q2iSMEas3rQojSwcVlirxrlO4qW-QZV_fh2r1TUSF8_ppjZ0USMV7O83OtfvOa_yMfqrwvNIjUUYzZeWFZghSuS8D55gVXFN5ytN640Udwy6ttgwG0q0GLFE1pbj0uYf8CjmhDbwTkZLjHodbkaxeHOgBxXzJfiVdma0Vwpn2UAKcQVptoCcm9xrohwXHVml3qdLGsQ-ZphSyH0Io4CJZRvdG1Q
tecnico-218,tecnico,9,2026,3,eyJraWQiOiJEZ0VqOWg3UkwxeE1mcTV6dm1XcnlhWHdPZTZ3eW9WRDFNMDBVeENYaUUwPSIsImFsZyI6IlJTMjU2In0.eyJzdWIiOiI0NDA4ZDRmOC01MDAxLTcwOWUtYWExMC0zNzk3MDQ0NzQ4MTMiLCJjb2duaXRvOmdyb3VwcyI6WyJ0ZWNuaWNvIl0sImVtYWlsX3ZlcmlmaWVkIjp0cnVlLCJpc3MiOiJodHRwczovL2NvZ25pdG8taWRwLnVzLWVhc3QtMS5hbWF6b25hd3MuY29tL3VzLWVhc3QtMV9RR2hSTkpOY3MiLCJjb2duaXRvOnVzZXJuYW1lIjoidGVjbmljby0yMTgiLCJvcmlnaW5fanRpIjoiZmJjMWRjZTYtNmJhYy00NjE5LWExMWMtYWM4YzQ3NDI1Y2M0IiwiYXVkIjoiN2VxNWY0NmdtdDRjaGtwYWJncHVwMTdjZTYiLCJldmVudF9pZCI6ImNjNDYxOGU4LTM1N2MtNDJkZC04ODgxLTM3NTA5MDQ3NTU1MCIsInRva2VuX3VzZSI6ImlkIiwiYXV0aF90aW1lIjoxNzc5OTg5NzU4LCJleHAiOjE3Nzk5OTMzNTgsImlhdCI6MTc3OTk4OTc1OCwianRpIjoiNzdiNWViYjctYzkyNS00NzJkLTkzODktYzQxZjE4OWE1NGQ2IiwiZW1haWwiOiJ0ZWNuaWNvLTIxOEBiaXRlY28uY29tIn0.Xnz29NsvP6nIXACG4kN59Cyj5gEWRTjK3TCPTkNdn17hcd8qQjsdNMGLry2WPbDqRVIrZVUbM2etWA8p8-LKf5s00GRDSW0RviljJkz2EkSk8gDU7QroPtcUuMlQ1ynpT_92ABNZ39xUtcO0Bl8u4v9FRlH1__POTYRIteayjMF8CJHjHw4VO1GBS_tXCQIzubq940i1hHhTir698mwGs-bqAI2ZZYR_p_MELhpBhepMqaxAxAYU4OI366GcCrd1o6TUwqN_FX6QccyBMtUzzl-HXBZN5vDp2u-DO1yvAiO9mHT2ik6-e13OSmH57GECyNlaVSlPR4-qP_nJrEJekw
tecnico-219,tecnico,10,2026,4,eyJraWQiOiJEZ0VqOWg3UkwxeE1mcTV6dm1XcnlhWHdPZTZ3eW9WRDFNMDBVeENYaUUwPSIsImFsZyI6IlJTMjU2In0.eyJzdWIiOiIzNDY4MjQ4OC0xMDUxLTcwMTItODk4ZS1lMTcyYWQ1ZTM4NGEiLCJjb2duaXRvOmdyb3VwcyI6WyJ0ZWNuaWNvIl0sImVtYWlsX3ZlcmlmaWVkIjp0cnVlLCJpc3MiOiJodHRwczovL2NvZ25pdG8taWRwLnVzLWVhc3QtMS5hbWF6b25hd3MuY29tL3VzLWVhc3QtMV9RR2hSTkpOY3MiLCJjb2duaXRvOnVzZXJuYW1lIjoidGVjbmljby0yMTkiLCJvcmlnaW5fanRpIjoiNzQzNGIyM2EtOWJhYi00MmM3LWJmOTItZGY2OTYxODZjZDZlIiwiYXVkIjoiN2VxNWY0NmdtdDRjaGtwYWJncHVwMTdjZTYiLCJldmVudF9pZCI6Ijg1YmQwZmRhLTRmMmQtNGIzYS1iN2FhLWFkZTk4M2UwMTYwOSIsInRva2VuX3VzZSI6ImlkIiwiYXV0aF90aW1lIjoxNzc5OTg5NzU4LCJleHAiOjE3Nzk5OTMzNTgsImlhdCI6MTc3OTk4OTc1OCwianRpIjoiMmMxMTQ3MWEtYjQwZS00MmQ4LTlhNzEtOTZjMzZjYjU0YWM3IiwiZW1haWwiOiJ0ZWNuaWNvLTIxOUBiaXRlY28uY29tIn0.PF8ar4WQZCEZItZ1InJz74u_5vsi2aSmBKvrBte7f9nhFpWYPOD9MZysExj66dWYsrW2-QAU8bIzCaM4SQ6CgLft2sTDy0XvY9XaFg-Uid4E5OgIrLnmu1t4vvG8H0QFj6Ae11LfwdZWp6LbpYQ223Gky086cwJUxAEBpjzZ--vfTkSSwA64BdW4E6RXI95ndIjeLdZ6c02wcD8sczJpkVmnDDPdkGV_LaqTKk2Raz5auuz7UKQV10l9mk8y3oj4-dQKVbXk1RG9N-mCi2Xbf9v29uX7ZgZZXRGSNuDLSC5Z7qI9Skw6rtOb6xCLyyoXR58BV4d9pnFCqX0Q5vcrHA
tecnico-220,tecnico,1,2026,1,eyJraWQiOiJEZ0VqOWg3UkwxeE1mcTV6dm1XcnlhWHdPZTZ3eW9WRDFNMDBVeENYaUUwPSIsImFsZyI6IlJTMjU2In0.eyJzdWIiOiJlNGM4ZDQ5OC01MDIxLTcwMjUtM2ZjNC0yOGJjM2NhMTdhNTYiLCJjb2duaXRvOmdyb3VwcyI6WyJ0ZWNuaWNvIl0sImVtYWlsX3ZlcmlmaWVkIjp0cnVlLCJpc3MiOiJodHRwczovL2NvZ25pdG8taWRwLnVzLWVhc3QtMS5hbWF6b25hd3MuY29tL3VzLWVhc3QtMV9RR2hSTkpOY3MiLCJjb2duaXRvOnVzZXJuYW1lIjoidGVjbmljby0yMjAiLCJvcmlnaW5fanRpIjoiOGQzNWNmMzgtYTc2Ny00YzBmLWFhZGUtZWIxZjJlOTExZWJlIiwiYXVkIjoiN2VxNWY0NmdtdDRjaGtwYWJncHVwMTdjZTYiLCJldmVudF9pZCI6IjljZGY0M2JkLThjMjEtNDVkOS1iZGYzLWQ3MjdmYzEyODJmYiIsInRva2VuX3VzZSI6ImlkIiwiYXV0aF90aW1lIjoxNzc5OTg5NzU4LCJleHAiOjE3Nzk5OTMzNTgsImlhdCI6MTc3OTk4OTc1OCwianRpIjoiNDg3MzM1NjQtMjllOS00OGIyLTg5M2EtZTUwOGMxZjlmZTFiIiwiZW1haWwiOiJ0ZWNuaWNvLTIyMEBiaXRlY28uY29tIn0.QSSDVFXmVbJ4J8MSaM6Fg0tj_EUpJ-atbsXEcfnceLqju_Z1kB6xQ4k3_GOaIZwqF-CnJdvSsZTD2gQjsjupUwWR53UuMzr_Zif2Cpa00piHnus6e2Gqam0SnclOogPJiuRqdofWXLyKYX566BenAP4ejh6uIuKw6-RLl6AF5HmlwRD4RdbCe8N50rGxvHff6JylKpk8c4r9uBll0XCiR-cUKcXieon8QwZWGw74-WlcVFE0ue_5vr7KQmsgcICBiMsqK3WqQWJ8uLeulwznKJq8jZzj_0R6OwkrAH4hj8UTE027HAM_6-g1Q7_09bsTukYbmQvLB5H1TTD81VxTqA
tecnico-221,tecnico,2,2026,2,eyJraWQiOiJEZ0VqOWg3UkwxeE1mcTV6dm1XcnlhWHdPZTZ3eW9WRDFNMDBVeENYaUUwPSIsImFsZyI6IlJTMjU2In0.eyJzdWIiOiJmNDQ4MjQxOC1mMDkxLTcwOTUtNTkyYi1lOTY5ZThmMTczZDEiLCJjb2duaXRvOmdyb3VwcyI6WyJ0ZWNuaWNvIl0sImVtYWlsX3ZlcmlmaWVkIjp0cnVlLCJpc3MiOiJodHRwczovL2NvZ25pdG8taWRwLnVzLWVhc3QtMS5hbWF6b25hd3MuY29tL3VzLWVhc3QtMV9RR2hSTkpOY3MiLCJjb2duaXRvOnVzZXJuYW1lIjoidGVjbmljby0yMjEiLCJvcmlnaW5fanRpIjoiNGUxMDE4NTUtNmIwNi00MmU5LThlM2UtMDM0ODE1NTlkZGFlIiwiYXVkIjoiN2VxNWY0NmdtdDRjaGtwYWJncHVwMTdjZTYiLCJldmVudF9pZCI6IjE4MjlkZmVlLTcyMTMtNDc5MS1hYTliLTA0NjhkMDZiNzNhNyIsInRva2VuX3VzZSI6ImlkIiwiYXV0aF90aW1lIjoxNzc5OTg5NzU5LCJleHAiOjE3Nzk5OTMzNTksImlhdCI6MTc3OTk4OTc1OSwianRpIjoiMzQ4YWZmZWMtNWYzZS00NGU3LWE3MDYtMDM3NTQ1YzlhNmY0IiwiZW1haWwiOiJ0ZWNuaWNvLTIyMUBiaXRlY28uY29tIn0.3F3642WGDcuBjnYrtXd7e8gLplyJ6x-GyNCr1uhPZAb-QLp-RfIXcLTsesLOhZEMdzzcbh0BpqbvDwjiQFYSGrB_1DkNfxWODnRZcgKeNkO45VEUeTsO5fThWjpFtmO5-DExTo_9lOiKXNyCTn1dwuuhOknYQmm7313WQr2rI83CtN7meL1yJAuSI7YJYMPA31tYkdqdDlOrSqZEQom_p9fM7CT-430gs7XVYiiXCijy3vPuBWll74UZySGiL4AZxwY4KDhlXIfq3f55HdW0qz-w7eTbeurkvniAoup7EpJUK0kl6vjOFJK235jNU8SGZgonMoqtEazpk_lyI9s8Bg
tecnico-222,tecnico,3,2026,3,eyJraWQiOiJEZ0VqOWg3UkwxeE1mcTV6dm1XcnlhWHdPZTZ3eW9WRDFNMDBVeENYaUUwPSIsImFsZyI6IlJTMjU2In0.eyJzdWIiOiJjNDM4ZDQ1OC00MGUxLTcwOTYtZjljOC03YWUzYzQwMDNjMDAiLCJjb2duaXRvOmdyb3VwcyI6WyJ0ZWNuaWNvIl0sImVtYWlsX3ZlcmlmaWVkIjp0cnVlLCJpc3MiOiJodHRwczovL2NvZ25pdG8taWRwLnVzLWVhc3QtMS5hbWF6b25hd3MuY29tL3VzLWVhc3QtMV9RR2hSTkpOY3MiLCJjb2duaXRvOnVzZXJuYW1lIjoidGVjbmljby0yMjIiLCJvcmlnaW5fanRpIjoiYjFkNWI4YmQtYjQ0My00ZWJmLTg5YzItNzhlZDYyNTM3OGFlIiwiYXVkIjoiN2VxNWY0NmdtdDRjaGtwYWJncHVwMTdjZTYiLCJldmVudF9pZCI6ImRhM2VhYzQ0LTg3YmItNGY2Yy04MDM3LWNlZDg4NjQ1NWI3OCIsInRva2VuX3VzZSI6ImlkIiwiYXV0aF90aW1lIjoxNzc5OTg5NzU5LCJleHAiOjE3Nzk5OTMzNTksImlhdCI6MTc3OTk4OTc1OSwianRpIjoiZDE4MTFhZTEtNWM3OC00YzdmLTkxMDUtMjQ1MjgyNDM0MzhjIiwiZW1haWwiOiJ0ZWNuaWNvLTIyMkBiaXRlY28uY29tIn0.vOKJ4qRsUe24WQTP7dk5bGboeEc2LK4S42BU5w_G3j4k20a3i_ucrMuNtH6ZIIsTR9IHubaSMNAXff81pFAmxq2T1nKaXJGMmU1Vw0qcdRg2TbfDisp7zfgksn_6hEWhsPKKZuYc7fynri71vstFGk5Nqu8H5DqFm7czoYanOlJ7lHzxZ4038d_gNQzMzifQ6C9HF-zJMGKLycdjfuvCC5ixU-7R931iH2zwDDK6cEKZQEB8ekxunfcELR2xxrROMKcs8GhtoDFPRFBG0RE5d_tU8QTeueB0KaddJRPat6pKZbCvMnzsZZl-yLLg0knKu04_wzdfl9wrvaH6UwMtKQ
tecnico-223,tecnico,4,2026,4,eyJraWQiOiJEZ0VqOWg3UkwxeE1mcTV6dm1XcnlhWHdPZTZ3eW9WRDFNMDBVeENYaUUwPSIsImFsZyI6IlJTMjU2In0.eyJzdWIiOiIxNDY4YzQ2OC0xMGUxLTcwMWItYTFkMC02MjdmN2M4MTA4NmEiLCJjb2duaXRvOmdyb3VwcyI6WyJ0ZWNuaWNvIl0sImVtYWlsX3ZlcmlmaWVkIjp0cnVlLCJpc3MiOiJodHRwczovL2NvZ25pdG8taWRwLnVzLWVhc3QtMS5hbWF6b25hd3MuY29tL3VzLWVhc3QtMV9RR2hSTkpOY3MiLCJjb2duaXRvOnVzZXJuYW1lIjoidGVjbmljby0yMjMiLCJvcmlnaW5fanRpIjoiMDliMDg2MmUtMWU3MC00NzkzLTk1ZmQtNmEwZDJkM2YwODkyIiwiYXVkIjoiN2VxNWY0NmdtdDRjaGtwYWJncHVwMTdjZTYiLCJldmVudF9pZCI6ImRmYzk3MWIzLTcyMGQtNGZkZi1hZGYzLWVkZWVhNmEyZjMyNCIsInRva2VuX3VzZSI6ImlkIiwiYXV0aF90aW1lIjoxNzc5OTg5NzU5LCJleHAiOjE3Nzk5OTMzNTksImlhdCI6MTc3OTk4OTc1OSwianRpIjoiMTg4YmQwODYtZGVjNy00ODg5LWI1ZTYtMzlhZjJmZjdlMDE3IiwiZW1haWwiOiJ0ZWNuaWNvLTIyM0BiaXRlY28uY29tIn0.PUUeHvseIkPgkApMpcE3yPsigoo7_uKIXLzB5ParLiRyoGmCM78bX7fJsl-alrbefXqz5Tsl89rnvOnffMVWkN4WHsz870eOtxdlv2yIrW_tfLFoV4JvHoe3TjBfLPhuaEfrgMmJ8cldwIZ5IABDv82-i7d9JXDA7xWqmQiEZpeWrnFMXt4V7cGbxpzriUqqFgGb1fy1LdYRucwC6oMJyMvkZV-KTpieluQOXBZVejXbeFizWO7upYnrIltyXpRNpgGj92dinVolAj_iRhg5H2jixNqyIgnw87nzyi-07FggBh4osdc8xPXkaSyd81am9SMjtCfzK_1pUqhaiMvnZQ
tecnico-224,tecnico,5,2026,1,eyJraWQiOiJEZ0VqOWg3UkwxeE1mcTV6dm1XcnlhWHdPZTZ3eW9WRDFNMDBVeENYaUUwPSIsImFsZyI6IlJTMjU2In0.eyJzdWIiOiJkNGY4NDQ2OC04MGIxLTcwM2YtZWZlZi0xZGMzYmUxMjBhMTEiLCJjb2duaXRvOmdyb3VwcyI6WyJ0ZWNuaWNvIl0sImVtYWlsX3ZlcmlmaWVkIjp0cnVlLCJpc3MiOiJodHRwczovL2NvZ25pdG8taWRwLnVzLWVhc3QtMS5hbWF6b25hd3MuY29tL3VzLWVhc3QtMV9RR2hSTkpOY3MiLCJjb2duaXRvOnVzZXJuYW1lIjoidGVjbmljby0yMjQiLCJvcmlnaW5fanRpIjoiZjFmZTNlZTctMDg0Ni00M2UxLTgyZGQtZjUyMDgwZGU3ZTE3IiwiYXVkIjoiN2VxNWY0NmdtdDRjaGtwYWJncHVwMTdjZTYiLCJldmVudF9pZCI6IjgyOGY5MTkwLTk0YWEtNDg5Yy04MjIyLTZiNzliZTczNzdkZSIsInRva2VuX3VzZSI6ImlkIiwiYXV0aF90aW1lIjoxNzc5OTg5NzU5LCJleHAiOjE3Nzk5OTMzNTksImlhdCI6MTc3OTk4OTc1OSwianRpIjoiNDQ1MGI4ODItNzE4ZS00MzNkLTllM2YtYmFiYzAzYTg3MjNhIiwiZW1haWwiOiJ0ZWNuaWNvLTIyNEBiaXRlY28uY29tIn0.v5kIB_iMEN-4wwT0OenT01MQvMKbV7KRPsjSyXciYp0rb9pWxtls-7BFn2RRQoGfiJRR5CcmIah52zD8TifTDfIwWO7AZ4R_PmSrV47Ec65kQJ1YdhzVPu6mBPpzFomkD-OKYyevGQ9-H962UwlP4FFOOzmum84ZRuvKGXdTdtZn7fpcIKy5KXpv0L8cgdfhjfZPSqpnbTOBWd5NbblC1JGRe2pUHAGvFamXGfUPbpkfxguVkqmIAk_c6NgNoAwxjS1WE14yFoZLZ6LcWtCrem6pr5phQb9nIpP1mx3x2PLDUHiuizTZGSvKOp1ou1b0jfhW3KrT4OxPji8anZj5Ng
tecnico-225,tecnico,6,2026,2,eyJraWQiOiJEZ0VqOWg3UkwxeE1mcTV6dm1XcnlhWHdPZTZ3eW9WRDFNMDBVeENYaUUwPSIsImFsZyI6IlJTMjU2In0.eyJzdWIiOiI4NDQ4NDQ1OC0wMGExLTcwNGQtNjE0ZS0wYWVkYjY5YjM2M2QiLCJjb2duaXRvOmdyb3VwcyI6WyJ0ZWNuaWNvIl0sImVtYWlsX3ZlcmlmaWVkIjp0cnVlLCJpc3MiOiJodHRwczovL2NvZ25pdG8taWRwLnVzLWVhc3QtMS5hbWF6b25hd3MuY29tL3VzLWVhc3QtMV9RR2hSTkpOY3MiLCJjb2duaXRvOnVzZXJuYW1lIjoidGVjbmljby0yMjUiLCJvcmlnaW5fanRpIjoiNzA5ZWZjNjUtNzQyNS00ZTY5LTg5MjQtZTdlNzJmYTQyNzA1IiwiYXVkIjoiN2VxNWY0NmdtdDRjaGtwYWJncHVwMTdjZTYiLCJldmVudF9pZCI6IjMzOWU2NTE3LWU1Y2EtNDU4MS04M2JlLWYxYTZmYjk1Y2IyZSIsInRva2VuX3VzZSI6ImlkIiwiYXV0aF90aW1lIjoxNzc5OTg5NzYwLCJleHAiOjE3Nzk5OTMzNjAsImlhdCI6MTc3OTk4OTc2MCwianRpIjoiNTI3MTUxY2UtNjI5MS00ODc3LTkxMzQtYzNkZWU1MWIwNzI1IiwiZW1haWwiOiJ0ZWNuaWNvLTIyNUBiaXRlY28uY29tIn0.hv_WrMGSqR8TAJYdpmlmf1qRGczXpUerSXxj_BCQwPpXUZ_baOCaavyQPcvZXZvki3XSo38Wg4CH7nqgkFdjBnItJzAwAlZDZ7QV6nwS5cJ4HBdbjSPkA04zWy7h-YCxsLrj9qnUFzDdWMdg-12zEU3xDNNIQ8kmekjnSV8s3A2rbByBenDuPLRNGx27CE5Q42fksFeaclGPldE1JwEJEPNrYW3pyf58qoh8s0tGKHiD1pHjzt4DDhaF_zBXzrvBAVbJiZgdAG2lmpFEmycwqpyi13TLOgV44voMDT8gPDJfIuqFGY9MX16S3QKp4QISBXIovuZs9v_eAQlnx-G0uQ
tecnico-226,tecnico,7,2026,3,eyJraWQiOiJEZ0VqOWg3UkwxeE1mcTV6dm1XcnlhWHdPZTZ3eW9WRDFNMDBVeENYaUUwPSIsImFsZyI6IlJTMjU2In0.eyJzdWIiOiI1NGY4YjQzOC1mMDcxLTcwZjAtYzZhMC0yOTg4OGFjZDY4YmYiLCJjb2duaXRvOmdyb3VwcyI6WyJ0ZWNuaWNvIl0sImVtYWlsX3ZlcmlmaWVkIjp0cnVlLCJpc3MiOiJodHRwczovL2NvZ25pdG8taWRwLnVzLWVhc3QtMS5hbWF6b25hd3MuY29tL3VzLWVhc3QtMV9RR2hSTkpOY3MiLCJjb2duaXRvOnVzZXJuYW1lIjoidGVjbmljby0yMjYiLCJvcmlnaW5fanRpIjoiYWMzYTdhNmEtOTYzNi00ZTY3LTk0ZTItNzQxZTgxNmVkYjZkIiwiYXVkIjoiN2VxNWY0NmdtdDRjaGtwYWJncHVwMTdjZTYiLCJldmVudF9pZCI6IjM4YzEwNTY4LTcwYzItNDI4Yy1hN2Q4LTc5YjRiMWFkNDE2MSIsInRva2VuX3VzZSI6ImlkIiwiYXV0aF90aW1lIjoxNzc5OTg5NzYwLCJleHAiOjE3Nzk5OTMzNjAsImlhdCI6MTc3OTk4OTc2MCwianRpIjoiNmQ1ZmFjMzgtNmI1ZS00Y2I4LWI0Y2QtMTlhZTQ0YzRkNjYxIiwiZW1haWwiOiJ0ZWNuaWNvLTIyNkBiaXRlY28uY29tIn0.o-RkebHB5cySQFicEjPjKYneeiQY85f7XKHIgL1i1jDGZufu-7QDFWd0CP0FY4SiiE-wfpl5CUTiK2cFaXpkUUcYgWtxFJeclncNnzHmkwYujsPJ8gaJyAqyQKYWWPDoXGrf1vFSzIlhUAmKJKbVug2U_cWw9q03th1TTVBzl0CCLqUC8fJt-ui3VwX2ZXNp_LQ2uL8SvqKYGdrgBBUMyOU5lgNWgovTxe9j24HxNZp1ZV-DrIfO7r-ywg_K6UaupW8kdw9thQ3xexMX1fdt3ZKkYEEw1gXJaiMhu5yfLV31udb0Ki23AyH1ybtJZOJiTyuQFN3VsXSoS9aLldNyXQ
tecnico-227,tecnico,8,2026,4,eyJraWQiOiJEZ0VqOWg3UkwxeE1mcTV6dm1XcnlhWHdPZTZ3eW9WRDFNMDBVeENYaUUwPSIsImFsZyI6IlJTMjU2In0.eyJzdWIiOiJmNGU4ZTRmOC1mMGIxLTcwNTMtYzVlYi1hYjc5MTJkNmYzMmUiLCJjb2duaXRvOmdyb3VwcyI6WyJ0ZWNuaWNvIl0sImVtYWlsX3ZlcmlmaWVkIjp0cnVlLCJpc3MiOiJodHRwczovL2NvZ25pdG8taWRwLnVzLWVhc3QtMS5hbWF6b25hd3MuY29tL3VzLWVhc3QtMV9RR2hSTkpOY3MiLCJjb2duaXRvOnVzZXJuYW1lIjoidGVjbmljby0yMjciLCJvcmlnaW5fanRpIjoiMjViMDAxMzAtNzExZC00NjlmLWE3MzAtYjM3MDU0ODRmYzU3IiwiYXVkIjoiN2VxNWY0NmdtdDRjaGtwYWJncHVwMTdjZTYiLCJldmVudF9pZCI6IjE0M2E5MWY0LWFhZDQtNGE3YS04OWUwLTFiYTU1YjNmZWYyMyIsInRva2VuX3VzZSI6ImlkIiwiYXV0aF90aW1lIjoxNzc5OTg5NzYwLCJleHAiOjE3Nzk5OTMzNjAsImlhdCI6MTc3OTk4OTc2MCwianRpIjoiY2RhOGJhMjMtMjZkNi00OTc4LWJlMWYtNGQwZTM0ZGJiODkxIiwiZW1haWwiOiJ0ZWNuaWNvLTIyN0BiaXRlY28uY29tIn0.YgnXpNbW0ONyRrUw9-29MgEMpAkt0rb8IkBtunp3uCRxqBZB6_XM7Ikc7behq69XYu6utiLamlZ9piaSXKshIfHrY4v8BJ0AC3zA3S9zAg1UKmCkql__lop-SNqR9dw6EfOWUZgZKsLZJuIEzONq4crOYZCilt7OguwjPaCw-EcR2tQhkbyLA2ejeqIRh7Wi8Vjrvv8o9tswHHv7x0fhL01DQ8PSxoDNfzxo3HWU4Y-QatQbD4mSpayW_sja_oF92v2DnPC-0GhoRvpd9xAr2Vpm-KrrvFbvxjhnWKaLBpIPHUFR_VVhRbcRKRJaJLfeVcWiLblGjGouB11xNY78uQ
tecnico-228,tecnico,9,2026,1,eyJraWQiOiJEZ0VqOWg3UkwxeE1mcTV6dm1XcnlhWHdPZTZ3eW9WRDFNMDBVeENYaUUwPSIsImFsZyI6IlJTMjU2In0.eyJzdWIiOiI1NDA4ZTQwOC02MGQxLTcwMmQtNGUwOS0wOTgwMWIzMDA4NzAiLCJjb2duaXRvOmdyb3VwcyI6WyJ0ZWNuaWNvIl0sImVtYWlsX3ZlcmlmaWVkIjp0cnVlLCJpc3MiOiJodHRwczovL2NvZ25pdG8taWRwLnVzLWVhc3QtMS5hbWF6b25hd3MuY29tL3VzLWVhc3QtMV9RR2hSTkpOY3MiLCJjb2duaXRvOnVzZXJuYW1lIjoidGVjbmljby0yMjgiLCJvcmlnaW5fanRpIjoiODdhZDUwNjgtMzdhYi00Nzk2LWE5ZmYtMjc3MjYzNWZjZjZmIiwiYXVkIjoiN2VxNWY0NmdtdDRjaGtwYWJncHVwMTdjZTYiLCJldmVudF9pZCI6ImU3Y2E5M2NhLTI0ZmMtNDhmYi04MTM1LTdhMDQ3ZGIxNWIyMSIsInRva2VuX3VzZSI6ImlkIiwiYXV0aF90aW1lIjoxNzc5OTg5NzYxLCJleHAiOjE3Nzk5OTMzNjEsImlhdCI6MTc3OTk4OTc2MSwianRpIjoiYWQxOWY3MDktMWU5NC00ZThjLTgyOWEtMmExYTI2NjlmYmNiIiwiZW1haWwiOiJ0ZWNuaWNvLTIyOEBiaXRlY28uY29tIn0.CCp8aTUGGwULAt831vK4DaYeW4ZJeUM2EpESlidv0-2pOGVLCa7sQMWKAVbJx3n0Z0-pjxU6G9ltG7E5XfThAkuA2ULXC7EE6BfWRVamgsD5-QE1kP2Mkku7OxOgSkXP9unnLJJ3367GT2mc8CQalkCbVne0lrh5GkvEeHbd49kMZd8B6tBEtCy4jtf9HiMose2pbGpLct1RYX5ygqBya0LcPummdsE1weKWba-_AhQBIDD0h3crDFbeIFTEnoXD7W0gaIFCmPtBKfQYBCEZI0LMhhBLPjUYdNiRmeKCGUlDL6nz0jLlYxDfZM_bJ-xoPLGYfhk1paXNk1-pdmYkOA
tecnico-229,tecnico,10,2026,2,eyJraWQiOiJEZ0VqOWg3UkwxeE1mcTV6dm1XcnlhWHdPZTZ3eW9WRDFNMDBVeENYaUUwPSIsImFsZyI6IlJTMjU2In0.eyJzdWIiOiJiNDQ4NzQ3OC1lMDcxLTcwNjgtYmRjZS00MDhiOWY2NDhiMGYiLCJjb2duaXRvOmdyb3VwcyI6WyJ0ZWNuaWNvIl0sImVtYWlsX3ZlcmlmaWVkIjp0cnVlLCJpc3MiOiJodHRwczovL2NvZ25pdG8taWRwLnVzLWVhc3QtMS5hbWF6b25hd3MuY29tL3VzLWVhc3QtMV9RR2hSTkpOY3MiLCJjb2duaXRvOnVzZXJuYW1lIjoidGVjbmljby0yMjkiLCJvcmlnaW5fanRpIjoiZWI1MzYyMzAtZWY3MS00NGE0LTlkMmEtNWRlZTBlZjU5MGUxIiwiYXVkIjoiN2VxNWY0NmdtdDRjaGtwYWJncHVwMTdjZTYiLCJldmVudF9pZCI6IjYzZDRhOWNhLTIwNzQtNGZkOC05YTNiLTA2YzA4ZWE3YTU3YSIsInRva2VuX3VzZSI6ImlkIiwiYXV0aF90aW1lIjoxNzc5OTg5NzYxLCJleHAiOjE3Nzk5OTMzNjEsImlhdCI6MTc3OTk4OTc2MSwianRpIjoiMzUzY2U5MWEtMjY0NS00ZjFlLWFkNjYtOTI5MGMxMmI4ODFmIiwiZW1haWwiOiJ0ZWNuaWNvLTIyOUBiaXRlY28uY29tIn0.K5Xl4RCIvL2X5eb0bhLkhbsSYXZv7Ye_lPeTm-YW_Nkhe21rDfM3ts5Hbiv74U1g7_tTv5tIvIMNj44IrlkLGrFbSzmKjHtXoMP1XsrCCnHzFswXsKwGdy4k4mP9oFshyCuCdkAZZXYo4IwoXiSbA4ig-muy74KYqh-HurvUFv7_XXITuS32W8KbmvJ8GrtKnkOYekUJ7Njz9QpYTxLVhnewAAFHG6daSc_KoiwNYXU5ihVjrVTCs2VNedL8_iVKApkF7TRRrzxkbiCuQv764EQ5B_yLbkA-xnZ4-GiCYk0ePAq3nier7vofIKKjSxRvD7jULRQlJ7sYL343aTB6tA
tecnico-230,tecnico,1,2026,3,eyJraWQiOiJEZ0VqOWg3UkwxeE1mcTV6dm1XcnlhWHdPZTZ3eW9WRDFNMDBVeENYaUUwPSIsImFsZyI6IlJTMjU2In0.eyJzdWIiOiJmNDE4YTQ3OC1lMDQxLTcwMDQtNzZhOS0zMGMyMGZkN2M1YTIiLCJjb2duaXRvOmdyb3VwcyI6WyJ0ZWNuaWNvIl0sImVtYWlsX3ZlcmlmaWVkIjp0cnVlLCJpc3MiOiJodHRwczovL2NvZ25pdG8taWRwLnVzLWVhc3QtMS5hbWF6b25hd3MuY29tL3VzLWVhc3QtMV9RR2hSTkpOY3MiLCJjb2duaXRvOnVzZXJuYW1lIjoidGVjbmljby0yMzAiLCJvcmlnaW5fanRpIjoiYmJkMWQ1ZDYtMjBjZi00NzBjLTk5YjYtYTVmM2Y5MWU5YmQ2IiwiYXVkIjoiN2VxNWY0NmdtdDRjaGtwYWJncHVwMTdjZTYiLCJldmVudF9pZCI6ImQ2NmM2YjI3LWI2M2MtNDRhZS04NDAwLTYzOTFjZGJjOTc5ZCIsInRva2VuX3VzZSI6ImlkIiwiYXV0aF90aW1lIjoxNzc5OTg5NzYxLCJleHAiOjE3Nzk5OTMzNjEsImlhdCI6MTc3OTk4OTc2MSwianRpIjoiYTRjZGMzZGQtZTE4OS00OTEwLWE5ZmEtZGEzNmQyY2M3MGZhIiwiZW1haWwiOiJ0ZWNuaWNvLTIzMEBiaXRlY28uY29tIn0.haq9lZmry82VgZBLP_lzJeJIUt4J7xI6Abh74Sa5cBD0NCELAj7EBNvuUlPS2DiWlXj5Mjr28V2rgSR3fn0EXpJ9EryNpDGv-utS7xXUiOxMPXkZw23xxPN1ZXGKYf6R0gKQtyHfxGRSDWpQpDrGsHc0XWnOHz2xQh0PGKHQgmEvphvcwrsoH8AOU-zjllirCd29OXD_t3TL9gncooUa_SctuMrATx-jiltMAEz1VFTfC6SMi89K5k-gYWa1CtsEzdDnyJ-BMYyKsrPLo7ANJJk6erljyFVCBEnJRywBu8gVMntCgc4labRoeIBv-B_NQ-_PaWOAwLSE_GaiTqOBHQ
tecnico-231,tecnico,2,2026,4,eyJraWQiOiJEZ0VqOWg3UkwxeE1mcTV6dm1XcnlhWHdPZTZ3eW9WRDFNMDBVeENYaUUwPSIsImFsZyI6IlJTMjU2In0.eyJzdWIiOiI3NDg4ZjQyOC00MDUxLTcwMGItMmU0Mi05OGE1ZmNmZDgxZGMiLCJjb2duaXRvOmdyb3VwcyI6WyJ0ZWNuaWNvIl0sImVtYWlsX3ZlcmlmaWVkIjp0cnVlLCJpc3MiOiJodHRwczovL2NvZ25pdG8taWRwLnVzLWVhc3QtMS5hbWF6b25hd3MuY29tL3VzLWVhc3QtMV9RR2hSTkpOY3MiLCJjb2duaXRvOnVzZXJuYW1lIjoidGVjbmljby0yMzEiLCJvcmlnaW5fanRpIjoiYTE3YWQxYjEtOWEwNy00NjZkLWE1NzQtZmQ1ZWFjZjlmOGFkIiwiYXVkIjoiN2VxNWY0NmdtdDRjaGtwYWJncHVwMTdjZTYiLCJldmVudF9pZCI6ImM3MDkyNjg2LWFmYWUtNDljMC05YjVmLTgwZWUwMmE0MzVhNCIsInRva2VuX3VzZSI6ImlkIiwiYXV0aF90aW1lIjoxNzc5OTg5NzYxLCJleHAiOjE3Nzk5OTMzNjEsImlhdCI6MTc3OTk4OTc2MiwianRpIjoiNTRmODVlYTItNGUzYS00ZTUwLTg0ZDAtMjI5ZjFmOWNhOTEzIiwiZW1haWwiOiJ0ZWNuaWNvLTIzMUBiaXRlY28uY29tIn0.bsdOiG3QMPcFII1SIrGAiNAZ7Q2mYxN12yzvcQuHKfV_csk26SuPwYydX8teIxQgr_Up-AWFCSLCHL2a2_i6_nGHKJitgWsMgNVCBhk_2a4LuJ70QyZ9e7vvCZZu0vw2o0kWGiLdj-L7BG5asBOAaMlKDANMdAwXv7HqWsJhrWPBEcO5nmnGw5h_mKFpYYxrxN0yOfK_6Ueg-Z8q6iN8UtV3AcZBrt40PO0o0ge_eD_-UtYrUSgV0H8kgX8MHBlUbratGNt8rhA7C2o0dG21bdpZ3GxutXbFgQtJ-NVyak1LS_1Oq0mTX9GyN9hqim2OGJWHo81dxx9aKarl1gERyg
tecnico-232,tecnico,3,2026,1,eyJraWQiOiJEZ0VqOWg3UkwxeE1mcTV6dm1XcnlhWHdPZTZ3eW9WRDFNMDBVeENYaUUwPSIsImFsZyI6IlJTMjU2In0.eyJzdWIiOiJlNGI4MDQxOC05MDkxLTcwNDktNmQ4ZS1lMmY2ZTBmZDE1OGMiLCJjb2duaXRvOmdyb3VwcyI6WyJ0ZWNuaWNvIl0sImVtYWlsX3ZlcmlmaWVkIjp0cnVlLCJpc3MiOiJodHRwczovL2NvZ25pdG8taWRwLnVzLWVhc3QtMS5hbWF6b25hd3MuY29tL3VzLWVhc3QtMV9RR2hSTkpOY3MiLCJjb2duaXRvOnVzZXJuYW1lIjoidGVjbmljby0yMzIiLCJvcmlnaW5fanRpIjoiM2NjOTgyNDUtNGI1OS00OTJmLTg1OTgtNzMyNTEyOWIzMmZhIiwiYXVkIjoiN2VxNWY0NmdtdDRjaGtwYWJncHVwMTdjZTYiLCJldmVudF9pZCI6ImIxNmQ1ZGM2LTlmZTMtNDNjOS05NmNiLTE1OTkxYWQ2ODFmNyIsInRva2VuX3VzZSI6ImlkIiwiYXV0aF90aW1lIjoxNzc5OTg5NzYyLCJleHAiOjE3Nzk5OTMzNjIsImlhdCI6MTc3OTk4OTc2MiwianRpIjoiNzllYjVmNWQtMDk1Yy00YTgxLTljODktNzQyYzk2YzkxZTgzIiwiZW1haWwiOiJ0ZWNuaWNvLTIzMkBiaXRlY28uY29tIn0.oPvUwaln7upisCfLjvHEgU4rvU8hwM_6qX7BJt8J82Iw3qzSqqdr5LPddhc7xhnIO2SU1-iEZC7ip2_aTqaMUa9NYVf2mE9Emflt6-PxkcmDW91NJW9a4-PoxDJvZWC2liC-Q_YMMf_rWjrWEpQ4kGkilMjwfSKVUSXnTaKAJwIkAbmPcdbVoQII26oHpTdR_KBvjYbNJ97Vzx2v67xxwjNTKEDw4atYU3SKlsxr2DJQTMG5BJE0mL56wTVQoUkT2zDpr5Y7DWDHTbZ9rbh6wBd7T-11JJG2xgVpsnmD8qTtuyhrL5PgJcTXXl8oPUyVS7hn8b5t2FQazSVvpt3erw
tecnico-233,tecnico,4,2026,2,eyJraWQiOiJEZ0VqOWg3UkwxeE1mcTV6dm1XcnlhWHdPZTZ3eW9WRDFNMDBVeENYaUUwPSIsImFsZyI6IlJTMjU2In0.eyJzdWIiOiI0NDc4MzQyOC1mMGMxLTcwNmQtYzk5Zi02NzIyYjY2NjZlMmYiLCJjb2duaXRvOmdyb3VwcyI6WyJ0ZWNuaWNvIl0sImVtYWlsX3ZlcmlmaWVkIjp0cnVlLCJpc3MiOiJodHRwczovL2NvZ25pdG8taWRwLnVzLWVhc3QtMS5hbWF6b25hd3MuY29tL3VzLWVhc3QtMV9RR2hSTkpOY3MiLCJjb2duaXRvOnVzZXJuYW1lIjoidGVjbmljby0yMzMiLCJvcmlnaW5fanRpIjoiMzg2ZDkxNGMtYTgyYy00MTE2LTg3MDAtZDRmNTI4YThhYjQ0IiwiYXVkIjoiN2VxNWY0NmdtdDRjaGtwYWJncHVwMTdjZTYiLCJldmVudF9pZCI6IjFhNjdhYTE4LTFhMTMtNDFhNS1hZWMzLWU4NjAyOTIzZGViYyIsInRva2VuX3VzZSI6ImlkIiwiYXV0aF90aW1lIjoxNzc5OTg5NzYyLCJleHAiOjE3Nzk5OTMzNjIsImlhdCI6MTc3OTk4OTc2MiwianRpIjoiODU4OWFhYmMtNjNkOS00YzNlLWJiNWUtZDY5ZDczYmJjZTcyIiwiZW1haWwiOiJ0ZWNuaWNvLTIzM0BiaXRlY28uY29tIn0.UD7jJx8rRMCfXe30vcWRFDsq0fIqe6SfSZM3FNYZ3XqtbN4eu9Y_Tk5vS52PF8Xkle4XS0jV1Hty_7QZLK29UCkUQUFID1Y3oMxkrt8aEVVix8l-4ORTa9OmPy6V7gmSktvgzrOIZm2gGVn1C97GAQdYolEipryKzwE46jWK-bQK_KLemeAUaC4i3lUASQOw1Fv3QCSnfN7V1Emi1VWTxHEG7Clyn9uXP3E6wrSaKpasB7pNiPadm1utlmMm-249AGcFJlLNY1NgYjmK1JsFsfNlQ_w0P_z87Yl3JWwr8MEAL2cNhF4Br804GNnBVP31uaaTniJ0ShI7Wy2DTck7bQ
tecnico-234,tecnico,5,2026,3,eyJraWQiOiJEZ0VqOWg3UkwxeE1mcTV6dm1XcnlhWHdPZTZ3eW9WRDFNMDBVeENYaUUwPSIsImFsZyI6IlJTMjU2In0.eyJzdWIiOiJjNGE4MDRlOC01MDQxLTcwYjAtNDBlMS1kNzFiMDIxYTIxMDUiLCJjb2duaXRvOmdyb3VwcyI6WyJ0ZWNuaWNvIl0sImVtYWlsX3ZlcmlmaWVkIjp0cnVlLCJpc3MiOiJodHRwczovL2NvZ25pdG8taWRwLnVzLWVhc3QtMS5hbWF6b25hd3MuY29tL3VzLWVhc3QtMV9RR2hSTkpOY3MiLCJjb2duaXRvOnVzZXJuYW1lIjoidGVjbmljby0yMzQiLCJvcmlnaW5fanRpIjoiYjEwMjJkMzEtZWIzMS00ZGY0LTlkZmMtZmFjMTkzN2Y0OGM4IiwiYXVkIjoiN2VxNWY0NmdtdDRjaGtwYWJncHVwMTdjZTYiLCJldmVudF9pZCI6ImQ0MGU4MmI3LTdlZTUtNGU1Zi1hNjJlLTY4NzhkNDNjYzg5NyIsInRva2VuX3VzZSI6ImlkIiwiYXV0aF90aW1lIjoxNzc5OTg5NzYyLCJleHAiOjE3Nzk5OTMzNjIsImlhdCI6MTc3OTk4OTc2MiwianRpIjoiMDY5YjI1MGYtNDQ0Ni00Yzg4LWFiNjUtZTY5NjJiMTcyZTQ0IiwiZW1haWwiOiJ0ZWNuaWNvLTIzNEBiaXRlY28uY29tIn0.dkR51gN0R38-6Eg5tKPWMxBR8Jysq14XxHHURFZR9yBKVwFri_gKmFArXwEOgvL-E4FTg6z4u3Ld6Gt7b6IVtzBHS58I_80p7CE3UnEUfw6_1ntp75dSsXgzouvgl5k6QWL-TPpKjMgXHVfH1SQ6TfaB-eWFzGmZ7J8-h767kj8hir0TI1Pt4Fb0OE4seTiUicRPiQBSZW2aIT6ahLxi_JfCJBgUvmlV_IakD-jnj-S9ha5Lgw3zxF4Cf1R5SmE9vmk-xV12AuwtTFiZbnv0oELNqoTE7wAsiVbjhTnly8H6oKnwGo48TRnyF0E9DAH22qK9T-StQbJSI3hmPBLuWg
tecnico-235,tecnico,6,2026,4,eyJraWQiOiJEZ0VqOWg3UkwxeE1mcTV6dm1XcnlhWHdPZTZ3eW9WRDFNMDBVeENYaUUwPSIsImFsZyI6IlJTMjU2In0.eyJzdWIiOiIzNGQ4MzRkOC04MGQxLTcwMTUtNjI3NC01ODBmNjU1YWI1NGUiLCJjb2duaXRvOmdyb3VwcyI6WyJ0ZWNuaWNvIl0sImVtYWlsX3ZlcmlmaWVkIjp0cnVlLCJpc3MiOiJodHRwczovL2NvZ25pdG8taWRwLnVzLWVhc3QtMS5hbWF6b25hd3MuY29tL3VzLWVhc3QtMV9RR2hSTkpOY3MiLCJjb2duaXRvOnVzZXJuYW1lIjoidGVjbmljby0yMzUiLCJvcmlnaW5fanRpIjoiZTJiNDM4OGQtNmQxYi00YjI1LWFiYWUtOGRhZTI2ODdmOWQwIiwiYXVkIjoiN2VxNWY0NmdtdDRjaGtwYWJncHVwMTdjZTYiLCJldmVudF9pZCI6ImVhODc4ZmJjLTc3NWItNDAzOS05NTMxLTE1MDJiY2NhMzEwMSIsInRva2VuX3VzZSI6ImlkIiwiYXV0aF90aW1lIjoxNzc5OTg5NzYzLCJleHAiOjE3Nzk5OTMzNjMsImlhdCI6MTc3OTk4OTc2MywianRpIjoiMDliMDIxODItNjYyMS00NDVhLThlYTMtYjg4MzIwNzRhOGM0IiwiZW1haWwiOiJ0ZWNuaWNvLTIzNUBiaXRlY28uY29tIn0.MSbTVxr3mS3K0YkqayLS7k8MuPVjviAwRP4WgwDp-yzEL32z6i7-koC4UJQuyVsPcFDv2X1dQwLBEsCjJjzSLkQsaK7_7Rq9KHx1HRp1fShJEcvhK1q0ukt1733hHDgMUW37YY9KYgN8Wh_bLPgJ6GiNiQjBO1MPFFOCId2QNcUQueC1-7E144fiqOU3EpT_Pl9NyoFvcTJ1YdcYuwpcj7rRwBlBpdN-3xyvOI4MpMPkSLijdtv4ZEBXnarUMRHoWzCTp1h-T2w1zhT1hbqeFtU3vDDitn2sN_J3YstpDilXBsQWrv5KSr5lKqjXyLvOD52lw0c952ZNIGibdzmzDg
tecnico-236,tecnico,7,2026,1,eyJraWQiOiJEZ0VqOWg3UkwxeE1mcTV6dm1XcnlhWHdPZTZ3eW9WRDFNMDBVeENYaUUwPSIsImFsZyI6IlJTMjU2In0.eyJzdWIiOiI2NDY4NzRlOC05MGMxLTcwZjQtZTc5Mi03YTY4NGIzMjc1M2MiLCJjb2duaXRvOmdyb3VwcyI6WyJ0ZWNuaWNvIl0sImVtYWlsX3ZlcmlmaWVkIjp0cnVlLCJpc3MiOiJodHRwczovL2NvZ25pdG8taWRwLnVzLWVhc3QtMS5hbWF6b25hd3MuY29tL3VzLWVhc3QtMV9RR2hSTkpOY3MiLCJjb2duaXRvOnVzZXJuYW1lIjoidGVjbmljby0yMzYiLCJvcmlnaW5fanRpIjoiNDk5OTdkYjQtZmM2OC00NjU1LTgwOGYtYTIyNjVkOTMxMDY5IiwiYXVkIjoiN2VxNWY0NmdtdDRjaGtwYWJncHVwMTdjZTYiLCJldmVudF9pZCI6IjljOTU0MzY3LTY0NTctNDAxZi05MTU4LTlmZDU5ZjM0MmY1NCIsInRva2VuX3VzZSI6ImlkIiwiYXV0aF90aW1lIjoxNzc5OTg5NzYzLCJleHAiOjE3Nzk5OTMzNjMsImlhdCI6MTc3OTk4OTc2MywianRpIjoiZTJlMzhjYjUtMmFkMi00MDRjLWJkNmYtNjY1YjdiNWM1NjczIiwiZW1haWwiOiJ0ZWNuaWNvLTIzNkBiaXRlY28uY29tIn0.O4HHK1Y87-DHOoYwf5IkMHR_RMoMj5SWsfYE7WzSlouOIw7yl5jS8nrG8RHNNGxzvSuimYU2ajjUV2wNIlVpqvD6olLB1JDWampnCVynDN2v7TjNodkmSR1uhtPD_n-OC2roklYXrxykTdh9--CBlb3t2Al1Z_qH4KtWpv8cNDevOIQvV9C0ADGZU4ydUOx3VtQS7MgtVV5UoVyd05Px9czkVQc7U9Z4LrnzeRuzxeQsPrarh_mFXw3Is1xAaoEsJiNzn3sU0Op8aPHrlbwhJSceNchquWsYh2PZzJ8Vc9ClviU7-Y3uD7WF_nHFob0-Ox5wwD6D8rr2xy-3PLfnvg
tecnico-237,tecnico,8,2026,2,eyJraWQiOiJEZ0VqOWg3UkwxeE1mcTV6dm1XcnlhWHdPZTZ3eW9WRDFNMDBVeENYaUUwPSIsImFsZyI6IlJTMjU2In0.eyJzdWIiOiJjNGE4YzQxOC00MDgxLTcwZTgtYzVjOC1jZjM1MmQyZDM2Y2IiLCJjb2duaXRvOmdyb3VwcyI6WyJ0ZWNuaWNvIl0sImVtYWlsX3ZlcmlmaWVkIjp0cnVlLCJpc3MiOiJodHRwczovL2NvZ25pdG8taWRwLnVzLWVhc3QtMS5hbWF6b25hd3MuY29tL3VzLWVhc3QtMV9RR2hSTkpOY3MiLCJjb2duaXRvOnVzZXJuYW1lIjoidGVjbmljby0yMzciLCJvcmlnaW5fanRpIjoiNDNkNjI4OTEtMDBiNC00NWJjLTlmZGMtMTZhOGFmMWM5ZGNjIiwiYXVkIjoiN2VxNWY0NmdtdDRjaGtwYWJncHVwMTdjZTYiLCJldmVudF9pZCI6Ijk2YmFiYWQzLWY1YzUtNDI2Mi05MTJkLTk2NzJkZWU4NzU4OCIsInRva2VuX3VzZSI6ImlkIiwiYXV0aF90aW1lIjoxNzc5OTg5NzYzLCJleHAiOjE3Nzk5OTMzNjMsImlhdCI6MTc3OTk4OTc2MywianRpIjoiMmZkNTM2YmYtOTg4Ny00MDExLWJjY2YtZmE0OWZhMDU4NjFmIiwiZW1haWwiOiJ0ZWNuaWNvLTIzN0BiaXRlY28uY29tIn0.iTBn9BK6Ez4lRlJFHgJ0XJIxYEK56FbTfovLuQBCewzchPwhz2f8XqGH-2IBkkhDCppxrd1-TJvMaxyOOyD3soqQMI3Q_-Hkpj5dVu9OgayacE1iEYg92xGE2Kn00DHt61WgZy9eBlCy88qr1Fh01xeSN1_OQ-WkUFX_oi4tyJm0edpaJecHpy1AZZUzYSBOQ_Sf3afB5tkgrVBOm8yCSkDhLAhEbqeDPEXIUwfKVqg6WmF7S7sAbxXcsR2Mexl2dFUluBRKnEfotYDk4valTdiGjF-wUWWPefXtNS2GU6twfLNGZe3nD8Y35SgCHstASjj7Smn1dw5oRdAnICQROA
tecnico-238,tecnico,9,2026,3,eyJraWQiOiJEZ0VqOWg3UkwxeE1mcTV6dm1XcnlhWHdPZTZ3eW9WRDFNMDBVeENYaUUwPSIsImFsZyI6IlJTMjU2In0.eyJzdWIiOiIyNGE4NjRkOC01MGQxLTcwM2MtMWJjNC1iYjc5ZmRiNzc0YTAiLCJjb2duaXRvOmdyb3VwcyI6WyJ0ZWNuaWNvIl0sImVtYWlsX3ZlcmlmaWVkIjp0cnVlLCJpc3MiOiJodHRwczovL2NvZ25pdG8taWRwLnVzLWVhc3QtMS5hbWF6b25hd3MuY29tL3VzLWVhc3QtMV9RR2hSTkpOY3MiLCJjb2duaXRvOnVzZXJuYW1lIjoidGVjbmljby0yMzgiLCJvcmlnaW5fanRpIjoiMDBjMDBiNGMtZjgzYS00OTBjLTlkZTctMTc4NjVhN2MyNmVlIiwiYXVkIjoiN2VxNWY0NmdtdDRjaGtwYWJncHVwMTdjZTYiLCJldmVudF9pZCI6ImNhMDM1OGFmLWM1MjktNDhjYy1iZTVjLTA1NTYyODFlYjJkNCIsInRva2VuX3VzZSI6ImlkIiwiYXV0aF90aW1lIjoxNzc5OTg5NzYzLCJleHAiOjE3Nzk5OTMzNjMsImlhdCI6MTc3OTk4OTc2NCwianRpIjoiNGU5YjE2NzctMGQ5YS00MzZkLWE4ODctYTRiYTFkYWVjYmM4IiwiZW1haWwiOiJ0ZWNuaWNvLTIzOEBiaXRlY28uY29tIn0.4Gw0BB1wu9QoDLDVbpxIGh1ZWuLmlpE8XIAJuipoJ0vNuYvM8glOf8PxwLYriU12rf4avXtUCImp9sM8bAkLnKmk7a18PWN-mOGBJM9KPHrVG3BW_Z-bjkQhdQu25KH1gCDXHNNO6spXuFYfU03CNJvgaJX1UOlX3hUaEEFxXY3GIcNSi-vD7VYYvEvkkFz8uTMdWEHZw97lBzRsBMpNgwt-xMmyALPqi8eJDin5Zx9Cymb-FpoXDE92bm_Bls4dzO8jxDT-vvfQq_JUPa93u1kCqlbi0bn5kBYOZz6MDEQbWwwgjpcUGntmdERDr7FxCYyHYmkbuOQFXN5G6lfDig
tecnico-239,tecnico,10,2026,4,eyJraWQiOiJEZ0VqOWg3UkwxeE1mcTV6dm1XcnlhWHdPZTZ3eW9WRDFNMDBVeENYaUUwPSIsImFsZyI6IlJTMjU2In0.eyJzdWIiOiJlNDA4ODQ2OC02MDMxLTcwOWYtODJlMi1lNjk3Zjk0NDIwMzYiLCJjb2duaXRvOmdyb3VwcyI6WyJ0ZWNuaWNvIl0sImVtYWlsX3ZlcmlmaWVkIjp0cnVlLCJpc3MiOiJodHRwczovL2NvZ25pdG8taWRwLnVzLWVhc3QtMS5hbWF6b25hd3MuY29tL3VzLWVhc3QtMV9RR2hSTkpOY3MiLCJjb2duaXRvOnVzZXJuYW1lIjoidGVjbmljby0yMzkiLCJvcmlnaW5fanRpIjoiZGRjMTNiYTMtOTgyMi00YTFhLWI0Y2YtY2I5NGU0Y2Y5YmUzIiwiYXVkIjoiN2VxNWY0NmdtdDRjaGtwYWJncHVwMTdjZTYiLCJldmVudF9pZCI6Ijc0OWViYWU5LTY4ZWMtNGRjMS1hNWU2LTAzNWY3MjllMmM1NiIsInRva2VuX3VzZSI6ImlkIiwiYXV0aF90aW1lIjoxNzc5OTg5NzY0LCJleHAiOjE3Nzk5OTMzNjQsImlhdCI6MTc3OTk4OTc2NCwianRpIjoiZTZiOTNjMWItNmJkNi00NzkwLWFkZTItMGYyNzc1Yjk4YTJjIiwiZW1haWwiOiJ0ZWNuaWNvLTIzOUBiaXRlY28uY29tIn0.avLmz4TgVSYMVcbd2cW-bSU6bjNIYmMYJie62B4Q01kr539ZvK5KoMJcNT55Fjz4MofPP8R8xGRFgQoWVwTpr5fAESsRiNzjQW2xhlXNB4lYWi6Yc15siShkXtzGpXZ6oLmi4xGry0bEgMr2LuCLrjIy-UhW_UN2Mcco9gyXEqfiFbym1_khfpcUS0LKbWY0Vurxo1aEQg9JUEySXoUvv2SH1bd5dPa9d2H1AkYAeziOkxIFbWftS9QR7pbdB9kBu7MeoBPxsH1RQXKV2XgQj1yOQjicrqRjQ1ZZU7Erj1hJePRRAkd28Ghx8QVi68s4Wq2h2JWGqTF_O096P77Ljg
tecnico-240,tecnico,1,2026,1,eyJraWQiOiJEZ0VqOWg3UkwxeE1mcTV6dm1XcnlhWHdPZTZ3eW9WRDFNMDBVeENYaUUwPSIsImFsZyI6IlJTMjU2In0.eyJzdWIiOiI5NDY4MzQ1OC1iMDQxLTcwZWEtZjI2MS02NDYwNWY4NGVjNTciLCJjb2duaXRvOmdyb3VwcyI6WyJ0ZWNuaWNvIl0sImVtYWlsX3ZlcmlmaWVkIjp0cnVlLCJpc3MiOiJodHRwczovL2NvZ25pdG8taWRwLnVzLWVhc3QtMS5hbWF6b25hd3MuY29tL3VzLWVhc3QtMV9RR2hSTkpOY3MiLCJjb2duaXRvOnVzZXJuYW1lIjoidGVjbmljby0yNDAiLCJvcmlnaW5fanRpIjoiYjYyZGRmMTktYjM1MC00ZmMwLWIzMWYtMzM5NzlmZDZlZTViIiwiYXVkIjoiN2VxNWY0NmdtdDRjaGtwYWJncHVwMTdjZTYiLCJldmVudF9pZCI6IjA0NDM1YmE0LWU0ZGQtNGM0YS1iNzdhLTUyMmRkNGM1NDljYSIsInRva2VuX3VzZSI6ImlkIiwiYXV0aF90aW1lIjoxNzc5OTg5NzY0LCJleHAiOjE3Nzk5OTMzNjQsImlhdCI6MTc3OTk4OTc2NCwianRpIjoiNDk0MjJlM2ItNmY1OC00NTllLWI4ZjktNTRhMjAxYmEzNzlhIiwiZW1haWwiOiJ0ZWNuaWNvLTI0MEBiaXRlY28uY29tIn0.vsx5FG6VKNtUxWom6lw43bL0TgMM34XchJs_Mt8IFtpFbPPft1KLLzwl8Hlw9Odn8VYb6F7Zx0EmDmlHeECDoEAleWUfXUoYEt8RTvompjaPBAPBGTVfdsfzvR0XG4W3-uXAGh8ZA3MmBpQ9eoSE83mhENH6lRDxW8fLwPEvytSVXANmfwalyUDg4OWfarhec5srDtibDq8bPVNFgQ6d6lPvAu8Je3WHsoVK4aLpbkDlJBFTeh61o5b21hyf-BFsGR25TQDgL6XCtmixEnByPa3ZlDbs01l0aA8tF5nYl6keCPuWUtMqZ90EQbb7ljXg02Tv96St5KFI9gpwA6lgxQ
tecnico-241,tecnico,2,2026,2,eyJraWQiOiJEZ0VqOWg3UkwxeE1mcTV6dm1XcnlhWHdPZTZ3eW9WRDFNMDBVeENYaUUwPSIsImFsZyI6IlJTMjU2In0.eyJzdWIiOiJlNGQ4OTRhOC0wMGExLTcwMTgtZTc2YS1jODc4Nzk4OTE5MTQiLCJjb2duaXRvOmdyb3VwcyI6WyJ0ZWNuaWNvIl0sImVtYWlsX3ZlcmlmaWVkIjp0cnVlLCJpc3MiOiJodHRwczovL2NvZ25pdG8taWRwLnVzLWVhc3QtMS5hbWF6b25hd3MuY29tL3VzLWVhc3QtMV9RR2hSTkpOY3MiLCJjb2duaXRvOnVzZXJuYW1lIjoidGVjbmljby0yNDEiLCJvcmlnaW5fanRpIjoiMzVjNGUyMmEtNjY1OC00NDAyLWJiZmQtMmZlMGE4NjA2Mzc0IiwiYXVkIjoiN2VxNWY0NmdtdDRjaGtwYWJncHVwMTdjZTYiLCJldmVudF9pZCI6ImI0NTk5NGJhLWU0MzAtNDczOC04NzE0LWMyZTI5MDdlZjExMiIsInRva2VuX3VzZSI6ImlkIiwiYXV0aF90aW1lIjoxNzc5OTg5NzY0LCJleHAiOjE3Nzk5OTMzNjQsImlhdCI6MTc3OTk4OTc2NCwianRpIjoiOWRkMzM5NWUtOWVjOS00MzUxLTg1NjEtNTA5YzIwNzcyOTM1IiwiZW1haWwiOiJ0ZWNuaWNvLTI0MUBiaXRlY28uY29tIn0.397v3zzFXqDKxDDkkDhYapG8g0hu7PF0Yfgq18FYKNCXT94BMSYYIjM_GAu9EAo-DkpBIV1c-Wwfavc2OOiRakVRSuG7f2nFJhgprdUnL1dUfxeqUjrqFaze1Gik0aUbF8AHhCtxN_PP265y5gpTkMvnDHqQhbZOTEFbyaOZlmHIHuy1doK-bDX6md7jjCYVqZ565oJnzaylw0jQqENIu348S16-H_w4OJewDmYC30xNJo4ABxD8uQTAsAODzfi3g3PsX7hEW7sR5BQddkPE-a96c_vK5x0fH2WyAnYFsCwA-pohfslbMk6A6jN-Or1IcLQ-KCJS0muAyIF9iev_bA
tecnico-242,tecnico,3,2026,3,eyJraWQiOiJEZ0VqOWg3UkwxeE1mcTV6dm1XcnlhWHdPZTZ3eW9WRDFNMDBVeENYaUUwPSIsImFsZyI6IlJTMjU2In0.eyJzdWIiOiJlNGI4OTQwOC03MGYxLTcwMjEtMjZmZC01MjBkYWE0NWU5NGMiLCJjb2duaXRvOmdyb3VwcyI6WyJ0ZWNuaWNvIl0sImVtYWlsX3ZlcmlmaWVkIjp0cnVlLCJpc3MiOiJodHRwczovL2NvZ25pdG8taWRwLnVzLWVhc3QtMS5hbWF6b25hd3MuY29tL3VzLWVhc3QtMV9RR2hSTkpOY3MiLCJjb2duaXRvOnVzZXJuYW1lIjoidGVjbmljby0yNDIiLCJvcmlnaW5fanRpIjoiYzQ3NTAwZDAtNDQyZi00OTBhLWFmMWYtNTRhMTQ3ZGQ1NzA3IiwiYXVkIjoiN2VxNWY0NmdtdDRjaGtwYWJncHVwMTdjZTYiLCJldmVudF9pZCI6IjA1ODRkMjM2LTRmNTYtNDhmYi1iNmYxLTcyYzk1Y2E2MmY4NiIsInRva2VuX3VzZSI6ImlkIiwiYXV0aF90aW1lIjoxNzc5OTg5NzY1LCJleHAiOjE3Nzk5OTMzNjUsImlhdCI6MTc3OTk4OTc2NSwianRpIjoiMTFhMzkxMzItZTlkZS00MTY3LWE5ODktMGJhYjZjNjYwN2VmIiwiZW1haWwiOiJ0ZWNuaWNvLTI0MkBiaXRlY28uY29tIn0.mX4jyvTsMtNPwjPSuF18uL_3o7XjaRSVnG2VbC1b81cAg5EowcbmCuvrqGUdvWSQIZl6UHHjOQtgcDHpK-NeXtjqEsygLgT-yZ9clHvlLfBt5hdpX6ki4TGfB-bIPIYVkWSUS2mynYgVS9ZyYFPSf9HQ_fgb7bLrsynODcRVzhwFtF9ML_LtSDQgm3OUFjd2eXU9CBYXc4H9yW7qxDRlaXru_Th0DqECVFJW5UaDr1BBxtJ2w1AdOWGqw3K7hymAd9IO6cb9SNkPPBbbfhCT_TyhRHGmUtWkn-UD7T72dg1JrKQjQZinqELV2qDDKeztjiD4Be8l-L2ua0HDFo8TLg
tecnico-243,tecnico,4,2026,4,eyJraWQiOiJEZ0VqOWg3UkwxeE1mcTV6dm1XcnlhWHdPZTZ3eW9WRDFNMDBVeENYaUUwPSIsImFsZyI6IlJTMjU2In0.eyJzdWIiOiI4NDI4MDQyOC04MDIxLTcwMTgtODA1My1iNzkyMzQ3NDk2YTgiLCJjb2duaXRvOmdyb3VwcyI6WyJ0ZWNuaWNvIl0sImVtYWlsX3ZlcmlmaWVkIjp0cnVlLCJpc3MiOiJodHRwczovL2NvZ25pdG8taWRwLnVzLWVhc3QtMS5hbWF6b25hd3MuY29tL3VzLWVhc3QtMV9RR2hSTkpOY3MiLCJjb2duaXRvOnVzZXJuYW1lIjoidGVjbmljby0yNDMiLCJvcmlnaW5fanRpIjoiYmFjMDMzODMtYzljMy00Mjk1LWFkZDAtZmUzZWVlZTc0NmZjIiwiYXVkIjoiN2VxNWY0NmdtdDRjaGtwYWJncHVwMTdjZTYiLCJldmVudF9pZCI6IjBmNDM3ZDYyLWE4MjUtNDU4My1hNmVmLTBjN2E1MGM4NWViNiIsInRva2VuX3VzZSI6ImlkIiwiYXV0aF90aW1lIjoxNzc5OTg5NzY1LCJleHAiOjE3Nzk5OTMzNjUsImlhdCI6MTc3OTk4OTc2NSwianRpIjoiYjBhNDA2M2MtNGU1YS00OTAzLTg2NDktM2QxYjEzMjg0NTMwIiwiZW1haWwiOiJ0ZWNuaWNvLTI0M0BiaXRlY28uY29tIn0.u6Mxpwjm5BVYl3XlJll0HDkhjAv0FggwhkhEi8uoffpbpsM56Cv3vI4080xD31Gez9b9Ah1aAeRWFbyqCyCCtn9aw4uCjGRYn01-aM0d1RxQYBdv4OShevPzib3GetymyAR1PJp5h5bsnjJsZ9M565bkkonwFXYoXpNdq97mRaZR_-N7XTgmgQtw2POXSXvfl8ytDNkqTSntLdR9ACNEyjmdLMLxElroO9LmYSw2dvB-IP9CzoU739JhJbDVXq5SrkDoLIeBzfH7ZtwpEo-EqNb-7WHFILkGS7SIxD8JRCwItO3tBB3JAb24osE0CixAQfwza5HdsPAobKMJxChAJQ
tecnico-244,tecnico,5,2026,1,eyJraWQiOiJEZ0VqOWg3UkwxeE1mcTV6dm1XcnlhWHdPZTZ3eW9WRDFNMDBVeENYaUUwPSIsImFsZyI6IlJTMjU2In0.eyJzdWIiOiI5NDY4NzQwOC0xMDYxLTcwMzktOTkzZS1mZGE1ZTVlM2NlOTkiLCJjb2duaXRvOmdyb3VwcyI6WyJ0ZWNuaWNvIl0sImVtYWlsX3ZlcmlmaWVkIjp0cnVlLCJpc3MiOiJodHRwczovL2NvZ25pdG8taWRwLnVzLWVhc3QtMS5hbWF6b25hd3MuY29tL3VzLWVhc3QtMV9RR2hSTkpOY3MiLCJjb2duaXRvOnVzZXJuYW1lIjoidGVjbmljby0yNDQiLCJvcmlnaW5fanRpIjoiOTU5ODM3ZTUtZGNjMy00YTA3LWJjMmMtYWE4ZDA1MjI4OWYxIiwiYXVkIjoiN2VxNWY0NmdtdDRjaGtwYWJncHVwMTdjZTYiLCJldmVudF9pZCI6ImI4OGFkOWJmLTZkMTktNGNkYi1hNDc1LWNmZjdlNmYwYjMxMSIsInRva2VuX3VzZSI6ImlkIiwiYXV0aF90aW1lIjoxNzc5OTg5NzY1LCJleHAiOjE3Nzk5OTMzNjUsImlhdCI6MTc3OTk4OTc2NSwianRpIjoiYTM3MDJkYmUtNGExNC00NjUwLTg3MTEtOTBhMjhiOTBmYThmIiwiZW1haWwiOiJ0ZWNuaWNvLTI0NEBiaXRlY28uY29tIn0.gbMBVTP9h8JlXbTXYB41BvVlaMMnaposRdLi-zj5BTgw2MTFrdWp_A7zzD8mz4bdUmKHEkVNmGJM0Xu8vveSx3Ufwfmn6128WLb83aDGu1Wp0xGyb5d6s71pG0VgZi1wSDyoiLp2DKVWx8ir8V8zvBEDmXKTbHYCjq3FyjWTqxOVaAcIRssvdDjSFBYLpIlYsB4zlBLjxzjJQRBsaeTAIdXXRBD7Soo0EGTsIh6ulbpEI879YI_JQwQ-cRbJguirmZV-HC7ocYtnkK5ZoC3eQ36mxVDLbh-6lqDmk_-MSZeeIqY8iLhqnLkRAc-gOUC94ulqs7bp1H3ajEvmMIaUNA
tecnico-245,tecnico,6,2026,2,eyJraWQiOiJEZ0VqOWg3UkwxeE1mcTV6dm1XcnlhWHdPZTZ3eW9WRDFNMDBVeENYaUUwPSIsImFsZyI6IlJTMjU2In0.eyJzdWIiOiJjNDc4ODQ4OC1hMDQxLTcwOTgtNGYwMi0xZjE2MmM0Yzc4ZGQiLCJjb2duaXRvOmdyb3VwcyI6WyJ0ZWNuaWNvIl0sImVtYWlsX3ZlcmlmaWVkIjp0cnVlLCJpc3MiOiJodHRwczovL2NvZ25pdG8taWRwLnVzLWVhc3QtMS5hbWF6b25hd3MuY29tL3VzLWVhc3QtMV9RR2hSTkpOY3MiLCJjb2duaXRvOnVzZXJuYW1lIjoidGVjbmljby0yNDUiLCJvcmlnaW5fanRpIjoiNGE1ZTk0NzctYjcxZS00MGQ5LTljNzktNGQyNzBiYjNlNjNjIiwiYXVkIjoiN2VxNWY0NmdtdDRjaGtwYWJncHVwMTdjZTYiLCJldmVudF9pZCI6IjQ0ZGFjNTUxLTMwMzgtNGE5Yy1iYzJmLWIzN2U3ZTgxMzg5ZSIsInRva2VuX3VzZSI6ImlkIiwiYXV0aF90aW1lIjoxNzc5OTg5NzY1LCJleHAiOjE3Nzk5OTMzNjUsImlhdCI6MTc3OTk4OTc2NiwianRpIjoiNzZiZGIyYmQtYzIwNS00MzJjLTg0MGEtMzNjZWZhOGE1NjdhIiwiZW1haWwiOiJ0ZWNuaWNvLTI0NUBiaXRlY28uY29tIn0.Egm8qg3kzzrlXGldKKPS9TGBVe40Owr4-jsVenOZq3NhFJDhbbZJ__E305zffbAOU8TRC6E97CUW5t9T4IE0K-xlW0FijrAVEaT0ClKbGcL5bI5jg2QcdMtJq9Usl3OdWJm9NBWisvlka_qlqjWdvX1sRkCXBzzTH5J3SIl3mWeWwzMMUkrE6xiGAYf9L1jKxE05lEqz-ShbGKEFFMpknQGFgu3SeYH--MJpW7qQcc6WxQEfIBgXTrzzYQnkmNI7tckZehf3ziXTQYkwdTqbHBqflIxr5maqWhNEyaXCGo1EgbgEmOu8OCjIgx8oFG4RAGu05aOtBKtT3c9Ld1GN1w
tecnico-246,tecnico,7,2026,3,eyJraWQiOiJEZ0VqOWg3UkwxeE1mcTV6dm1XcnlhWHdPZTZ3eW9WRDFNMDBVeENYaUUwPSIsImFsZyI6IlJTMjU2In0.eyJzdWIiOiJmNDQ4YTRiOC1kMDAxLTcwMTUtNjg2Yy0zMTE5ZDYxMTUzYjUiLCJjb2duaXRvOmdyb3VwcyI6WyJ0ZWNuaWNvIl0sImVtYWlsX3ZlcmlmaWVkIjp0cnVlLCJpc3MiOiJodHRwczovL2NvZ25pdG8taWRwLnVzLWVhc3QtMS5hbWF6b25hd3MuY29tL3VzLWVhc3QtMV9RR2hSTkpOY3MiLCJjb2duaXRvOnVzZXJuYW1lIjoidGVjbmljby0yNDYiLCJvcmlnaW5fanRpIjoiZDk5NTdkYjQtZDZhZS00ZWQ2LWEyYTEtMDkxMmNiZDM3ZTI2IiwiYXVkIjoiN2VxNWY0NmdtdDRjaGtwYWJncHVwMTdjZTYiLCJldmVudF9pZCI6IjliY2FmY2UyLWQ5OGYtNGFkZS1hNTJhLTAwZDEzNTcyZDEzOSIsInRva2VuX3VzZSI6ImlkIiwiYXV0aF90aW1lIjoxNzc5OTg5NzY2LCJleHAiOjE3Nzk5OTMzNjYsImlhdCI6MTc3OTk4OTc2NiwianRpIjoiNDYyYmYzNDEtNWZhMS00MGVkLTg2N2UtNGVlYTU5ZmQ5MmNjIiwiZW1haWwiOiJ0ZWNuaWNvLTI0NkBiaXRlY28uY29tIn0.n5OCXaaR-d3JgL3WdqMLuF7YanhHhtVqT5TvRL19ZyFZuvMD3DkxpZFrtMbJpXKKb1Rktj-hpYYbNbwxAanV4YMlJjCnLqL76WIPqDKirv01-lTN2S3IkuLMWbBAEOtrbOg8AlFtjEMHU3ohtC3X9fbEpJFThN8hRzmI8hFSzqdr09SUlAieVUWcZsE88x7TwFSnOWJ0Yw2q752-gNtHt9Uf5QEixk9H8CnWd8VrGVzIwmlK7dM_UdVRyVoFEffkbb7x5lBmCDiKfNVTIODxwWK8QLFsJSAx1FBy8qYfvH86eOiBt2JxVTj2qtLMdVCnXpltY4QZV7n6dI4rxHp6ZA
tecnico-247,tecnico,8,2026,4,eyJraWQiOiJEZ0VqOWg3UkwxeE1mcTV6dm1XcnlhWHdPZTZ3eW9WRDFNMDBVeENYaUUwPSIsImFsZyI6IlJTMjU2In0.eyJzdWIiOiJhNGU4YTRhOC1iMDkxLTcwNmEtMzIxMy05ZDAxMWFmYjBlZWYiLCJjb2duaXRvOmdyb3VwcyI6WyJ0ZWNuaWNvIl0sImVtYWlsX3ZlcmlmaWVkIjp0cnVlLCJpc3MiOiJodHRwczovL2NvZ25pdG8taWRwLnVzLWVhc3QtMS5hbWF6b25hd3MuY29tL3VzLWVhc3QtMV9RR2hSTkpOY3MiLCJjb2duaXRvOnVzZXJuYW1lIjoidGVjbmljby0yNDciLCJvcmlnaW5fanRpIjoiOTIxZjFhOTAtYWRjNS00ZDVlLThiZWMtOWNlNzc5MDRlNTYyIiwiYXVkIjoiN2VxNWY0NmdtdDRjaGtwYWJncHVwMTdjZTYiLCJldmVudF9pZCI6ImI0MWJkZDVkLWZlZGItNDQ0Zi04OTA0LWY0ZjFlNTBlN2ZjOCIsInRva2VuX3VzZSI6ImlkIiwiYXV0aF90aW1lIjoxNzc5OTg5NzY2LCJleHAiOjE3Nzk5OTMzNjYsImlhdCI6MTc3OTk4OTc2NiwianRpIjoiMGU3Y2QxNDctNDZkNS00NTBlLWEzNTQtMWUzOGRlYWFiNzgwIiwiZW1haWwiOiJ0ZWNuaWNvLTI0N0BiaXRlY28uY29tIn0.QhbFSk7BPqLCHYxj6vAVMpBa1tePfKoOCsZ9ulOtRDLYv4hoxm0Zr0wFvk9tEc1CFuB1B0hkd8dKzOnx3oXOryTOmWfGOnmB1DyKh1gPUDeTLFejs9uiJ8dJMTBere0Zb04ISvQNAhDqbNrBjRLyzSvM-f5gHFBY7r72Mnfenb6CtKzNxzx6QIn31SipQXhaJqrqdyD_hAZJA5cSCJl4XiufCpzXkFMy6ECx--idU32361sv1LRCA6hvWLHrIRrbjGVtBy6c80kwogD_pMSJP1-Me4PqbJSyg8grYFiQlnQPkql8cdeUIMsz3zl2yOz4jWJT_J9GPLa-KEtuKngjqA
tecnico-248,tecnico,9,2026,1,eyJraWQiOiJEZ0VqOWg3UkwxeE1mcTV6dm1XcnlhWHdPZTZ3eW9WRDFNMDBVeENYaUUwPSIsImFsZyI6IlJTMjU2In0.eyJzdWIiOiIxNDI4ODQ0OC1iMDAxLTcwYjYtNzlhMy0yOTRkNzBiNGY2ZjkiLCJjb2duaXRvOmdyb3VwcyI6WyJ0ZWNuaWNvIl0sImVtYWlsX3ZlcmlmaWVkIjp0cnVlLCJpc3MiOiJodHRwczovL2NvZ25pdG8taWRwLnVzLWVhc3QtMS5hbWF6b25hd3MuY29tL3VzLWVhc3QtMV9RR2hSTkpOY3MiLCJjb2duaXRvOnVzZXJuYW1lIjoidGVjbmljby0yNDgiLCJvcmlnaW5fanRpIjoiNGFiMmI2MWItY2Y3MS00ZjQwLTlhYmMtYTE5ZTVkY2Y4OWFmIiwiYXVkIjoiN2VxNWY0NmdtdDRjaGtwYWJncHVwMTdjZTYiLCJldmVudF9pZCI6Ijc1ZjA5ZmM0LTNjMzctNGY0YS1hYjAwLWRlM2MwZTAwMGQyMiIsInRva2VuX3VzZSI6ImlkIiwiYXV0aF90aW1lIjoxNzc5OTg5NzY2LCJleHAiOjE3Nzk5OTMzNjYsImlhdCI6MTc3OTk4OTc2NiwianRpIjoiNGJkYzYyMzUtNzgwOC00MjY3LTkzYzEtMWRhMDFkYTQ2MzUwIiwiZW1haWwiOiJ0ZWNuaWNvLTI0OEBiaXRlY28uY29tIn0.v5dQUMim0VVHWFaOK9lCuNBqOXSoBCmejfTFW0P0BhOifHikxFjlOOuXHLd_KBPes80wQMKSLXiNXm1682qOcAalrF3ctD_TT7xZoh9fTuOdoTxCus1bSJSVS_QA5j3f7j6H2mTm8yPMWxBRRd1yCUbgG_5xFpDr10xkV-U_8GbRZNYfmkO8QwLlW0cGd2QyiCw0qRqTZWsRMwCt2YFYVppCtCc5i5zanVWZFYkgzR39UPtiHp4naBGWTY5bOh0ZtJmkxNZnPRQR6rFT6yIUmHsd49jMXSsYGdBRu80vgJ8quBt4cZz0pT0FAAk25oZG5Aea5DBO6ZlDeGSG2L7jNQ
tecnico-249,tecnico,10,2026,2,eyJraWQiOiJEZ0VqOWg3UkwxeE1mcTV6dm1XcnlhWHdPZTZ3eW9WRDFNMDBVeENYaUUwPSIsImFsZyI6IlJTMjU2In0.eyJzdWIiOiI5NDc4MDQ3OC01MDkxLTcwNWQtNDNlNy04ZjRiNmI4MDMyOTAiLCJjb2duaXRvOmdyb3VwcyI6WyJ0ZWNuaWNvIl0sImVtYWlsX3ZlcmlmaWVkIjp0cnVlLCJpc3MiOiJodHRwczovL2NvZ25pdG8taWRwLnVzLWVhc3QtMS5hbWF6b25hd3MuY29tL3VzLWVhc3QtMV9RR2hSTkpOY3MiLCJjb2duaXRvOnVzZXJuYW1lIjoidGVjbmljby0yNDkiLCJvcmlnaW5fanRpIjoiMzYxZGE0Y2ItYWMyNy00ZjFmLWJlZTAtNmNjNjZhNzA4YjZjIiwiYXVkIjoiN2VxNWY0NmdtdDRjaGtwYWJncHVwMTdjZTYiLCJldmVudF9pZCI6IjRlMWQxNTY3LTMyMTMtNGM3Zi04Mjk0LTRkYmQwNTM3MjhlZCIsInRva2VuX3VzZSI6ImlkIiwiYXV0aF90aW1lIjoxNzc5OTg5NzY3LCJleHAiOjE3Nzk5OTMzNjcsImlhdCI6MTc3OTk4OTc2NywianRpIjoiYzgyMWRjZTEtOGQxNS00ZTYzLWEzZmYtMWUxMjhjYWY4YTc0IiwiZW1haWwiOiJ0ZWNuaWNvLTI0OUBiaXRlY28uY29tIn0.SoDoH9QIt_z0sxX6k5Aa4s_eWCm_AphEy8oelWSuKl_cpYIBf3F9a2O8sv9GfqUE_F2Ux0hhdWmXfjbUdJVBU5CwFthxX_9mw-KsQBKzaqEpq9bEumLEy4gpNfm6KP5V-Lcw8q8LArDigHJr4n7kMG05m2q4l6bhk630asSGrURcy_Bhw2KGkiQwhXv_UIzlpicXBaEQRNXfqxRq5t4g9ozUbjizpST-X3J9ReyZpzmGvJh4ckpqUf0RmjSOsKdPcn512c_9kfNLUwxg6NI1yxSeTztcFoyd6iDRxOMKuj120BdObjcB3GiGXLVe5H2Jmtd4HygD0MU1-NPww9hIzQ
